session_id,station_id,connector_id,start_time,end_time,energy_kwh,price_usd,status
SE-0010188,ST-019,6,2026-06-20 01:03:00,2026-06-20 01:53:00,22.01,7.04,completed
SE-0001430,ST-038,4,2026-05-07 20:50:00,2026-05-07 21:20:00,19.8,6.34,completed
SE-0002107,ST-006,1,2026-05-11 17:40:00,2026-05-11 18:31:00,16.57,5.3,completed
SE-0011468,ST-001,4,2026-06-27 11:48:00,2026-06-27 13:04:00,42.29,13.53,completed
SE-0011196,ST-023,1,2026-06-25 05:15:00,2026-06-25 05:55:00,20.71,6.63,completed
SE-0003981,ST-023,2,2026-05-20 15:04:00,2026-05-20 15:31:00,19.15,6.13,completed
SE-0006984,ST-013,2,2026-06-04 18:01:00,2026-06-04 18:38:00,16.54,5.29,completed
SE-0005749,ST-003,2,2026-05-29 22:42:00,2026-05-29 23:51:00,40.56,12.98,completed
SE-0003014,ST-030,2,2026-05-15 20:44:00,2026-05-15 21:34:00,11.84,3.79,completed
SE-0000354,ST-033,1,2026-05-02 22:00:00,2026-05-02 22:45:00,28.96,9.27,completed
SE-0009050,ST-022,5,2026-06-14 18:26:00,2026-06-14 19:16:00,24.13,7.72,completed
SE-0000992,ST-033,2,2026-05-05 05:53:00,2026-05-05 06:49:00,35.49,11.36,completed
SE-0008662,ST-034,3,2026-06-12 15:29:00,2026-06-12 16:33:00,41.09,13.15,completed
SE-0007764,ST-006,5,2026-06-08 16:31:00,2026-06-08 17:15:00,21.73,6.95,completed
SE-0005917,ST-041,3,2026-05-29 05:26:00,2026-05-29 05:49:00,15.64,5.0,completed
SE-0000787,ST-029,3,2026-05-04 01:21:00,2026-05-04 01:59:00,21.95,7.02,completed
SE-0010419,ST-024,1,2026-06-21 10:58:00,2026-06-21 11:04:00,3.82,1.22,completed
SE-0005366,ST-014,6,2026-05-27 06:36:00,2026-05-27 07:26:00,26.22,8.39,completed
SE-0009552,ST-003,2,2026-06-17 18:47:00,2026-06-17 19:20:00,11.01,3.52,completed
SE-0010136,ST-006,5,2026-06-20 10:34:00,2026-06-20 11:17:00,26.81,8.58,completed
SE-0003312,ST-003,2,2026-05-17 15:09:00,2026-05-17 16:09:00,47.31,15.14,completed
SE-0002379,ST-023,1,2026-05-12 00:26:00,2026-05-12 00:50:00,9.39,3.0,completed
SE-0010371,ST-014,3,2026-06-21 05:59:00,2026-06-21 06:36:00,18.74,6.0,completed
SE-0006938,ST-003,2,2026-06-04 07:15:00,2026-06-04 07:48:00,24.73,7.91,completed
SE-0011228,ST-031,1,2026-06-25 04:15:00,2026-06-25 04:58:00,17.37,5.56,completed
SE-0000530,ST-025,1,2026-05-03 21:43:00,2026-05-03 22:30:00,12.47,3.99,completed
SE-0000925,ST-017,2,2026-05-05 17:58:00,2026-05-05 19:07:00,33450,10.7,completed
SE-0000265,ST-015,1,2026-05-02 21:32:00,2026-05-02 22:36:00,21.4,6.85,completed
SE-0009151,ST-003,1,2026-06-15 07:13:00,2026-06-15 07:32:00,13.7,4.38,completed
SE-0003549,ST-015,2,2026-05-18 14:22:00,2026-05-18 15:09:00,29.54,9.45,aborted
SE-0009985,ST-007,2,2026-06-19 18:26:00,2026-06-19 18:45:00,6.03,1.93,completed
SE-0007079,ST-033,1,2026-06-04 21:53:00,2026-06-04 22:45:00,43.12,13.8,completed
SE-0001024,ST-041,2,2026-05-05 06:40:00,2026-05-05 07:11:00,20.56,6.58,completed
SE-0008432,ST-025,1,2026-06-11 10:36:00,2026-06-11 11:16:00,27.2,8.7,completed
SE-0000616,ST-003,2,2026-05-04 19:58:00,2026-05-04 20:43:00,4.13,1.32,completed
SE-0000473,ST-015,1,2026-05-03 10:53:00,2026-05-03 11:29:00,26.62,8.52,completed
SE-0002254,ST-041,2,2026-05-11 00:40:00,2026-05-11 01:29:00,14.14,4.52,completed
SE-0008418,ST-023,2,2026-06-11 21:50:00,2026-06-11 22:49:00,56.35,18.03,completed
SE-0003762,ST-017,1,2026-05-19 21:13:00,2026-05-19 21:42:00,24980,7.99,completed
SE-0009083,ST-025,2,2026-06-14 23:49:00,2026-06-15 00:16:00,15.09,4.83,completed
SE-0002126,ST-012,1,2026-05-11 11:59:00,2026-05-11 12:53:00,30.85,9.87,completed
SE-0002601,ST-025,1,2026-05-13 13:21:00,2026-05-13 14:27:00,31.77,10.17,completed
SE-0007474,ST-032,3,2026-06-06 23:52:00,2026-06-07 00:49:00,19.73,6.31,completed
SE-0009037,ST-019,6,2026-06-14 23:15:00,2026-06-14 23:37:00,11.47,3.67,completed
SE-0003950,ST-017,2,2026-05-20 16:31:00,2026-05-20 17:17:00,15890,5.08,completed
SE-0005612,ST-017,2,2026-05-28 09:37:00,2026-05-28 10:56:00,39100,12.51,completed
SE-0008453,ST-030,6,2026-06-11 09:15:00,2026-06-11 09:59:00,1.5,0.48,completed
SE-0006051,ST-020,2,2026-05-30 15:08:00,2026-05-30 16:07:00,38.01,12.16,completed
SE-0007976,ST-009,1,2026-06-09 10:08:00,2026-06-09 11:11:00,16.26,5.2,completed
SE-0005797,ST-013,2,2026-05-29 07:04:00,2026-05-29 07:38:00,24.67,7.89,completed
SE-0009733,ST-041,6,2026-06-17 01:11:00,2026-06-17 02:01:00,33.38,10.68,completed
SE-0002274,ST-003,2,2026-05-12 15:37:00,2026-05-12 15:57:00,11.14,3.56,completed
SE-0000176,ST-038,4,2026-05-01 21:09:00,2026-05-01 21:26:00,7.87,2.52,completed
SE-0003344,ST-008,2,2026-05-17 11:53:00,2026-05-17 13:04:00,46.75,14.96,completed
SE-0004001,ST-025,1,2026-05-20 01:48:00,2026-05-20 02:06:00,10.35,3.31,aborted
SE-0007863,ST-023,1,2026-06-08 14:30:00,2026-06-08 15:27:00,14.28,4.57,aborted
SE-0003242,ST-030,6,2026-05-16 08:31:00,2026-05-16 09:09:00,22.4,,completed
SE-0005527,ST-005,1,2026-05-28 03:44:00,2026-05-28 04:08:00,19.04,6.09,completed
SE-0003707,ST-006,3,2026-05-19 20:58:00,2026-05-19 21:48:00,33.52,10.73,completed
SE-0001970,ST-025,2,2026-05-10 02:03:00,2026-05-10 02:33:00,11.99,3.84,completed
SE-0003191,ST-022,5,2026-05-16 13:21:00,2026-05-16 14:08:00,26.32,8.42,completed
SE-0001251,ST-003,2,2026-05-07 07:06:00,2026-05-07 07:52:00,40.37,12.92,completed
SE-0003708,ST-006,3,2026-05-19 15:24:00,2026-05-19 16:27:00,33.39,10.68,completed
SE-0007728,ST-001,1,2026-06-08 06:52:00,2026-06-08 07:34:00,14.67,4.69,completed
SE-0002168,ST-019,2,2026-05-11 07:56:00,2026-05-11 09:16:00,61.19,19.58,completed
SE-0004846,ST-029,4,2026-05-24 10:20:00,2026-05-24 11:10:00,38.03,12.17,completed
SE-0009283,ST-031,2,2026-06-15 13:49:00,2026-06-15 14:26:00,17.86,5.72,completed
SE-0004197,ST-023,1,2026-05-21 10:49:00,2026-05-21 11:19:00,13.64,4.36,completed
SE-0007923,ST-041,2,2026-06-08 09:48:00,2026-06-08 10:19:00,26.24,8.4,completed
SE-0004443,ST-035,1,2026-05-22 06:16:00,2026-05-22 06:56:00,28.08,8.99,completed
SE-0007483,ST-033,2,2026-06-06 19:45:00,2026-06-06 20:08:00,15.45,4.94,completed
SE-0003535,ST-012,1,2026-05-18 10:54:00,2026-05-18 11:39:00,25.18,8.06,completed
SE-0009867,ST-023,2,2026-06-18 00:10:00,2026-06-18 00:22:00,7.42,2.37,completed
SE-0003479,ST-001,3,2026-05-18 02:39:00,2026-05-18 03:03:00,9.79,3.13,completed
SE-0005384,ST-016,2,2026-05-27 17:23:00,2026-05-27 18:23:00,13.71,4.39,completed
SE-0000650,ST-009,1,2026-05-04 03:44:00,2026-05-04 04:52:00,48.08,15.39,completed
SE-0008800,ST-015,2,2026-06-13 10:17:00,2026-06-13 10:45:00,18.62,5.96,completed
SE-0008183,ST-015,2,2026-06-10 22:49:00,2026-06-10 23:46:00,45.31,14.5,completed
SE-0007238,ST-022,4,2026-06-05 19:18:00,2026-06-05 19:53:00,20.9,6.69,completed
SE-0005572,ST-012,2,2026-05-28 22:33:00,2026-05-28 23:07:00,20.41,6.53,completed
SE-0004814,ST-023,2,2026-05-24 02:56:00,2026-05-24 03:18:00,8.18,2.62,completed
SE-0002243,ST-037,4,2026-05-11 07:43:00,2026-05-11 08:27:00,18.47,5.91,completed
SE-0011517,ST-008,1,2026-06-27 06:07:00,2026-06-27 06:39:00,18.61,5.96,completed
SE-0009819,ST-015,2,2026-06-18 01:13:00,2026-06-18 01:19:00,2.86,0.92,completed
SE-0001145,ST-020,2,2026-05-06 10:08:00,2026-05-06 10:25:00,11.25,3.6,completed
SE-0011992,ST-023,1,2026-06-29 08:23:00,2026-06-29 09:17:00,21.79,,completed
SE-0003060,ST-041,4,2026-05-15 17:22:00,2026-05-15 17:48:00,11.9,3.81,completed
SE-0004806,ST-023,2,2026-05-24 19:25:00,2026-05-24 20:21:00,44.97,14.39,completed
SE-0003061,ST-041,1,2026-05-15 04:37:00,2026-05-15 05:06:00,12.68,4.06,completed
SE-0000444,ST-009,2,2026-05-03 07:09:00,2026-05-03 07:39:00,17.5,5.6,completed
SE-0004415,ST-031,4,2026-05-22 03:05:00,2026-05-22 04:25:00,44.42,14.21,completed
SE-0003980,ST-023,1,2026-05-20 01:11:00,2026-05-20 01:41:00,14.27,4.57,completed
SE-0004220,ST-033,2,2026-05-21 17:43:00,2026-05-21 18:53:00,45.31,14.5,completed
SE-0007495,ST-035,1,2026-06-06 00:58:00,2026-06-06 01:52:00,38.2,12.22,aborted
SE-0010471,ST-041,3,2026-06-21 15:28:00,2026-06-21 15:58:00,15.13,4.84,completed
SE-0000254,ST-012,1,2026-05-02 22:01:00,2026-05-02 22:29:00,12.03,3.85,completed
SE-0010597,ST-023,2,2026-06-22 12:43:00,2026-06-22 13:56:00,62.06,19.86,completed
SE-0002201,ST-025,2,2026-05-11 08:45:00,2026-05-11 09:35:00,30.56,9.78,completed
SE-0008143,ST-009,2,2026-06-10 01:16:00,2026-06-10 02:28:00,32.56,10.42,completed
SE-0004885,ST-001,3,2026-05-25 03:20:00,2026-05-25 04:02:00,23.43,7.5,completed
SE-0002741,ST-012,2,2026-05-14 02:48:00,2026-05-14 03:42:00,17.98,5.75,completed
SE-0003425,ST-029,4,2026-05-17 13:06:00,2026-05-17 13:56:00,34.57,11.06,completed
SE-0007835,ST-019,1,2026-06-08 06:33:00,2026-06-08 07:05:00,24.41,,completed
SE-0000540,ST-029,2,2026-05-03 04:55:00,2026-05-03 05:44:00,22.1,7.07,completed
SE-0009525,ST-038,4,2026-06-16 14:09:00,2026-06-16 14:56:00,22.71,7.27,completed
SE-0002592,ST-023,1,2026-05-13 03:38:00,2026-05-13 04:35:00,41.02,13.13,completed
SE-0008649,ST-031,6,2026-06-12 06:55:00,2026-06-12 07:30:00,14.39,4.6,completed
SE-0007718,ST-041,3,2026-06-07 10:05:00,2026-06-07 10:33:00,12.93,4.14,completed
SE-0000550,ST-033,1,2026-05-03 08:00:00,2026-05-03 09:09:00,27.25,8.72,aborted
SE-0003898,ST-005,2,2026-05-20 14:03:00,2026-05-20 14:20:00,11.58,3.71,completed
SE-0008612,ST-022,3,2026-06-12 00:56:00,2026-06-12 02:00:00,30.56,9.78,completed
SE-0010942,ST-014,2,2026-06-24 04:53:00,2026-06-24 05:48:00,42.9,13.73,completed
SE-0011137,ST-012,2,2026-06-25 22:04:00,2026-06-25 22:13:00,7.14,2.28,completed
SE-0011029,ST-033,1,2026-06-24 20:47:00,2026-06-24 21:20:00,24.67,,aborted
SE-0006163,ST-003,2,2026-05-31 15:55:00,2026-05-31 17:10:00,46.68,14.94,completed
SE-0007425,ST-022,3,2026-06-06 08:12:00,2026-06-06 09:31:00,44.07,14.1,completed
SE-0010357,ST-012,1,2026-06-21 13:44:00,2026-06-21 14:40:00,28.4,9.09,completed
SE-0007632,ST-022,4,2026-06-07 21:38:00,2026-06-07 21:57:00,8.64,2.76,completed
SE-0002396,ST-025,1,2026-05-12 17:43:00,2026-05-12 18:23:00,28.36,9.08,completed
SE-0007961,ST-005,2,2026-06-09 22:06:00,2026-06-09 22:22:00,8.07,2.58,completed
SE-0008014,ST-016,1,2026-06-09 06:49:00,2026-06-09 07:34:00,29.71,9.51,completed
SE-0010222,ST-025,1,2026-06-20 04:44:00,2026-06-20 05:10:00,16.17,5.17,completed
SE-0003536,ST-012,2,2026-05-18 10:03:00,2026-05-18 10:40:00,15.69,,completed
SE-0007504,ST-040,2,2026-06-06 01:44:00,2026-06-06 02:48:00,41.96,13.43,completed
SE-0009955,ST-003,1,2026-06-19 14:26:00,2026-06-19 15:21:00,27.43,,completed
SE-0003803,ST-025,1,2026-05-19 20:51:00,2026-05-19 21:41:00,54.83,17.55,completed
SE-0009561,ST-003,1,2026-06-17 01:46:00,2026-06-17 02:43:00,28.52,9.13,completed
SE-0010897,ST-005,2,2026-06-24 14:07:00,2026-06-24 14:13:00,2.03,0.65,completed
SE-0001456,ST-001,1,2026-05-08 15:26:00,2026-05-08 15:32:00,4.32,1.38,completed
SE-0004674,ST-041,4,2026-05-23 02:03:00,2026-05-23 03:00:00,43.12,13.8,completed
SE-0011363,ST-017,2,2026-06-26 17:14:00,2026-06-26 17:56:00,26160,8.37,completed
SE-0008489,ST-040,2,2026-06-11 02:05:00,2026-06-11 02:57:00,38.09,12.19,completed
SE-0010737,ST-010,1,2026-06-23 04:21:00,2026-06-23 04:49:00,22.36,7.16,completed
SE-0007920,ST-041,5,2026-06-08 03:32:00,2026-06-08 03:49:00,4.79,1.53,completed
SE-0006426,ST-015,1,2026-06-01 15:04:00,2026-06-01 15:47:00,21.91,7.01,completed
SE-0000146,ST-033,2,2026-05-01 01:26:00,2026-05-01 01:53:00,21.76,6.96,completed
SE-0009057,ST-023,2,2026-06-14 12:17:00,2026-06-14 13:23:00,32.61,10.44,completed
SE-0005203,ST-023,1,2026-05-26 14:26:00,2026-05-26 14:49:00,15.81,5.06,completed
SE-0007659,ST-025,2,2026-06-07 11:58:00,2026-06-07 13:09:00,38.96,12.47,completed
SE-0004455,ST-040,1,2026-05-22 00:55:00,2026-05-22 01:20:00,11.55,3.7,completed
SE-0002150,ST-016,1,2026-05-11 10:54:00,2026-05-11 11:42:00,17.02,5.45,completed
SE-0008896,ST-037,1,2026-06-13 10:42:00,2026-06-13 11:19:00,25.74,8.24,completed
SE-0011441,ST-036,1,2026-06-26 14:51:00,2026-06-26 15:16:00,16.65,,completed
SE-0003239,ST-029,2,2026-05-16 03:23:00,2026-05-16 04:00:00,18.81,6.02,completed
SE-0008012,ST-016,1,2026-06-09 15:23:00,2026-06-09 15:59:00,19.42,6.21,completed
SE-0000553,ST-033,2,2026-05-03 19:23:00,2026-05-03 20:18:00,19.73,6.31,completed
SE-0006964,ST-006,2,2026-06-04 12:37:00,2026-06-04 13:13:00,27.54,8.81,completed
SE-0002148,ST-015,1,2026-05-11 11:00:00,2026-05-11 11:36:00,17.77,5.69,completed
SE-0007101,ST-038,1,2026-06-04 00:32:00,2026-06-04 00:58:00,24.75,7.92,completed
SE-0005995,ST-012,2,2026-05-30 20:27:00,2026-05-30 21:17:00,25.98,,completed
SE-0004691,ST-001,1,2026-05-24 09:30:00,2026-05-24 10:25:00,19.33,6.19,completed
SE-0011143,ST-014,5,2026-06-25 14:24:00,2026-06-25 15:16:00,32.81,10.5,completed
SE-0009289,ST-033,1,2026-06-15 00:25:00,2026-06-15 00:47:00,8.27,2.65,completed
SE-0011463,ST-001,1,2026-06-27 03:10:00,2026-06-27 03:49:00,26.39,8.44,completed
SE-0004801,ST-022,6,2026-05-24 00:42:00,2026-05-24 00:54:00,9.57,3.06,completed
SE-0010139,ST-007,6,2026-06-20 14:58:00,2026-06-20 16:26:00,55.94,17.9,completed
SE-0011846,ST-038,1,2026-06-28 08:10:00,2026-06-28 08:45:00,18.78,6.01,completed
SE-0011247,ST-034,2,2026-06-25 16:06:00,2026-06-25 17:12:00,39.18,12.54,completed
SE-0008369,ST-014,3,2026-06-11 07:11:00,2026-06-11 08:27:00,33.58,10.75,completed
SE-0007791,ST-014,2,2026-06-08 02:01:00,2026-06-08 02:44:00,24.1,7.71,completed
SE-0001869,ST-006,6,2026-05-10 09:10:00,2026-05-10 09:46:00,23.0,7.36,completed
SE-0006696,ST-034,2,2026-06-02 11:36:00,2026-06-02 11:52:00,7.08,2.27,completed
SE-0001455,ST-001,1,2026-05-08 03:20:00,2026-05-08 04:11:00,31.99,10.24,completed
SE-0004291,ST-005,1,2026-05-22 06:37:00,2026-05-22 07:20:00,33.58,10.75,completed
SE-0009280,ST-029,3,2026-06-15 19:13:00,2026-06-15 19:52:00,34.67,11.09,completed
SE-0006794,ST-014,2,2026-06-03 13:52:00,2026-06-03 14:23:00,26.21,8.39,completed
SE-0010664,ST-041,5,2026-06-22 19:58:00,2026-06-22 20:38:00,44.03,14.09,completed
SE-0000606,ST-003,2,2026-05-04 13:46:00,2026-05-04 14:23:00,20.0,6.4,completed
SE-0002666,ST-001,4,2026-05-14 00:41:00,2026-05-14 01:15:00,20.12,,completed
SE-0011448,ST-041,3,2026-06-26 08:55:00,2026-06-26 10:14:00,25.59,8.19,completed
SE-0007548,ST-005,1,2026-06-07 09:46:00,2026-06-07 10:34:00,42.92,13.73,completed
SE-0005721,ST-041,6,2026-05-28 13:34:00,2026-05-28 14:22:00,22.99,7.36,completed
SE-0011399,ST-025,1,2026-06-26 00:39:00,2026-06-26 01:21:00,28.22,9.03,completed
SE-0011924,ST-014,1,2026-06-29 13:27:00,2026-06-29 13:52:00,15.64,5.0,completed
SE-0005784,ST-009,2,2026-05-29 09:34:00,2026-05-29 10:22:00,17.58,5.63,completed
SE-0002454,ST-001,2,2026-05-13 12:15:00,2026-05-13 12:37:00,14.63,4.68,completed
SE-0006118,ST-033,2,2026-05-30 14:39:00,2026-05-30 15:20:00,9.62,3.08,completed
SE-0009870,ST-023,2,2026-06-18 19:35:00,2026-06-18 20:40:00,16.07,5.14,completed
SE-0009638,ST-017,2,2026-06-17 02:29:00,2026-06-17 02:53:00,9910,3.17,completed
SE-0005361,ST-014,6,2026-05-27 13:08:00,2026-05-27 13:14:00,2.78,0.89,completed
SE-0007797,ST-015,1,2026-06-08 20:58:00,2026-06-08 21:22:00,12.8,4.1,completed
SE-0009676,ST-025,2,2026-06-17 13:33:00,2026-06-17 14:29:00,24.81,7.94,completed
SE-0001778,ST-025,1,2026-05-09 19:24:00,2026-05-09 19:50:00,17.0,5.44,completed
SE-0007887,ST-031,1,2026-06-08 20:46:00,2026-06-08 21:04:00,12.36,3.96,completed
SE-0000452,ST-012,2,2026-05-03 13:25:00,2026-05-03 13:52:00,15.65,5.01,completed
SE-0001184,ST-025,1,2026-05-06 14:29:00,2026-05-06 15:02:00,13.64,4.36,completed
SE-0002546,ST-015,1,2026-05-13 08:18:00,2026-05-13 08:43:00,4.75,1.52,completed
SE-0005809,ST-014,4,2026-05-29 20:52:00,2026-05-29 21:52:00,27.14,8.68,completed
SE-0005049,ST-034,4,2026-05-25 14:44:00,2026-05-25 15:43:00,46.16,14.77,completed
SE-0000234,ST-008,2,2026-05-02 13:33:00,2026-05-02 14:41:00,28.75,9.2,completed
SE-0004219,ST-033,2,2026-05-21 14:47:00,2026-05-21 15:41:00,17.85,5.71,completed
SE-0002910,ST-005,2,2026-05-15 18:46:00,2026-05-15 19:35:00,20.43,6.54,completed
SE-0009500,ST-029,4,2026-06-16 17:52:00,2026-06-16 18:38:00,35.4,11.33,completed
SE-0000892,ST-010,2,2026-05-05 04:51:00,2026-05-05 05:10:00,1.5,0.48,completed
SE-0010609,ST-025,1,2026-06-22 07:54:00,2026-06-22 08:07:00,10.39,3.32,completed
SE-0002264,ST-001,4,2026-05-12 14:01:00,2026-05-12 14:11:00,2.14,0.68,completed
SE-0007820,ST-017,1,2026-06-08 19:14:00,2026-06-08 19:49:00,19250,6.16,completed
SE-0010155,ST-014,4,2026-06-20 19:31:00,2026-06-20 20:30:00,30.31,9.7,completed
SE-0000997,ST-033,1,2026-05-05 22:45:00,2026-05-05 23:30:00,16.91,5.41,completed
SE-0006155,ST-001,3,2026-05-31 18:55:00,2026-05-31 19:42:00,24.06,7.7,completed
SE-0006203,ST-010,2,2026-05-31 03:11:00,2026-05-31 03:40:00,17.67,5.65,completed
SE-0000094,ST-020,1,2026-05-01 09:39:00,2026-05-01 10:01:00,13.2,4.22,completed
SE-0011385,ST-022,2,2026-06-26 21:47:00,2026-06-26 22:58:00,37.4,,completed
SE-0011972,ST-018,4,2026-06-29 03:55:00,2026-06-29 04:24:00,13.67,4.37,completed
SE-0005736,ST-003,1,2026-05-29 09:19:00,2026-05-29 10:18:00,51.13,16.36,completed
SE-0009556,ST-003,1,2026-06-17 21:42:00,2026-06-17 22:29:00,39.58,12.67,completed
SE-0002213,ST-029,3,2026-05-11 22:20:00,2026-05-11 22:35:00,10.72,3.43,completed
SE-0004479,ST-003,2,2026-05-23 19:43:00,2026-05-23 20:40:00,31.89,10.2,completed
SE-0009834,ST-017,2,2026-06-18 21:17:00,2026-06-18 21:43:00,21810,6.98,completed
SE-0010331,ST-006,3,2026-06-21 14:08:00,2026-06-21 14:55:00,16.31,5.22,completed
SE-0010610,ST-025,1,2026-06-22 07:54:00,2026-06-22 08:52:00,9.08,,completed
SE-0009165,ST-006,2,2026-06-15 02:41:00,2026-06-15 03:31:00,29.49,9.44,completed
SE-0002943,ST-010,2,2026-05-15 16:24:00,2026-05-15 16:58:00,26.31,8.42,completed
SE-0004467,ST-041,5,2026-05-22 06:22:00,2026-05-22 06:49:00,17.57,5.62,completed
SE-0010777,ST-020,2,2026-06-23 22:50:00,2026-06-23 23:27:00,14.46,4.63,completed
SE-0009255,ST-025,2,2026-06-15 14:07:00,2026-06-15 15:11:00,31.73,10.15,completed
SE-0000888,ST-010,2,2026-05-05 16:05:00,2026-05-05 16:12:00,5.43,1.74,completed
SE-0006419,ST-015,1,2026-06-01 05:46:00,2026-06-01 06:02:00,8.29,2.65,completed
SE-0003446,ST-036,4,2026-05-17 00:39:00,2026-05-17 02:02:00,38.45,12.3,completed
SE-0007446,ST-025,2,2026-06-06 22:35:00,2026-06-06 23:28:00,18.13,5.8,completed
SE-0011533,ST-010,1,2026-06-27 13:40:00,2026-06-27 14:11:00,9.88,3.16,completed
SE-0010807,ST-025,2,2026-06-23 07:28:00,2026-06-23 07:34:00,2.31,0.74,completed
SE-0007995,ST-014,5,2026-06-09 14:15:00,2026-06-09 15:15:00,33.75,10.8,completed
SE-0008601,ST-022,4,2026-06-12 11:24:00,2026-06-12 12:14:00,17.88,5.72,completed
SE-0011556,ST-014,5,2026-06-27 10:33:00,2026-06-27 11:03:00,20.32,,completed
SE-0009672,ST-025,2,2026-06-17 03:39:00,2026-06-17 04:52:00,29.81,9.54,completed
SE-0005594,ST-015,2,2026-05-28 01:30:00,2026-05-28 01:47:00,7.35,2.35,completed
SE-0003429,ST-030,3,2026-05-17 17:53:00,2026-05-17 18:24:00,21.5,,completed
SE-0003147,ST-012,1,2026-05-16 14:13:00,2026-05-16 15:16:00,38.15,12.21,completed
SE-0006136,ST-038,1,2026-05-30 02:20:00,2026-05-30 02:28:00,4.98,1.59,completed
SE-0010989,ST-022,2,2026-06-24 02:23:00,2026-06-24 02:49:00,11.6,3.71,completed
SE-0002836,ST-029,3,2026-05-14 03:13:00,2026-05-14 03:51:00,15.4,4.93,completed
SE-0002519,ST-010,2,2026-05-13 08:02:00,2026-05-13 08:38:00,14.12,4.52,completed
SE-0011949,ST-015,1,2026-06-29 10:23:00,2026-06-29 10:56:00,17.52,5.61,completed
SE-0006991,ST-014,1,2026-06-04 06:09:00,2026-06-04 07:06:00,45.54,14.57,completed
SE-0007842,ST-022,6,2026-06-08 08:52:00,2026-06-08 09:35:00,31.98,10.23,completed
SE-0008241,ST-026,2,2026-06-10 00:10:00,2026-06-10 00:56:00,28.43,9.1,completed
SE-0001276,ST-006,4,2026-05-07 15:26:00,2026-05-07 16:12:00,34.86,11.16,completed
SE-0001245,ST-001,1,2026-05-07 01:52:00,2026-05-07 02:42:00,24.49,7.84,completed
SE-0005252,ST-034,3,2026-05-26 05:27:00,2026-05-26 06:04:00,16.57,,completed
SE-0003963,ST-020,1,2026-05-20 15:00:00,2026-05-20 15:37:00,22.02,7.05,completed
SE-0009548,ST-002,2,2026-06-17 01:02:00,2026-06-17 01:31:00,12.24,,completed
SE-0000665,ST-012,1,2026-05-04 14:13:00,2026-05-04 15:10:00,20.51,6.56,completed
SE-0003349,ST-010,2,2026-05-17 21:16:00,2026-05-17 21:55:00,27.01,8.64,completed
SE-0003074,ST-001,3,2026-05-16 10:53:00,2026-05-16 11:24:00,13.63,4.36,completed
SE-0006904,ST-036,3,2026-06-03 01:46:00,2026-06-03 02:34:00,25.53,8.17,completed
SE-0004705,ST-003,1,2026-05-24 15:09:00,2026-05-24 16:12:00,33.56,10.74,completed
SE-0000577,ST-041,3,2026-05-03 01:07:00,2026-05-03 01:53:00,21.05,6.74,completed
SE-0004438,ST-034,4,2026-05-22 11:21:00,2026-05-22 12:12:00,28.93,9.26,completed
SE-0000763,ST-025,1,2026-05-04 02:22:00,2026-05-04 02:54:00,23.54,7.53,aborted
SE-0011531,ST-010,2,2026-06-27 09:02:00,2026-06-27 09:42:00,22.93,7.34,completed
SE-0002073,ST-002,1,2026-05-11 17:36:00,2026-05-11 18:41:00,27.64,8.84,completed
SE-0011108,ST-005,2,2026-06-25 12:19:00,2026-06-25 13:24:00,38.32,12.26,completed
SE-0007680,ST-033,1,2026-06-07 18:37:00,2026-06-07 19:35:00,38.63,12.36,completed
SE-0005752,ST-004,1,2026-05-29 07:43:00,2026-05-29 08:24:00,15.06,4.82,completed
SE-0003888,ST-003,2,2026-05-20 21:58:00,2026-05-20 22:09:00,6.1,1.95,completed
SE-0006300,ST-033,1,2026-05-31 02:23:00,2026-05-31 02:58:00,7.83,2.51,completed
SE-0010745,ST-014,3,2026-06-23 03:00:00,2026-06-23 04:00:00,31.73,10.15,completed
SE-0002536,ST-014,1,2026-05-13 16:17:00,2026-05-13 17:08:00,20.45,6.54,completed
SE-0008110,ST-002,2,2026-06-10 02:25:00,2026-06-10 03:20:00,23.92,7.65,completed
SE-0011938,ST-014,1,2026-06-29 23:09:00,2026-06-29 23:58:00,25.22,8.07,completed
SE-0008732,ST-005,1,2026-06-13 22:13:00,2026-06-13 23:04:00,29.03,9.29,completed
SE-0007750,ST-003,1,2026-06-08 23:25:00,2026-06-08 23:50:00,14.92,4.77,completed
SE-0004881,ST-041,3,2026-05-24 07:47:00,2026-05-24 08:32:00,14.01,4.48,completed
SE-0006344,ST-001,1,2026-06-01 18:44:00,2026-06-01 19:32:00,32.15,10.29,completed
SE-0010641,ST-034,1,2026-06-22 06:57:00,2026-06-22 07:39:00,17.4,5.57,completed
SE-0010306,ST-003,1,2026-06-21 15:58:00,2026-06-21 16:29:00,15.13,4.84,completed
SE-0005379,ST-015,1,2026-05-27 10:19:00,2026-05-27 10:54:00,30.87,9.88,completed
SE-0003599,ST-025,2,2026-05-18 18:22:00,2026-05-18 19:16:00,38.3,12.26,completed
SE-0007648,ST-023,2,2026-06-07 11:37:00,2026-06-07 12:38:00,34.12,,completed
SE-0004028,ST-033,1,2026-05-20 13:50:00,2026-05-20 13:59:00,5.64,1.8,completed
SE-0005593,ST-015,2,2026-05-28 13:57:00,2026-05-28 14:05:00,2.91,0.93,completed
SE-0009599,ST-010,1,2026-06-17 03:06:00,2026-06-17 03:50:00,9.05,2.9,completed
SE-0008707,ST-003,2,2026-06-13 05:52:00,2026-06-13 06:36:00,28.42,9.09,completed
SE-0004308,ST-008,2,2026-05-22 00:08:00,2026-05-22 01:06:00,34.85,11.15,completed
SE-0001807,ST-034,4,2026-05-09 04:44:00,2026-05-09 05:27:00,23.78,7.61,aborted
SE-0003978,ST-022,3,2026-05-20 02:02:00,2026-05-20 02:29:00,12.05,3.86,completed
SE-0003622,ST-033,1,2026-05-18 08:24:00,2026-05-18 09:40:00,27.3,8.74,completed
SE-0001950,ST-022,5,2026-05-10 17:37:00,2026-05-10 18:18:00,11.52,3.69,completed
SE-0008610,ST-022,3,2026-06-12 03:26:00,2026-06-12 03:40:00,5.52,1.77,completed
SE-0002673,ST-001,1,2026-05-14 05:47:00,2026-05-14 06:32:00,24.64,7.88,completed
SE-0010934,ST-012,2,2026-06-24 20:53:00,2026-06-24 21:37:00,16.73,5.35,completed
SE-0005862,ST-023,2,2026-05-29 23:22:00,2026-05-30 00:13:00,28.11,9.0,completed
SE-0002933,ST-008,2,2026-05-15 03:14:00,2026-05-15 03:54:00,12.62,4.04,completed
SE-0005435,ST-025,2,2026-05-27 04:16:00,2026-05-27 05:01:00,23.48,7.51,completed
SE-0008199,ST-017,1,2026-06-10 18:58:00,2026-06-10 19:34:00,29540,9.45,completed
SE-0011661,ST-041,2,2026-06-27 07:09:00,2026-06-27 07:42:00,26.56,,completed
SE-0007321,ST-001,3,2026-06-06 02:01:00,2026-06-06 02:21:00,4.07,1.3,completed
SE-0004835,ST-025,2,2026-05-24 23:15:00,2026-05-25 00:21:00,29.79,9.53,completed
SE-0006225,ST-015,1,2026-05-31 09:50:00,2026-05-31 10:53:00,19.54,6.25,completed
SE-0006589,ST-012,2,2026-06-02 03:23:00,2026-06-02 04:24:00,35.35,11.31,completed
SE-0001910,ST-014,6,2026-05-10 05:43:00,2026-05-10 06:00:00,10.02,3.21,completed
SE-0007472,ST-031,2,2026-06-06 13:58:00,2026-06-06 14:16:00,10.41,3.33,completed
SE-0009805,ST-014,2,2026-06-18 23:04:00,2026-06-19 00:07:00,29.42,9.41,completed
SE-0008899,ST-039,4,2026-06-13 00:05:00,2026-06-13 00:29:00,18.67,5.97,completed
SE-0007068,ST-029,3,2026-06-04 14:59:00,2026-06-04 15:50:00,46.79,14.97,completed
SE-0004093,ST-005,2,2026-05-21 20:23:00,2026-05-21 20:57:00,17.58,5.63,completed
SE-0007619,ST-020,2,2026-06-07 07:52:00,2026-06-07 08:44:00,36.09,11.55,completed
SE-0001763,ST-023,2,2026-05-09 04:42:00,2026-05-09 05:17:00,23.63,7.56,aborted
SE-0001925,ST-016,1,2026-05-10 19:04:00,2026-05-10 19:31:00,10.57,3.38,completed
SE-0001194,ST-028,2,2026-05-06 05:36:00,2026-05-06 06:14:00,24.77,7.93,completed
SE-0002795,ST-022,5,2026-05-14 04:41:00,2026-05-14 05:39:00,47.86,15.32,completed
SE-0003122,ST-007,6,2026-05-16 03:58:00,2026-05-16 04:19:00,11.3,3.62,completed
SE-0007404,ST-017,1,2026-06-06 05:29:00,2026-06-06 06:20:00,23550,7.54,completed
SE-0003180,ST-017,2,2026-05-16 09:34:00,2026-05-16 10:37:00,17150,5.49,completed
SE-0006993,ST-014,2,2026-06-04 10:34:00,2026-06-04 11:41:00,47.14,15.08,completed
SE-0001511,ST-010,2,2026-05-08 04:26:00,2026-05-08 05:21:00,38.68,12.38,completed
SE-0000377,ST-041,3,2026-05-02 01:31:00,2026-05-02 01:44:00,8.44,2.7,completed
SE-0006111,ST-033,1,2026-05-30 10:30:00,2026-05-30 11:17:00,33.68,10.78,completed
SE-0003754,ST-015,1,2026-05-19 02:35:00,2026-05-19 02:55:00,11.54,3.69,completed
SE-0007716,ST-041,2,2026-06-07 23:03:00,2026-06-07 23:19:00,13.6,,completed
SE-0001351,ST-022,3,2026-05-07 05:27:00,2026-05-07 06:31:00,60.36,19.32,completed
SE-0001596,ST-025,1,2026-05-08 12:10:00,2026-05-08 13:35:00,32.78,10.49,completed
SE-0008176,ST-015,2,2026-06-10 21:46:00,2026-06-10 22:29:00,33.25,,completed
SE-0000840,ST-001,3,2026-05-05 20:50:00,2026-05-05 21:33:00,13.97,4.47,completed
SE-0001566,ST-022,1,2026-05-08 03:29:00,2026-05-08 04:55:00,41.03,13.13,completed
SE-0000890,ST-010,1,2026-05-05 16:43:00,2026-05-05 17:24:00,41.16,13.17,completed
SE-0004519,ST-008,2,2026-05-23 23:32:00,2026-05-23 23:56:00,16.55,5.3,completed
SE-0006977,ST-010,1,2026-06-04 14:23:00,2026-06-04 15:21:00,15.83,5.07,completed
SE-0003550,ST-015,1,2026-05-18 11:44:00,2026-05-18 11:59:00,6.18,1.98,completed
SE-0003860,ST-041,4,2026-05-19 04:05:00,2026-05-19 04:32:00,12.58,4.03,completed
SE-0001061,ST-005,1,2026-05-06 07:02:00,2026-05-06 07:31:00,10.51,3.36,completed
SE-0002071,ST-001,4,2026-05-11 07:00:00,2026-05-11 07:46:00,20.18,6.46,completed
SE-0011404,ST-025,2,2026-06-26 02:21:00,2026-06-26 03:31:00,47.51,15.2,completed
SE-0011233,ST-033,2,2026-06-25 02:22:00,2026-06-25 02:58:00,22.67,7.25,completed
SE-0006642,ST-022,1,2026-06-02 05:08:00,2026-06-02 06:04:00,35.84,11.47,completed
SE-0008743,ST-006,3,2026-06-13 22:19:00,2026-06-13 22:55:00,20.65,6.61,completed
SE-0010056,ST-025,2,2026-06-19 18:22:00,2026-06-19 19:11:00,22.75,7.28,completed
SE-0007826,ST-017,2,2026-06-08 23:14:00,2026-06-08 23:52:00,18850,6.03,completed
SE-0009979,ST-006,1,2026-06-19 23:42:00,2026-06-20 00:15:00,23.82,,completed
SE-0004091,ST-005,1,2026-05-21 16:26:00,2026-05-21 17:23:00,41.09,13.15,completed
SE-0009102,ST-032,1,2026-06-14 21:46:00,2026-06-14 22:20:00,24.48,7.83,completed
SE-0009474,ST-024,1,2026-06-16 07:46:00,2026-06-16 08:28:00,27.46,8.79,completed
SE-0003146,ST-012,2,2026-05-16 06:23:00,2026-05-16 07:12:00,22.19,7.1,completed
SE-0002293,ST-005,1,2026-05-12 21:20:00,2026-05-12 22:00:00,19.57,6.26,completed
SE-0000201,ST-002,2,2026-05-02 20:52:00,2026-05-02 21:50:00,44.8,14.34,completed
SE-0000726,ST-021,1,2026-05-04 23:47:00,2026-05-05 00:34:00,26.58,8.51,completed
SE-0005816,ST-015,2,2026-05-29 01:33:00,2026-05-29 03:05:00,33.85,10.83,completed
SE-0005321,ST-006,4,2026-05-27 17:17:00,2026-05-27 17:59:00,18.17,5.81,completed
SE-0011064,ST-041,3,2026-06-24 20:47:00,2026-06-24 21:35:00,8.41,2.69,completed
SE-0006640,ST-022,3,2026-06-02 06:31:00,2026-06-02 07:23:00,22.21,,completed
SE-0007080,ST-033,2,2026-06-04 02:49:00,2026-06-04 03:14:00,6.81,2.18,completed
SE-0011827,ST-032,3,2026-06-28 09:44:00,2026-06-28 10:29:00,37.49,12.0,completed
SE-0003424,ST-028,2,2026-05-17 11:00:00,2026-05-17 11:44:00,20.22,6.47,completed
SE-0009176,ST-006,3,2026-06-15 06:57:00,2026-06-15 08:27:00,36.65,11.73,completed
SE-0007333,ST-003,1,2026-06-06 10:14:00,2026-06-06 10:39:00,11.2,3.58,completed
SE-0004263,ST-001,1,2026-05-22 19:32:00,2026-05-22 20:03:00,17.65,5.65,completed
SE-0001964,ST-023,2,2026-05-10 09:21:00,2026-05-10 09:35:00,6.82,2.18,completed
SE-0010318,ST-005,2,2026-06-21 03:47:00,2026-06-21 04:18:00,18.23,5.83,completed
SE-0000505,ST-022,4,2026-05-03 14:47:00,2026-05-03 15:31:00,20.67,6.61,completed
SE-0009222,ST-015,2,2026-06-15 10:04:00,2026-06-15 11:22:00,41.76,13.36,completed
SE-0009479,ST-025,2,2026-06-16 10:07:00,2026-06-16 10:41:00,17.89,5.72,completed
SE-0003145,ST-012,1,2026-05-16 01:13:00,2026-05-16 02:19:00,36.76,11.76,completed
SE-0007848,ST-022,5,2026-06-08 14:40:00,2026-06-08 15:05:00,21.74,6.96,completed
SE-0009590,ST-007,2,2026-06-17 11:57:00,2026-06-17 12:57:00,40.88,13.08,completed
SE-0003810,ST-025,1,2026-05-19 17:25:00,2026-05-19 17:45:00,12.28,3.93,completed
SE-0005971,ST-006,5,2026-05-30 19:26:00,2026-05-30 19:44:00,14.71,4.71,completed
SE-0007363,ST-008,1,2026-06-06 00:25:00,2026-06-06 00:31:00,3.26,1.04,completed
SE-0002063,ST-001,3,2026-05-11 10:27:00,2026-05-11 11:08:00,19.78,6.33,aborted
SE-0008692,ST-041,6,2026-06-12 04:13:00,2026-06-12 05:04:00,37.84,12.11,completed
SE-0007022,ST-017,2,2026-06-04 02:40:00,2026-06-04 03:28:00,37830,12.11,completed
SE-0005490,ST-040,2,2026-05-27 17:15:00,2026-05-27 17:54:00,26.0,8.32,completed
SE-0004283,ST-004,3,2026-05-22 01:30:00,2026-05-22 01:55:00,13.36,4.28,completed
SE-0004050,ST-041,2,2026-05-20 09:32:00,2026-05-20 09:59:00,15.29,,completed
SE-0003365,ST-015,2,2026-05-17 20:58:00,2026-05-17 21:47:00,34.23,10.95,completed
SE-0008499,ST-041,2,2026-06-11 19:36:00,2026-06-11 20:05:00,5.94,1.9,completed
SE-0004776,ST-017,2,2026-05-24 23:45:00,2026-05-25 00:15:00,24120,7.72,completed
SE-0008434,ST-025,1,2026-06-11 23:16:00,2026-06-11 23:34:00,13.52,4.33,completed
SE-0003008,ST-026,1,2026-05-15 03:00:00,2026-05-15 03:46:00,34.9,11.17,aborted
SE-0011314,ST-006,1,2026-06-26 09:08:00,2026-06-26 10:34:00,46.35,14.83,completed
SE-0011689,ST-003,2,2026-06-28 12:42:00,2026-06-28 13:29:00,26.8,8.58,completed
SE-0002313,ST-007,1,2026-05-12 07:40:00,2026-05-12 08:20:00,18.04,,completed
SE-0011280,ST-003,1,2026-06-26 04:47:00,2026-06-26 04:58:00,5.47,1.75,completed
SE-0007892,ST-033,1,2026-06-08 17:57:00,2026-06-08 18:27:00,18.68,5.98,completed
SE-0000346,ST-033,1,2026-05-02 20:44:00,2026-05-02 21:39:00,33.66,10.77,completed
SE-0009565,ST-003,2,2026-06-17 04:50:00,2026-06-17 05:47:00,20.43,6.54,completed
SE-0002111,ST-006,6,2026-05-11 00:43:00,2026-05-11 01:29:00,18.81,6.02,completed
SE-0006610,ST-015,2,2026-06-02 21:13:00,2026-06-02 21:56:00,34.06,10.9,completed
SE-0002623,ST-032,2,2026-05-13 15:13:00,2026-05-13 16:18:00,32.47,10.39,completed
SE-0010612,ST-025,1,2026-06-22 01:05:00,2026-06-22 02:20:00,35.17,11.25,completed
SE-0002684,ST-002,2,2026-05-14 23:57:00,2026-05-15 00:39:00,31.69,10.14,completed
SE-0011748,ST-014,5,2026-06-28 13:14:00,2026-06-28 13:40:00,10.29,3.29,completed
SE-0009873,ST-024,2,2026-06-18 04:11:00,2026-06-18 04:46:00,31.95,10.22,completed
SE-0010147,ST-011,2,2026-06-20 21:16:00,2026-06-20 21:43:00,2.79,0.89,faulted
SE-0002957,ST-014,5,2026-05-15 23:18:00,2026-05-16 00:10:00,28.26,9.04,completed
SE-0001047,ST-003,1,2026-05-06 02:46:00,2026-05-06 04:00:00,47.19,15.1,completed
SE-0001522,ST-013,2,2026-05-08 18:49:00,2026-05-08 19:04:00,8.14,2.6,completed
SE-0008805,ST-016,1,2026-06-13 08:38:00,2026-06-13 09:16:00,22.86,7.32,completed
SE-0012034,ST-034,2,2026-06-29 14:37:00,2026-06-29 15:09:00,21.5,6.88,completed
SE-0010836,ST-033,2,2026-06-23 04:54:00,2026-06-23 05:42:00,16.74,5.36,completed
SE-0012037,ST-035,2,2026-06-29 06:35:00,2026-06-29 07:13:00,29.63,9.48,completed
SE-0007525,ST-001,3,2026-06-07 12:16:00,2026-06-07 13:12:00,24.57,7.86,completed
SE-0011867,ST-001,3,2026-06-29 03:26:00,2026-06-29 04:09:00,21.17,6.77,completed
SE-0000602,ST-003,2,2026-05-04 10:57:00,2026-05-04 11:45:00,31.81,10.18,completed
SE-0010672,ST-001,3,2026-06-23 04:21:00,2026-06-23 05:16:00,56.22,17.99,completed
SE-0011417,ST-029,3,2026-06-26 17:11:00,2026-06-26 18:16:00,42.32,13.54,completed
SE-0011107,ST-004,3,2026-06-25 23:04:00,2026-06-25 23:27:00,12.17,3.89,completed
SE-0008930,ST-003,2,2026-06-14 00:54:00,2026-06-14 01:42:00,39.03,12.49,completed
SE-0002556,ST-016,1,2026-05-13 02:27:00,2026-05-13 02:52:00,8.2,2.62,completed
SE-0011484,ST-003,1,2026-06-27 15:41:00,2026-06-27 15:58:00,9.98,3.19,completed
SE-0005643,ST-024,1,2026-05-28 13:07:00,2026-05-28 13:53:00,27.94,8.94,completed
SE-0005808,ST-014,6,2026-05-29 05:37:00,2026-05-29 06:54:00,51.53,16.49,completed
SE-0011672,ST-001,2,2026-06-28 13:19:00,2026-06-28 14:05:00,21.62,6.92,completed
SE-0005577,ST-013,2,2026-05-28 17:57:00,2026-05-28 19:02:00,39.29,12.57,completed
SE-0006378,ST-006,1,2026-06-01 11:33:00,2026-06-01 11:57:00,13.99,,completed
SE-0007375,ST-012,1,2026-06-06 09:13:00,2026-06-06 09:39:00,11.7,3.74,completed
SE-0009829,ST-016,1,2026-06-18 03:45:00,2026-06-18 05:02:00,62.55,20.02,completed
SE-0003821,ST-029,4,2026-05-19 01:09:00,2026-05-19 01:44:00,10.98,3.51,completed
SE-0001050,ST-003,1,2026-05-06 06:25:00,2026-05-06 07:33:00,20.74,6.64,completed
SE-0007881,ST-029,3,2026-06-08 10:43:00,2026-06-08 11:37:00,32.41,10.37,completed
SE-0003295,ST-042,1,2026-05-16 13:42:00,2026-05-16 14:37:00,30.75,9.84,completed
SE-0003249,ST-033,1,2026-05-16 05:51:00,2026-05-16 06:33:00,27.8,8.9,completed
SE-0010679,ST-002,2,2026-06-23 00:25:00,2026-06-23 01:53:00,62.89,20.12,completed
SE-0004582,ST-017,2,2026-05-23 19:39:00,2026-05-23 20:05:00,17280,5.53,completed
SE-0006096,ST-029,2,2026-05-30 09:54:00,2026-05-30 10:06:00,9.54,3.05,completed
SE-0011333,ST-010,1,2026-06-26 16:13:00,2026-06-26 17:09:00,41.17,13.17,completed
SE-0000352,ST-033,1,2026-05-02 13:04:00,2026-05-02 13:10:00,3.55,1.14,completed
SE-0009335,ST-001,2,2026-06-16 02:46:00,2026-06-16 03:57:00,47.76,15.28,completed
SE-0002621,ST-031,5,2026-05-13 09:21:00,2026-05-13 10:17:00,25.88,8.28,aborted
SE-0007515,ST-041,1,2026-06-06 04:07:00,2026-06-06 04:51:00,9.55,3.06,completed
SE-0003390,ST-020,2,2026-05-17 20:18:00,2026-05-17 20:57:00,18.3,5.86,completed
SE-0000086,ST-017,2,2026-05-01 07:15:00,2026-05-01 08:23:00,28180,9.02,completed
SE-0010796,ST-023,2,2026-06-23 16:39:00,2026-06-23 17:31:00,10.56,,completed
SE-0010825,ST-033,2,2026-06-23 01:33:00,2026-06-23 02:13:00,27.8,8.9,completed
SE-0001959,ST-022,5,2026-05-10 20:50:00,2026-05-10 21:52:00,16.58,5.31,completed
SE-0004755,ST-015,1,2026-05-24 20:25:00,2026-05-24 20:46:00,18.06,5.78,completed
SE-0002984,ST-022,3,2026-05-15 15:06:00,2026-05-15 16:02:00,19.17,6.13,aborted
SE-0006643,ST-022,2,2026-06-02 20:31:00,2026-06-02 21:20:00,4.87,1.56,completed
SE-0003691,ST-005,1,2026-05-19 22:07:00,2026-05-19 22:51:00,13.93,4.46,completed
SE-0002660,ST-041,2,2026-05-13 18:07:00,2026-05-13 19:07:00,29.34,9.39,completed
SE-0002769,ST-016,1,2026-05-14 14:13:00,2026-05-14 14:31:00,15.22,4.87,completed
SE-0002119,ST-008,1,2026-05-11 13:05:00,2026-05-11 14:11:00,32.34,10.35,completed
SE-0006446,ST-017,1,2026-06-01 07:15:00,2026-06-01 08:17:00,23530,7.53,completed
SE-0008657,ST-033,2,2026-06-12 11:34:00,2026-06-12 12:23:00,39.82,12.74,completed
SE-0010433,ST-027,2,2026-06-21 11:22:00,2026-06-21 11:53:00,27.41,8.77,completed
SE-0006289,ST-030,5,2026-05-31 21:25:00,2026-05-31 22:24:00,17.96,5.75,completed
SE-0009929,ST-041,6,2026-06-18 11:14:00,2026-06-18 12:01:00,12.29,3.93,completed
SE-0008810,ST-017,2,2026-06-13 07:17:00,2026-06-13 08:11:00,16910,5.41,completed
SE-0002456,ST-001,2,2026-05-13 13:15:00,2026-05-13 13:58:00,27.17,8.69,completed
SE-0011739,ST-012,1,2026-06-28 21:04:00,2026-06-28 21:52:00,24.97,7.99,completed
SE-0002394,ST-025,2,2026-05-12 03:43:00,2026-05-12 04:30:00,27.79,8.89,completed
SE-0002404,ST-027,4,2026-05-12 03:23:00,2026-05-12 04:49:00,57.21,18.31,completed
SE-0009858,ST-022,4,2026-06-18 17:52:00,2026-06-18 18:20:00,21.3,6.82,completed
SE-0007629,ST-022,4,2026-06-07 07:57:00,2026-06-07 08:36:00,15.0,4.8,completed
SE-0000267,ST-015,2,2026-05-02 00:42:00,2026-05-02 01:25:00,34.36,11.0,completed
SE-0008167,ST-014,2,2026-06-10 00:08:00,2026-06-10 00:54:00,26.76,8.56,completed
SE-0004508,ST-006,1,2026-05-23 05:38:00,2026-05-23 06:24:00,22.16,7.09,completed
SE-0009768,ST-006,4,2026-06-18 01:26:00,2026-06-18 02:32:00,45.57,14.58,aborted
SE-0009980,ST-006,4,2026-06-19 15:58:00,2026-06-19 16:24:00,15.93,5.1,completed
SE-0008323,ST-006,3,2026-06-11 15:00:00,2026-06-11 15:15:00,6.3,2.02,completed
SE-0008085,ST-041,5,2026-06-09 09:10:00,2026-06-09 09:28:00,14.29,4.57,completed
SE-0009558,ST-003,1,2026-06-17 20:16:00,2026-06-17 20:38:00,11.72,3.75,completed
SE-0010300,ST-003,1,2026-06-21 10:40:00,2026-06-21 11:35:00,41.94,13.42,completed
SE-0009278,ST-029,3,2026-06-15 09:35:00,2026-06-15 10:16:00,15.54,4.97,completed
SE-0001738,ST-019,5,2026-05-09 05:08:00,2026-05-09 05:42:00,31.04,9.93,completed
SE-0002009,ST-033,2,2026-05-10 20:03:00,2026-05-10 20:39:00,20.73,6.63,completed
SE-0006199,ST-009,1,2026-05-31 17:29:00,2026-05-31 17:35:00,1.5,0.48,completed
SE-0006644,ST-022,5,2026-06-02 04:26:00,2026-06-02 05:20:00,37.69,12.06,completed
SE-0007723,ST-042,2,2026-06-07 22:32:00,2026-06-07 23:04:00,22.6,7.23,completed
SE-0009585,ST-006,1,2026-06-17 23:29:00,2026-06-18 00:26:00,39.81,12.74,completed
SE-0006026,ST-015,1,2026-05-30 02:53:00,2026-05-30 03:37:00,20.13,6.44,completed
SE-0009065,ST-024,2,2026-06-14 05:11:00,2026-06-14 05:58:00,27.67,,completed
SE-0001545,ST-015,1,2026-05-08 01:51:00,2026-05-08 01:58:00,4.14,1.32,completed
SE-0007444,ST-024,1,2026-06-06 22:26:00,2026-06-06 23:24:00,25.69,8.22,completed
SE-0005448,ST-029,1,2026-05-27 19:27:00,2026-05-27 20:33:00,53.56,17.14,completed
SE-0004231,ST-034,4,2026-05-21 09:18:00,2026-05-21 10:13:00,41.77,13.37,completed
SE-0011427,ST-033,1,2026-06-26 21:51:00,2026-06-26 22:17:00,16.1,5.15,completed
SE-0002678,ST-001,3,2026-05-14 06:19:00,2026-05-14 06:35:00,9.28,2.97,completed
SE-0006485,ST-025,2,2026-06-01 03:27:00,2026-06-01 04:11:00,17.24,5.52,completed
SE-0002209,ST-028,2,2026-05-11 20:03:00,2026-05-11 21:15:00,40.81,13.06,completed
SE-0000418,ST-005,2,2026-05-03 11:25:00,2026-05-03 12:31:00,27.08,8.67,completed
SE-0001797,ST-033,2,2026-05-09 09:31:00,2026-05-09 10:46:00,47.39,15.16,completed
SE-0009084,ST-025,1,2026-06-14 18:13:00,2026-06-14 18:33:00,11.79,3.77,completed
SE-0005920,ST-041,4,2026-05-29 02:35:00,2026-05-29 03:39:00,42.31,13.54,completed
SE-0000745,ST-023,2,2026-05-04 10:43:00,2026-05-04 11:37:00,19.21,6.15,completed
SE-0006549,ST-003,1,2026-06-02 08:37:00,2026-06-02 09:24:00,17.54,5.61,completed
SE-0011982,ST-022,5,2026-06-29 18:38:00,2026-06-29 19:26:00,29.45,,completed
SE-0004401,ST-025,1,2026-05-22 08:17:00,2026-05-22 08:40:00,8.59,2.75,completed
SE-0004650,ST-033,2,2026-05-23 07:23:00,2026-05-23 08:56:00,83.07,26.58,completed
SE-0002770,ST-016,2,2026-05-14 17:04:00,2026-05-14 17:10:00,3.53,1.13,completed
SE-0011457,ST-041,2,2026-06-26 03:38:00,2026-06-26 04:51:00,33.13,10.6,completed
SE-0008788,ST-014,5,2026-06-13 02:39:00,2026-06-13 02:58:00,7.4,2.37,completed
SE-0008654,ST-033,1,2026-06-12 08:01:00,2026-06-12 08:53:00,13.97,4.47,completed
SE-0005989,ST-010,1,2026-05-30 21:47:00,2026-05-30 22:34:00,24.26,7.76,completed
SE-0003374,ST-015,1,2026-05-17 21:37:00,2026-05-17 22:21:00,14.38,4.6,aborted
SE-0010707,ST-005,1,2026-06-23 04:08:00,2026-06-23 04:35:00,10.14,3.24,completed
SE-0001075,ST-006,2,2026-05-06 17:01:00,2026-05-06 17:20:00,9.53,3.05,completed
SE-0006355,ST-003,2,2026-06-01 18:41:00,2026-06-01 19:41:00,10.41,3.33,aborted
SE-0000857,ST-003,2,2026-05-05 00:48:00,2026-05-05 01:08:00,4.91,1.57,completed
SE-0009475,ST-024,1,2026-06-16 21:55:00,2026-06-16 22:02:00,3.29,1.05,completed
SE-0005170,ST-016,2,2026-05-26 00:37:00,2026-05-26 01:18:00,33.6,10.75,completed
SE-0006530,ST-042,3,2026-06-01 07:37:00,2026-06-01 08:00:00,12.74,4.08,completed
SE-0009880,ST-025,1,2026-06-18 21:37:00,2026-06-18 22:41:00,9.15,2.93,completed
SE-0004440,ST-034,2,2026-05-22 08:51:00,2026-05-22 09:20:00,20.74,6.64,completed
SE-0010054,ST-025,2,2026-06-19 11:20:00,2026-06-19 11:55:00,10.7,3.42,completed
SE-0007700,ST-035,1,2026-06-07 15:54:00,2026-06-07 16:37:00,23.1,7.39,completed
SE-0005847,ST-022,6,2026-05-29 16:15:00,2026-05-29 17:07:00,28.35,9.07,completed
SE-0003031,ST-033,1,2026-05-15 05:18:00,2026-05-15 06:08:00,26.41,8.45,completed
SE-0000931,ST-017,1,2026-05-05 07:57:00,2026-05-05 08:31:00,20990,,completed
SE-0009521,ST-036,2,2026-06-16 09:17:00,2026-06-16 10:18:00,46.6,14.91,completed
SE-0003749,ST-015,1,2026-05-19 08:09:00,2026-05-19 08:32:00,14.34,4.59,completed
SE-0000454,ST-013,1,2026-05-03 23:46:00,2026-05-04 00:25:00,18.89,,completed
SE-0007802,ST-015,1,2026-06-08 13:05:00,2026-06-08 14:00:00,43.04,,completed
SE-0011887,ST-005,1,2026-06-29 10:56:00,2026-06-29 11:41:00,10.34,3.31,completed
SE-0007172,ST-010,1,2026-06-05 02:41:00,2026-06-05 03:33:00,39.74,12.72,completed
SE-0008384,ST-016,1,2026-06-11 02:40:00,2026-06-11 03:30:00,13.44,4.3,completed
SE-0000843,ST-001,2,2026-05-05 09:22:00,2026-05-05 10:29:00,40.71,13.03,completed
SE-0000556,ST-034,3,2026-05-03 19:28:00,2026-05-03 20:01:00,20.82,6.66,completed
SE-0006548,ST-003,1,2026-06-02 04:47:00,2026-06-02 05:39:00,21.51,6.88,completed
SE-0001923,ST-016,2,2026-05-10 12:30:00,2026-05-10 13:00:00,10.07,3.22,completed
SE-0002975,ST-017,1,2026-05-15 19:52:00,2026-05-15 20:48:00,46020,14.73,completed
SE-0001438,ST-041,2,2026-05-07 06:51:00,2026-05-07 07:43:00,15.1,4.83,completed
SE-0008502,ST-041,3,2026-06-11 04:30:00,2026-06-11 05:16:00,43.11,13.8,completed
SE-0009410,ST-012,2,2026-06-16 10:58:00,2026-06-16 11:58:00,20.42,,completed
SE-0000567,ST-038,2,2026-05-03 01:21:00,2026-05-03 02:01:00,18.29,5.85,completed
SE-0003872,ST-001,4,2026-05-20 11:03:00,2026-05-20 11:35:00,24.85,7.95,completed
SE-0007698,ST-035,1,2026-06-07 19:10:00,2026-06-07 20:02:00,34.18,10.94,completed
SE-0000101,ST-022,5,2026-05-01 23:58:00,2026-05-02 00:39:00,29.33,9.39,completed
SE-0000233,ST-007,5,2026-05-02 17:30:00,2026-05-02 18:17:00,32.0,10.24,completed
SE-0004782,ST-017,2,2026-05-24 17:50:00,2026-05-24 18:18:00,11430,3.66,completed
SE-0004164,ST-016,1,2026-05-21 12:51:00,2026-05-21 13:20:00,24.19,7.74,completed
SE-0009386,ST-007,5,2026-06-16 09:40:00,2026-06-16 09:59:00,6.08,1.95,completed
SE-0010754,ST-015,2,2026-06-23 13:54:00,2026-06-23 14:19:00,14.3,4.58,completed
SE-0009514,ST-033,2,2026-06-16 04:22:00,2026-06-16 05:10:00,24.06,7.7,completed
SE-0007028,ST-017,2,2026-06-04 05:36:00,2026-06-04 06:26:00,30890,9.88,completed
SE-0001221,ST-037,1,2026-05-06 13:55:00,2026-05-06 14:34:00,24.71,7.91,completed
SE-0007322,ST-001,4,2026-06-06 04:38:00,2026-06-06 05:35:00,42.02,13.45,completed
SE-0004586,ST-020,1,2026-05-23 08:23:00,2026-05-23 08:50:00,16.73,5.35,completed
SE-0003486,ST-003,2,2026-05-18 18:01:00,2026-05-18 18:38:00,27.68,8.86,completed
SE-0008857,ST-025,1,2026-06-13 03:05:00,2026-06-13 03:54:00,19.54,,completed
SE-0001014,ST-039,2,2026-05-05 19:37:00,2026-05-05 20:29:00,14.17,4.53,completed
SE-0006145,ST-041,4,2026-05-30 08:58:00,2026-05-30 09:43:00,15.79,5.05,completed
SE-0005530,ST-005,1,2026-05-28 07:59:00,2026-05-28 08:41:00,29.8,9.54,completed
SE-0005762,ST-005,2,2026-05-29 21:42:00,2026-05-29 22:10:00,23.73,7.59,completed
SE-0008701,ST-001,3,2026-06-13 05:20:00,2026-06-13 06:24:00,57.83,,completed
SE-0006916,ST-040,2,2026-06-03 07:57:00,2026-06-03 08:57:00,23.17,7.41,completed
SE-0000383,ST-042,4,2026-05-02 15:14:00,2026-05-02 16:06:00,35.58,11.39,completed
SE-0001762,ST-023,1,2026-05-09 03:18:00,2026-05-09 04:09:00,26.79,8.57,completed
SE-0009430,ST-015,2,2026-06-16 05:38:00,2026-06-16 06:17:00,22.68,7.26,completed
SE-0010445,ST-033,2,2026-06-21 16:02:00,2026-06-21 16:32:00,13.77,4.41,completed
SE-0008619,ST-023,1,2026-06-12 17:00:00,2026-06-12 17:46:00,24.91,7.97,completed
SE-0009956,ST-003,2,2026-06-19 19:52:00,2026-06-19 20:20:00,19.74,6.32,completed
SE-0004469,ST-001,1,2026-05-23 19:29:00,2026-05-23 19:55:00,17.66,5.65,completed
SE-0003937,ST-015,2,2026-05-20 20:06:00,2026-05-20 20:56:00,18.35,5.87,completed
SE-0003256,ST-033,2,2026-05-16 03:57:00,2026-05-16 04:53:00,49.34,15.79,completed
SE-0001893,ST-009,2,2026-05-10 11:25:00,2026-05-10 11:57:00,22.33,7.15,completed
SE-0006053,ST-021,2,2026-05-30 21:53:00,2026-05-30 22:23:00,15.35,4.91,completed
SE-0007829,ST-017,1,2026-06-08 23:44:00,2026-06-09 00:38:00,42780,13.69,completed
SE-0011275,ST-002,2,2026-06-26 05:24:00,2026-06-26 05:54:00,17.89,5.72,completed
SE-0008257,ST-033,1,2026-06-10 19:28:00,2026-06-10 20:19:00,29.13,9.32,completed
SE-0009187,ST-009,2,2026-06-15 00:57:00,2026-06-15 01:30:00,23.97,7.67,completed
SE-0010774,ST-018,5,2026-06-23 04:43:00,2026-06-23 05:34:00,24.67,7.89,completed
SE-0003897,ST-005,2,2026-05-20 15:15:00,2026-05-20 16:04:00,34.17,10.93,aborted
SE-0004911,ST-005,1,2026-05-25 13:12:00,2026-05-25 13:18:00,5.35,1.71,completed
SE-0004384,ST-023,2,2026-05-22 09:42:00,2026-05-22 10:05:00,14.06,4.5,completed
SE-0009578,ST-006,2,2026-06-17 05:20:00,2026-06-17 05:40:00,9.08,2.91,completed
SE-0008843,ST-023,2,2026-06-13 05:57:00,2026-06-13 06:36:00,26.96,8.63,completed
SE-0003095,ST-003,2,2026-05-16 01:39:00,2026-05-16 01:59:00,22.02,,completed
SE-0003811,ST-025,1,2026-05-19 16:43:00,2026-05-19 17:50:00,25.63,8.2,completed
SE-0010822,ST-031,2,2026-06-23 17:59:00,2026-06-23 18:31:00,22.85,7.31,completed
SE-0010644,ST-036,2,2026-06-22 09:10:00,2026-06-22 09:45:00,26.36,8.44,completed
SE-0007165,ST-009,2,2026-06-05 12:41:00,2026-06-05 13:27:00,34.22,,completed
SE-0011447,ST-040,2,2026-06-26 18:44:00,2026-06-26 19:46:00,33.7,10.78,completed
SE-0006720,ST-041,3,2026-06-02 18:56:00,2026-06-02 19:21:00,11.58,3.71,completed
SE-0011770,ST-017,1,2026-06-28 03:15:00,2026-06-28 03:49:00,19230,6.15,completed
SE-0011011,ST-025,1,2026-06-24 05:40:00,2026-06-24 05:48:00,3.6,1.15,completed
SE-0009821,ST-015,2,2026-06-18 00:13:00,2026-06-18 01:24:00,35.39,11.32,completed
SE-0010049,ST-023,2,2026-06-19 01:57:00,2026-06-19 02:58:00,39.63,12.68,completed
SE-0003305,ST-001,4,2026-05-17 17:55:00,2026-05-17 18:33:00,25.97,8.31,completed
SE-0002227,ST-033,1,2026-05-11 16:01:00,2026-05-11 16:08:00,4.41,1.41,completed
SE-0006825,ST-015,2,2026-06-03 16:01:00,2026-06-03 16:57:00,29.64,9.48,completed
SE-0000514,ST-023,1,2026-05-03 05:27:00,2026-05-03 06:02:00,21.27,6.81,completed
SE-0002539,ST-014,3,2026-05-13 06:32:00,2026-05-13 06:58:00,10.29,3.29,completed
SE-0003825,ST-029,4,2026-05-19 11:58:00,2026-05-19 13:11:00,30.94,9.9,completed
SE-0001029,ST-001,4,2026-05-06 20:02:00,2026-05-06 20:48:00,24.67,7.89,completed
SE-0009750,ST-003,1,2026-06-18 00:31:00,2026-06-18 01:12:00,14.44,4.62,completed
SE-0007435,ST-023,1,2026-06-06 03:25:00,2026-06-06 03:50:00,14.86,4.76,completed
SE-0010992,ST-022,2,2026-06-24 16:20:00,2026-06-24 16:37:00,6.45,2.06,completed
SE-0009848,ST-022,5,2026-06-18 07:37:00,2026-06-18 08:06:00,14.6,,completed
SE-0001884,ST-008,2,2026-05-10 14:57:00,2026-05-10 15:59:00,27.27,8.73,completed
SE-0007742,ST-003,1,2026-06-08 04:29:00,2026-06-08 05:16:00,32.51,10.4,completed
SE-0005171,ST-017,1,2026-05-26 14:45:00,2026-05-26 15:29:00,21540,6.89,completed
SE-0004288,ST-005,2,2026-05-22 04:02:00,2026-05-22 05:02:00,16.03,5.13,completed
SE-0006167,ST-004,4,2026-05-31 16:06:00,2026-05-31 17:18:00,24.91,7.97,completed
SE-0008236,ST-025,1,2026-06-10 07:15:00,2026-06-10 07:52:00,17.25,5.52,completed
SE-0004350,ST-016,2,2026-05-22 19:37:00,2026-05-22 20:28:00,32.18,10.3,completed
SE-0007247,ST-023,2,2026-06-05 15:55:00,2026-06-05 16:30:00,16.35,5.23,completed
SE-0000690,ST-015,1,2026-05-04 10:52:00,2026-05-04 11:29:00,14.57,,completed
SE-0007108,ST-041,6,2026-06-04 11:34:00,2026-06-04 12:41:00,45.92,14.69,completed
SE-0006974,ST-009,2,2026-06-04 03:26:00,2026-06-04 04:15:00,30.89,9.88,aborted
SE-0004439,ST-034,1,2026-05-22 11:33:00,2026-05-22 12:04:00,6.63,2.12,completed
SE-0003966,ST-021,6,2026-05-20 02:01:00,2026-05-20 02:35:00,22.02,7.05,completed
SE-0009415,ST-013,2,2026-06-16 15:57:00,2026-06-16 16:31:00,10.92,3.49,completed
SE-0000720,ST-017,2,2026-05-04 12:38:00,2026-05-04 13:34:00,18960,6.07,completed
SE-0007924,ST-042,2,2026-06-08 00:17:00,2026-06-08 00:52:00,29.04,9.29,completed
SE-0004642,ST-030,4,2026-05-23 14:00:00,2026-05-23 15:30:00,66.3,21.22,completed
SE-0007157,ST-006,1,2026-06-05 00:04:00,2026-06-05 01:16:00,60.91,19.49,completed
SE-0009612,ST-013,1,2026-06-17 19:25:00,2026-06-17 20:44:00,45.64,14.6,completed
SE-0009654,ST-022,6,2026-06-17 16:24:00,2026-06-17 16:57:00,19.45,6.22,completed
SE-0006504,ST-033,2,2026-06-01 01:48:00,2026-06-01 03:07:00,30.3,9.7,completed
SE-0003563,ST-017,2,2026-05-18 21:51:00,2026-05-18 22:24:00,16820,5.38,completed
SE-0002900,ST-003,1,2026-05-15 11:14:00,2026-05-15 12:38:00,12.66,4.05,aborted
SE-0000770,ST-025,2,2026-05-04 21:36:00,2026-05-04 22:41:00,28.66,9.17,completed
SE-0001711,ST-015,2,2026-05-09 16:54:00,2026-05-09 17:35:00,25.79,8.25,completed
SE-0003570,ST-018,2,2026-05-18 09:17:00,2026-05-18 09:53:00,10.78,3.45,completed
SE-0005109,ST-003,2,2026-05-26 05:19:00,2026-05-26 05:47:00,18.45,5.9,completed
SE-0008978,ST-012,1,2026-06-14 12:16:00,2026-06-14 13:12:00,50.52,16.17,completed
SE-0003235,ST-028,1,2026-05-16 22:33:00,2026-05-16 23:29:00,42.5,13.6,completed
SE-0004406,ST-028,2,2026-05-22 16:34:00,2026-05-22 17:25:00,17.64,5.64,completed
SE-0001505,ST-009,2,2026-05-08 18:53:00,2026-05-08 19:15:00,9.44,3.02,completed
SE-0007194,ST-014,3,2026-06-05 23:11:00,2026-06-06 00:06:00,1.5,0.48,completed
SE-0000326,ST-026,4,2026-05-02 15:13:00,2026-05-02 15:59:00,25.19,8.06,completed
SE-0007477,ST-033,1,2026-06-06 14:34:00,2026-06-06 15:47:00,74.63,23.88,completed
SE-0004314,ST-009,1,2026-05-22 02:31:00,2026-05-22 03:08:00,35.06,11.22,completed
SE-0010996,ST-023,2,2026-06-24 14:10:00,2026-06-24 14:38:00,11.62,3.72,completed
SE-0006675,ST-029,1,2026-06-02 23:15:00,2026-06-03 00:11:00,28.74,9.2,completed
SE-0003703,ST-006,4,2026-05-19 11:21:00,2026-05-19 11:48:00,17.68,,completed
SE-0009981,ST-006,4,2026-06-19 09:11:00,2026-06-19 10:40:00,36.0,11.52,completed
SE-0000675,ST-014,6,2026-05-04 08:21:00,2026-05-04 08:53:00,14.88,4.76,completed
SE-0007149,ST-005,2,2026-06-05 08:48:00,2026-06-05 09:29:00,18.83,6.03,completed
SE-0003574,ST-020,2,2026-05-18 12:55:00,2026-05-18 13:39:00,25.78,8.25,completed
SE-0007475,ST-033,1,2026-06-06 13:13:00,2026-06-06 13:49:00,28.54,9.13,completed
SE-0004057,ST-042,6,2026-05-20 20:17:00,2026-05-20 21:13:00,32.98,10.55,completed
SE-0001840,ST-001,2,2026-05-10 10:38:00,2026-05-10 11:20:00,25.64,8.2,completed
SE-0002964,ST-015,2,2026-05-15 12:42:00,2026-05-15 12:56:00,8.97,2.87,completed
SE-0004983,ST-017,1,2026-05-25 15:02:00,2026-05-25 15:19:00,8050,2.58,completed
SE-0008083,ST-041,2,2026-06-09 05:59:00,2026-06-09 06:55:00,26.09,8.35,completed
SE-0006638,ST-022,1,2026-06-02 14:12:00,2026-06-02 14:57:00,34.43,11.02,completed
SE-0006165,ST-003,2,2026-05-31 19:45:00,2026-05-31 20:38:00,18.3,5.86,aborted
SE-0003100,ST-005,2,2026-05-16 10:13:00,2026-05-16 10:55:00,28.37,9.08,completed
SE-0002995,ST-023,2,2026-05-15 20:20:00,2026-05-15 21:27:00,5.09,1.63,faulted
SE-0007356,ST-006,6,2026-06-06 01:47:00,2026-06-06 02:27:00,29.51,9.44,completed
SE-0007412,ST-017,2,2026-06-06 04:05:00,2026-06-06 04:27:00,19700,6.3,completed
SE-0011525,ST-009,1,2026-06-27 00:40:00,2026-06-27 01:20:00,11.14,3.56,completed
SE-0005921,ST-041,2,2026-05-29 17:57:00,2026-05-29 18:24:00,20.45,6.54,completed
SE-0009883,ST-025,2,2026-06-18 02:19:00,2026-06-18 02:59:00,21.23,6.79,completed
SE-0005188,ST-022,3,2026-05-26 01:18:00,2026-05-26 02:08:00,26.35,8.43,completed
SE-0007318,ST-042,4,2026-06-05 09:59:00,2026-06-05 10:47:00,23.53,7.53,completed
SE-0007250,ST-023,1,2026-06-05 16:16:00,2026-06-05 17:33:00,47.22,15.11,aborted
SE-0009790,ST-010,1,2026-06-18 08:11:00,2026-06-18 09:09:00,10.1,3.23,completed
SE-0010385,ST-017,1,2026-06-21 17:12:00,2026-06-21 17:30:00,12720,4.07,completed
SE-0003219,ST-024,2,2026-05-16 02:11:00,2026-05-16 02:30:00,15.45,4.94,completed
SE-0000828,ST-041,1,2026-05-04 11:32:00,2026-05-04 12:26:00,45.09,14.43,completed
SE-0002688,ST-002,1,2026-05-14 10:16:00,2026-05-14 11:47:00,39.34,12.59,completed
SE-0000987,ST-031,4,2026-05-05 23:02:00,2026-05-05 23:35:00,27.81,8.9,completed
SE-0000835,ST-041,5,2026-05-04 13:34:00,2026-05-04 14:17:00,23.93,7.66,completed
SE-0000173,ST-037,4,2026-05-01 03:13:00,2026-05-01 03:45:00,22.35,7.15,completed
SE-0009614,ST-014,4,2026-06-17 20:00:00,2026-06-17 20:37:00,21.46,6.87,completed
SE-0011089,ST-003,2,2026-06-25 00:57:00,2026-06-25 01:07:00,5.42,1.73,completed
SE-0007323,ST-001,3,2026-06-06 19:27:00,2026-06-06 20:21:00,45.5,14.56,completed
SE-0002433,ST-036,3,2026-05-12 00:41:00,2026-05-12 01:13:00,14.61,4.68,completed
SE-0007301,ST-038,4,2026-06-05 10:50:00,2026-06-05 11:24:00,17.92,5.73,completed
SE-0005230,ST-031,5,2026-05-26 01:13:00,2026-05-26 02:10:00,35.12,11.24,completed
SE-0005451,ST-030,1,2026-05-27 18:53:00,2026-05-27 19:41:00,18.51,,completed
SE-0000979,ST-029,1,2026-05-05 15:24:00,2026-05-05 16:07:00,32.93,10.54,completed
SE-0001011,ST-037,4,2026-05-05 23:42:00,2026-05-05 23:54:00,5.1,,completed
SE-0003423,ST-028,1,2026-05-17 12:34:00,2026-05-17 12:40:00,4.31,,completed
SE-0000632,ST-005,2,2026-05-04 20:30:00,2026-05-04 20:59:00,20.35,6.51,completed
SE-0009097,ST-029,1,2026-06-14 16:52:00,2026-06-14 17:51:00,40.47,12.95,completed
SE-0005281,ST-001,3,2026-05-27 20:23:00,2026-05-27 20:45:00,12.97,4.15,completed
SE-0004340,ST-015,1,2026-05-22 10:59:00,2026-05-22 12:09:00,50.51,16.16,completed
SE-0005409,ST-022,1,2026-05-27 18:47:00,2026-05-27 19:16:00,20.2,6.46,completed
SE-0010499,ST-003,1,2026-06-22 11:41:00,2026-06-22 12:33:00,34.26,10.96,completed
SE-0011330,ST-010,2,2026-06-26 21:15:00,2026-06-26 22:12:00,41.52,13.29,completed
SE-0011358,ST-016,2,2026-06-26 16:58:00,2026-06-26 17:50:00,16.37,5.24,completed
SE-0005956,ST-005,2,2026-05-30 07:16:00,2026-05-30 08:16:00,16.26,5.2,completed
SE-0000554,ST-034,2,2026-05-03 09:01:00,2026-05-03 09:36:00,15.33,4.91,completed
SE-0004282,ST-004,4,2026-05-22 16:27:00,2026-05-22 17:12:00,27.91,8.93,completed
SE-0003841,ST-033,2,2026-05-19 21:10:00,2026-05-19 22:13:00,28.97,9.27,completed
SE-0006384,ST-007,6,2026-06-01 06:20:00,2026-06-01 06:47:00,14.5,4.64,completed
SE-0011183,ST-018,5,2026-06-25 09:01:00,2026-06-25 09:57:00,38.85,12.43,completed
SE-0010272,ST-001,3,2026-06-21 09:40:00,2026-06-21 10:05:00,15.87,5.08,completed
SE-0009047,ST-022,3,2026-06-14 13:28:00,2026-06-14 14:42:00,47.27,15.13,completed
SE-0004016,ST-030,2,2026-05-20 00:40:00,2026-05-20 01:18:00,23.94,7.66,completed
SE-0011443,ST-037,3,2026-06-26 22:08:00,2026-06-26 22:38:00,9.69,3.1,completed
SE-0007282,ST-033,1,2026-06-05 22:13:00,2026-06-05 22:57:00,23.28,7.45,completed
SE-0004236,ST-034,1,2026-05-21 01:35:00,2026-05-21 02:07:00,5.35,1.71,completed
SE-0003701,ST-006,2,2026-05-19 17:47:00,2026-05-19 18:21:00,18.63,5.96,completed
SE-0008532,ST-005,2,2026-06-12 03:18:00,2026-06-12 03:59:00,26.72,8.55,completed
SE-0009244,ST-022,3,2026-06-15 16:36:00,2026-06-15 18:16:00,29.06,9.3,completed
SE-0003523,ST-009,1,2026-05-18 08:04:00,2026-05-18 08:47:00,22.92,,completed
SE-0010174,ST-016,1,2026-06-20 23:32:00,2026-06-20 23:39:00,3.74,1.2,completed
SE-0002576,ST-022,4,2026-05-13 06:26:00,2026-05-13 07:29:00,39.43,12.62,completed
SE-0005026,ST-028,1,2026-05-25 00:28:00,2026-05-25 01:26:00,37.23,11.91,completed
SE-0000288,ST-021,2,2026-05-02 07:54:00,2026-05-02 09:01:00,29.46,9.43,completed
SE-0000042,ST-011,2,2026-05-01 20:08:00,2026-05-01 20:52:00,19.61,6.28,completed
SE-0006791,ST-013,2,2026-06-03 07:22:00,2026-06-03 08:00:00,17.92,5.73,completed
SE-0006346,ST-002,2,2026-06-01 19:14:00,2026-06-01 19:36:00,13.74,4.4,completed
SE-0005856,ST-023,2,2026-05-29 17:23:00,2026-05-29 17:43:00,3.6,1.15,faulted
SE-0002091,ST-005,2,2026-05-11 00:41:00,2026-05-11 01:22:00,23.21,,completed
SE-0001246,ST-001,3,2026-05-07 10:02:00,2026-05-07 10:49:00,23.19,7.42,completed
SE-0000661,ST-010,1,2026-05-04 02:04:00,2026-05-04 02:47:00,23.09,7.39,completed
SE-0002290,ST-005,1,2026-05-12 22:11:00,2026-05-12 23:11:00,51.0,16.32,completed
SE-0000150,ST-033,2,2026-05-01 11:17:00,2026-05-01 11:49:00,22.73,7.27,completed
SE-0003672,ST-003,1,2026-05-19 15:27:00,2026-05-19 15:52:00,17.09,5.47,completed
SE-0000165,ST-034,1,2026-05-01 18:16:00,2026-05-01 19:02:00,24.55,7.86,completed
SE-0001775,ST-025,2,2026-05-09 19:35:00,2026-05-09 20:39:00,21.01,6.72,completed
SE-0009647,ST-022,1,2026-06-17 20:20:00,2026-06-17 20:53:00,21.62,6.92,completed
SE-0010969,ST-017,1,2026-06-24 23:55:00,2026-06-25 01:19:00,46250,14.8,completed
SE-0008670,ST-037,4,2026-06-12 19:48:00,2026-06-12 20:05:00,7.25,2.32,completed
SE-0003696,ST-005,1,2026-05-19 09:04:00,2026-05-19 09:29:00,11.03,3.53,completed
SE-0009857,ST-022,2,2026-06-18 00:58:00,2026-06-18 01:29:00,3.68,1.18,completed
SE-0010032,ST-020,2,2026-06-19 06:31:00,2026-06-19 07:10:00,26.41,8.45,completed
SE-0004811,ST-023,1,2026-05-24 10:29:00,2026-05-24 11:05:00,8.72,2.79,faulted
SE-0003629,ST-034,2,2026-05-18 07:13:00,2026-05-18 07:31:00,11.67,3.73,completed
SE-0003732,ST-011,2,2026-05-19 03:51:00,2026-05-19 04:11:00,7.36,,completed
SE-0009734,ST-041,1,2026-06-17 12:32:00,2026-06-17 13:11:00,23.45,7.5,completed
SE-0009640,ST-017,2,2026-06-17 01:49:00,2026-06-17 02:24:00,11450,3.66,completed
SE-0010062,ST-025,2,2026-06-19 22:11:00,2026-06-19 22:50:00,30.43,9.74,completed
SE-0006708,ST-038,4,2026-06-02 19:20:00,2026-06-02 19:56:00,28.31,9.06,completed
SE-0010608,ST-024,2,2026-06-22 00:51:00,2026-06-22 01:53:00,25.69,8.22,completed
SE-0009781,ST-008,2,2026-06-18 05:00:00,2026-06-18 05:19:00,12.36,,completed
SE-0008061,ST-030,4,2026-06-09 23:26:00,2026-06-10 00:21:00,38.7,12.38,completed
SE-0002794,ST-022,6,2026-05-14 11:39:00,2026-05-14 12:33:00,36.4,11.65,completed
SE-0009236,ST-017,1,2026-06-15 08:31:00,2026-06-15 09:28:00,15590,4.99,completed
SE-0011042,ST-034,3,2026-06-24 08:19:00,2026-06-24 08:27:00,4.23,1.35,completed
SE-0003866,ST-001,4,2026-05-20 01:58:00,2026-05-20 03:04:00,33.71,10.79,completed
SE-0008772,ST-010,2,2026-06-13 20:49:00,2026-06-13 21:42:00,6.91,2.21,completed
SE-0011575,ST-016,2,2026-06-27 00:27:00,2026-06-27 01:02:00,18.08,5.79,completed
SE-0000782,ST-028,2,2026-05-04 20:38:00,2026-05-04 22:02:00,36.66,11.73,completed
SE-0008864,ST-027,4,2026-06-13 10:55:00,2026-06-13 11:31:00,24.49,7.84,completed
SE-0000551,ST-033,2,2026-05-03 16:17:00,2026-05-03 17:29:00,41.27,13.21,completed
SE-0010199,ST-022,2,2026-06-20 15:38:00,2026-06-20 16:11:00,13.95,4.46,completed
SE-0004427,ST-033,1,2026-05-22 09:53:00,2026-05-22 10:56:00,36.94,,completed
SE-0003261,ST-034,4,2026-05-16 11:21:00,2026-05-16 12:07:00,32.82,,completed
SE-0012036,ST-034,1,2026-06-29 09:42:00,2026-06-29 10:49:00,29.47,9.43,completed
SE-0005226,ST-029,3,2026-05-26 22:11:00,2026-05-26 22:30:00,14.05,,completed
SE-0004344,ST-015,1,2026-05-22 09:40:00,2026-05-22 10:56:00,40.33,12.91,completed
SE-0009492,ST-027,3,2026-06-16 19:07:00,2026-06-16 19:49:00,23.84,7.63,completed
SE-0002239,ST-035,2,2026-05-11 19:13:00,2026-05-11 19:19:00,5.21,1.67,completed
SE-0009204,ST-014,4,2026-06-15 20:10:00,2026-06-15 20:38:00,9.99,3.2,completed
SE-0000709,ST-017,2,2026-05-04 10:18:00,2026-05-04 10:51:00,17230,5.51,completed
SE-0009765,ST-006,6,2026-06-18 09:18:00,2026-06-18 09:47:00,24.03,7.69,completed
SE-0008029,ST-020,2,2026-06-09 21:34:00,2026-06-09 22:22:00,29.86,9.56,completed
SE-0009499,ST-029,4,2026-06-16 07:27:00,2026-06-16 08:03:00,21.27,6.81,completed
SE-0000334,ST-029,1,2026-05-02 03:06:00,2026-05-02 03:46:00,23.49,7.52,completed
SE-0002872,ST-041,5,2026-05-14 08:40:00,2026-05-14 09:10:00,13.3,4.26,completed
SE-0005600,ST-015,2,2026-05-28 07:06:00,2026-05-28 08:19:00,34.53,11.05,completed
SE-0009391,ST-008,2,2026-06-16 02:48:00,2026-06-16 02:58:00,3.56,1.14,completed
SE-0008913,ST-042,6,2026-06-13 16:25:00,2026-06-13 17:43:00,43.53,13.93,completed
SE-0004680,ST-041,3,2026-05-23 00:27:00,2026-05-23 01:20:00,38.35,12.27,completed
SE-0008177,ST-015,2,2026-06-10 19:20:00,2026-06-10 19:48:00,11.84,3.79,completed
SE-0005988,ST-010,1,2026-05-30 15:30:00,2026-05-30 15:36:00,3.51,1.12,completed
SE-0000477,ST-016,2,2026-05-03 08:41:00,2026-05-03 09:34:00,33.28,10.65,completed
SE-0011914,ST-010,1,2026-06-29 20:35:00,2026-06-29 21:24:00,38.37,,completed
SE-0000941,ST-020,1,2026-05-05 23:53:00,2026-05-06 00:10:00,5.56,1.78,completed
SE-0004246,ST-039,2,2026-05-21 02:14:00,2026-05-21 03:23:00,39.55,,completed
SE-0004100,ST-005,1,2026-05-21 15:58:00,2026-05-21 16:41:00,17.61,5.64,completed
SE-0001853,ST-004,2,2026-05-10 09:09:00,2026-05-10 09:48:00,13.88,4.44,completed
SE-0005705,ST-039,4,2026-05-28 15:09:00,2026-05-28 15:52:00,20.69,6.62,completed
SE-0007148,ST-005,1,2026-06-05 07:02:00,2026-06-05 08:02:00,60.43,19.34,completed
SE-0003588,ST-023,1,2026-05-18 08:16:00,2026-05-18 08:48:00,20.81,6.66,completed
SE-0009691,ST-029,1,2026-06-17 22:20:00,2026-06-17 23:21:00,36.22,11.59,completed
SE-0001167,ST-023,1,2026-05-06 10:14:00,2026-05-06 11:11:00,39.54,12.65,completed
SE-0008949,ST-005,2,2026-06-14 03:17:00,2026-06-14 04:31:00,52.12,16.68,completed
SE-0002303,ST-006,5,2026-05-12 20:34:00,2026-05-12 20:58:00,2.55,0.82,completed
SE-0011312,ST-006,2,2026-06-26 16:08:00,2026-06-26 17:21:00,38.59,12.35,completed
SE-0011337,ST-012,1,2026-06-26 18:47:00,2026-06-26 19:37:00,27.44,8.78,completed
SE-0001284,ST-009,1,2026-05-07 14:26:00,2026-05-07 15:35:00,30.81,9.86,completed
SE-0007162,ST-008,2,2026-06-05 21:12:00,2026-06-05 22:06:00,27.88,8.92,completed
SE-0007866,ST-023,2,2026-06-08 23:09:00,2026-06-09 00:07:00,34.01,10.88,completed
SE-0007447,ST-025,2,2026-06-06 07:40:00,2026-06-06 07:46:00,2.21,0.71,completed
SE-0000479,ST-016,1,2026-05-03 23:31:00,2026-05-04 00:48:00,62.13,19.88,completed
SE-0003179,ST-017,2,2026-05-16 01:03:00,2026-05-16 01:48:00,26150,8.37,completed
SE-0002574,ST-022,5,2026-05-13 10:37:00,2026-05-13 11:28:00,28.71,9.19,completed
SE-0001820,ST-038,1,2026-05-09 02:45:00,2026-05-09 03:30:00,17.61,,completed
SE-0006561,ST-006,1,2026-06-02 12:12:00,2026-06-02 12:58:00,24.8,7.94,completed
SE-0005220,ST-025,2,2026-05-26 07:23:00,2026-05-26 07:51:00,13.1,4.19,completed
SE-0003119,ST-006,4,2026-05-16 20:38:00,2026-05-16 21:44:00,64.02,20.49,completed
SE-0000295,ST-022,3,2026-05-02 19:13:00,2026-05-02 19:43:00,21.79,6.97,completed
SE-0008554,ST-009,1,2026-06-12 07:45:00,2026-06-12 08:39:00,23.36,7.48,completed
SE-0004524,ST-009,1,2026-05-23 02:51:00,2026-05-23 03:37:00,29.82,9.54,completed
SE-0008862,ST-025,1,2026-06-13 07:43:00,2026-06-13 08:50:00,50.98,16.31,completed
SE-0008739,ST-006,5,2026-06-13 02:47:00,2026-06-13 03:44:00,32.17,10.29,completed
SE-0008818,ST-017,1,2026-06-13 20:27:00,2026-06-13 21:00:00,13300,4.26,completed
SE-0008581,ST-015,2,2026-06-12 20:02:00,2026-06-12 20:40:00,14.01,4.48,completed
SE-0001101,ST-014,1,2026-05-06 02:07:00,2026-05-06 02:47:00,14.49,,completed
SE-0006159,ST-003,2,2026-05-31 11:57:00,2026-05-31 13:23:00,20.41,6.53,completed
SE-0011828,ST-033,1,2026-06-28 14:31:00,2026-06-28 15:11:00,30.99,9.92,completed
SE-0011581,ST-017,1,2026-06-27 21:06:00,2026-06-27 21:25:00,12630,4.04,completed
SE-0003087,ST-003,1,2026-05-16 09:59:00,2026-05-16 10:44:00,22.39,7.16,completed
SE-0003880,ST-002,2,2026-05-20 14:03:00,2026-05-20 14:20:00,8.61,2.76,completed
SE-0000750,ST-023,2,2026-05-04 00:44:00,2026-05-04 00:53:00,4.46,1.43,completed
SE-0000202,ST-002,2,2026-05-02 18:56:00,2026-05-02 20:01:00,39.96,12.79,completed
SE-0004354,ST-017,1,2026-05-22 00:05:00,2026-05-22 01:30:00,39690,12.7,completed
SE-0001343,ST-018,1,2026-05-07 10:10:00,2026-05-07 10:26:00,8.95,2.86,completed
SE-0003155,ST-014,5,2026-05-16 04:27:00,2026-05-16 05:15:00,39.49,12.64,completed
SE-0004327,ST-014,5,2026-05-22 12:08:00,2026-05-22 12:56:00,12.83,4.11,completed
SE-0005689,ST-033,2,2026-05-28 12:02:00,2026-05-28 12:42:00,26.36,8.44,completed
SE-0000584,ST-001,2,2026-05-04 17:14:00,2026-05-04 18:16:00,20.91,6.69,completed
SE-0009324,ST-041,3,2026-06-15 12:22:00,2026-06-15 13:02:00,27.53,8.81,completed
SE-0009468,ST-022,6,2026-06-16 01:50:00,2026-06-16 02:23:00,10.23,3.27,completed
SE-0000754,ST-023,1,2026-05-04 06:25:00,2026-05-04 06:55:00,24.95,7.98,completed
SE-0006337,ST-001,3,2026-06-01 01:52:00,2026-06-01 03:07:00,52.09,16.67,completed
SE-0003738,ST-014,2,2026-05-19 11:12:00,2026-05-19 11:32:00,14.45,4.62,completed
SE-0009300,ST-034,2,2026-06-15 09:43:00,2026-06-15 10:35:00,29.21,9.35,completed
SE-0009449,ST-017,1,2026-06-16 02:26:00,2026-06-16 03:08:00,25950,8.3,completed
SE-0009171,ST-006,5,2026-06-15 09:02:00,2026-06-15 09:49:00,33.46,10.71,completed
SE-0009861,ST-023,1,2026-06-18 23:14:00,2026-06-19 00:11:00,46.19,14.78,completed
SE-0007714,ST-041,5,2026-06-07 04:30:00,2026-06-07 04:43:00,5.71,1.83,completed
SE-0000962,ST-025,2,2026-05-05 18:01:00,2026-05-05 19:00:00,46.2,14.78,completed
SE-0007341,ST-005,1,2026-06-06 10:22:00,2026-06-06 10:48:00,14.22,,completed
SE-0005145,ST-013,1,2026-05-26 12:03:00,2026-05-26 12:53:00,20.43,6.54,completed
SE-0008823,ST-018,4,2026-06-13 15:57:00,2026-06-13 16:39:00,25.76,8.24,completed
SE-0000601,ST-003,1,2026-05-04 11:37:00,2026-05-04 12:09:00,11.85,3.79,completed
SE-0008293,ST-001,3,2026-06-11 05:57:00,2026-06-11 06:52:00,34.32,10.98,completed
SE-0010599,ST-023,1,2026-06-22 15:35:00,2026-06-22 16:33:00,33.12,10.6,completed
SE-0004329,ST-014,1,2026-05-22 19:28:00,2026-05-22 20:12:00,17.21,5.51,completed
SE-0005467,ST-033,2,2026-05-27 23:46:00,2026-05-27 23:52:00,2.68,0.86,completed
SE-0002876,ST-041,6,2026-05-14 05:18:00,2026-05-14 06:06:00,22.95,7.34,completed
SE-0005239,ST-033,1,2026-05-26 15:56:00,2026-05-26 16:25:00,15.29,4.89,completed
SE-0005765,ST-005,1,2026-05-29 07:24:00,2026-05-29 08:00:00,20.99,6.72,completed
SE-0001139,ST-017,1,2026-05-06 14:06:00,2026-05-06 14:56:00,36340,11.63,completed
SE-0003047,ST-038,3,2026-05-15 19:15:00,2026-05-15 19:46:00,15.27,4.89,completed
SE-0002645,ST-036,1,2026-05-13 18:55:00,2026-05-13 19:54:00,38.62,12.36,completed
SE-0003912,ST-008,2,2026-05-20 19:09:00,2026-05-20 19:31:00,3.71,1.19,completed
SE-0000275,ST-016,2,2026-05-02 01:18:00,2026-05-02 01:47:00,18.37,5.88,completed
SE-0002232,ST-033,1,2026-05-11 18:59:00,2026-05-11 20:18:00,43.48,13.91,completed
SE-0011902,ST-007,4,2026-06-29 21:31:00,2026-06-29 22:20:00,33.84,10.83,completed
SE-0001664,ST-005,1,2026-05-09 01:21:00,2026-05-09 01:46:00,8.57,2.74,completed
SE-0007258,ST-025,1,2026-06-05 15:37:00,2026-06-05 16:45:00,27.37,8.76,completed
SE-0002720,ST-006,2,2026-05-14 17:18:00,2026-05-14 17:50:00,16.58,5.31,completed
SE-0005837,ST-017,1,2026-05-29 12:37:00,2026-05-29 13:50:00,31380,10.04,completed
SE-0008975,ST-010,1,2026-06-14 08:53:00,2026-06-14 09:49:00,39.24,12.56,completed
SE-0005880,ST-029,4,2026-05-29 15:17:00,2026-05-29 15:57:00,28.32,9.06,completed
SE-0004866,ST-034,3,2026-05-24 09:03:00,2026-05-24 09:47:00,22.23,7.11,completed
SE-0004966,ST-015,1,2026-05-25 15:01:00,2026-05-25 15:25:00,17.44,5.58,completed
SE-0010753,ST-015,2,2026-06-23 22:47:00,2026-06-23 23:14:00,20.37,6.52,completed
SE-0010693,ST-003,2,2026-06-23 23:37:00,2026-06-24 00:10:00,14.25,4.56,completed
SE-0008021,ST-017,1,2026-06-09 21:25:00,2026-06-09 22:15:00,35460,11.35,completed
SE-0010840,ST-033,1,2026-06-23 14:50:00,2026-06-23 15:12:00,8.41,2.69,completed
SE-0007083,ST-033,2,2026-06-04 15:27:00,2026-06-04 16:08:00,16.44,5.26,completed
SE-0003055,ST-041,1,2026-05-15 19:13:00,2026-05-15 20:08:00,23.36,7.48,completed
SE-0011132,ST-010,1,2026-06-25 21:45:00,2026-06-25 22:41:00,34.69,,completed
SE-0003315,ST-003,1,2026-05-17 18:24:00,2026-05-17 19:30:00,28.96,9.27,completed
SE-0000823,ST-040,1,2026-05-04 16:21:00,2026-05-04 17:11:00,9.67,3.09,completed
SE-0001312,ST-015,1,2026-05-07 18:38:00,2026-05-07 18:47:00,5.08,1.63,completed
SE-0009424,ST-014,6,2026-06-16 02:59:00,2026-06-16 03:48:00,25.1,8.03,completed
SE-0001722,ST-016,1,2026-05-09 09:02:00,2026-05-09 09:08:00,2.98,0.95,completed
SE-0005903,ST-034,4,2026-05-29 05:33:00,2026-05-29 05:56:00,11.84,3.79,completed
SE-0011258,ST-041,2,2026-06-25 20:47:00,2026-06-25 21:27:00,19.84,6.35,completed
SE-0007276,ST-029,2,2026-06-05 07:56:00,2026-06-05 08:34:00,27.44,8.78,completed
SE-0008232,ST-023,1,2026-06-10 05:16:00,2026-06-10 06:10:00,36.47,11.67,completed
SE-0002395,ST-025,2,2026-05-12 05:50:00,2026-05-12 06:45:00,15.85,5.07,completed
SE-0011863,ST-001,3,2026-06-29 00:04:00,2026-06-29 00:26:00,8.76,2.8,completed
SE-0007133,ST-003,2,2026-06-05 23:41:00,2026-06-06 00:36:00,42.8,,completed
SE-0003675,ST-003,1,2026-05-19 15:44:00,2026-05-19 16:36:00,20.4,6.53,completed
SE-0011103,ST-003,2,2026-06-25 11:34:00,2026-06-25 12:51:00,29.88,9.56,completed
SE-0007713,ST-041,1,2026-06-07 19:51:00,2026-06-07 20:31:00,23.67,7.57,completed
SE-0002228,ST-033,1,2026-05-11 10:23:00,2026-05-11 10:48:00,12.09,3.87,completed
SE-0008865,ST-028,1,2026-06-13 05:04:00,2026-06-13 05:38:00,22.52,7.21,completed
SE-0010038,ST-022,1,2026-06-19 19:46:00,2026-06-19 20:20:00,24.33,7.79,completed
SE-0009798,ST-012,2,2026-06-18 13:44:00,2026-06-18 14:27:00,35.75,11.44,completed
SE-0007758,ST-006,4,2026-06-08 16:51:00,2026-06-08 17:48:00,29.78,9.53,completed
SE-0012023,ST-032,4,2026-06-29 18:29:00,2026-06-29 19:21:00,21.1,6.75,completed
SE-0010594,ST-023,1,2026-06-22 21:10:00,2026-06-22 22:03:00,24.0,7.68,completed
SE-0001244,ST-001,2,2026-05-07 00:42:00,2026-05-07 01:09:00,19.27,6.17,completed
SE-0002118,ST-008,1,2026-05-11 10:11:00,2026-05-11 10:27:00,13.99,4.48,completed
SE-0008963,ST-008,1,2026-06-14 14:59:00,2026-06-14 16:05:00,32.02,10.25,completed
SE-0007586,ST-013,1,2026-06-07 05:27:00,2026-06-07 06:19:00,14.7,4.7,completed
SE-0011807,ST-025,2,2026-06-28 04:09:00,2026-06-28 04:50:00,13.71,4.39,completed
SE-0004930,ST-006,6,2026-05-25 21:37:00,2026-05-25 22:04:00,20.59,6.59,completed
SE-0005489,ST-039,4,2026-05-27 02:34:00,2026-05-27 03:07:00,9.99,3.2,completed
SE-0000727,ST-021,6,2026-05-04 14:29:00,2026-05-04 15:27:00,25.7,8.22,completed
SE-0000984,ST-030,4,2026-05-05 16:42:00,2026-05-05 17:21:00,32.55,10.42,completed
SE-0008404,ST-021,5,2026-06-11 14:28:00,2026-06-11 14:59:00,9.86,3.16,completed
SE-0002347,ST-014,5,2026-05-12 06:16:00,2026-05-12 07:16:00,46.95,15.02,completed
SE-0003009,ST-028,2,2026-05-15 22:17:00,2026-05-15 22:54:00,19.37,6.2,completed
SE-0006628,ST-017,1,2026-06-02 01:02:00,2026-06-02 01:42:00,26600,8.51,completed
SE-0009562,ST-003,2,2026-06-17 11:30:00,2026-06-17 11:37:00,5.13,1.64,completed
SE-0011904,ST-008,2,2026-06-29 16:46:00,2026-06-29 17:14:00,22.69,7.26,completed
SE-0001460,ST-001,2,2026-05-08 23:47:00,2026-05-09 00:32:00,32.06,10.26,completed
SE-0007035,ST-019,2,2026-06-04 01:23:00,2026-06-04 01:36:00,7.07,2.26,completed
SE-0008458,ST-032,3,2026-06-11 14:30:00,2026-06-11 14:36:00,2.17,0.69,completed
SE-0001491,ST-006,5,2026-05-08 13:47:00,2026-05-08 14:24:00,19.41,,completed
SE-0003073,ST-001,3,2026-05-16 16:06:00,2026-05-16 17:08:00,35.69,11.42,completed
SE-0005048,ST-034,1,2026-05-25 23:07:00,2026-05-25 23:39:00,20.28,6.49,completed
SE-0002198,ST-025,2,2026-05-11 03:53:00,2026-05-11 04:56:00,27.54,8.81,completed
SE-0001533,ST-014,6,2026-05-08 06:38:00,2026-05-08 06:56:00,9.95,,completed
SE-0000497,ST-021,1,2026-05-03 09:27:00,2026-05-03 10:23:00,19.54,6.25,completed
SE-0002284,ST-004,3,2026-05-12 13:21:00,2026-05-12 13:40:00,9.67,3.09,completed
SE-0006474,ST-023,1,2026-06-01 16:58:00,2026-06-01 17:55:00,29.87,9.56,completed
SE-0007216,ST-017,1,2026-06-05 19:32:00,2026-06-05 20:27:00,34700,11.1,completed
SE-0001042,ST-002,2,2026-05-06 00:22:00,2026-05-06 01:03:00,23.09,7.39,completed
SE-0004788,ST-020,2,2026-05-24 17:37:00,2026-05-24 18:39:00,37.01,11.84,completed
SE-0011597,ST-023,2,2026-06-27 23:07:00,2026-06-27 23:37:00,11.13,3.56,completed
SE-0010781,ST-022,3,2026-06-23 21:35:00,2026-06-23 21:54:00,10.46,3.35,completed
SE-0007197,ST-014,3,2026-06-05 11:35:00,2026-06-05 12:49:00,35.22,11.27,completed
SE-0007245,ST-023,2,2026-06-05 03:31:00,2026-06-05 04:34:00,42.56,,completed
SE-0004257,ST-001,2,2026-05-22 18:46:00,2026-05-22 19:30:00,14.99,4.8,completed
SE-0010784,ST-022,2,2026-06-23 22:36:00,2026-06-23 23:00:00,14.77,4.73,completed
SE-0009544,ST-001,1,2026-06-17 09:26:00,2026-06-17 10:10:00,19.12,6.12,completed
SE-0002771,ST-016,1,2026-05-14 00:50:00,2026-05-14 01:47:00,47.99,15.36,completed
SE-0005215,ST-025,2,2026-05-26 23:41:00,2026-05-27 00:15:00,23.53,7.53,completed
SE-0000923,ST-017,1,2026-05-05 19:18:00,2026-05-05 20:09:00,34670,11.09,completed
SE-0002761,ST-015,1,2026-05-14 15:13:00,2026-05-14 15:40:00,12.97,4.15,completed
SE-0011848,ST-039,4,2026-06-28 19:05:00,2026-06-28 19:18:00,10.86,3.48,completed
SE-0008003,ST-015,2,2026-06-09 09:04:00,2026-06-09 09:44:00,17.73,5.67,completed
SE-0004141,ST-012,1,2026-05-21 03:58:00,2026-05-21 04:37:00,19.46,6.23,completed
SE-0001012,ST-037,3,2026-05-05 13:15:00,2026-05-05 13:42:00,14.37,4.6,aborted
SE-0001499,ST-008,1,2026-05-08 14:47:00,2026-05-08 15:27:00,21.43,6.86,completed
SE-0001818,ST-037,4,2026-05-09 10:14:00,2026-05-09 10:31:00,3.16,,completed
SE-0000634,ST-005,2,2026-05-04 16:41:00,2026-05-04 17:59:00,52.48,16.79,completed
SE-0002951,ST-014,3,2026-05-15 13:29:00,2026-05-15 14:21:00,45.42,14.53,completed
SE-0005723,ST-041,3,2026-05-28 23:42:00,2026-05-29 00:40:00,31.93,10.22,completed
SE-0009487,ST-025,1,2026-06-16 00:27:00,2026-06-16 01:13:00,3.77,1.21,aborted
SE-0012006,ST-025,2,2026-06-29 14:53:00,2026-06-29 15:13:00,8.87,2.84,completed
SE-0002183,ST-023,1,2026-05-11 18:48:00,2026-05-11 19:12:00,15.37,4.92,completed
SE-0011811,ST-025,1,2026-06-28 08:36:00,2026-06-28 09:16:00,19.11,6.12,completed
SE-0004568,ST-015,1,2026-05-23 19:17:00,2026-05-23 20:11:00,34.29,10.97,completed
SE-0004682,ST-041,4,2026-05-23 09:45:00,2026-05-23 09:51:00,4.56,1.46,completed
SE-0002120,ST-010,2,2026-05-11 03:25:00,2026-05-11 04:03:00,29.95,,completed
SE-0001201,ST-032,1,2026-05-06 12:57:00,2026-05-06 13:21:00,17.11,5.48,completed
SE-0003085,ST-003,2,2026-05-16 23:58:00,2026-05-17 00:38:00,23.94,7.66,completed
SE-0008008,ST-015,1,2026-06-09 11:45:00,2026-06-09 12:06:00,12.89,4.12,completed
SE-0005777,ST-008,2,2026-05-29 04:33:00,2026-05-29 05:45:00,35.85,11.47,completed
SE-0003391,ST-020,1,2026-05-17 14:51:00,2026-05-17 15:24:00,13.87,4.44,completed
SE-0009312,ST-039,2,2026-06-15 18:21:00,2026-06-15 18:44:00,16.33,5.23,completed
SE-0011976,ST-021,2,2026-06-29 00:41:00,2026-06-29 01:50:00,18.96,6.07,completed
SE-0009053,ST-023,2,2026-06-14 05:52:00,2026-06-14 06:41:00,9.76,3.12,completed
SE-0002731,ST-009,1,2026-05-14 04:36:00,2026-05-14 05:31:00,34.5,11.04,completed
SE-0005628,ST-022,3,2026-05-28 08:24:00,2026-05-28 08:49:00,20.96,6.71,completed
SE-0010418,ST-023,2,2026-06-21 00:31:00,2026-06-21 00:41:00,5.09,1.63,completed
SE-0002176,ST-022,5,2026-05-11 22:49:00,2026-05-11 23:51:00,39.79,12.73,completed
SE-0006804,ST-014,1,2026-06-03 20:43:00,2026-06-03 21:55:00,60.77,19.45,completed
SE-0003595,ST-025,1,2026-05-18 05:43:00,2026-05-18 06:54:00,41.28,13.21,completed
SE-0000020,ST-005,1,2026-05-01 00:08:00,2026-05-01 00:33:00,11.11,3.56,completed
SE-0008926,ST-003,2,2026-06-14 04:38:00,2026-06-14 05:45:00,46.01,14.72,completed
SE-0004313,ST-009,2,2026-05-22 05:26:00,2026-05-22 06:50:00,72.05,23.06,completed
SE-0000207,ST-003,1,2026-05-02 21:20:00,2026-05-02 22:17:00,42.41,13.57,completed
SE-0010931,ST-012,1,2026-06-24 10:06:00,2026-06-24 10:59:00,28.45,9.1,completed
SE-0005722,ST-041,6,2026-05-28 11:38:00,2026-05-28 11:58:00,21.95,7.02,completed
SE-0002205,ST-025,2,2026-05-11 13:44:00,2026-05-11 14:22:00,28.11,9.0,completed
SE-0011168,ST-016,2,2026-06-25 23:29:00,2026-06-26 00:43:00,47.92,15.33,completed
SE-0006233,ST-015,1,2026-05-31 03:26:00,2026-05-31 04:02:00,19.08,6.11,completed
SE-0001020,ST-041,6,2026-05-05 12:04:00,2026-05-05 12:48:00,19.2,6.14,completed
SE-0004839,ST-027,1,2026-05-24 22:25:00,2026-05-24 23:04:00,22.9,7.33,completed
SE-0009660,ST-023,1,2026-06-17 07:32:00,2026-06-17 07:56:00,8.71,2.79,completed
SE-0001294,ST-010,1,2026-05-07 14:04:00,2026-05-07 15:22:00,32.12,10.28,completed
SE-0003148,ST-013,1,2026-05-16 09:28:00,2026-05-16 10:04:00,21.84,6.99,completed
SE-0005090,ST-001,2,2026-05-26 07:51:00,2026-05-26 08:37:00,10.9,3.49,completed
SE-0005256,ST-036,4,2026-05-26 03:18:00,2026-05-26 04:12:00,16.05,5.14,completed
SE-0007722,ST-042,6,2026-06-07 16:12:00,2026-06-07 16:38:00,12.8,4.1,completed
SE-0010290,ST-001,3,2026-06-21 14:56:00,2026-06-21 15:45:00,1.5,0.48,completed
SE-0004760,ST-015,1,2026-05-24 14:30:00,2026-05-24 15:33:00,22.47,7.19,completed
SE-0006725,ST-042,4,2026-06-02 22:49:00,2026-06-02 23:20:00,15.08,4.83,completed
SE-0002608,ST-028,2,2026-05-13 02:44:00,2026-05-13 03:08:00,14.8,4.74,completed
SE-0005795,ST-013,2,2026-05-29 07:43:00,2026-05-29 08:16:00,21.27,6.81,completed
SE-0005149,ST-014,2,2026-05-26 05:20:00,2026-05-26 06:06:00,8.48,2.71,completed
SE-0010077,ST-031,2,2026-06-19 21:17:00,2026-06-19 21:43:00,14.29,,completed
SE-0011257,ST-041,1,2026-06-25 23:45:00,2026-06-26 00:30:00,36.57,11.7,completed
SE-0011379,ST-022,2,2026-06-26 18:45:00,2026-06-26 19:15:00,13.14,4.2,completed
SE-0010400,ST-022,4,2026-06-21 08:17:00,2026-06-21 08:47:00,24.17,7.73,completed
SE-0000070,ST-015,1,2026-05-01 21:42:00,2026-05-01 22:26:00,29.44,9.42,completed
SE-0006740,ST-003,2,2026-06-03 07:51:00,2026-06-03 08:00:00,5.63,1.8,completed
SE-0006536,ST-001,3,2026-06-02 01:10:00,2026-06-02 01:50:00,36.51,11.68,completed
SE-0006214,ST-014,6,2026-05-31 17:06:00,2026-05-31 17:31:00,10.12,3.24,completed
SE-0001166,ST-023,2,2026-05-06 11:52:00,2026-05-06 12:41:00,28.5,9.12,completed
SE-0003421,ST-028,2,2026-05-17 08:41:00,2026-05-17 09:41:00,40.66,13.01,completed
SE-0012046,ST-038,3,2026-06-29 14:47:00,2026-06-29 15:23:00,24.27,7.77,completed
SE-0009532,ST-041,3,2026-06-16 20:56:00,2026-06-16 21:42:00,37.25,11.92,completed
SE-0001740,ST-021,4,2026-05-09 16:05:00,2026-05-09 16:49:00,11.4,3.65,completed
SE-0008746,ST-006,3,2026-06-13 04:51:00,2026-06-13 05:12:00,15.8,5.06,completed
SE-0000576,ST-041,1,2026-05-03 00:10:00,2026-05-03 00:51:00,25.99,8.32,completed
SE-0005339,ST-010,2,2026-05-27 01:15:00,2026-05-27 01:21:00,2.29,0.73,completed
SE-0004886,ST-001,2,2026-05-25 17:12:00,2026-05-25 18:04:00,32.16,10.29,completed
SE-0005907,ST-036,3,2026-05-29 17:03:00,2026-05-29 17:43:00,21.75,6.96,completed
SE-0005845,ST-020,1,2026-05-29 00:07:00,2026-05-29 00:42:00,22.56,7.22,completed
SE-0009327,ST-042,3,2026-06-15 18:33:00,2026-06-15 19:18:00,24.07,7.7,completed
SE-0007263,ST-025,1,2026-06-05 04:47:00,2026-06-05 04:58:00,4.44,1.42,completed
SE-0005724,ST-001,4,2026-05-29 20:44:00,2026-05-29 21:07:00,10.41,3.33,completed
SE-0007566,ST-006,6,2026-06-07 11:48:00,2026-06-07 12:19:00,18.81,6.02,completed
SE-0003547,ST-014,2,2026-05-18 06:54:00,2026-05-18 07:54:00,27.23,,completed
SE-0012032,ST-034,1,2026-06-29 06:11:00,2026-06-29 06:53:00,15.02,4.81,completed
SE-0005046,ST-033,1,2026-05-25 06:00:00,2026-05-25 06:17:00,10.37,,completed
SE-0002458,ST-001,1,2026-05-13 21:17:00,2026-05-13 21:44:00,3.52,1.13,completed
SE-0000272,ST-015,2,2026-05-02 23:15:00,2026-05-02 23:31:00,11.87,,completed
SE-0000356,ST-033,2,2026-05-02 17:19:00,2026-05-02 17:55:00,10.04,3.21,completed
SE-0007297,ST-036,3,2026-06-05 14:33:00,2026-06-05 15:16:00,34.32,10.98,completed
SE-0005734,ST-003,2,2026-05-29 01:06:00,2026-05-29 02:04:00,22.14,7.08,completed
SE-0006466,ST-023,2,2026-06-01 18:28:00,2026-06-01 19:27:00,21.69,,completed
SE-0007936,ST-001,2,2026-06-09 20:36:00,2026-06-09 21:19:00,13.37,4.28,completed
SE-0002492,ST-006,1,2026-05-13 01:00:00,2026-05-13 02:01:00,18.43,5.9,completed
SE-0007711,ST-041,1,2026-06-07 15:28:00,2026-06-07 16:48:00,40.71,13.03,completed
SE-0004463,ST-041,6,2026-05-22 21:57:00,2026-05-22 22:26:00,18.33,5.87,completed
SE-0001833,ST-001,2,2026-05-10 06:59:00,2026-05-10 07:47:00,25.62,,completed
SE-0007289,ST-033,2,2026-06-05 18:47:00,2026-06-05 19:15:00,12.13,3.88,completed
SE-0009011,ST-016,2,2026-06-14 02:55:00,2026-06-14 04:14:00,43.82,,completed
SE-0011123,ST-006,6,2026-06-25 03:17:00,2026-06-25 04:05:00,25.73,8.23,completed
SE-0010380,ST-016,1,2026-06-21 09:38:00,2026-06-21 10:32:00,24.93,7.98,completed
SE-0003348,ST-010,1,2026-05-17 09:25:00,2026-05-17 10:18:00,28.39,9.08,completed
SE-0001483,ST-005,2,2026-05-08 01:35:00,2026-05-08 02:13:00,24.12,7.72,completed
SE-0007448,ST-025,2,2026-06-06 21:35:00,2026-06-06 22:30:00,40.86,13.08,completed
SE-0000191,ST-001,2,2026-05-02 16:48:00,2026-05-02 17:48:00,35.8,11.46,completed
SE-0005290,ST-001,1,2026-05-27 03:02:00,2026-05-27 04:06:00,25.3,8.1,completed
SE-0000619,ST-004,4,2026-05-04 20:03:00,2026-05-04 20:09:00,4.68,1.5,completed
SE-0004804,ST-022,2,2026-05-24 09:55:00,2026-05-24 10:09:00,6.9,2.21,completed
SE-0007968,ST-008,1,2026-06-09 21:19:00,2026-06-09 21:25:00,2.69,0.86,completed
SE-0000798,ST-033,2,2026-05-04 07:55:00,2026-05-04 08:54:00,52.64,16.84,completed
SE-0007009,ST-015,1,2026-06-04 12:43:00,2026-06-04 13:21:00,19.45,6.22,completed
SE-0004723,ST-005,1,2026-05-24 11:35:00,2026-05-24 12:30:00,25.78,8.25,completed
SE-0008025,ST-017,2,2026-06-09 00:49:00,2026-06-09 01:39:00,33260,10.64,completed
SE-0007859,ST-023,1,2026-06-08 07:50:00,2026-06-08 08:42:00,33.46,10.71,completed
SE-0011600,ST-023,1,2026-06-27 00:09:00,2026-06-27 01:19:00,29.26,9.36,faulted
SE-0004919,ST-005,2,2026-05-25 22:17:00,2026-05-25 22:59:00,13.61,4.36,completed
SE-0007029,ST-017,2,2026-06-04 20:26:00,2026-06-04 20:53:00,20850,6.67,completed
SE-0008004,ST-015,1,2026-06-09 22:31:00,2026-06-09 23:08:00,24.0,7.68,completed
SE-0003665,ST-001,3,2026-05-19 14:10:00,2026-05-19 15:13:00,28.57,9.14,completed
SE-0002137,ST-014,5,2026-05-11 11:04:00,2026-05-11 11:52:00,14.04,4.49,completed
SE-0002406,ST-028,1,2026-05-12 16:32:00,2026-05-12 17:07:00,15.28,4.89,completed
SE-0005162,ST-015,2,2026-05-26 08:46:00,2026-05-26 09:37:00,32.09,10.27,completed
SE-0000806,ST-033,2,2026-05-04 07:58:00,2026-05-04 08:49:00,29.77,9.53,completed
SE-0011073,ST-041,3,2026-06-24 04:03:00,2026-06-24 05:22:00,49.22,15.75,completed
SE-0006242,ST-017,2,2026-05-31 15:13:00,2026-05-31 16:21:00,73100,23.39,completed
SE-0006488,ST-028,1,2026-06-01 13:53:00,2026-06-01 14:50:00,49.24,15.76,completed
SE-0010298,ST-003,1,2026-06-21 07:45:00,2026-06-21 08:47:00,32.04,10.25,completed
SE-0002165,ST-017,1,2026-05-11 04:50:00,2026-05-11 05:30:00,19390,6.2,completed
SE-0002089,ST-005,2,2026-05-11 12:51:00,2026-05-11 13:07:00,14.51,4.64,completed
SE-0010389,ST-017,1,2026-06-21 03:16:00,2026-06-21 04:14:00,45530,14.57,completed
SE-0003001,ST-024,2,2026-05-15 02:04:00,2026-05-15 02:13:00,5.94,1.9,completed
SE-0002826,ST-026,2,2026-05-14 12:42:00,2026-05-14 13:38:00,31.25,10.0,completed
SE-0000916,ST-015,2,2026-05-05 06:22:00,2026-05-05 06:46:00,10.04,3.21,completed
SE-0006339,ST-001,2,2026-06-01 22:21:00,2026-06-01 23:05:00,12.49,4.0,completed
SE-0002774,ST-017,2,2026-05-14 08:44:00,2026-05-14 09:07:00,11800,3.78,completed
SE-0000447,ST-010,2,2026-05-03 13:53:00,2026-05-03 14:32:00,25.81,8.26,completed
SE-0000296,ST-022,5,2026-05-02 10:43:00,2026-05-02 11:26:00,27.18,8.7,completed
SE-0008134,ST-006,3,2026-06-10 12:19:00,2026-06-10 12:30:00,7.53,2.41,completed
SE-0009399,ST-009,1,2026-06-16 04:36:00,2026-06-16 05:40:00,5.14,1.64,completed
SE-0007729,ST-001,4,2026-06-08 15:26:00,2026-06-08 16:22:00,29.26,9.36,completed
SE-0006476,ST-024,2,2026-06-01 01:14:00,2026-06-01 01:26:00,6.42,2.05,completed
SE-0009135,ST-041,4,2026-06-14 21:43:00,2026-06-14 22:48:00,41.95,13.42,completed
SE-0003747,ST-015,1,2026-05-19 05:15:00,2026-05-19 06:06:00,43.69,13.98,completed
SE-0001348,ST-021,3,2026-05-07 21:31:00,2026-05-07 22:15:00,27.94,8.94,completed
SE-0009437,ST-016,1,2026-06-16 04:19:00,2026-06-16 05:14:00,29.7,9.5,completed
SE-0006261,ST-023,1,2026-05-31 08:24:00,2026-05-31 08:59:00,18.25,5.84,completed
SE-0002244,ST-037,4,2026-05-11 16:24:00,2026-05-11 17:23:00,43.27,,completed
SE-0007310,ST-041,4,2026-06-05 17:44:00,2026-06-05 18:22:00,7.15,2.29,completed
SE-0003617,ST-029,3,2026-05-18 13:43:00,2026-05-18 14:09:00,18.59,5.95,completed
SE-0011225,ST-029,2,2026-06-25 03:10:00,2026-06-25 03:58:00,24.13,7.72,completed
SE-0002474,ST-003,1,2026-05-13 00:00:00,2026-05-13 00:58:00,52.45,16.78,completed
SE-0004654,ST-033,2,2026-05-23 00:09:00,2026-05-23 00:37:00,13.06,4.18,completed
SE-0003056,ST-041,2,2026-05-15 18:02:00,2026-05-15 18:28:00,12.68,,completed
SE-0011539,ST-012,1,2026-06-27 00:42:00,2026-06-27 01:06:00,12.66,4.05,completed
SE-0005833,ST-017,2,2026-05-29 02:43:00,2026-05-29 03:14:00,16680,5.34,completed
SE-0011301,ST-005,2,2026-06-26 15:30:00,2026-06-26 16:09:00,15.69,5.02,completed
SE-0003651,ST-041,6,2026-05-18 13:13:00,2026-05-18 13:32:00,13.18,4.22,completed
SE-0001599,ST-025,2,2026-05-08 05:37:00,2026-05-08 06:29:00,26.34,8.43,completed
SE-0000053,ST-014,4,2026-05-01 21:06:00,2026-05-01 21:35:00,13.8,4.42,completed
SE-0003399,ST-022,4,2026-05-17 14:04:00,2026-05-17 14:10:00,3.28,1.05,completed
SE-0002736,ST-010,1,2026-05-14 07:04:00,2026-05-14 07:22:00,13.9,4.45,completed
SE-0009287,ST-032,4,2026-06-15 08:43:00,2026-06-15 09:55:00,14.5,4.64,completed
SE-0005062,ST-041,6,2026-05-25 06:20:00,2026-05-25 07:12:00,29.89,9.56,completed
SE-0006845,ST-019,6,2026-06-03 12:14:00,2026-06-03 13:12:00,19.75,6.32,completed
SE-0009926,ST-040,1,2026-06-18 06:09:00,2026-06-18 06:44:00,16.44,5.26,completed
SE-0001022,ST-041,5,2026-05-05 16:15:00,2026-05-05 16:33:00,9.53,3.05,completed
SE-0011952,ST-015,2,2026-06-29 15:18:00,2026-06-29 15:42:00,13.02,4.17,completed
SE-0008127,ST-005,2,2026-06-10 09:35:00,2026-06-10 10:32:00,41.59,13.31,completed
SE-0007983,ST-011,2,2026-06-09 20:43:00,2026-06-09 21:31:00,20.47,6.55,completed
SE-0003864,ST-042,1,2026-05-19 00:18:00,2026-05-19 01:32:00,38.36,12.28,completed
SE-0005222,ST-026,6,2026-05-26 09:10:00,2026-05-26 09:33:00,5.65,1.81,completed
SE-0011249,ST-035,1,2026-06-25 00:21:00,2026-06-25 01:11:00,25.96,8.31,completed
SE-0004108,ST-006,1,2026-05-21 12:37:00,2026-05-21 13:15:00,12.97,4.15,completed
SE-0002034,ST-039,4,2026-05-10 01:44:00,2026-05-10 02:34:00,27.61,8.84,completed
SE-0004335,ST-014,6,2026-05-22 03:18:00,2026-05-22 03:24:00,3.62,1.16,completed
SE-0002643,ST-035,1,2026-05-13 14:18:00,2026-05-13 14:30:00,8.01,2.56,completed
SE-0005620,ST-018,6,2026-05-28 14:10:00,2026-05-28 15:09:00,38.7,12.38,completed
SE-0006719,ST-041,1,2026-06-02 22:48:00,2026-06-02 23:13:00,17.25,5.52,completed
SE-0001696,ST-013,1,2026-05-09 13:57:00,2026-05-09 14:51:00,22.28,,completed
SE-0011087,ST-003,2,2026-06-25 13:14:00,2026-06-25 13:38:00,14.18,4.54,completed
SE-0011730,ST-009,1,2026-06-28 20:08:00,2026-06-28 20:40:00,11.77,3.77,completed
SE-0000134,ST-028,2,2026-05-01 02:45:00,2026-05-01 03:35:00,35.91,11.49,completed
SE-0011862,ST-001,3,2026-06-29 15:38:00,2026-06-29 16:19:00,22.64,7.24,completed
SE-0005894,ST-033,1,2026-05-29 23:59:00,2026-05-30 00:05:00,2.66,0.85,completed
SE-0010180,ST-017,2,2026-06-20 10:55:00,2026-06-20 12:00:00,21820,6.98,completed
SE-0002898,ST-003,2,2026-05-15 11:45:00,2026-05-15 12:45:00,48.79,,completed
SE-0006496,ST-031,4,2026-06-01 14:25:00,2026-06-01 15:01:00,22.73,7.27,completed
SE-0001234,ST-042,5,2026-05-06 14:56:00,2026-05-06 15:13:00,8.6,2.75,completed
SE-0011120,ST-006,4,2026-06-25 06:26:00,2026-06-25 07:34:00,33.26,10.64,completed
SE-0006949,ST-005,2,2026-06-04 15:19:00,2026-06-04 16:35:00,37.87,12.12,aborted
SE-0004694,ST-001,2,2026-05-24 21:40:00,2026-05-24 22:36:00,37.34,11.95,completed
SE-0008303,ST-003,1,2026-06-11 20:09:00,2026-06-11 21:05:00,32.41,10.37,completed
SE-0009010,ST-016,2,2026-06-14 04:14:00,2026-06-14 05:05:00,21.52,6.89,completed
SE-0004201,ST-025,2,2026-05-21 11:50:00,2026-05-21 12:53:00,35.42,11.33,completed
SE-0000901,ST-014,6,2026-05-05 13:26:00,2026-05-05 14:00:00,18.66,5.97,completed
SE-0008968,ST-009,1,2026-06-14 08:55:00,2026-06-14 09:54:00,23.0,7.36,completed
SE-0009465,ST-022,2,2026-06-16 07:59:00,2026-06-16 08:38:00,24.41,,completed
SE-0002068,ST-001,1,2026-05-11 17:27:00,2026-05-11 17:44:00,13.02,4.17,completed
SE-0001635,ST-040,1,2026-05-08 19:38:00,2026-05-08 19:54:00,9.46,3.03,completed
SE-0001530,ST-014,6,2026-05-08 05:55:00,2026-05-08 06:55:00,32.89,10.52,completed
SE-0005398,ST-020,1,2026-05-27 20:15:00,2026-05-27 21:11:00,32.68,10.46,completed
SE-0005663,ST-026,6,2026-05-28 23:18:00,2026-05-29 00:03:00,15.07,4.82,completed
SE-0012054,ST-042,5,2026-06-29 04:09:00,2026-06-29 04:54:00,16.17,5.17,completed
SE-0000387,ST-001,1,2026-05-03 22:07:00,2026-05-03 22:41:00,25.85,8.27,completed
SE-0001193,ST-028,2,2026-05-06 16:31:00,2026-05-06 17:33:00,13.43,4.3,completed
SE-0005909,ST-037,4,2026-05-29 19:22:00,2026-05-29 20:08:00,15.78,5.05,completed
SE-0004238,ST-035,2,2026-05-21 10:31:00,2026-05-21 10:59:00,13.79,4.41,completed
SE-0005121,ST-005,1,2026-05-26 13:36:00,2026-05-26 14:27:00,28.32,9.06,completed
SE-0008848,ST-023,2,2026-06-13 04:58:00,2026-06-13 05:55:00,46.89,15.0,completed
SE-0008405,ST-022,4,2026-06-11 10:26:00,2026-06-11 11:39:00,38.97,12.47,completed
SE-0001052,ST-003,1,2026-05-06 21:48:00,2026-05-06 21:54:00,2.92,0.93,completed
SE-0011214,ST-026,5,2026-06-25 05:26:00,2026-06-25 06:04:00,23.85,7.63,completed
SE-0005301,ST-003,2,2026-05-27 11:43:00,2026-05-27 12:03:00,13.12,4.2,completed
SE-0000772,ST-025,1,2026-05-04 17:12:00,2026-05-04 17:52:00,24.04,7.69,completed
SE-0004166,ST-016,2,2026-05-21 07:41:00,2026-05-21 08:49:00,30.94,9.9,completed
SE-0007590,ST-014,2,2026-06-07 21:49:00,2026-06-07 21:55:00,4.56,1.46,completed
SE-0002004,ST-033,1,2026-05-10 21:59:00,2026-05-10 22:47:00,18.23,5.83,completed
SE-0004086,ST-003,2,2026-05-21 20:57:00,2026-05-21 21:23:00,8.83,2.83,completed
SE-0009606,ST-012,2,2026-06-17 17:15:00,2026-06-17 17:44:00,16.94,5.42,completed
SE-0004036,ST-034,4,2026-05-20 21:33:00,2026-05-20 22:03:00,10.12,3.24,completed
SE-0002915,ST-006,6,2026-05-15 04:08:00,2026-05-15 04:53:00,35.16,11.25,completed
SE-0007766,ST-006,4,2026-06-08 19:03:00,2026-06-08 19:44:00,22.61,7.24,completed
SE-0003435,ST-032,2,2026-05-17 04:41:00,2026-05-17 05:19:00,13.43,4.3,completed
SE-0001620,ST-033,1,2026-05-08 11:52:00,2026-05-08 12:43:00,33.55,10.74,completed
SE-0011986,ST-023,2,2026-06-29 21:27:00,2026-06-29 22:06:00,24.71,7.91,completed
SE-0011959,ST-016,1,2026-06-29 20:12:00,2026-06-29 21:18:00,51.7,16.54,completed
SE-0009333,ST-001,4,2026-06-16 05:08:00,2026-06-16 06:01:00,30.63,9.8,completed
SE-0011144,ST-014,4,2026-06-25 15:17:00,2026-06-25 15:50:00,23.04,7.37,completed
SE-0002791,ST-022,4,2026-05-14 08:07:00,2026-05-14 08:55:00,24.82,,completed
SE-0000541,ST-029,4,2026-05-03 12:42:00,2026-05-03 13:31:00,23.89,7.64,completed
SE-0005972,ST-007,6,2026-05-30 16:23:00,2026-05-30 17:02:00,24.85,7.95,completed
SE-0002052,ST-041,2,2026-05-10 18:20:00,2026-05-10 18:44:00,13.75,4.4,completed
SE-0005566,ST-009,2,2026-05-28 21:15:00,2026-05-28 21:36:00,15.65,5.01,completed
SE-0001666,ST-005,2,2026-05-09 11:29:00,2026-05-09 11:41:00,10.25,3.28,completed
SE-0008013,ST-016,1,2026-06-09 02:07:00,2026-06-09 02:29:00,9.67,3.09,completed
SE-0000895,ST-012,2,2026-05-05 05:33:00,2026-05-05 06:08:00,16.13,5.16,completed
SE-0002242,ST-036,1,2026-05-11 13:33:00,2026-05-11 13:49:00,4.22,,completed
SE-0003440,ST-034,4,2026-05-17 12:07:00,2026-05-17 13:17:00,57.14,18.28,completed
SE-0006040,ST-017,1,2026-05-30 06:11:00,2026-05-30 06:58:00,28180,9.02,completed
SE-0003099,ST-004,4,2026-05-16 05:00:00,2026-05-16 05:56:00,30.47,9.75,completed
SE-0007715,ST-041,4,2026-06-07 21:35:00,2026-06-07 22:02:00,3.11,1.0,completed
SE-0009265,ST-025,2,2026-06-15 07:26:00,2026-06-15 08:11:00,14.8,4.74,completed
SE-0003653,ST-041,1,2026-05-18 14:01:00,2026-05-18 14:46:00,26.7,8.54,completed
SE-0002154,ST-016,1,2026-05-11 20:09:00,2026-05-11 20:55:00,12.93,4.14,completed
SE-0009896,ST-029,2,2026-06-18 23:02:00,2026-06-18 23:31:00,18.1,5.79,completed
SE-0005967,ST-006,2,2026-05-30 01:57:00,2026-05-30 02:46:00,13.51,4.32,completed
SE-0002049,ST-041,4,2026-05-10 04:10:00,2026-05-10 04:49:00,17.25,5.52,completed
SE-0000194,ST-001,1,2026-05-02 07:37:00,2026-05-02 08:23:00,23.21,7.43,completed
SE-0008224,ST-023,1,2026-06-10 19:42:00,2026-06-10 20:08:00,20.76,6.64,completed
SE-0001734,ST-017,1,2026-05-09 14:45:00,2026-05-09 15:20:00,11740,3.76,completed
SE-0008720,ST-005,1,2026-06-13 19:04:00,2026-06-13 19:46:00,29.5,9.44,completed
SE-0009493,ST-028,1,2026-06-16 10:19:00,2026-06-16 11:25:00,42.7,13.66,completed
SE-0002223,ST-033,1,2026-05-11 19:22:00,2026-05-11 19:50:00,14.48,,completed
SE-0010440,ST-030,2,2026-06-21 14:11:00,2026-06-21 14:54:00,15.95,5.1,completed
SE-0006923,ST-041,1,2026-06-03 16:11:00,2026-06-03 16:33:00,9.96,,completed
SE-0000158,ST-033,2,2026-05-01 14:31:00,2026-05-01 14:49:00,8.07,2.58,completed
SE-0006873,ST-025,2,2026-06-03 06:09:00,2026-06-03 06:27:00,6.22,,aborted
SE-0004025,ST-033,1,2026-05-20 22:58:00,2026-05-21 00:07:00,43.68,13.98,completed
SE-0011387,ST-022,4,2026-06-26 06:28:00,2026-06-26 06:45:00,6.51,2.08,completed
SE-0011795,ST-023,1,2026-06-28 04:56:00,2026-06-28 05:44:00,33.25,10.64,completed
SE-0003152,ST-014,4,2026-05-16 03:34:00,2026-05-16 03:57:00,14.1,,completed
SE-0008789,ST-014,2,2026-06-13 15:35:00,2026-06-13 16:12:00,13.55,4.34,completed
SE-0010899,ST-005,2,2026-06-24 13:22:00,2026-06-24 14:08:00,22.91,7.33,completed
SE-0002896,ST-003,1,2026-05-15 17:30:00,2026-05-15 18:30:00,40.26,12.88,completed
SE-0000139,ST-030,1,2026-05-01 14:31:00,2026-05-01 14:52:00,6.07,1.94,completed
SE-0006939,ST-003,1,2026-06-04 22:00:00,2026-06-04 22:06:00,3.89,1.24,completed
SE-0004068,ST-001,4,2026-05-21 08:17:00,2026-05-21 08:49:00,23.91,7.65,completed
SE-0009339,ST-002,1,2026-06-16 07:12:00,2026-06-16 07:45:00,14.76,4.72,completed
SE-0005950,ST-005,2,2026-05-30 17:31:00,2026-05-30 17:58:00,20.66,6.61,aborted
SE-0004836,ST-025,2,2026-05-24 10:49:00,2026-05-24 11:43:00,36.84,11.79,completed
SE-0005363,ST-014,5,2026-05-27 19:06:00,2026-05-27 19:43:00,12.54,4.01,completed
SE-0004849,ST-030,4,2026-05-24 22:54:00,2026-05-24 23:56:00,30.47,9.75,completed
SE-0009812,ST-014,4,2026-06-18 21:59:00,2026-06-18 22:55:00,37.73,12.07,completed
SE-0006556,ST-006,4,2026-06-02 21:07:00,2026-06-02 21:51:00,17.22,5.51,completed
SE-0011559,ST-014,1,2026-06-27 21:09:00,2026-06-27 22:04:00,30.05,9.62,completed
SE-0005493,ST-041,1,2026-05-27 06:06:00,2026-05-27 06:53:00,31.32,10.02,completed
SE-0006680,ST-030,5,2026-06-02 05:24:00,2026-06-02 06:30:00,46.93,15.02,completed
SE-0005050,ST-034,4,2026-05-25 12:29:00,2026-05-25 13:07:00,24.67,7.89,completed
SE-0005758,ST-005,2,2026-05-29 09:01:00,2026-05-29 10:01:00,30.76,9.84,completed
SE-0000586,ST-001,4,2026-05-04 14:47:00,2026-05-04 15:30:00,27.21,8.71,completed
SE-0006686,ST-033,1,2026-06-02 14:41:00,2026-06-02 16:18:00,34.24,10.96,completed
SE-0011905,ST-008,2,2026-06-29 12:17:00,2026-06-29 13:32:00,50.06,16.02,completed
SE-0010361,ST-013,1,2026-06-21 09:48:00,2026-06-21 10:38:00,41.83,13.39,completed
SE-0005486,ST-037,1,2026-05-27 23:40:00,2026-05-28 00:37:00,40.76,13.04,completed
SE-0010577,ST-017,2,2026-06-22 22:37:00,2026-06-22 22:43:00,4670,1.49,completed
SE-0010543,ST-014,6,2026-06-22 15:55:00,2026-06-22 16:40:00,22.69,7.26,completed
SE-0001484,ST-005,2,2026-05-08 04:59:00,2026-05-08 05:22:00,13.87,4.44,aborted
SE-0008485,ST-038,3,2026-06-11 16:55:00,2026-06-11 17:49:00,10.58,3.39,completed
SE-0003064,ST-041,5,2026-05-15 07:36:00,2026-05-15 08:08:00,16.24,5.2,completed
SE-0001952,ST-022,5,2026-05-10 21:40:00,2026-05-10 22:23:00,27.4,8.77,completed
SE-0002952,ST-014,1,2026-05-15 22:15:00,2026-05-15 23:08:00,25.88,8.28,completed
SE-0007382,ST-014,2,2026-06-06 00:11:00,2026-06-06 01:01:00,32.6,,completed
SE-0002421,ST-033,1,2026-05-12 21:42:00,2026-05-12 22:50:00,45.1,14.43,completed
SE-0004967,ST-015,1,2026-05-25 06:07:00,2026-05-25 06:36:00,13.47,4.31,completed
SE-0011295,ST-004,2,2026-06-26 10:41:00,2026-06-26 11:38:00,20.29,6.49,completed
SE-0001089,ST-010,2,2026-05-06 00:41:00,2026-05-06 01:26:00,30.18,9.66,completed
SE-0003231,ST-025,1,2026-05-16 06:28:00,2026-05-16 07:11:00,30.61,9.8,completed
SE-0003241,ST-029,2,2026-05-16 20:19:00,2026-05-16 20:49:00,15.56,4.98,completed
SE-0010778,ST-021,4,2026-06-23 20:11:00,2026-06-23 20:50:00,26.37,8.44,completed
SE-0005124,ST-006,1,2026-05-26 23:35:00,2026-05-27 00:24:00,27.77,8.89,completed
SE-0008470,ST-033,1,2026-06-11 09:32:00,2026-06-11 10:18:00,34.27,10.97,completed
SE-0001646,ST-042,3,2026-05-08 10:38:00,2026-05-08 11:44:00,54.7,17.5,completed
SE-0003262,ST-034,4,2026-05-16 07:35:00,2026-05-16 07:58:00,8.3,2.66,completed
SE-0006890,ST-032,2,2026-06-03 02:11:00,2026-06-03 02:48:00,29.95,9.58,completed
SE-0011911,ST-010,1,2026-06-29 00:56:00,2026-06-29 01:41:00,26.07,8.34,completed
SE-0007905,ST-037,4,2026-06-08 11:21:00,2026-06-08 11:59:00,8.8,2.82,completed
SE-0011958,ST-016,2,2026-06-29 17:02:00,2026-06-29 17:37:00,18.85,6.03,completed
SE-0002130,ST-012,2,2026-05-11 22:22:00,2026-05-11 23:16:00,29.68,9.5,completed
SE-0007650,ST-023,1,2026-06-07 22:18:00,2026-06-07 22:46:00,14.55,4.66,completed
SE-0000977,ST-028,2,2026-05-05 07:07:00,2026-05-05 07:54:00,31.48,,completed
SE-0010940,ST-014,5,2026-06-24 03:55:00,2026-06-24 04:59:00,24.2,7.74,completed
SE-0001422,ST-035,2,2026-05-07 22:25:00,2026-05-07 22:40:00,7.91,,completed
SE-0002658,ST-041,6,2026-05-13 08:48:00,2026-05-13 09:21:00,22.23,7.11,completed
SE-0007433,ST-023,1,2026-06-06 10:30:00,2026-06-06 11:28:00,45.01,14.4,completed
SE-0008957,ST-006,3,2026-06-14 12:08:00,2026-06-14 13:36:00,50.55,16.18,completed
SE-0000381,ST-041,4,2026-05-02 06:25:00,2026-05-02 07:03:00,29.34,,completed
SE-0005042,ST-033,2,2026-05-25 06:10:00,2026-05-25 06:34:00,8.29,2.65,completed
SE-0005831,ST-017,1,2026-05-29 06:34:00,2026-05-29 07:40:00,32380,10.36,completed
SE-0001059,ST-005,1,2026-05-06 03:23:00,2026-05-06 04:15:00,43.6,13.95,aborted
SE-0009540,ST-001,2,2026-06-17 13:03:00,2026-06-17 13:23:00,6.95,2.22,completed
SE-0004583,ST-018,1,2026-05-23 18:28:00,2026-05-23 18:44:00,10.04,3.21,completed
SE-0010219,ST-025,2,2026-06-20 05:33:00,2026-06-20 06:09:00,23.57,7.54,completed
SE-0006402,ST-011,1,2026-06-01 02:17:00,2026-06-01 02:45:00,16.62,5.32,completed
SE-0008967,ST-009,2,2026-06-14 07:22:00,2026-06-14 07:52:00,16.06,5.14,aborted
SE-0009147,ST-003,1,2026-06-15 15:36:00,2026-06-15 16:23:00,21.31,6.82,completed
SE-0010739,ST-012,2,2026-06-23 19:56:00,2026-06-23 21:15:00,46.93,15.02,completed
SE-0001037,ST-001,1,2026-05-06 04:41:00,2026-05-06 05:15:00,19.77,6.33,completed
SE-0005077,ST-001,3,2026-05-26 08:49:00,2026-05-26 09:46:00,35.14,,completed
SE-0008164,ST-014,3,2026-06-10 20:03:00,2026-06-10 20:59:00,29.46,9.43,completed
SE-0004490,ST-004,3,2026-05-23 22:22:00,2026-05-23 23:23:00,31.19,9.98,completed
SE-0011702,ST-004,3,2026-06-28 14:36:00,2026-06-28 15:43:00,33.16,10.61,completed
SE-0011899,ST-006,5,2026-06-29 03:13:00,2026-06-29 03:47:00,19.97,6.39,completed
SE-0005671,ST-029,3,2026-05-28 15:00:00,2026-05-28 15:48:00,25.8,8.26,completed
SE-0002435,ST-037,2,2026-05-12 17:50:00,2026-05-12 18:29:00,30.61,9.8,completed
SE-0011481,ST-003,1,2026-06-27 17:19:00,2026-06-27 18:20:00,34.42,11.01,completed
SE-0004270,ST-003,1,2026-05-22 05:05:00,2026-05-22 05:30:00,11.07,3.54,completed
SE-0011755,ST-015,2,2026-06-28 07:58:00,2026-06-28 08:43:00,21.96,7.03,completed
SE-0007907,ST-037,3,2026-06-08 02:18:00,2026-06-08 03:09:00,28.67,9.17,completed
SE-0006373,ST-005,1,2026-06-01 11:41:00,2026-06-01 12:04:00,13.38,4.28,aborted
SE-0001055,ST-005,2,2026-05-06 12:57:00,2026-05-06 13:27:00,13.32,4.26,aborted
SE-0004690,ST-001,4,2026-05-24 05:09:00,2026-05-24 06:12:00,18.34,5.87,completed
SE-0007549,ST-005,2,2026-06-07 21:28:00,2026-06-07 21:38:00,5.6,1.79,completed
SE-0007501,ST-038,3,2026-06-06 20:02:00,2026-06-06 20:55:00,23.85,7.63,completed
SE-0010223,ST-026,2,2026-06-20 00:55:00,2026-06-20 01:42:00,28.28,,completed
SE-0010137,ST-006,3,2026-06-20 21:26:00,2026-06-20 22:30:00,36.31,11.62,completed
SE-0008203,ST-017,2,2026-06-10 22:19:00,2026-06-10 23:13:00,51930,16.62,completed
SE-0011778,ST-017,2,2026-06-28 22:57:00,2026-06-28 23:03:00,4510,1.44,completed
SE-0011675,ST-001,4,2026-06-28 04:06:00,2026-06-28 04:52:00,18.57,5.94,completed
SE-0005582,ST-014,3,2026-05-28 13:00:00,2026-05-28 14:06:00,40.23,12.87,completed
SE-0004321,ST-012,2,2026-05-22 09:42:00,2026-05-22 10:13:00,21.0,6.72,completed
SE-0002813,ST-023,2,2026-05-14 05:01:00,2026-05-14 06:00:00,27.58,8.83,completed
SE-0008787,ST-014,1,2026-06-13 09:19:00,2026-06-13 10:21:00,23.62,7.56,completed
SE-0005247,ST-033,2,2026-05-26 02:56:00,2026-05-26 03:50:00,27.9,8.93,completed
SE-0007218,ST-017,1,2026-06-05 04:48:00,2026-06-05 05:27:00,23550,7.54,completed
SE-0000124,ST-025,1,2026-05-01 10:57:00,2026-05-01 11:32:00,28.44,9.1,completed
SE-0006364,ST-004,2,2026-06-01 03:10:00,2026-06-01 03:53:00,15.85,5.07,completed
SE-0002410,ST-030,3,2026-05-12 03:43:00,2026-05-12 04:30:00,26.64,8.52,completed
SE-0001382,ST-025,2,2026-05-07 07:55:00,2026-05-07 09:00:00,30.33,9.71,completed
SE-0004622,ST-025,1,2026-05-23 11:16:00,2026-05-23 12:01:00,35.59,11.39,completed
SE-0009478,ST-025,2,2026-06-16 13:25:00,2026-06-16 14:17:00,49.12,15.72,completed
SE-0004921,ST-005,2,2026-05-25 13:57:00,2026-05-25 14:10:00,9.46,3.03,completed
SE-0007463,ST-028,2,2026-06-06 22:25:00,2026-06-06 23:10:00,29.58,9.47,completed
SE-0008727,ST-005,2,2026-06-13 20:00:00,2026-06-13 20:39:00,22.54,7.21,completed
SE-0005737,ST-003,1,2026-05-29 17:51:00,2026-05-29 18:41:00,35.38,11.32,completed
SE-0004480,ST-003,1,2026-05-23 07:03:00,2026-05-23 07:53:00,42.29,13.53,completed
SE-0002669,ST-001,1,2026-05-14 14:54:00,2026-05-14 15:51:00,34.5,11.04,completed
SE-0011601,ST-023,1,2026-06-27 01:51:00,2026-06-27 02:32:00,28.28,,completed
SE-0010476,ST-042,5,2026-06-21 10:49:00,2026-06-21 11:23:00,26.57,8.5,completed
SE-0005874,ST-026,4,2026-05-29 18:20:00,2026-05-29 18:57:00,19.69,6.3,completed
SE-0005393,ST-018,1,2026-05-27 22:56:00,2026-05-27 23:26:00,22.47,7.19,aborted
SE-0011304,ST-006,1,2026-06-26 04:28:00,2026-06-26 05:04:00,15.69,5.02,completed
SE-0010121,ST-001,2,2026-06-20 14:35:00,2026-06-20 14:46:00,5.04,1.61,completed
SE-0004673,ST-041,6,2026-05-23 13:08:00,2026-05-23 13:39:00,26.92,8.61,completed
SE-0008263,ST-034,2,2026-06-10 06:52:00,2026-06-10 07:30:00,15.65,5.01,completed
SE-0006264,ST-023,1,2026-05-31 16:29:00,2026-05-31 17:06:00,4.48,1.43,faulted
SE-0009938,ST-041,5,2026-06-18 14:22:00,2026-06-18 15:05:00,22.94,7.34,completed
SE-0000470,ST-015,2,2026-05-03 06:01:00,2026-05-03 06:16:00,7.25,2.32,completed
SE-0000518,ST-023,2,2026-05-03 01:16:00,2026-05-03 01:52:00,17.02,,completed
SE-0007081,ST-033,1,2026-06-04 07:12:00,2026-06-04 08:03:00,29.77,9.53,completed
SE-0011355,ST-016,1,2026-06-26 18:03:00,2026-06-26 18:35:00,16.55,5.3,completed
SE-0009706,ST-033,2,2026-06-17 04:16:00,2026-06-17 04:51:00,23.89,7.64,completed
SE-0006451,ST-020,2,2026-06-01 15:05:00,2026-06-01 15:49:00,31.46,10.07,completed
SE-0000847,ST-003,2,2026-05-05 11:11:00,2026-05-05 12:11:00,33.71,10.79,completed
SE-0000610,ST-003,1,2026-05-04 19:58:00,2026-05-04 20:42:00,10.81,3.46,completed
SE-0007005,ST-015,1,2026-06-04 10:03:00,2026-06-04 10:57:00,46.44,14.86,completed
SE-0009871,ST-023,1,2026-06-18 01:53:00,2026-06-18 02:11:00,11.4,3.65,completed
SE-0005291,ST-001,3,2026-05-27 01:46:00,2026-05-27 02:31:00,30.01,,completed
SE-0005432,ST-025,1,2026-05-27 12:50:00,2026-05-27 13:29:00,23.05,7.38,completed
SE-0005667,ST-027,1,2026-05-28 04:16:00,2026-05-28 04:55:00,21.92,7.01,completed
SE-0005657,ST-025,2,2026-05-28 22:54:00,2026-05-28 23:18:00,9.3,,completed
SE-0005245,ST-033,2,2026-05-26 09:14:00,2026-05-26 09:59:00,16.43,5.26,completed
SE-0002259,ST-001,2,2026-05-12 05:37:00,2026-05-12 06:41:00,26.57,,completed
SE-0004747,ST-013,2,2026-05-24 08:42:00,2026-05-24 09:15:00,17.39,,completed
SE-0004591,ST-022,4,2026-05-23 04:19:00,2026-05-23 04:25:00,6.7,2.14,completed
SE-0000528,ST-025,2,2026-05-03 14:14:00,2026-05-03 14:45:00,17.46,5.59,completed
SE-0009088,ST-027,1,2026-06-14 09:30:00,2026-06-14 10:19:00,25.91,8.29,completed
SE-0009610,ST-013,1,2026-06-17 18:13:00,2026-06-17 18:48:00,25.96,8.31,completed
SE-0002005,ST-033,1,2026-05-10 12:09:00,2026-05-10 12:57:00,19.27,6.17,completed
SE-0003287,ST-041,6,2026-05-16 11:19:00,2026-05-16 12:21:00,45.34,,completed
SE-0000035,ST-009,1,2026-05-01 08:12:00,2026-05-01 09:01:00,34.17,10.93,completed
SE-0009810,ST-014,5,2026-06-18 09:54:00,2026-06-18 10:34:00,18.97,6.07,completed
SE-0001961,ST-022,5,2026-05-10 14:35:00,2026-05-10 15:13:00,22.22,7.11,completed
SE-0004301,ST-006,6,2026-05-22 10:50:00,2026-05-22 12:10:00,55.52,,completed
SE-0003565,ST-017,1,2026-05-18 04:32:00,2026-05-18 05:02:00,19290,6.17,completed
SE-0012012,ST-027,1,2026-06-29 20:46:00,2026-06-29 21:51:00,29.83,,completed
SE-0011402,ST-025,1,2026-06-26 00:29:00,2026-06-26 01:13:00,20.11,6.44,completed
SE-0002269,ST-002,1,2026-05-12 05:55:00,2026-05-12 06:20:00,10.89,3.48,completed
SE-0008170,ST-014,6,2026-06-10 07:43:00,2026-06-10 08:21:00,26.24,8.4,completed
SE-0002042,ST-041,2,2026-05-10 08:12:00,2026-05-10 09:41:00,40.59,,completed
SE-0006599,ST-014,2,2026-06-02 00:51:00,2026-06-02 01:00:00,3.14,1.0,completed
SE-0005100,ST-003,1,2026-05-26 05:52:00,2026-05-26 06:37:00,21.47,6.87,completed
SE-0006247,ST-017,2,2026-05-31 01:18:00,2026-05-31 01:26:00,4150,1.33,completed
SE-0000498,ST-021,3,2026-05-03 23:29:00,2026-05-04 00:27:00,44.43,14.22,completed
SE-0002331,ST-010,2,2026-05-12 20:37:00,2026-05-12 20:48:00,5.11,1.64,completed
SE-0009259,ST-025,1,2026-06-15 07:18:00,2026-06-15 08:22:00,27.09,8.67,completed
SE-0007570,ST-008,2,2026-06-07 20:41:00,2026-06-07 21:13:00,12.44,3.98,completed
SE-0011296,ST-005,2,2026-06-26 18:12:00,2026-06-26 19:22:00,51.19,16.38,completed
SE-0002523,ST-012,1,2026-05-13 03:41:00,2026-05-13 04:00:00,5.97,1.91,completed
SE-0007268,ST-028,2,2026-06-05 19:51:00,2026-06-05 20:30:00,16.08,5.15,completed
SE-0000266,ST-015,1,2026-05-02 22:47:00,2026-05-02 23:42:00,30.13,9.64,completed
SE-0001001,ST-034,4,2026-05-05 15:59:00,2026-05-05 16:26:00,15.07,4.82,completed
SE-0010205,ST-023,2,2026-06-20 21:04:00,2026-06-20 22:09:00,6.49,2.08,faulted
SE-0011485,ST-004,1,2026-06-27 01:54:00,2026-06-27 02:34:00,22.56,7.22,completed
SE-0010339,ST-008,1,2026-06-21 15:51:00,2026-06-21 16:43:00,27.0,8.64,completed
SE-0003558,ST-016,2,2026-05-18 11:59:00,2026-05-18 12:20:00,20.96,6.71,completed
SE-0005546,ST-006,3,2026-05-28 05:12:00,2026-05-28 05:18:00,4.71,1.51,completed
SE-0006631,ST-019,5,2026-06-02 21:38:00,2026-06-02 22:09:00,15.02,,completed
SE-0009071,ST-025,1,2026-06-14 20:37:00,2026-06-14 21:28:00,23.84,7.63,completed
SE-0003774,ST-020,2,2026-05-19 14:54:00,2026-05-19 15:00:00,2.58,0.83,completed
SE-0006509,ST-035,1,2026-06-01 16:25:00,2026-06-01 17:15:00,3.57,1.14,completed
SE-0009030,ST-017,1,2026-06-14 21:45:00,2026-06-14 22:44:00,27170,8.69,completed
SE-0006771,ST-008,2,2026-06-03 14:56:00,2026-06-03 15:21:00,17.0,5.44,completed
SE-0000337,ST-029,1,2026-05-02 03:35:00,2026-05-02 04:32:00,23.73,,completed
SE-0010226,ST-029,3,2026-06-20 04:35:00,2026-06-20 05:04:00,14.26,4.56,completed
SE-0010465,ST-039,1,2026-06-21 16:22:00,2026-06-21 16:59:00,25.87,,completed
SE-0006995,ST-014,5,2026-06-04 14:37:00,2026-06-04 15:42:00,35.33,11.31,completed
SE-0008831,ST-021,5,2026-06-13 19:55:00,2026-06-13 20:57:00,17.52,5.61,completed
SE-0009320,ST-041,2,2026-06-15 03:33:00,2026-06-15 04:25:00,32.58,10.43,completed
SE-0002160,ST-017,1,2026-05-11 16:15:00,2026-05-11 16:58:00,20820,6.66,completed
SE-0001164,ST-023,1,2026-05-06 18:18:00,2026-05-06 19:02:00,23.07,7.38,completed
SE-0008374,ST-015,2,2026-06-11 01:03:00,2026-06-11 02:05:00,24.23,7.75,completed
SE-0005277,ST-041,6,2026-05-26 11:12:00,2026-05-26 11:42:00,15.13,4.84,completed
SE-0006678,ST-029,3,2026-06-02 04:46:00,2026-06-02 05:43:00,27.82,8.9,completed
SE-0006609,ST-015,1,2026-06-02 21:15:00,2026-06-02 22:18:00,30.16,9.65,completed
SE-0002615,ST-029,2,2026-05-13 05:59:00,2026-05-13 06:57:00,18.68,5.98,completed
SE-0003739,ST-014,1,2026-05-19 08:53:00,2026-05-19 09:23:00,14.83,4.75,completed
SE-0012000,ST-025,1,2026-06-29 23:29:00,2026-06-30 00:26:00,39.14,12.52,completed
SE-0010047,ST-023,1,2026-06-19 02:24:00,2026-06-19 03:12:00,11.81,3.78,faulted
SE-0007403,ST-017,1,2026-06-06 03:28:00,2026-06-06 04:35:00,41250,13.2,aborted
SE-0004851,ST-031,6,2026-05-24 02:35:00,2026-05-24 03:36:00,43.51,13.92,completed
SE-0001694,ST-011,2,2026-05-09 10:15:00,2026-05-09 10:53:00,20.57,6.58,completed
SE-0001543,ST-015,1,2026-05-08 05:36:00,2026-05-08 06:35:00,32.17,10.29,completed
SE-0001542,ST-015,2,2026-05-08 00:19:00,2026-05-08 01:27:00,61.41,19.65,completed
SE-0011022,ST-031,1,2026-06-24 01:31:00,2026-06-24 01:58:00,9.13,2.92,completed
SE-0011917,ST-011,1,2026-06-29 04:03:00,2026-06-29 04:51:00,36.42,11.65,completed
SE-0005262,ST-037,4,2026-05-26 06:25:00,2026-05-26 07:47:00,44.92,14.37,aborted
SE-0002505,ST-008,2,2026-05-13 14:37:00,2026-05-13 15:29:00,32.0,10.24,completed
SE-0003361,ST-013,1,2026-05-17 17:01:00,2026-05-17 17:57:00,25.45,8.14,completed
SE-0005579,ST-013,2,2026-05-28 18:34:00,2026-05-28 19:18:00,15.27,4.89,completed
SE-0011436,ST-035,2,2026-06-26 19:04:00,2026-06-26 19:39:00,21.99,7.04,completed
SE-0007751,ST-003,1,2026-06-08 12:35:00,2026-06-08 13:09:00,12.07,3.86,completed
SE-0010683,ST-003,1,2026-06-23 03:58:00,2026-06-23 04:24:00,17.54,5.61,completed
SE-0008580,ST-015,1,2026-06-12 23:32:00,2026-06-13 00:09:00,16.18,5.18,completed
SE-0010909,ST-006,2,2026-06-24 13:15:00,2026-06-24 13:39:00,9.28,2.97,completed
SE-0009869,ST-023,2,2026-06-18 00:29:00,2026-06-18 00:35:00,2.61,0.84,completed
SE-0008455,ST-031,5,2026-06-11 02:52:00,2026-06-11 03:52:00,20.18,6.46,completed
SE-0010001,ST-011,1,2026-06-19 01:52:00,2026-06-19 02:31:00,21.07,6.74,completed
SE-0009090,ST-028,2,2026-06-14 17:35:00,2026-06-14 18:24:00,29.55,9.46,completed
SE-0002287,ST-005,1,2026-05-12 05:24:00,2026-05-12 05:59:00,20.24,6.48,completed
SE-0000581,ST-041,4,2026-05-03 13:54:00,2026-05-03 14:20:00,10.77,3.45,completed
SE-0000391,ST-001,4,2026-05-03 22:46:00,2026-05-03 23:23:00,21.66,6.93,completed
SE-0007967,ST-006,5,2026-06-09 08:13:00,2026-06-09 08:33:00,6.65,2.13,completed
SE-0002776,ST-017,1,2026-05-14 21:09:00,2026-05-14 21:55:00,24840,7.95,completed
SE-0005424,ST-023,2,2026-05-27 10:00:00,2026-05-27 10:57:00,8.66,2.77,faulted
SE-0000006,ST-001,3,2026-05-01 22:46:00,2026-05-01 22:52:00,5.06,1.62,completed
SE-0008803,ST-015,2,2026-06-13 18:31:00,2026-06-13 19:26:00,44.29,14.17,completed
SE-0002179,ST-023,2,2026-05-11 21:41:00,2026-05-11 22:20:00,13.71,4.39,faulted
SE-0005556,ST-006,5,2026-05-28 00:51:00,2026-05-28 01:01:00,8.31,2.66,completed
SE-0005380,ST-016,1,2026-05-27 07:49:00,2026-05-27 08:26:00,32.65,10.45,completed
SE-0000902,ST-014,3,2026-05-05 02:51:00,2026-05-05 04:03:00,29.47,9.43,completed
SE-0011777,ST-017,2,2026-06-28 20:57:00,2026-06-28 21:42:00,24000,7.68,completed
SE-0005333,ST-008,1,2026-05-27 09:20:00,2026-05-27 09:26:00,3.43,1.1,completed
SE-0009720,ST-038,3,2026-06-17 00:06:00,2026-06-17 01:03:00,28.59,9.15,completed
SE-0010838,ST-033,1,2026-06-23 06:19:00,2026-06-23 06:49:00,11.47,3.67,aborted
SE-0008057,ST-026,6,2026-06-09 07:43:00,2026-06-09 08:41:00,45.79,14.65,completed
SE-0007824,ST-017,1,2026-06-08 01:29:00,2026-06-08 02:10:00,20710,6.63,completed
SE-0006330,ST-041,3,2026-05-31 18:38:00,2026-05-31 19:27:00,16.16,5.17,completed
SE-0003659,ST-041,1,2026-05-18 03:25:00,2026-05-18 03:48:00,10.85,3.47,completed
SE-0004507,ST-006,4,2026-05-23 04:09:00,2026-05-23 04:15:00,1.5,,completed
SE-0008346,ST-009,1,2026-06-11 14:41:00,2026-06-11 15:23:00,21.94,7.02,completed
SE-0008246,ST-030,2,2026-06-10 08:04:00,2026-06-10 08:50:00,18.65,,completed
SE-0003089,ST-003,2,2026-05-16 19:58:00,2026-05-16 20:50:00,30.03,9.61,completed
SE-0005446,ST-029,4,2026-05-27 18:53:00,2026-05-27 19:31:00,22.27,7.13,completed
SE-0011278,ST-003,1,2026-06-26 16:40:00,2026-06-26 17:30:00,32.54,10.41,completed
SE-0005006,ST-023,1,2026-05-25 13:03:00,2026-05-25 14:01:00,23.72,7.59,completed
SE-0009875,ST-025,2,2026-06-18 22:50:00,2026-06-18 23:09:00,14.37,4.6,completed
SE-0002178,ST-023,1,2026-05-11 16:45:00,2026-05-11 17:08:00,13.28,,completed
SE-0000596,ST-001,1,2026-05-04 12:41:00,2026-05-04 13:18:00,17.13,,completed
SE-0002478,ST-005,2,2026-05-13 01:35:00,2026-05-13 02:05:00,12.2,3.9,completed
SE-0010099,ST-041,5,2026-06-19 10:05:00,2026-06-19 10:56:00,25.0,8.0,completed
SE-0003839,ST-033,1,2026-05-19 07:33:00,2026-05-19 08:09:00,15.77,5.05,completed
SE-0005442,ST-026,5,2026-05-27 22:15:00,2026-05-27 22:52:00,24.03,7.69,completed
SE-0001866,ST-005,1,2026-05-10 16:04:00,2026-05-10 16:26:00,6.73,2.15,completed
SE-0001756,ST-023,1,2026-05-09 00:13:00,2026-05-09 01:28:00,46.23,,completed
SE-0000507,ST-022,1,2026-05-03 08:14:00,2026-05-03 09:07:00,28.27,9.05,completed
SE-0001951,ST-022,2,2026-05-10 00:11:00,2026-05-10 00:37:00,10.74,3.44,completed
SE-0005421,ST-023,1,2026-05-27 19:02:00,2026-05-27 19:16:00,8.34,2.67,completed
SE-0008456,ST-031,6,2026-06-11 07:17:00,2026-06-11 08:29:00,33.83,10.83,completed
SE-0006532,ST-001,2,2026-06-02 21:13:00,2026-06-02 22:07:00,40.64,13.0,completed
SE-0003160,ST-014,6,2026-05-16 02:17:00,2026-05-16 02:23:00,2.23,,completed
SE-0005104,ST-003,1,2026-05-26 08:01:00,2026-05-26 09:06:00,26.41,8.45,completed
SE-0005744,ST-003,2,2026-05-29 11:26:00,2026-05-29 11:47:00,6.84,2.19,completed
SE-0005676,ST-031,6,2026-05-28 14:01:00,2026-05-28 15:11:00,23.21,7.43,completed
SE-0011651,ST-036,2,2026-06-27 08:47:00,2026-06-27 09:01:00,5.96,1.91,completed
SE-0006169,ST-005,1,2026-05-31 12:44:00,2026-05-31 13:28:00,25.41,8.13,completed
SE-0004764,ST-015,2,2026-05-24 21:41:00,2026-05-24 22:06:00,20.85,6.67,completed
SE-0008016,ST-017,2,2026-06-09 05:54:00,2026-06-09 06:28:00,32140,10.28,completed
SE-0002502,ST-007,2,2026-05-13 02:23:00,2026-05-13 02:29:00,2.72,0.87,completed
SE-0010401,ST-022,1,2026-06-21 10:37:00,2026-06-21 11:34:00,37.82,,completed
SE-0003200,ST-023,2,2026-05-16 03:36:00,2026-05-16 04:25:00,27.88,,completed
SE-0004883,ST-042,4,2026-05-24 14:39:00,2026-05-24 15:25:00,26.97,8.63,completed
SE-0005337,ST-009,2,2026-05-27 04:21:00,2026-05-27 04:56:00,26.93,8.62,completed
SE-0007985,ST-012,1,2026-06-09 21:19:00,2026-06-09 22:33:00,48.27,15.45,completed
SE-0000089,ST-018,3,2026-05-01 17:52:00,2026-05-01 18:29:00,25.17,8.05,completed
SE-0004078,ST-003,1,2026-05-21 19:09:00,2026-05-21 19:47:00,9.83,,completed
SE-0008778,ST-011,1,2026-06-13 14:01:00,2026-06-13 14:43:00,18.22,5.83,completed
SE-0003554,ST-015,2,2026-05-18 09:24:00,2026-05-18 09:56:00,12.15,3.89,completed
SE-0011036,ST-033,1,2026-06-24 01:31:00,2026-06-24 01:48:00,10.57,3.38,completed
SE-0000593,ST-001,3,2026-05-04 16:55:00,2026-05-04 17:32:00,28.61,9.16,completed
SE-0005910,ST-037,3,2026-05-29 11:26:00,2026-05-29 12:01:00,18.5,5.92,completed
SE-0005674,ST-030,2,2026-05-28 04:27:00,2026-05-28 05:00:00,11.49,3.68,completed
SE-0000876,ST-007,1,2026-05-05 04:33:00,2026-05-05 05:00:00,11.73,3.75,completed
SE-0002452,ST-042,4,2026-05-12 00:52:00,2026-05-12 01:36:00,46.11,14.76,completed
SE-0005505,ST-001,3,2026-05-28 16:17:00,2026-05-28 17:13:00,40.47,12.95,completed
SE-0010493,ST-002,1,2026-06-22 04:46:00,2026-06-22 05:42:00,46.75,14.96,completed
SE-0010685,ST-003,2,2026-06-23 00:36:00,2026-06-23 01:15:00,26.05,8.34,completed
SE-0006491,ST-029,2,2026-06-01 08:21:00,2026-06-01 09:06:00,28.49,9.12,completed
SE-0010639,ST-034,1,2026-06-22 08:59:00,2026-06-22 09:39:00,10.99,3.52,completed
SE-0005095,ST-001,3,2026-05-26 12:09:00,2026-05-26 13:12:00,30.1,9.63,completed
SE-0000415,ST-005,1,2026-05-03 10:44:00,2026-05-03 11:23:00,22.91,,completed
SE-0004634,ST-026,1,2026-05-23 13:06:00,2026-05-23 13:52:00,25.2,8.06,completed
SE-0005952,ST-005,2,2026-05-30 03:12:00,2026-05-30 03:57:00,33.05,10.58,completed
SE-0003740,ST-014,6,2026-05-19 02:58:00,2026-05-19 03:42:00,20.61,,completed
SE-0002115,ST-008,1,2026-05-11 13:00:00,2026-05-11 13:29:00,22.34,7.15,completed
SE-0000657,ST-010,1,2026-05-04 21:20:00,2026-05-04 22:09:00,25.37,8.12,completed
SE-0010615,ST-028,1,2026-06-22 07:02:00,2026-06-22 07:55:00,31.81,10.18,completed
SE-0003174,ST-015,2,2026-05-16 17:04:00,2026-05-16 17:32:00,14.71,4.71,completed
SE-0003172,ST-015,1,2026-05-16 13:05:00,2026-05-16 13:47:00,23.56,7.54,completed
SE-0011641,ST-033,2,2026-06-27 16:02:00,2026-06-27 16:54:00,33.26,10.64,completed
SE-0002599,ST-025,2,2026-05-13 09:05:00,2026-05-13 09:43:00,24.12,7.72,completed
SE-0011779,ST-017,1,2026-06-28 16:04:00,2026-06-28 16:26:00,17840,5.71,completed
SE-0004914,ST-005,2,2026-05-25 18:12:00,2026-05-25 19:06:00,22.71,7.27,completed
SE-0000884,ST-009,2,2026-05-05 00:12:00,2026-05-05 00:44:00,25.52,8.17,completed
SE-0006528,ST-041,1,2026-06-01 13:37:00,2026-06-01 15:03:00,42.71,13.67,completed
SE-0006878,ST-027,3,2026-06-03 04:13:00,2026-06-03 04:48:00,11.35,3.63,completed
SE-0006050,ST-019,3,2026-05-30 03:25:00,2026-05-30 04:15:00,34.41,11.01,completed
SE-0002417,ST-033,2,2026-05-12 15:29:00,2026-05-12 15:52:00,4.74,1.52,completed
SE-0006953,ST-005,1,2026-06-04 23:24:00,2026-06-05 00:18:00,22.43,7.18,completed
SE-0004445,ST-035,1,2026-05-22 14:12:00,2026-05-22 14:29:00,10.13,3.24,completed
SE-0000129,ST-026,6,2026-05-01 21:49:00,2026-05-01 22:30:00,11.62,3.72,completed
SE-0001314,ST-015,1,2026-05-07 15:53:00,2026-05-07 16:50:00,13.16,4.21,completed
SE-0003848,ST-035,1,2026-05-19 10:28:00,2026-05-19 11:08:00,24.27,7.77,completed
SE-0005670,ST-029,4,2026-05-28 03:42:00,2026-05-28 03:57:00,5.22,1.67,completed
SE-0010905,ST-006,6,2026-06-24 21:19:00,2026-06-24 22:45:00,33.81,10.82,completed
SE-0001617,ST-033,2,2026-05-08 11:25:00,2026-05-08 12:42:00,51.22,16.39,completed
SE-0004953,ST-013,2,2026-05-25 10:04:00,2026-05-25 10:20:00,10.68,3.42,completed
SE-0007655,ST-025,1,2026-06-07 16:33:00,2026-06-07 17:20:00,29.52,9.45,completed
SE-0005552,ST-006,3,2026-05-28 20:29:00,2026-05-28 21:29:00,35.72,11.43,completed
SE-0002441,ST-041,6,2026-05-12 01:11:00,2026-05-12 01:51:00,14.56,4.66,completed
SE-0010735,ST-010,2,2026-06-23 01:20:00,2026-06-23 02:21:00,26.56,8.5,completed
SE-0002725,ST-008,1,2026-05-14 18:56:00,2026-05-14 19:36:00,25.54,8.17,completed
SE-0008304,ST-003,2,2026-06-11 07:29:00,2026-06-11 08:03:00,10.8,3.46,completed
SE-0009668,ST-025,1,2026-06-17 12:23:00,2026-06-17 13:11:00,36.89,11.8,completed
SE-0007272,ST-029,2,2026-06-05 21:32:00,2026-06-05 22:43:00,52.24,16.72,completed
SE-0009507,ST-033,2,2026-06-16 02:32:00,2026-06-16 02:51:00,11.45,3.66,completed
SE-0010142,ST-008,2,2026-06-20 06:10:00,2026-06-20 06:37:00,18.33,5.87,completed
SE-0007319,ST-042,5,2026-06-05 12:34:00,2026-06-05 13:11:00,17.72,5.67,completed
SE-0009016,ST-017,1,2026-06-14 03:50:00,2026-06-14 04:35:00,30950,9.9,aborted
SE-0001431,ST-038,3,2026-05-07 00:16:00,2026-05-07 00:56:00,15.26,4.88,completed
SE-0000537,ST-026,2,2026-05-03 07:07:00,2026-05-03 07:48:00,11.31,3.62,completed
SE-0000045,ST-012,2,2026-05-01 00:10:00,2026-05-01 01:35:00,23.65,7.57,completed
SE-0001669,ST-005,2,2026-05-09 10:33:00,2026-05-09 11:21:00,24.46,7.83,completed
SE-0007973,ST-009,2,2026-06-09 06:50:00,2026-06-09 07:35:00,26.12,8.36,completed
SE-0001330,ST-017,2,2026-05-07 03:29:00,2026-05-07 04:14:00,26330,8.43,completed
SE-0009914,ST-034,1,2026-06-18 07:50:00,2026-06-18 08:35:00,24.45,7.82,completed
SE-0011703,ST-005,1,2026-06-28 23:56:00,2026-06-29 00:53:00,32.0,,completed
SE-0000241,ST-009,2,2026-05-02 14:21:00,2026-05-02 14:49:00,21.02,6.73,completed
SE-0008851,ST-024,1,2026-06-13 18:18:00,2026-06-13 18:37:00,10.78,3.45,completed
SE-0004574,ST-016,1,2026-05-23 00:31:00,2026-05-23 01:15:00,28.5,9.12,aborted
SE-0007019,ST-017,2,2026-06-04 06:47:00,2026-06-04 07:49:00,19120,6.12,completed
SE-0010197,ST-022,5,2026-06-20 20:40:00,2026-06-20 21:25:00,30.28,9.69,completed
SE-0006618,ST-016,1,2026-06-02 15:21:00,2026-06-02 16:01:00,16.74,5.36,completed
SE-0006670,ST-025,1,2026-06-02 14:58:00,2026-06-02 15:44:00,33.1,10.59,completed
SE-0004454,ST-039,2,2026-05-22 01:38:00,2026-05-22 01:56:00,12.6,,completed
SE-0004539,ST-012,2,2026-05-23 20:56:00,2026-05-23 21:41:00,18.52,5.93,completed
SE-0002064,ST-001,3,2026-05-11 05:34:00,2026-05-11 05:59:00,9.22,2.95,completed
SE-0009774,ST-006,2,2026-06-18 19:17:00,2026-06-18 19:52:00,8.56,2.74,completed
SE-0004946,ST-009,2,2026-05-25 16:53:00,2026-05-25 17:53:00,29.07,9.3,completed
SE-0005925,ST-041,6,2026-05-29 21:39:00,2026-05-29 22:22:00,38.97,12.47,completed
SE-0003634,ST-036,2,2026-05-18 03:51:00,2026-05-18 04:43:00,33.25,,completed
SE-0002587,ST-023,2,2026-05-13 06:20:00,2026-05-13 07:08:00,10.88,3.48,completed
SE-0011057,ST-041,1,2026-06-24 01:23:00,2026-06-24 02:47:00,68.08,21.79,completed
SE-0000302,ST-022,4,2026-05-02 08:41:00,2026-05-02 09:24:00,36.55,11.7,completed
SE-0006293,ST-032,2,2026-05-31 15:34:00,2026-05-31 16:32:00,33.61,10.76,completed
SE-0009665,ST-023,2,2026-06-17 20:00:00,2026-06-17 20:26:00,12.94,4.14,completed
SE-0001495,ST-006,4,2026-05-08 15:32:00,2026-05-08 16:25:00,10.78,3.45,completed
SE-0002490,ST-005,2,2026-05-13 16:18:00,2026-05-13 16:56:00,11.37,,completed
SE-0000174,ST-038,2,2026-05-01 00:43:00,2026-05-01 00:49:00,4.69,1.5,completed
SE-0006025,ST-015,2,2026-05-30 14:18:00,2026-05-30 15:35:00,32.11,10.28,completed
SE-0007195,ST-014,2,2026-06-05 02:50:00,2026-06-05 03:44:00,26.45,8.46,completed
SE-0006399,ST-010,2,2026-06-01 23:31:00,2026-06-02 00:15:00,33.8,10.82,completed
SE-0005983,ST-010,1,2026-05-30 01:41:00,2026-05-30 02:41:00,43.66,13.97,completed
SE-0002102,ST-006,4,2026-05-11 11:16:00,2026-05-11 11:45:00,14.91,4.77,completed
SE-0000924,ST-017,1,2026-05-05 12:35:00,2026-05-05 13:22:00,39000,12.48,completed
SE-0007658,ST-025,2,2026-06-07 03:59:00,2026-06-07 04:21:00,18.14,5.8,completed
SE-0002327,ST-010,2,2026-05-12 16:04:00,2026-05-12 16:41:00,12.82,4.1,completed
SE-0010814,ST-028,2,2026-06-23 19:07:00,2026-06-23 19:36:00,18.53,,aborted
SE-0008391,ST-017,1,2026-06-11 16:01:00,2026-06-11 17:21:00,42190,13.5,completed
SE-0003625,ST-034,2,2026-05-18 20:00:00,2026-05-18 20:55:00,30.29,9.69,completed
SE-0000990,ST-032,2,2026-05-05 14:16:00,2026-05-05 14:37:00,12.62,4.04,completed
SE-0011750,ST-014,6,2026-06-28 10:33:00,2026-06-28 11:05:00,29.59,9.47,completed
SE-0004268,ST-002,1,2026-05-22 21:51:00,2026-05-22 22:50:00,34.58,11.07,completed
SE-0010041,ST-022,4,2026-06-19 02:29:00,2026-06-19 03:01:00,16.31,5.22,completed
SE-0005176,ST-017,1,2026-05-26 04:47:00,2026-05-26 05:36:00,20720,6.63,completed
SE-0007046,ST-024,1,2026-06-04 09:44:00,2026-06-04 10:44:00,53.87,17.24,completed
SE-0009918,ST-036,2,2026-06-18 17:01:00,2026-06-18 18:08:00,33.58,10.75,completed
SE-0011868,ST-001,2,2026-06-29 08:24:00,2026-06-29 09:21:00,34.54,11.05,completed
SE-0008669,ST-037,3,2026-06-12 02:30:00,2026-06-12 03:10:00,14.62,4.68,completed
SE-0002434,ST-036,3,2026-05-12 07:55:00,2026-05-12 08:30:00,10.72,3.43,completed
SE-0008342,ST-007,6,2026-06-11 09:04:00,2026-06-11 10:12:00,41.21,13.19,completed
SE-0000372,ST-040,2,2026-05-02 04:59:00,2026-05-02 05:40:00,20.2,6.46,completed
SE-0000466,ST-014,3,2026-05-03 00:52:00,2026-05-03 01:31:00,17.07,5.46,completed
SE-0011458,ST-042,3,2026-06-26 09:53:00,2026-06-26 10:32:00,13.83,4.43,completed
SE-0008483,ST-036,4,2026-06-11 09:08:00,2026-06-11 09:40:00,12.72,4.07,completed
SE-0001749,ST-022,6,2026-05-09 23:13:00,2026-05-09 23:52:00,14.25,4.56,completed
SE-0008090,ST-041,6,2026-06-09 14:26:00,2026-06-09 15:24:00,26.79,8.57,completed
SE-0008248,ST-031,3,2026-06-10 16:59:00,2026-06-10 17:39:00,24.43,7.82,completed
SE-0007550,ST-005,2,2026-06-07 04:37:00,2026-06-07 05:35:00,34.46,11.03,completed
SE-0001588,ST-023,2,2026-05-08 21:51:00,2026-05-08 22:59:00,31.78,10.17,completed
SE-0006702,ST-036,3,2026-06-02 19:22:00,2026-06-02 20:07:00,11.16,3.57,completed
SE-0000077,ST-017,2,2026-05-01 13:57:00,2026-05-01 14:52:00,32850,10.51,completed
SE-0010689,ST-003,2,2026-06-23 08:41:00,2026-06-23 09:15:00,20.13,6.44,completed
SE-0005922,ST-041,6,2026-05-29 15:12:00,2026-05-29 16:03:00,29.56,9.46,completed
SE-0009298,ST-034,2,2026-06-15 00:50:00,2026-06-15 01:25:00,15.45,4.94,completed
SE-0000913,ST-015,2,2026-05-05 13:03:00,2026-05-05 13:55:00,25.14,8.04,completed
SE-0010587,ST-022,2,2026-06-22 21:21:00,2026-06-22 22:13:00,29.04,9.29,completed
SE-0002465,ST-001,4,2026-05-13 03:39:00,2026-05-13 04:42:00,36.26,11.6,completed
SE-0007239,ST-022,1,2026-06-05 03:01:00,2026-06-05 03:57:00,30.12,9.64,completed
SE-0000028,ST-006,1,2026-05-01 05:50:00,2026-05-01 06:28:00,16.05,5.14,aborted
SE-0010359,ST-013,1,2026-06-21 14:59:00,2026-06-21 15:59:00,52.78,16.89,completed
SE-0002129,ST-012,1,2026-05-11 18:35:00,2026-05-11 19:04:00,18.67,5.97,completed
SE-0002796,ST-022,3,2026-05-14 20:56:00,2026-05-14 21:22:00,11.57,3.7,completed
SE-0002405,ST-027,2,2026-05-12 17:57:00,2026-05-12 18:57:00,37.28,11.93,completed
SE-0011520,ST-008,2,2026-06-27 10:04:00,2026-06-27 10:13:00,2.37,0.76,completed
SE-0000908,ST-014,5,2026-05-05 05:39:00,2026-05-05 06:32:00,13.93,4.46,completed
SE-0008724,ST-005,1,2026-06-13 15:05:00,2026-06-13 15:52:00,35.37,11.32,completed
SE-0003493,ST-003,2,2026-05-18 21:07:00,2026-05-18 21:13:00,2.24,0.72,completed
SE-0011329,ST-010,1,2026-06-26 05:36:00,2026-06-26 06:05:00,17.77,,completed
SE-0002035,ST-040,2,2026-05-10 10:36:00,2026-05-10 11:22:00,39.11,12.52,completed
SE-0006058,ST-022,3,2026-05-30 02:37:00,2026-05-30 03:16:00,8.53,2.73,completed
SE-0006254,ST-022,4,2026-05-31 00:48:00,2026-05-31 01:39:00,29.84,9.55,completed
SE-0002295,ST-005,1,2026-05-12 13:56:00,2026-05-12 15:04:00,30.2,9.66,completed
SE-0003616,ST-029,2,2026-05-18 07:35:00,2026-05-18 08:21:00,35.77,11.45,completed
SE-0007693,ST-033,1,2026-06-07 02:45:00,2026-06-07 03:38:00,24.18,7.74,completed
SE-0004374,ST-022,4,2026-05-22 00:49:00,2026-05-22 01:13:00,16.39,5.24,completed
SE-0003500,ST-005,1,2026-05-18 08:02:00,2026-05-18 08:43:00,19.61,6.28,completed
SE-0005767,ST-006,4,2026-05-29 12:51:00,2026-05-29 13:33:00,24.77,7.93,completed
SE-0004317,ST-011,2,2026-05-22 16:28:00,2026-05-22 16:45:00,6.75,,completed
SE-0006553,ST-005,2,2026-06-02 19:40:00,2026-06-02 20:02:00,9.9,3.17,completed
SE-0010943,ST-014,1,2026-06-24 05:29:00,2026-06-24 05:42:00,10.34,3.31,completed
SE-0009152,ST-003,2,2026-06-15 20:11:00,2026-06-15 21:29:00,36.89,11.8,completed
SE-0000172,ST-037,1,2026-05-01 10:36:00,2026-05-01 11:10:00,22.11,7.08,completed
SE-0002572,ST-020,1,2026-05-13 08:48:00,2026-05-13 09:45:00,40.65,13.01,completed
SE-0009935,ST-041,3,2026-06-18 00:22:00,2026-06-18 00:56:00,8.43,2.7,completed
SE-0003040,ST-034,2,2026-05-15 18:46:00,2026-05-15 18:52:00,3.13,1.0,completed
SE-0003849,ST-035,2,2026-05-19 22:33:00,2026-05-19 23:14:00,34.76,11.12,completed
SE-0010971,ST-017,1,2026-06-24 06:22:00,2026-06-24 07:23:00,32840,10.51,completed
SE-0009380,ST-006,2,2026-06-16 01:10:00,2026-06-16 01:41:00,17.94,5.74,completed
SE-0011117,ST-006,2,2026-06-25 22:15:00,2026-06-25 22:21:00,2.82,0.9,completed
SE-0005341,ST-011,1,2026-05-27 18:22:00,2026-05-27 19:10:00,27.73,8.87,completed
SE-0003871,ST-001,2,2026-05-20 10:18:00,2026-05-20 11:15:00,35.2,11.26,completed
SE-0004470,ST-001,3,2026-05-23 13:43:00,2026-05-23 14:39:00,34.11,10.92,completed
SE-0002752,ST-014,2,2026-05-14 10:39:00,2026-05-14 11:30:00,45.27,14.49,completed
SE-0000938,ST-019,5,2026-05-05 23:04:00,2026-05-05 23:33:00,11.39,3.64,completed
SE-0002749,ST-014,4,2026-05-14 13:12:00,2026-05-14 13:48:00,9.31,2.98,completed
SE-0010748,ST-014,4,2026-06-23 07:36:00,2026-06-23 08:27:00,9.6,3.07,completed
SE-0009182,ST-008,2,2026-06-15 23:23:00,2026-06-16 00:33:00,26.65,8.53,completed
SE-0005235,ST-033,2,2026-05-26 14:38:00,2026-05-26 15:11:00,17.66,5.65,completed
SE-0007252,ST-023,1,2026-06-05 16:29:00,2026-06-05 16:46:00,1.5,0.48,completed
SE-0007736,ST-001,2,2026-06-08 12:36:00,2026-06-08 13:31:00,33.36,10.68,completed
SE-0010521,ST-008,2,2026-06-22 20:57:00,2026-06-22 21:24:00,10.86,3.48,completed
SE-0010628,ST-033,1,2026-06-22 16:48:00,2026-06-22 17:39:00,24.4,7.81,completed
SE-0005059,ST-039,3,2026-05-25 01:01:00,2026-05-25 02:13:00,43.25,13.84,completed
SE-0001516,ST-012,2,2026-05-08 06:25:00,2026-05-08 06:46:00,13.2,4.22,completed
SE-0003215,ST-023,1,2026-05-16 22:23:00,2026-05-16 23:40:00,42.56,,completed
SE-0010417,ST-023,2,2026-06-21 16:40:00,2026-06-21 17:31:00,32.4,10.37,completed
SE-0004342,ST-015,1,2026-05-22 12:06:00,2026-05-22 12:40:00,13.68,4.38,completed
SE-0004774,ST-017,2,2026-05-24 11:21:00,2026-05-24 12:20:00,34720,11.11,completed
SE-0011985,ST-023,1,2026-06-29 22:02:00,2026-06-29 22:46:00,23.03,7.37,completed
SE-0001129,ST-016,2,2026-05-06 16:13:00,2026-05-06 16:57:00,24.91,7.97,completed
SE-0008869,ST-029,1,2026-06-13 05:10:00,2026-06-13 05:34:00,16.75,5.36,completed
SE-0011923,ST-014,5,2026-06-29 14:58:00,2026-06-29 15:37:00,3.9,1.25,completed
SE-0008665,ST-035,1,2026-06-12 09:21:00,2026-06-12 09:52:00,20.51,6.56,completed
SE-0001337,ST-017,1,2026-05-07 07:38:00,2026-05-07 08:33:00,34050,10.9,completed
SE-0000313,ST-024,1,2026-05-02 05:45:00,2026-05-02 06:56:00,48.36,15.48,completed
SE-0005867,ST-025,1,2026-05-29 05:48:00,2026-05-29 06:26:00,11.44,3.66,completed
SE-0010480,ST-001,4,2026-06-22 09:34:00,2026-06-22 09:42:00,3.05,,completed
SE-0005813,ST-015,1,2026-05-29 10:28:00,2026-05-29 11:51:00,59.08,18.91,completed
SE-0007312,ST-041,1,2026-06-05 14:12:00,2026-06-05 14:35:00,18.37,5.88,completed
SE-0011630,ST-033,2,2026-06-27 14:27:00,2026-06-27 15:07:00,21.41,6.85,completed
SE-0005314,ST-005,2,2026-05-27 16:39:00,2026-05-27 16:58:00,10.68,3.42,completed
SE-0010749,ST-014,5,2026-06-23 04:09:00,2026-06-23 04:52:00,20.63,6.6,completed
SE-0010195,ST-022,1,2026-06-20 13:48:00,2026-06-20 14:08:00,11.67,3.73,completed
SE-0005135,ST-010,1,2026-05-26 12:10:00,2026-05-26 12:58:00,34.18,,completed
SE-0009462,ST-022,4,2026-06-16 03:03:00,2026-06-16 03:39:00,18.62,5.96,completed
SE-0010285,ST-001,3,2026-06-21 05:06:00,2026-06-21 06:41:00,44.18,14.14,completed
SE-0005346,ST-012,2,2026-05-27 17:55:00,2026-05-27 18:24:00,9.74,3.12,completed
SE-0005447,ST-029,3,2026-05-27 18:58:00,2026-05-27 19:31:00,20.88,6.68,completed
SE-0008450,ST-029,3,2026-06-11 15:37:00,2026-06-11 16:06:00,16.68,5.34,completed
SE-0010944,ST-014,1,2026-06-24 19:24:00,2026-06-24 20:20:00,15.27,4.89,completed
SE-0002582,ST-022,6,2026-05-13 14:36:00,2026-05-13 15:31:00,19.32,6.18,completed
SE-0000698,ST-015,1,2026-05-04 11:53:00,2026-05-04 13:14:00,53.45,17.1,completed
SE-0011372,ST-019,5,2026-06-26 06:49:00,2026-06-26 07:29:00,34.15,10.93,completed
SE-0002355,ST-016,2,2026-05-12 19:10:00,2026-05-12 20:10:00,45.18,14.46,aborted
SE-0003052,ST-040,2,2026-05-15 05:27:00,2026-05-15 05:55:00,18.6,5.95,completed
SE-0003065,ST-041,6,2026-05-15 14:51:00,2026-05-15 15:47:00,22.0,7.04,completed
SE-0006314,ST-040,1,2026-05-31 05:56:00,2026-05-31 07:06:00,31.41,10.05,completed
SE-0003345,ST-008,1,2026-05-17 04:13:00,2026-05-17 05:02:00,28.75,9.2,aborted
SE-0001503,ST-009,1,2026-05-08 17:42:00,2026-05-08 18:16:00,18.03,5.77,completed
SE-0009712,ST-034,2,2026-06-17 17:22:00,2026-06-17 17:53:00,16.7,5.34,completed
SE-0002965,ST-015,2,2026-05-15 00:24:00,2026-05-15 00:59:00,18.61,5.96,completed
SE-0004360,ST-019,2,2026-05-22 22:10:00,2026-05-22 23:14:00,38.42,12.29,completed
SE-0010930,ST-012,1,2026-06-24 23:29:00,2026-06-25 00:01:00,18.25,5.84,completed
SE-0007084,ST-033,1,2026-06-04 15:46:00,2026-06-04 16:42:00,35.76,11.44,completed
SE-0005033,ST-031,6,2026-05-25 18:55:00,2026-05-25 19:46:00,30.53,9.77,completed
SE-0003575,ST-020,2,2026-05-18 12:56:00,2026-05-18 13:34:00,30.57,9.78,completed
SE-0006747,ST-005,1,2026-06-03 09:06:00,2026-06-03 09:49:00,29.73,9.51,completed
SE-0010310,ST-003,2,2026-06-21 13:52:00,2026-06-21 14:44:00,35.03,11.21,aborted
SE-0006480,ST-025,1,2026-06-01 13:12:00,2026-06-01 13:52:00,19.89,6.36,completed
SE-0009315,ST-041,4,2026-06-15 09:13:00,2026-06-15 09:59:00,24.3,7.78,completed
SE-0000376,ST-041,4,2026-05-02 19:55:00,2026-05-02 20:06:00,7.64,2.44,completed
SE-0006433,ST-016,2,2026-06-01 19:23:00,2026-06-01 19:44:00,14.62,4.68,completed
SE-0010328,ST-006,4,2026-06-21 02:25:00,2026-06-21 03:09:00,30.71,9.83,completed
SE-0008120,ST-005,2,2026-06-10 18:52:00,2026-06-10 19:49:00,38.78,12.41,completed
SE-0000425,ST-006,4,2026-05-03 07:53:00,2026-05-03 09:05:00,30.97,9.91,completed
SE-0003121,ST-007,5,2026-05-16 22:49:00,2026-05-16 23:16:00,6.78,2.17,completed
SE-0006554,ST-005,2,2026-06-02 11:55:00,2026-06-02 13:03:00,25.22,8.07,completed
SE-0002584,ST-023,1,2026-05-13 17:55:00,2026-05-13 18:38:00,15.49,4.96,completed
SE-0005911,ST-038,4,2026-05-29 16:51:00,2026-05-29 17:15:00,20.47,6.55,completed
SE-0004944,ST-009,2,2026-05-25 06:15:00,2026-05-25 06:52:00,14.61,4.68,completed
SE-0000811,ST-035,2,2026-05-04 13:07:00,2026-05-04 13:30:00,11.77,3.77,completed
SE-0000954,ST-023,1,2026-05-05 08:11:00,2026-05-05 09:08:00,28.39,9.08,completed
SE-0008623,ST-023,1,2026-06-12 20:58:00,2026-06-12 21:33:00,19.93,6.38,completed
SE-0001526,ST-014,2,2026-05-08 15:38:00,2026-05-08 16:14:00,19.28,6.17,completed
SE-0009604,ST-012,1,2026-06-17 14:29:00,2026-06-17 14:53:00,19.46,6.23,completed
SE-0004083,ST-003,1,2026-05-21 15:53:00,2026-05-21 16:16:00,10.67,3.41,completed
SE-0009988,ST-008,1,2026-06-19 07:37:00,2026-06-19 07:57:00,12.64,4.04,completed
SE-0009730,ST-041,2,2026-06-17 02:44:00,2026-06-17 03:05:00,11.36,3.64,completed
SE-0008653,ST-033,2,2026-06-12 13:12:00,2026-06-12 13:46:00,7.65,2.45,completed
SE-0011713,ST-006,6,2026-06-28 20:26:00,2026-06-28 21:05:00,35.92,11.49,completed
SE-0005293,ST-001,3,2026-05-27 10:25:00,2026-05-27 11:31:00,21.59,6.91,completed
SE-0009850,ST-022,1,2026-06-18 01:24:00,2026-06-18 01:57:00,16.61,5.32,completed
SE-0000059,ST-014,2,2026-05-01 14:45:00,2026-05-01 15:24:00,21.91,7.01,completed
SE-0001989,ST-027,3,2026-05-10 20:18:00,2026-05-10 20:47:00,23.11,7.4,completed
SE-0010634,ST-033,1,2026-06-22 13:10:00,2026-06-22 14:12:00,26.21,8.39,completed
SE-0003123,ST-008,1,2026-05-16 21:31:00,2026-05-16 22:10:00,22.93,7.34,completed
SE-0007631,ST-022,1,2026-06-07 15:34:00,2026-06-07 16:28:00,20.12,6.44,completed
SE-0001938,ST-017,2,2026-05-10 10:12:00,2026-05-10 11:20:00,37100,11.87,completed
SE-0002145,ST-015,2,2026-05-11 09:30:00,2026-05-11 10:15:00,28.47,9.11,completed
SE-0010035,ST-022,4,2026-06-19 11:57:00,2026-06-19 13:07:00,53.01,16.96,completed
SE-0010179,ST-017,2,2026-06-20 05:34:00,2026-06-20 05:48:00,5550,1.78,completed
SE-0002146,ST-015,2,2026-05-11 17:53:00,2026-05-11 19:51:00,29.84,9.55,completed
SE-0005987,ST-010,1,2026-05-30 13:44:00,2026-05-30 14:23:00,26.92,8.61,completed
SE-0001642,ST-041,5,2026-05-08 11:16:00,2026-05-08 11:37:00,13.39,4.28,completed
SE-0009919,ST-036,4,2026-06-18 12:15:00,2026-06-18 12:58:00,24.93,7.98,completed
SE-0009625,ST-015,2,2026-06-17 05:10:00,2026-06-17 05:56:00,21.66,6.93,completed
SE-0003478,ST-001,1,2026-05-18 10:44:00,2026-05-18 10:56:00,9.27,2.97,completed
SE-0002709,ST-005,2,2026-05-14 02:30:00,2026-05-14 03:08:00,21.99,7.04,completed
SE-0006874,ST-025,2,2026-06-03 04:50:00,2026-06-03 05:43:00,26.96,,completed
SE-0002362,ST-018,3,2026-05-12 05:13:00,2026-05-12 06:00:00,32.63,10.44,completed
SE-0001070,ST-006,5,2026-05-06 13:25:00,2026-05-06 13:46:00,9.71,3.11,completed
SE-0009376,ST-006,6,2026-06-16 13:11:00,2026-06-16 14:20:00,23.96,7.67,completed
SE-0009580,ST-006,5,2026-06-17 12:30:00,2026-06-17 12:58:00,10.61,3.4,completed
SE-0003189,ST-021,3,2026-05-16 14:12:00,2026-05-16 14:26:00,4.22,1.35,completed
SE-0000678,ST-014,2,2026-05-04 12:17:00,2026-05-04 12:32:00,7.69,2.46,completed
SE-0011812,ST-025,1,2026-06-28 23:32:00,2026-06-29 00:31:00,12.29,3.93,completed
SE-0005440,ST-025,2,2026-05-27 18:09:00,2026-05-27 18:55:00,37.55,12.02,completed
SE-0005123,ST-005,1,2026-05-26 17:48:00,2026-05-26 18:17:00,20.81,6.66,completed
SE-0004299,ST-006,4,2026-05-22 20:37:00,2026-05-22 21:19:00,34.71,11.11,completed
SE-0005599,ST-015,1,2026-05-28 23:05:00,2026-05-28 23:43:00,22.32,7.14,completed
SE-0004303,ST-007,5,2026-05-22 12:51:00,2026-05-22 13:03:00,5.15,1.65,completed
SE-0005898,ST-033,2,2026-05-29 12:08:00,2026-05-29 12:30:00,15.87,5.08,completed
SE-0010320,ST-005,2,2026-06-21 01:56:00,2026-06-21 02:48:00,18.4,5.89,completed
SE-0008269,ST-036,1,2026-06-10 19:30:00,2026-06-10 20:09:00,16.03,5.13,completed
SE-0008460,ST-033,2,2026-06-11 02:26:00,2026-06-11 03:42:00,53.34,17.07,completed
SE-0003303,ST-001,2,2026-05-17 23:34:00,2026-05-18 00:37:00,19.7,6.3,aborted
SE-0002481,ST-005,1,2026-05-13 05:50:00,2026-05-13 06:28:00,14.49,4.64,completed
SE-0004739,ST-010,2,2026-05-24 07:58:00,2026-05-24 08:47:00,38.08,12.19,completed
SE-0005295,ST-002,2,2026-05-27 01:59:00,2026-05-27 02:14:00,6.18,1.98,completed
SE-0011964,ST-017,2,2026-06-29 15:28:00,2026-06-29 16:06:00,24400,7.81,completed
SE-0007701,ST-036,3,2026-06-07 20:05:00,2026-06-07 20:55:00,34.16,10.93,completed
SE-0000205,ST-003,1,2026-05-02 20:58:00,2026-05-02 21:59:00,38.36,12.28,completed
SE-0010541,ST-014,3,2026-06-22 06:50:00,2026-06-22 07:46:00,41.3,13.22,completed
SE-0007705,ST-038,3,2026-06-07 02:28:00,2026-06-07 03:11:00,26.69,8.54,completed
SE-0005416,ST-023,1,2026-05-27 22:31:00,2026-05-27 23:13:00,17.41,5.57,completed
SE-0005519,ST-003,1,2026-05-28 11:15:00,2026-05-28 12:20:00,29.57,9.46,completed
SE-0008161,ST-013,1,2026-06-10 02:24:00,2026-06-10 03:05:00,30.7,9.82,completed
SE-0010426,ST-025,1,2026-06-21 05:32:00,2026-06-21 06:21:00,36.49,11.68,completed
SE-0001643,ST-041,5,2026-05-08 04:23:00,2026-05-08 04:49:00,17.73,5.67,completed
SE-0008943,ST-005,2,2026-06-14 02:23:00,2026-06-14 03:05:00,14.22,4.55,completed
SE-0000274,ST-016,1,2026-05-02 12:08:00,2026-05-02 12:51:00,29.06,9.3,completed
SE-0006498,ST-031,1,2026-06-01 17:01:00,2026-06-01 17:49:00,34.94,11.18,completed
SE-0002180,ST-023,2,2026-05-11 14:41:00,2026-05-11 15:49:00,13.19,4.22,faulted
SE-0011017,ST-029,2,2026-06-24 23:31:00,2026-06-25 00:22:00,25.37,8.12,completed
SE-0001228,ST-041,5,2026-05-06 12:51:00,2026-05-06 13:26:00,23.52,,completed
SE-0001231,ST-041,6,2026-05-06 17:16:00,2026-05-06 17:43:00,7.91,2.53,completed
SE-0010824,ST-032,2,2026-06-23 07:02:00,2026-06-23 08:15:00,34.85,11.15,completed
SE-0007678,ST-031,3,2026-06-07 22:26:00,2026-06-07 22:33:00,1.5,0.48,completed
SE-0010337,ST-006,4,2026-06-21 22:35:00,2026-06-21 23:16:00,16.07,5.14,completed
SE-0010415,ST-023,1,2026-06-21 04:10:00,2026-06-21 04:51:00,14.67,4.69,completed
SE-0006290,ST-031,1,2026-05-31 11:26:00,2026-05-31 12:15:00,27.54,8.81,completed
SE-0005110,ST-004,2,2026-05-26 04:21:00,2026-05-26 05:08:00,17.85,5.71,completed
SE-0003583,ST-022,6,2026-05-18 12:24:00,2026-05-18 13:14:00,21.1,6.75,completed
SE-0001852,ST-004,3,2026-05-10 12:10:00,2026-05-10 12:32:00,15.09,4.83,completed
SE-0004702,ST-002,2,2026-05-24 19:09:00,2026-05-24 20:00:00,23.64,7.56,completed
SE-0009996,ST-010,1,2026-06-19 19:14:00,2026-06-19 19:31:00,11.07,3.54,completed
SE-0008976,ST-011,2,2026-06-14 07:30:00,2026-06-14 08:23:00,21.2,6.78,completed
SE-0004638,ST-028,2,2026-05-23 00:59:00,2026-05-23 01:44:00,29.18,,completed
SE-0006842,ST-017,2,2026-06-03 01:37:00,2026-06-03 01:46:00,4950,1.58,completed
SE-0005267,ST-040,1,2026-05-26 05:18:00,2026-05-26 06:07:00,34.07,10.9,completed
SE-0000032,ST-008,1,2026-05-01 12:32:00,2026-05-01 13:02:00,21.26,6.8,completed
SE-0001808,ST-034,3,2026-05-09 18:27:00,2026-05-09 19:45:00,53.63,17.16,completed
SE-0010852,ST-037,1,2026-06-23 03:19:00,2026-06-23 04:33:00,15.39,4.92,completed
SE-0009582,ST-006,3,2026-06-17 02:42:00,2026-06-17 03:36:00,42.88,13.72,completed
SE-0011018,ST-029,4,2026-06-24 00:43:00,2026-06-24 01:48:00,51.12,16.36,completed
SE-0007031,ST-017,2,2026-06-04 02:38:00,2026-06-04 02:54:00,6940,2.22,completed
SE-0008722,ST-005,1,2026-06-13 07:25:00,2026-06-13 08:21:00,46.7,14.94,completed
SE-0008747,ST-006,3,2026-06-13 04:25:00,2026-06-13 04:56:00,18.5,5.92,completed
SE-0004277,ST-003,1,2026-05-22 19:10:00,2026-05-22 19:56:00,31.19,9.98,completed
SE-0006854,ST-022,3,2026-06-03 13:53:00,2026-06-03 14:53:00,45.57,14.58,completed
SE-0000069,ST-015,1,2026-05-01 14:32:00,2026-05-01 15:09:00,19.13,6.12,aborted
SE-0011621,ST-029,1,2026-06-27 04:22:00,2026-06-27 05:01:00,17.37,5.56,completed
SE-0006816,ST-015,1,2026-06-03 02:09:00,2026-06-03 02:45:00,21.13,6.76,completed
SE-0000344,ST-032,1,2026-05-02 02:06:00,2026-05-02 03:15:00,66.75,21.36,completed
SE-0011766,ST-017,2,2026-06-28 08:04:00,2026-06-28 08:10:00,1740,0.56,completed
SE-0011706,ST-005,1,2026-06-28 02:31:00,2026-06-28 03:14:00,27.35,8.75,completed
SE-0006453,ST-021,4,2026-06-01 06:24:00,2026-06-01 07:36:00,27.26,8.72,completed
SE-0005763,ST-005,2,2026-05-29 17:48:00,2026-05-29 18:11:00,12.7,4.06,completed
SE-0002508,ST-009,2,2026-05-13 19:38:00,2026-05-13 20:20:00,28.45,9.1,completed
SE-0006782,ST-010,1,2026-06-03 15:46:00,2026-06-03 16:21:00,18.99,6.08,completed
SE-0011891,ST-006,6,2026-06-29 19:32:00,2026-06-29 20:17:00,23.35,7.47,completed
SE-0003782,ST-022,6,2026-05-19 05:39:00,2026-05-19 06:26:00,52.99,16.96,completed
SE-0001125,ST-016,1,2026-05-06 00:33:00,2026-05-06 00:44:00,3.85,1.23,completed
SE-0003407,ST-024,2,2026-05-17 12:23:00,2026-05-17 13:07:00,44.35,14.19,completed
SE-0007677,ST-031,2,2026-06-07 22:47:00,2026-06-07 23:07:00,8.06,2.58,completed
SE-0009663,ST-023,2,2026-06-17 05:16:00,2026-06-17 05:50:00,22.98,7.35,completed
SE-0001192,ST-028,1,2026-05-06 01:14:00,2026-05-06 02:11:00,29.17,9.33,completed
SE-0007809,ST-015,2,2026-06-08 13:03:00,2026-06-08 13:40:00,24.98,7.99,completed
SE-0008586,ST-017,2,2026-06-12 16:22:00,2026-06-12 17:22:00,45070,14.42,completed
SE-0003012,ST-029,2,2026-05-15 11:52:00,2026-05-15 12:51:00,44.4,14.21,completed
SE-0004156,ST-015,1,2026-05-21 16:24:00,2026-05-21 17:09:00,35.2,11.26,completed
SE-0008984,ST-013,1,2026-06-14 02:29:00,2026-06-14 02:45:00,10.2,3.26,completed
SE-0000605,ST-003,2,2026-05-04 00:26:00,2026-05-04 01:12:00,13.75,4.4,completed
SE-0006821,ST-015,1,2026-06-03 23:08:00,2026-06-04 00:05:00,29.92,9.57,completed
SE-0009751,ST-003,1,2026-06-18 15:47:00,2026-06-18 16:00:00,9.79,3.13,completed
SE-0009685,ST-028,2,2026-06-17 11:52:00,2026-06-17 12:38:00,3.01,0.96,completed
SE-0000098,ST-022,5,2026-05-01 05:34:00,2026-05-01 06:23:00,26.23,8.39,completed
SE-0003854,ST-037,4,2026-05-19 16:55:00,2026-05-19 17:30:00,19.35,,completed
SE-0010091,ST-036,2,2026-06-19 22:31:00,2026-06-19 23:10:00,36.2,11.58,completed
SE-0009887,ST-027,1,2026-06-18 03:09:00,2026-06-18 03:43:00,18.59,5.95,completed
SE-0003553,ST-015,2,2026-05-18 01:41:00,2026-05-18 02:43:00,43.83,14.03,completed
SE-0005645,ST-025,2,2026-05-28 05:00:00,2026-05-28 05:35:00,28.27,9.05,completed
SE-0010468,ST-041,4,2026-06-21 23:49:00,2026-06-22 00:13:00,18.94,6.06,completed
SE-0005011,ST-025,1,2026-05-25 06:08:00,2026-05-25 06:28:00,13.35,4.27,completed
SE-0001249,ST-003,1,2026-05-07 11:27:00,2026-05-07 12:00:00,12.79,4.09,completed
SE-0004094,ST-005,2,2026-05-21 14:47:00,2026-05-21 15:39:00,19.33,6.19,completed
SE-0000009,ST-003,2,2026-05-01 00:33:00,2026-05-01 01:38:00,48.84,15.63,completed
SE-0006505,ST-034,4,2026-06-01 11:11:00,2026-06-01 12:35:00,42.12,13.48,completed
SE-0001357,ST-022,6,2026-05-07 12:43:00,2026-05-07 13:35:00,28.12,9.0,completed
SE-0002610,ST-028,2,2026-05-13 16:23:00,2026-05-13 17:31:00,43.1,13.79,completed
SE-0003741,ST-014,2,2026-05-19 21:35:00,2026-05-19 21:41:00,3.68,1.18,completed
SE-0002880,ST-041,1,2026-05-14 10:58:00,2026-05-14 11:20:00,18.1,5.79,completed
SE-0008725,ST-005,1,2026-06-13 23:51:00,2026-06-14 00:47:00,3.43,1.1,completed
SE-0003977,ST-022,5,2026-05-20 21:14:00,2026-05-20 21:22:00,2.86,0.92,completed
SE-0008408,ST-022,3,2026-06-11 01:00:00,2026-06-11 02:03:00,7.95,2.54,completed
SE-0001544,ST-015,2,2026-05-08 04:24:00,2026-05-08 04:38:00,6.48,,completed
SE-0003489,ST-003,1,2026-05-18 06:47:00,2026-05-18 07:14:00,8.54,2.73,completed
SE-0002078,ST-003,2,2026-05-11 03:30:00,2026-05-11 04:12:00,9.58,3.07,completed
SE-0008217,ST-022,1,2026-06-10 22:53:00,2026-06-10 23:35:00,17.46,5.59,completed
SE-0005609,ST-016,1,2026-05-28 21:11:00,2026-05-28 21:45:00,19.35,6.19,completed
SE-0004065,ST-001,1,2026-05-21 22:19:00,2026-05-21 22:33:00,10.72,3.43,completed
SE-0007999,ST-015,2,2026-06-09 20:35:00,2026-06-09 21:22:00,38.82,12.42,completed
SE-0011222,ST-029,1,2026-06-25 00:45:00,2026-06-25 01:38:00,28.91,9.25,completed
SE-0010524,ST-009,2,2026-06-22 02:43:00,2026-06-22 03:25:00,25.62,8.2,completed
SE-0011789,ST-022,1,2026-06-28 20:53:00,2026-06-28 21:43:00,20.95,6.7,completed
SE-0010238,ST-033,1,2026-06-20 09:03:00,2026-06-20 09:56:00,40.96,13.11,completed
SE-0010771,ST-017,1,2026-06-23 15:15:00,2026-06-23 15:59:00,9710,3.11,completed
SE-0007184,ST-014,3,2026-06-05 13:52:00,2026-06-05 15:11:00,47.98,15.35,completed
SE-0006123,ST-033,2,2026-05-30 15:46:00,2026-05-30 16:31:00,33.59,10.75,completed
SE-0004363,ST-020,2,2026-05-22 00:20:00,2026-05-22 00:36:00,7.0,2.24,completed
SE-0011772,ST-017,2,2026-06-28 05:42:00,2026-06-28 05:56:00,3960,1.27,completed
SE-0000793,ST-032,3,2026-05-04 06:22:00,2026-05-04 06:50:00,14.43,4.62,completed
SE-0005157,ST-015,2,2026-05-26 12:48:00,2026-05-26 13:12:00,14.71,4.71,completed
SE-0000712,ST-017,2,2026-05-04 02:00:00,2026-05-04 02:25:00,14900,4.77,completed
SE-0001315,ST-015,2,2026-05-07 10:12:00,2026-05-07 10:52:00,13.78,4.41,completed
SE-0006114,ST-033,2,2026-05-30 20:13:00,2026-05-30 20:41:00,14.18,4.54,completed
SE-0000522,ST-025,1,2026-05-03 01:14:00,2026-05-03 02:17:00,35.54,11.37,completed
SE-0001186,ST-025,1,2026-05-06 01:53:00,2026-05-06 02:18:00,8.65,2.77,completed
SE-0009293,ST-033,1,2026-06-15 06:29:00,2026-06-15 07:37:00,41.35,13.23,completed
SE-0002426,ST-034,2,2026-05-12 12:38:00,2026-05-12 13:35:00,43.42,13.89,completed
SE-0004012,ST-029,2,2026-05-20 03:40:00,2026-05-20 04:25:00,25.74,8.24,completed
SE-0005111,ST-004,4,2026-05-26 19:40:00,2026-05-26 20:44:00,31.13,9.96,completed
SE-0001583,ST-023,1,2026-05-08 16:00:00,2026-05-08 16:52:00,3.61,,faulted
SE-0010769,ST-017,2,2026-06-23 11:45:00,2026-06-23 12:04:00,10460,3.35,completed
SE-0005879,ST-028,1,2026-05-29 20:47:00,2026-05-29 21:24:00,29.2,9.34,completed
SE-0001821,ST-039,4,2026-05-09 22:34:00,2026-05-09 22:40:00,2.44,0.78,completed
SE-0005153,ST-014,5,2026-05-26 19:37:00,2026-05-26 20:16:00,21.3,6.82,completed
SE-0006097,ST-029,1,2026-05-30 04:13:00,2026-05-30 04:45:00,23.86,7.64,completed
SE-0005658,ST-025,2,2026-05-28 10:25:00,2026-05-28 11:26:00,49.65,15.89,completed
SE-0010576,ST-017,2,2026-06-22 15:38:00,2026-06-22 16:25:00,36770,11.77,completed
SE-0001116,ST-015,2,2026-05-06 15:25:00,2026-05-06 16:21:00,22.98,,completed
SE-0011326,ST-009,1,2026-06-26 10:44:00,2026-06-26 11:26:00,31.99,10.24,completed
SE-0005869,ST-025,2,2026-05-29 23:57:00,2026-05-30 01:01:00,41.95,13.42,completed
SE-0004828,ST-025,1,2026-05-24 08:32:00,2026-05-24 09:31:00,17.74,5.68,completed
SE-0010536,ST-013,2,2026-06-22 18:56:00,2026-06-22 19:42:00,11.4,3.65,completed
SE-0005874,ST-026,4,2026-05-29 18:20:00,2026-05-29 18:57:00,19.69,6.3,completed
SE-0001356,ST-022,5,2026-05-07 19:45:00,2026-05-07 20:22:00,12.0,3.84,completed
SE-0009026,ST-017,1,2026-06-14 11:39:00,2026-06-14 12:05:00,11570,3.7,completed
SE-0002177,ST-023,2,2026-05-11 13:06:00,2026-05-11 14:00:00,33.0,10.56,completed
SE-0003792,ST-023,1,2026-05-19 16:38:00,2026-05-19 17:31:00,26.99,8.64,completed
SE-0008231,ST-023,1,2026-06-10 01:22:00,2026-06-10 02:27:00,48.53,15.53,completed
SE-0010991,ST-022,6,2026-06-24 13:07:00,2026-06-24 13:55:00,10.43,,completed
SE-0009752,ST-003,2,2026-06-18 16:25:00,2026-06-18 17:20:00,21.37,6.84,completed
SE-0001941,ST-017,2,2026-05-10 01:50:00,2026-05-10 02:31:00,34780,11.13,completed
SE-0007106,ST-040,1,2026-06-04 04:05:00,2026-06-04 05:36:00,58.98,18.87,completed
SE-0004024,ST-033,1,2026-05-20 17:19:00,2026-05-20 18:25:00,45.87,14.68,completed
SE-0001912,ST-014,5,2026-05-10 09:08:00,2026-05-10 10:01:00,27.65,8.85,completed
SE-0008378,ST-015,2,2026-06-11 21:43:00,2026-06-11 22:03:00,5.31,1.7,completed
SE-0003697,ST-005,1,2026-05-19 17:38:00,2026-05-19 18:09:00,27.05,8.66,completed
SE-0002875,ST-041,5,2026-05-14 12:52:00,2026-05-14 13:58:00,40.13,12.84,completed
SE-0002482,ST-005,2,2026-05-13 06:45:00,2026-05-13 07:16:00,5.83,1.87,completed
SE-0008641,ST-028,2,2026-06-12 22:50:00,2026-06-12 23:36:00,23.91,7.65,completed
SE-0011361,ST-016,2,2026-06-26 18:55:00,2026-06-26 19:27:00,15.27,4.89,completed
SE-0009235,ST-017,2,2026-06-15 03:33:00,2026-06-15 04:41:00,24660,7.89,completed
SE-0005214,ST-025,2,2026-05-26 00:09:00,2026-05-26 01:23:00,36.01,11.52,completed
SE-0011059,ST-041,6,2026-06-24 09:01:00,2026-06-24 09:54:00,33.2,10.62,completed
SE-0003959,ST-017,2,2026-05-20 13:24:00,2026-05-20 14:12:00,32840,10.51,completed
SE-0002810,ST-023,1,2026-05-14 15:10:00,2026-05-14 15:16:00,3.32,1.06,completed
SE-0004027,ST-033,2,2026-05-20 21:19:00,2026-05-20 21:42:00,10.01,3.2,completed
SE-0008621,ST-023,1,2026-06-12 18:05:00,2026-06-12 18:54:00,50.29,16.09,completed
SE-0008166,ST-014,5,2026-06-10 13:44:00,2026-06-10 14:00:00,2.62,0.84,completed
SE-0005496,ST-041,2,2026-05-27 05:03:00,2026-05-27 05:59:00,25.05,8.02,completed
SE-0002679,ST-001,1,2026-05-14 11:40:00,2026-05-14 12:31:00,40.95,13.1,completed
SE-0005386,ST-017,1,2026-05-27 10:01:00,2026-05-27 10:43:00,20990,6.72,completed
SE-0010591,ST-022,1,2026-06-22 19:21:00,2026-06-22 20:12:00,34.21,10.95,completed
SE-0004286,ST-005,2,2026-05-22 13:42:00,2026-05-22 14:39:00,32.09,10.27,completed
SE-0010009,ST-014,6,2026-06-19 04:30:00,2026-06-19 04:38:00,4.24,1.36,completed
SE-0004041,ST-038,1,2026-05-20 01:12:00,2026-05-20 01:59:00,28.55,9.14,completed
SE-0007071,ST-029,1,2026-06-04 10:25:00,2026-06-04 11:20:00,12.44,3.98,aborted
SE-0010492,ST-002,1,2026-06-22 21:31:00,2026-06-22 22:29:00,44.58,14.27,completed
SE-0010738,ST-011,2,2026-06-23 17:25:00,2026-06-23 18:01:00,7.06,2.26,faulted
SE-0000636,ST-006,6,2026-05-04 05:38:00,2026-05-04 05:47:00,6.43,,completed
SE-0000049,ST-013,1,2026-05-01 16:05:00,2026-05-01 16:41:00,18.05,5.78,completed
SE-0011159,ST-015,2,2026-06-25 23:21:00,2026-06-25 23:45:00,11.67,3.73,completed
SE-0007556,ST-006,1,2026-06-07 02:08:00,2026-06-07 02:54:00,12.34,3.95,completed
SE-0005423,ST-023,1,2026-05-27 08:26:00,2026-05-27 09:09:00,7.5,2.4,completed
SE-0002775,ST-017,2,2026-05-14 13:48:00,2026-05-14 14:11:00,14420,4.61,completed
SE-0010968,ST-017,2,2026-06-24 04:09:00,2026-06-24 05:01:00,32970,10.55,completed
SE-0005814,ST-015,1,2026-05-29 21:03:00,2026-05-29 21:36:00,31.75,10.16,completed
SE-0000565,ST-037,1,2026-05-03 01:35:00,2026-05-03 02:30:00,35.77,11.45,completed
SE-0002544,ST-015,2,2026-05-13 04:10:00,2026-05-13 04:38:00,15.35,,completed
SE-0011648,ST-035,1,2026-06-27 15:24:00,2026-06-27 16:22:00,35.65,11.41,completed
SE-0010765,ST-017,2,2026-06-23 08:37:00,2026-06-23 09:21:00,28020,8.97,completed
SE-0004137,ST-012,1,2026-05-21 20:26:00,2026-05-21 21:20:00,33.77,10.81,aborted
SE-0002497,ST-006,1,2026-05-13 19:17:00,2026-05-13 19:53:00,18.61,5.96,completed
SE-0004730,ST-006,3,2026-05-24 21:26:00,2026-05-24 21:55:00,15.81,5.06,completed
SE-0006182,ST-006,5,2026-05-31 18:17:00,2026-05-31 18:57:00,28.09,8.99,completed
SE-0005300,ST-003,1,2026-05-27 04:34:00,2026-05-27 05:44:00,58.22,18.63,completed
SE-0003341,ST-006,1,2026-05-17 14:11:00,2026-05-17 14:50:00,16.99,5.44,completed
SE-0003299,ST-001,1,2026-05-17 01:09:00,2026-05-17 01:49:00,12.4,3.97,completed
SE-0002123,ST-010,2,2026-05-11 08:59:00,2026-05-11 09:34:00,32.63,10.44,aborted
SE-0003255,ST-033,1,2026-05-16 18:26:00,2026-05-16 19:34:00,16.6,,completed
SE-0004679,ST-041,3,2026-05-23 22:55:00,2026-05-23 23:33:00,15.09,4.83,completed
SE-0002650,ST-037,1,2026-05-13 21:31:00,2026-05-13 22:27:00,34.15,10.93,completed
SE-0002924,ST-006,1,2026-05-15 08:21:00,2026-05-15 08:51:00,13.79,4.41,completed
SE-0003972,ST-022,2,2026-05-20 11:10:00,2026-05-20 11:50:00,15.2,4.86,aborted
SE-0008494,ST-041,4,2026-06-11 18:45:00,2026-06-11 19:14:00,14.8,4.74,completed
SE-0001222,ST-039,3,2026-05-06 00:14:00,2026-05-06 00:49:00,22.46,7.19,completed
SE-0007137,ST-003,1,2026-06-05 23:16:00,2026-06-05 23:54:00,33.13,10.6,completed
SE-0005810,ST-014,1,2026-05-29 19:43:00,2026-05-29 20:22:00,17.86,5.72,completed
SE-0005524,ST-005,2,2026-05-28 04:58:00,2026-05-28 05:50:00,41.41,13.25,completed
SE-0009351,ST-005,2,2026-06-16 17:21:00,2026-06-16 17:54:00,14.88,4.76,completed
SE-0011815,ST-025,2,2026-06-28 15:24:00,2026-06-28 16:20:00,22.24,7.12,completed
SE-0004187,ST-022,2,2026-05-21 04:46:00,2026-05-21 05:08:00,13.72,4.39,completed
SE-0002414,ST-033,2,2026-05-12 08:31:00,2026-05-12 08:45:00,5.18,1.66,completed
SE-0008673,ST-040,2,2026-06-12 10:08:00,2026-06-12 10:54:00,17.8,5.7,completed
SE-0003654,ST-041,5,2026-05-18 17:58:00,2026-05-18 19:16:00,49.71,15.91,completed
SE-0005351,ST-014,5,2026-05-27 10:38:00,2026-05-27 11:38:00,38.18,12.22,completed
SE-0005175,ST-017,2,2026-05-26 05:42:00,2026-05-26 06:59:00,20630,6.6,completed
SE-0000562,ST-035,2,2026-05-03 13:21:00,2026-05-03 13:52:00,16.12,5.16,completed
SE-0008488,ST-039,1,2026-06-11 14:44:00,2026-06-11 15:50:00,28.71,9.19,completed
SE-0011793,ST-023,2,2026-06-28 01:59:00,2026-06-28 02:17:00,6.99,2.24,completed
SE-0002706,ST-005,1,2026-05-14 14:51:00,2026-05-14 15:30:00,25.31,8.1,completed
SE-0010772,ST-017,2,2026-06-23 16:12:00,2026-06-23 16:39:00,12800,4.1,completed
SE-0002831,ST-028,2,2026-05-14 13:11:00,2026-05-14 13:32:00,18.71,5.99,completed
SE-0002545,ST-015,1,2026-05-13 21:23:00,2026-05-13 22:07:00,19.82,6.34,completed
SE-0009993,ST-009,1,2026-06-19 08:23:00,2026-06-19 09:02:00,17.65,5.65,completed
SE-0002211,ST-029,3,2026-05-11 12:17:00,2026-05-11 13:01:00,21.4,6.85,completed
SE-0010292,ST-001,3,2026-06-21 18:40:00,2026-06-21 19:56:00,20.71,6.63,completed
SE-0002695,ST-003,2,2026-05-14 21:56:00,2026-05-14 22:44:00,38.3,12.26,completed
SE-0000633,ST-005,1,2026-05-04 15:03:00,2026-05-04 15:35:00,15.17,4.85,completed
SE-0005365,ST-014,1,2026-05-27 03:17:00,2026-05-27 03:23:00,4.5,,completed
SE-0001747,ST-022,3,2026-05-09 10:47:00,2026-05-09 11:10:00,15.36,4.92,completed
SE-0000769,ST-025,2,2026-05-04 17:57:00,2026-05-04 19:02:00,27.19,8.7,completed
SE-0011518,ST-008,2,2026-06-27 19:25:00,2026-06-27 20:00:00,20.91,6.69,completed
SE-0008716,ST-003,1,2026-06-13 01:44:00,2026-06-13 02:20:00,18.35,5.87,completed
SE-0002819,ST-025,2,2026-05-14 18:11:00,2026-05-14 18:31:00,4.78,1.53,completed
SE-0008252,ST-033,2,2026-06-10 06:54:00,2026-06-10 07:49:00,6.89,2.2,completed
SE-0009555,ST-003,2,2026-06-17 22:22:00,2026-06-17 22:49:00,13.11,4.2,completed
SE-0000613,ST-003,1,2026-05-04 07:58:00,2026-05-04 08:22:00,9.72,3.11,completed
SE-0006230,ST-015,1,2026-05-31 15:18:00,2026-05-31 16:10:00,30.15,9.65,completed
SE-0002468,ST-003,2,2026-05-13 03:23:00,2026-05-13 04:25:00,30.38,9.72,completed
SE-0005928,ST-042,4,2026-05-29 00:21:00,2026-05-29 01:00:00,20.94,6.7,completed
SE-0011609,ST-025,1,2026-06-27 11:19:00,2026-06-27 11:53:00,26.89,,completed
SE-0000600,ST-002,1,2026-05-04 06:18:00,2026-05-04 07:24:00,27.49,8.8,completed
SE-0008048,ST-025,1,2026-06-09 19:49:00,2026-06-09 20:30:00,21.49,6.88,completed
SE-0003843,ST-034,3,2026-05-19 19:32:00,2026-05-19 19:50:00,10.77,3.45,completed
SE-0008486,ST-039,3,2026-06-11 05:42:00,2026-06-11 06:07:00,12.05,3.86,completed
SE-0004393,ST-025,1,2026-05-22 05:36:00,2026-05-22 05:54:00,4.23,1.35,completed
SE-0004196,ST-023,1,2026-05-21 19:21:00,2026-05-21 20:07:00,29.29,9.37,completed
SE-0004542,ST-013,1,2026-05-23 10:10:00,2026-05-23 10:51:00,15.62,5.0,completed
SE-0007064,ST-028,2,2026-06-04 11:48:00,2026-06-04 12:15:00,8.97,2.87,completed
SE-0001766,ST-024,2,2026-05-09 20:16:00,2026-05-09 21:15:00,23.95,7.66,completed
SE-0003124,ST-008,2,2026-05-16 09:20:00,2026-05-16 09:37:00,6.87,2.2,completed
SE-0002955,ST-014,3,2026-05-15 20:08:00,2026-05-15 21:12:00,28.64,9.16,completed
SE-0006086,ST-025,1,2026-05-30 03:44:00,2026-05-30 04:36:00,19.91,6.37,completed
SE-0000965,ST-025,2,2026-05-05 07:35:00,2026-05-05 08:38:00,10.63,3.4,completed
SE-0008807,ST-016,2,2026-06-13 13:20:00,2026-06-13 14:01:00,25.8,8.26,completed
SE-0008363,ST-014,4,2026-06-11 04:51:00,2026-06-11 05:26:00,14.63,4.68,completed
SE-0010341,ST-008,1,2026-06-21 14:41:00,2026-06-21 15:26:00,37.15,11.89,completed
SE-0006989,ST-014,6,2026-06-04 12:58:00,2026-06-04 14:24:00,49.94,15.98,completed
SE-0004118,ST-006,1,2026-05-21 15:37:00,2026-05-21 16:17:00,13.36,4.28,completed
SE-0004074,ST-003,2,2026-05-21 04:33:00,2026-05-21 04:54:00,15.29,4.89,completed
SE-0005668,ST-028,2,2026-05-28 07:11:00,2026-05-28 08:13:00,20.19,6.46,completed
SE-0001790,ST-031,4,2026-05-09 11:35:00,2026-05-09 12:46:00,47.25,15.12,completed
SE-0011003,ST-025,2,2026-06-24 13:18:00,2026-06-24 14:12:00,34.24,10.96,completed
SE-0009619,ST-014,5,2026-06-17 08:44:00,2026-06-17 09:28:00,17.38,5.56,completed
SE-0011405,ST-025,2,2026-06-26 20:54:00,2026-06-26 21:18:00,8.93,2.86,completed
SE-0005007,ST-024,1,2026-05-25 13:58:00,2026-05-25 15:05:00,28.35,9.07,completed
SE-0004781,ST-017,1,2026-05-24 08:36:00,2026-05-24 09:21:00,26730,8.55,completed
SE-0006844,ST-018,2,2026-06-03 17:36:00,2026-06-03 19:04:00,55.33,17.71,completed
SE-0005265,ST-039,4,2026-05-26 22:40:00,2026-05-26 23:56:00,47.94,15.34,completed
SE-0001407,ST-033,1,2026-05-07 13:39:00,2026-05-07 14:31:00,22.89,7.32,completed
SE-0011878,ST-003,2,2026-06-29 17:25:00,2026-06-29 18:08:00,16.61,5.32,completed
SE-0008969,ST-009,1,2026-06-14 11:46:00,2026-06-14 12:33:00,28.85,9.23,aborted
SE-0010975,ST-020,2,2026-06-24 02:32:00,2026-06-24 03:23:00,25.26,8.08,completed
SE-0011633,ST-033,1,2026-06-27 21:51:00,2026-06-27 22:32:00,28.65,9.17,completed
SE-0005934,ST-001,4,2026-05-30 03:09:00,2026-05-30 03:41:00,19.49,6.24,completed
SE-0002812,ST-023,1,2026-05-14 05:47:00,2026-05-14 06:22:00,14.24,4.56,completed
SE-0009596,ST-010,2,2026-06-17 14:52:00,2026-06-17 15:41:00,30.29,9.69,completed
SE-0001040,ST-001,4,2026-05-06 00:50:00,2026-05-06 01:18:00,13.66,4.37,aborted
SE-0002869,ST-041,3,2026-05-14 06:15:00,2026-05-14 06:54:00,13.32,4.26,aborted
SE-0004528,ST-009,2,2026-05-23 15:29:00,2026-05-23 16:41:00,52.97,16.95,completed
SE-0004258,ST-001,2,2026-05-22 06:45:00,2026-05-22 07:29:00,17.9,5.73,completed
SE-0010535,ST-013,2,2026-06-22 10:38:00,2026-06-22 11:29:00,43.05,13.78,completed
SE-0004290,ST-005,1,2026-05-22 19:26:00,2026-05-22 19:43:00,9.03,2.89,completed
SE-0002840,ST-031,2,2026-05-14 01:25:00,2026-05-14 01:59:00,19.92,6.37,completed
SE-0003494,ST-004,4,2026-05-18 01:38:00,2026-05-18 01:56:00,10.97,3.51,completed
SE-0007656,ST-025,1,2026-06-07 08:01:00,2026-06-07 09:05:00,40.9,13.09,completed
SE-0006547,ST-003,1,2026-06-02 17:21:00,2026-06-02 17:35:00,8.07,2.58,completed
SE-0008218,ST-022,3,2026-06-10 16:38:00,2026-06-10 17:17:00,24.7,7.9,completed
SE-0010613,ST-026,3,2026-06-22 09:20:00,2026-06-22 10:19:00,35.46,11.35,completed
SE-0006900,ST-034,2,2026-06-03 17:38:00,2026-06-03 18:04:00,7.65,2.45,completed
SE-0002902,ST-003,1,2026-05-15 10:01:00,2026-05-15 10:28:00,23.36,7.48,completed
SE-0007094,ST-035,1,2026-06-04 03:54:00,2026-06-04 04:54:00,34.0,10.88,completed
SE-0004273,ST-003,1,2026-05-22 14:20:00,2026-05-22 15:18:00,25.06,8.02,completed
SE-0006091,ST-028,2,2026-05-30 00:59:00,2026-05-30 01:49:00,26.96,8.63,completed
SE-0000012,ST-003,1,2026-05-01 01:26:00,2026-05-01 01:48:00,11.47,3.67,completed
SE-0010712,ST-006,6,2026-06-23 13:56:00,2026-06-23 14:43:00,25.4,8.13,completed
SE-0010678,ST-002,2,2026-06-23 11:13:00,2026-06-23 12:01:00,28.26,9.04,completed
SE-0005482,ST-036,3,2026-05-27 18:28:00,2026-05-27 19:17:00,25.52,8.17,completed
SE-0004820,ST-025,1,2026-05-24 16:24:00,2026-05-24 16:55:00,17.12,5.48,completed
SE-0010037,ST-022,2,2026-06-19 06:01:00,2026-06-19 06:31:00,14.48,,completed
SE-0005266,ST-040,2,2026-05-26 20:30:00,2026-05-26 20:50:00,11.2,3.58,completed
SE-0000825,ST-041,1,2026-05-04 08:55:00,2026-05-04 09:19:00,13.83,4.43,completed
SE-0003515,ST-006,3,2026-05-18 01:06:00,2026-05-18 01:12:00,5.2,1.66,completed
SE-0006352,ST-003,1,2026-06-01 22:30:00,2026-06-01 22:49:00,11.07,3.54,completed
SE-0008579,ST-015,1,2026-06-12 06:40:00,2026-06-12 07:23:00,22.46,7.19,completed
SE-0009464,ST-022,4,2026-06-16 15:20:00,2026-06-16 16:24:00,23.28,7.45,aborted
SE-0001250,ST-003,2,2026-05-07 09:21:00,2026-05-07 09:34:00,4.33,1.39,completed
SE-0008773,ST-010,2,2026-06-13 22:25:00,2026-06-13 22:51:00,13.11,4.2,completed
SE-0009862,ST-023,1,2026-06-18 01:21:00,2026-06-18 02:32:00,32.26,10.32,completed
SE-0008822,ST-017,2,2026-06-13 15:49:00,2026-06-13 16:05:00,12020,3.85,completed
SE-0011270,ST-001,2,2026-06-26 12:35:00,2026-06-26 13:11:00,17.37,5.56,completed
SE-0007280,ST-032,3,2026-06-05 07:43:00,2026-06-05 08:41:00,23.49,7.52,completed
SE-0004243,ST-038,1,2026-05-21 02:19:00,2026-05-21 03:17:00,36.81,11.78,completed
SE-0009156,ST-004,4,2026-06-15 08:33:00,2026-06-15 09:02:00,21.88,7.0,completed
SE-0004326,ST-014,5,2026-05-22 23:36:00,2026-05-23 00:00:00,7.82,2.5,completed
SE-0001826,ST-041,1,2026-05-09 13:48:00,2026-05-09 14:15:00,21.11,,completed
SE-0008056,ST-025,2,2026-06-09 08:19:00,2026-06-09 09:11:00,25.88,8.28,completed
SE-0008970,ST-010,2,2026-06-14 03:22:00,2026-06-14 04:13:00,27.17,8.69,completed
SE-0005413,ST-023,1,2026-05-27 20:30:00,2026-05-27 21:16:00,30.87,9.88,completed
SE-0008340,ST-007,3,2026-06-11 07:41:00,2026-06-11 08:26:00,21.96,7.03,completed
SE-0011847,ST-039,2,2026-06-28 00:17:00,2026-06-28 00:54:00,13.4,4.29,completed
SE-0004825,ST-025,2,2026-05-24 23:52:00,2026-05-25 00:42:00,12.39,3.96,aborted
SE-0003209,ST-023,1,2026-05-16 05:19:00,2026-05-16 06:17:00,46.74,14.96,completed
SE-0005292,ST-001,3,2026-05-27 00:34:00,2026-05-27 01:08:00,10.1,3.23,completed
SE-0002024,ST-035,2,2026-05-10 19:36:00,2026-05-10 20:36:00,15.22,4.87,completed
SE-0007089,ST-034,2,2026-06-04 05:48:00,2026-06-04 06:39:00,25.44,8.14,completed
SE-0002920,ST-006,3,2026-05-15 08:53:00,2026-05-15 09:20:00,13.29,4.25,completed
SE-0010487,ST-001,2,2026-06-22 11:10:00,2026-06-22 11:54:00,24.17,7.73,completed
SE-0006282,ST-028,1,2026-05-31 05:34:00,2026-05-31 06:28:00,31.09,9.95,completed
SE-0004081,ST-003,2,2026-05-21 02:28:00,2026-05-21 03:14:00,17.74,5.68,completed
SE-0002871,ST-041,2,2026-05-14 23:39:00,2026-05-15 00:28:00,33.02,10.57,completed
SE-0008844,ST-023,2,2026-06-13 22:55:00,2026-06-13 23:45:00,32.78,10.49,completed
SE-0004697,ST-001,4,2026-05-24 17:06:00,2026-05-24 17:12:00,4.04,1.29,completed
SE-0005183,ST-021,2,2026-05-26 02:19:00,2026-05-26 03:23:00,27.35,8.75,completed
SE-0010262,ST-041,5,2026-06-20 07:10:00,2026-06-20 07:30:00,11.58,3.71,completed
SE-0009923,ST-038,1,2026-06-18 07:16:00,2026-06-18 08:06:00,26.95,8.62,completed
SE-0009153,ST-003,1,2026-06-15 04:52:00,2026-06-15 05:36:00,18.55,5.94,completed
SE-0000187,ST-001,2,2026-05-02 17:55:00,2026-05-02 18:34:00,28.59,9.15,completed
SE-0000700,ST-016,2,2026-05-04 05:29:00,2026-05-04 06:18:00,14.0,,completed
SE-0008477,ST-034,3,2026-06-11 18:20:00,2026-06-11 18:49:00,9.64,3.08,completed
SE-0009331,ST-001,4,2026-06-16 04:14:00,2026-06-16 04:30:00,12.12,3.88,completed
SE-0002375,ST-022,1,2026-05-12 12:25:00,2026-05-12 13:33:00,61.27,19.61,completed
SE-0003577,ST-021,3,2026-05-18 12:46:00,2026-05-18 13:14:00,12.6,4.03,completed
SE-0010762,ST-016,2,2026-06-23 19:24:00,2026-06-23 19:51:00,15.49,4.96,completed
SE-0002517,ST-010,1,2026-05-13 10:02:00,2026-05-13 10:53:00,28.14,9.0,completed
SE-0011628,ST-033,1,2026-06-27 17:01:00,2026-06-27 17:52:00,25.11,8.04,completed
SE-0005113,ST-004,2,2026-05-26 22:28:00,2026-05-26 22:35:00,1.71,0.55,completed
SE-0000251,ST-011,2,2026-05-02 12:50:00,2026-05-02 13:26:00,17.85,5.71,completed
SE-0009864,ST-023,1,2026-06-18 05:03:00,2026-06-18 05:47:00,25.91,8.29,completed
SE-0011753,ST-015,1,2026-06-28 12:16:00,2026-06-28 13:11:00,18.93,6.06,completed
SE-0006550,ST-004,1,2026-06-02 03:20:00,2026-06-02 03:57:00,35.39,11.32,aborted
SE-0001921,ST-015,2,2026-05-10 04:17:00,2026-05-10 05:00:00,14.7,,completed
SE-0006868,ST-025,1,2026-06-03 07:56:00,2026-06-03 08:25:00,14.54,4.65,completed
SE-0008616,ST-023,2,2026-06-12 12:12:00,2026-06-12 13:16:00,47.84,15.31,completed
SE-0000335,ST-029,4,2026-05-02 10:33:00,2026-05-02 11:11:00,25.76,8.24,completed
SE-0002742,ST-012,1,2026-05-14 15:18:00,2026-05-14 15:50:00,17.87,5.72,completed
SE-0009567,ST-003,2,2026-06-17 03:28:00,2026-06-17 03:34:00,2.02,0.65,completed
SE-0009248,ST-022,3,2026-06-15 10:46:00,2026-06-15 11:22:00,19.34,6.19,completed
SE-0000629,ST-005,2,2026-05-04 03:41:00,2026-05-04 04:12:00,16.52,5.29,completed
SE-0003970,ST-022,6,2026-05-20 00:28:00,2026-05-20 01:10:00,9.87,,completed
SE-0010189,ST-020,2,2026-06-20 17:55:00,2026-06-20 18:38:00,16.44,5.26,completed
SE-0009476,ST-025,1,2026-06-16 04:47:00,2026-06-16 04:53:00,2.0,,completed
SE-0008412,ST-022,1,2026-06-11 22:21:00,2026-06-11 23:02:00,37.22,11.91,completed
SE-0002443,ST-041,4,2026-05-12 04:17:00,2026-05-12 05:13:00,23.66,7.57,completed
SE-0004351,ST-017,2,2026-05-22 16:07:00,2026-05-22 16:15:00,3140,1.0,completed
SE-0006571,ST-008,2,2026-06-02 13:41:00,2026-06-02 14:44:00,15.18,4.86,completed
SE-0011894,ST-006,6,2026-06-29 13:52:00,2026-06-29 14:29:00,26.36,8.44,completed
SE-0001380,ST-025,1,2026-05-07 15:13:00,2026-05-07 16:09:00,40.15,12.85,completed
SE-0004011,ST-028,2,2026-05-20 02:40:00,2026-05-20 03:26:00,26.75,8.56,completed
SE-0007155,ST-006,4,2026-06-05 11:56:00,2026-06-05 12:39:00,22.5,7.2,completed
SE-0012031,ST-033,2,2026-06-29 23:43:00,2026-06-30 00:44:00,41.49,13.28,completed
SE-0003005,ST-025,1,2026-05-15 07:42:00,2026-05-15 08:02:00,13.84,4.43,completed
SE-0004853,ST-032,3,2026-05-24 00:18:00,2026-05-24 01:17:00,39.59,12.67,completed
SE-0002788,ST-022,2,2026-05-14 00:44:00,2026-05-14 01:15:00,11.74,3.76,completed
SE-0003335,ST-006,5,2026-05-17 15:53:00,2026-05-17 16:13:00,19.31,6.18,completed
SE-0011078,ST-001,3,2026-06-25 14:09:00,2026-06-25 14:39:00,21.79,6.97,completed
SE-0001212,ST-034,2,2026-05-06 23:11:00,2026-05-07 00:03:00,28.92,9.25,completed
SE-0005427,ST-025,1,2026-05-27 04:57:00,2026-05-27 05:27:00,18.04,5.77,completed
SE-0005193,ST-022,1,2026-05-26 08:24:00,2026-05-26 09:07:00,8.94,2.86,completed
SE-0003077,ST-001,3,2026-05-16 14:12:00,2026-05-16 14:59:00,14.83,4.75,aborted
SE-0003857,ST-040,1,2026-05-19 19:18:00,2026-05-19 19:48:00,23.23,7.43,completed
SE-0006858,ST-022,4,2026-06-03 10:48:00,2026-06-03 11:13:00,14.97,4.79,aborted
SE-0002171,ST-021,1,2026-05-11 04:45:00,2026-05-11 04:53:00,5.41,1.73,completed
SE-0002289,ST-005,1,2026-05-12 16:53:00,2026-05-12 17:38:00,20.95,6.7,completed
SE-0010168,ST-015,2,2026-06-20 07:50:00,2026-06-20 08:26:00,19.52,6.25,completed
SE-0005514,ST-003,1,2026-05-28 23:23:00,2026-05-29 00:20:00,46.12,14.76,completed
SE-0004893,ST-001,3,2026-05-25 01:30:00,2026-05-25 01:48:00,13.71,4.39,completed
SE-0006209,ST-012,2,2026-05-31 21:23:00,2026-05-31 21:57:00,20.67,6.61,completed
SE-0003463,ST-041,2,2026-05-17 16:02:00,2026-05-17 16:44:00,16.73,5.35,completed
SE-0002942,ST-010,2,2026-05-15 07:43:00,2026-05-15 09:19:00,68.88,22.04,completed
SE-0008361,ST-013,2,2026-06-11 18:44:00,2026-06-11 19:41:00,28.6,9.15,completed
SE-0011552,ST-014,5,2026-06-27 12:48:00,2026-06-27 12:58:00,5.06,1.62,completed
SE-0004416,ST-031,5,2026-05-22 16:58:00,2026-05-22 18:10:00,45.77,14.65,completed
SE-0010557,ST-015,2,2026-06-22 20:46:00,2026-06-22 21:36:00,9.78,3.13,completed
SE-0001914,ST-014,6,2026-05-10 07:23:00,2026-05-10 08:05:00,37.21,11.91,completed
SE-0011423,ST-032,2,2026-06-26 13:53:00,2026-06-26 14:45:00,32.39,,completed
SE-0010132,ST-005,1,2026-06-20 08:41:00,2026-06-20 09:44:00,35.93,11.5,completed
SE-0009575,ST-005,2,2026-06-17 04:57:00,2026-06-17 05:59:00,55.08,17.63,completed
SE-0002884,ST-001,3,2026-05-15 15:50:00,2026-05-15 16:34:00,35.04,11.21,completed
SE-0004676,ST-041,2,2026-05-23 08:16:00,2026-05-23 09:28:00,21.87,7.0,completed
SE-0004986,ST-017,2,2026-05-25 20:01:00,2026-05-25 20:48:00,37640,12.04,completed
SE-0002644,ST-035,1,2026-05-13 16:40:00,2026-05-13 17:17:00,19.23,,completed
SE-0000258,ST-014,2,2026-05-02 22:16:00,2026-05-02 23:02:00,43.13,13.8,completed
SE-0006966,ST-007,5,2026-06-04 02:58:00,2026-06-04 03:53:00,31.04,,completed
SE-0007757,ST-006,2,2026-06-08 06:19:00,2026-06-08 06:25:00,2.45,0.78,completed
SE-0001127,ST-016,1,2026-05-06 23:37:00,2026-05-07 00:25:00,26.64,8.52,completed
SE-0010278,ST-001,4,2026-06-21 23:45:00,2026-06-22 00:19:00,18.74,6.0,completed
SE-0005513,ST-003,1,2026-05-28 10:38:00,2026-05-28 11:12:00,29.2,9.34,completed
SE-0001605,ST-028,2,2026-05-08 17:21:00,2026-05-08 18:20:00,21.06,,completed
SE-0006268,ST-025,1,2026-05-31 22:20:00,2026-05-31 23:27:00,27.94,8.94,completed
SE-0005592,ST-015,2,2026-05-28 16:38:00,2026-05-28 16:58:00,3.81,1.22,completed
SE-0002032,ST-037,3,2026-05-10 10:27:00,2026-05-10 10:41:00,7.55,2.42,completed
SE-0007625,ST-022,3,2026-06-07 10:19:00,2026-06-07 11:04:00,48.61,15.56,completed
SE-0007962,ST-005,2,2026-06-09 00:47:00,2026-06-09 02:10:00,59.31,18.98,completed
SE-0000867,ST-005,1,2026-05-05 10:40:00,2026-05-05 11:19:00,18.92,6.05,completed
SE-0011393,ST-023,1,2026-06-26 14:00:00,2026-06-26 14:57:00,47.29,15.13,completed
SE-0005981,ST-009,1,2026-05-30 02:59:00,2026-05-30 03:17:00,16.81,5.38,completed
SE-0002743,ST-012,1,2026-05-14 04:26:00,2026-05-14 04:42:00,7.64,2.44,completed
SE-0005144,ST-012,2,2026-05-26 17:26:00,2026-05-26 17:51:00,18.99,6.08,completed
SE-0007119,ST-001,1,2026-06-05 03:39:00,2026-06-05 03:45:00,2.98,0.95,completed
SE-0002692,ST-003,2,2026-05-14 19:20:00,2026-05-14 19:38:00,7.49,2.4,completed
SE-0002815,ST-023,2,2026-05-14 13:00:00,2026-05-14 13:48:00,22.58,7.23,completed
SE-0004186,ST-022,4,2026-05-21 00:07:00,2026-05-21 00:19:00,8.71,2.79,completed
SE-0002192,ST-024,2,2026-05-11 21:46:00,2026-05-11 22:34:00,35.45,11.34,completed
SE-0011265,ST-041,6,2026-06-25 10:18:00,2026-06-25 10:42:00,10.92,3.49,completed
SE-0008380,ST-015,2,2026-06-11 02:48:00,2026-06-11 03:01:00,8.09,2.59,completed
SE-0004792,ST-021,5,2026-05-24 15:31:00,2026-05-24 16:13:00,30.08,9.63,completed
SE-0000156,ST-033,1,2026-05-01 02:05:00,2026-05-01 02:54:00,27.52,8.81,completed
SE-0005054,ST-037,3,2026-05-25 16:44:00,2026-05-25 17:51:00,41.09,13.15,completed
SE-0002864,ST-040,2,2026-05-14 22:56:00,2026-05-14 23:51:00,24.42,7.81,completed
SE-0008829,ST-020,1,2026-06-13 13:29:00,2026-06-13 14:04:00,24.07,7.7,completed
SE-0003794,ST-023,1,2026-05-19 23:58:00,2026-05-20 00:34:00,23.95,7.66,completed
SE-0001844,ST-002,2,2026-05-10 21:09:00,2026-05-10 21:30:00,15.15,4.85,completed
SE-0001828,ST-041,3,2026-05-09 03:15:00,2026-05-09 03:51:00,11.76,3.76,completed
SE-0005727,ST-001,4,2026-05-29 11:45:00,2026-05-29 12:37:00,20.91,6.69,completed
SE-0000729,ST-022,3,2026-05-04 08:15:00,2026-05-04 08:53:00,31.12,9.96,completed
SE-0003083,ST-002,1,2026-05-16 13:13:00,2026-05-16 13:56:00,29.92,9.57,completed
SE-0003591,ST-023,2,2026-05-18 02:20:00,2026-05-18 03:18:00,17.72,,faulted
SE-0005783,ST-009,2,2026-05-29 12:49:00,2026-05-29 13:54:00,45.16,14.45,completed
SE-0008098,ST-001,3,2026-06-10 00:27:00,2026-06-10 01:16:00,26.76,8.56,completed
SE-0003786,ST-022,4,2026-05-19 12:08:00,2026-05-19 12:52:00,23.89,7.64,completed
SE-0010406,ST-022,4,2026-06-21 00:00:00,2026-06-21 00:27:00,15.87,5.08,completed
SE-0001856,ST-005,1,2026-05-10 04:21:00,2026-05-10 05:06:00,44.58,14.27,completed
SE-0009106,ST-033,2,2026-06-14 10:37:00,2026-06-14 11:32:00,28.45,9.1,completed
SE-0000617,ST-004,2,2026-05-04 18:59:00,2026-05-04 20:01:00,26.37,8.44,completed
SE-0000571,ST-041,6,2026-05-03 06:47:00,2026-05-03 07:48:00,7.64,2.44,completed
SE-0002469,ST-003,2,2026-05-13 20:58:00,2026-05-13 21:36:00,11.64,3.72,completed
SE-0007589,ST-014,1,2026-06-07 12:09:00,2026-06-07 12:30:00,12.25,3.92,completed
SE-0011153,ST-014,6,2026-06-25 10:13:00,2026-06-25 11:08:00,35.47,11.35,completed
SE-0010879,ST-001,2,2026-06-24 06:45:00,2026-06-24 08:03:00,47.23,15.11,completed
SE-0009617,ST-014,3,2026-06-17 15:33:00,2026-06-17 16:30:00,37.31,11.94,completed
SE-0002003,ST-032,2,2026-05-10 06:03:00,2026-05-10 06:48:00,41.98,13.43,completed
SE-0000171,ST-036,2,2026-05-01 23:57:00,2026-05-02 00:15:00,12.1,3.87,completed
SE-0008214,ST-022,1,2026-06-10 02:14:00,2026-06-10 02:34:00,15.87,5.08,completed
SE-0009429,ST-015,1,2026-06-16 04:55:00,2026-06-16 05:09:00,3.92,1.25,completed
SE-0004294,ST-006,3,2026-05-22 00:19:00,2026-05-22 01:01:00,15.0,4.8,completed
SE-0011362,ST-017,1,2026-06-26 21:21:00,2026-06-26 22:02:00,18530,5.93,completed
SE-0005079,ST-001,1,2026-05-26 14:37:00,2026-05-26 15:19:00,23.24,7.44,completed
SE-0001313,ST-015,2,2026-05-07 22:14:00,2026-05-07 22:56:00,5.3,1.7,completed
SE-0000548,ST-031,4,2026-05-03 21:12:00,2026-05-03 21:47:00,27.81,8.9,completed
SE-0009460,ST-022,5,2026-06-16 01:56:00,2026-06-16 02:15:00,10.7,3.42,completed
SE-0011886,ST-005,2,2026-06-29 00:35:00,2026-06-29 01:19:00,31.84,10.19,completed
SE-0004736,ST-008,2,2026-05-24 10:46:00,2026-05-24 11:36:00,36.71,11.75,completed
SE-0002939,ST-010,1,2026-05-15 20:11:00,2026-05-15 21:26:00,40.82,13.06,completed
SE-0008750,ST-006,3,2026-06-13 05:27:00,2026-06-13 05:33:00,3.61,1.16,completed
SE-0003530,ST-011,2,2026-05-18 20:02:00,2026-05-18 20:18:00,10.21,3.27,completed
SE-0011300,ST-005,2,2026-06-26 12:40:00,2026-06-26 13:41:00,34.6,11.07,completed
SE-0004744,ST-012,2,2026-05-24 05:37:00,2026-05-24 06:36:00,47.88,15.32,completed
SE-0009484,ST-025,2,2026-06-16 05:27:00,2026-06-16 06:18:00,44.6,14.27,completed
SE-0000953,ST-023,1,2026-05-05 04:03:00,2026-05-05 04:44:00,19.91,6.37,completed
SE-0006654,ST-023,1,2026-06-02 03:18:00,2026-06-02 03:34:00,0.59,0.19,faulted
SE-0002110,ST-006,2,2026-05-11 10:28:00,2026-05-11 10:50:00,13.65,4.37,completed
SE-0009105,ST-033,2,2026-06-14 12:54:00,2026-06-14 13:32:00,22.67,7.25,completed
SE-0010659,ST-041,1,2026-06-22 13:53:00,2026-06-22 14:37:00,9.94,3.18,completed
SE-0009243,ST-021,5,2026-06-15 22:12:00,2026-06-15 23:01:00,24.5,7.84,completed
SE-0003834,ST-033,1,2026-05-19 10:48:00,2026-05-19 11:29:00,28.64,9.16,completed
SE-0010175,ST-017,1,2026-06-20 06:59:00,2026-06-20 07:10:00,4420,1.41,completed
SE-0006508,ST-035,2,2026-06-01 15:57:00,2026-06-01 16:45:00,16.1,5.15,completed
SE-0006979,ST-010,2,2026-06-04 16:44:00,2026-06-04 17:10:00,7.63,2.44,completed
SE-0008501,ST-041,6,2026-06-11 00:39:00,2026-06-11 01:44:00,28.75,9.2,completed
SE-0003338,ST-006,6,2026-05-17 18:22:00,2026-05-17 19:18:00,46.32,14.82,completed
SE-0002782,ST-019,2,2026-05-14 14:03:00,2026-05-14 14:59:00,24.7,7.9,completed
SE-0002642,ST-035,2,2026-05-13 09:11:00,2026-05-13 09:55:00,15.12,4.84,completed
SE-0003457,ST-041,5,2026-05-17 23:48:00,2026-05-18 00:15:00,20.4,6.53,completed
SE-0002036,ST-040,2,2026-05-10 11:38:00,2026-05-10 11:50:00,7.28,2.33,completed
SE-0003760,ST-017,2,2026-05-19 04:19:00,2026-05-19 04:31:00,4390,1.4,completed
SE-0008892,ST-036,2,2026-06-13 14:08:00,2026-06-13 14:55:00,22.47,7.19,completed
SE-0002996,ST-023,1,2026-05-15 01:20:00,2026-05-15 02:14:00,44.07,14.1,completed
SE-0001501,ST-008,2,2026-05-08 16:18:00,2026-05-08 17:01:00,25.95,8.3,completed
SE-0005041,ST-033,1,2026-05-25 21:52:00,2026-05-25 22:26:00,4.19,1.34,completed
SE-0002384,ST-023,2,2026-05-12 08:35:00,2026-05-12 09:47:00,46.9,15.01,completed
SE-0009890,ST-028,1,2026-06-18 17:14:00,2026-06-18 17:56:00,25.27,8.09,completed
SE-0001178,ST-025,1,2026-05-06 04:24:00,2026-05-06 05:19:00,16.62,5.32,completed
SE-0005270,ST-041,5,2026-05-26 19:26:00,2026-05-26 20:20:00,26.93,8.62,completed
SE-0003694,ST-005,1,2026-05-19 04:30:00,2026-05-19 05:27:00,26.99,8.64,completed
SE-0006113,ST-033,2,2026-05-30 11:51:00,2026-05-30 12:40:00,12.53,4.01,completed
SE-0001197,ST-029,4,2026-05-06 13:17:00,2026-05-06 14:00:00,24.27,,completed
SE-0002733,ST-010,1,2026-05-14 19:45:00,2026-05-14 20:22:00,23.4,7.49,completed
SE-0007143,ST-005,2,2026-06-05 10:40:00,2026-06-05 11:32:00,15.61,5.0,completed
SE-0007126,ST-003,2,2026-06-05 11:12:00,2026-06-05 11:43:00,22.38,7.16,completed
SE-0006183,ST-006,1,2026-05-31 14:25:00,2026-05-31 15:20:00,26.86,8.6,completed
SE-0000817,ST-037,4,2026-05-04 06:42:00,2026-05-04 06:49:00,3.69,1.18,completed
SE-0004392,ST-025,1,2026-05-22 20:36:00,2026-05-22 21:11:00,12.29,3.93,completed
SE-0006486,ST-026,4,2026-06-01 09:56:00,2026-06-01 11:12:00,39.27,12.57,completed
SE-0007127,ST-003,2,2026-06-05 04:40:00,2026-06-05 04:57:00,5.55,1.78,completed
SE-0005815,ST-015,2,2026-05-29 02:45:00,2026-05-29 03:23:00,25.72,8.23,completed
SE-0000380,ST-041,6,2026-05-02 18:25:00,2026-05-02 18:57:00,19.27,6.17,completed
SE-0002977,ST-019,3,2026-05-15 06:16:00,2026-05-15 07:02:00,28.39,9.08,completed
SE-0001779,ST-026,4,2026-05-09 20:09:00,2026-05-09 20:50:00,22.07,7.06,completed
SE-0000842,ST-001,1,2026-05-05 03:46:00,2026-05-05 04:50:00,40.3,12.9,completed
SE-0006173,ST-005,1,2026-05-31 22:42:00,2026-05-31 23:31:00,6.0,1.92,completed
SE-0003129,ST-009,2,2026-05-16 04:58:00,2026-05-16 05:54:00,24.57,7.86,completed
SE-0004004,ST-025,1,2026-05-20 00:53:00,2026-05-20 01:40:00,12.36,3.96,completed
SE-0003729,ST-009,1,2026-05-19 04:35:00,2026-05-19 05:09:00,22.21,7.11,completed
SE-0004898,ST-002,2,2026-05-25 19:48:00,2026-05-25 20:34:00,27.36,8.76,completed
SE-0006749,ST-005,2,2026-06-03 19:19:00,2026-06-03 19:58:00,20.03,6.41,completed
SE-0008559,ST-010,2,2026-06-12 20:48:00,2026-06-12 21:05:00,8.75,2.8,completed
SE-0007122,ST-001,3,2026-06-05 12:01:00,2026-06-05 12:47:00,34.25,10.96,completed
SE-0011538,ST-012,2,2026-06-27 20:14:00,2026-06-27 21:00:00,34.48,11.03,completed
SE-0000105,ST-022,4,2026-05-01 19:58:00,2026-05-01 20:51:00,17.81,5.7,completed
SE-0001363,ST-023,2,2026-05-07 00:21:00,2026-05-07 01:22:00,37.08,11.87,completed
SE-0003177,ST-017,1,2026-05-16 08:23:00,2026-05-16 08:54:00,18760,6.0,completed
SE-0002529,ST-012,1,2026-05-13 05:35:00,2026-05-13 06:25:00,29.42,9.41,completed
SE-0005672,ST-029,4,2026-05-28 11:15:00,2026-05-28 11:58:00,16.84,5.39,completed
SE-0008142,ST-008,1,2026-06-10 23:29:00,2026-06-11 00:25:00,27.83,8.91,completed
SE-0004903,ST-003,2,2026-05-25 07:50:00,2026-05-25 08:14:00,20.16,,completed
SE-0004239,ST-036,2,2026-05-21 21:01:00,2026-05-21 22:06:00,42.56,13.62,completed
SE-0008797,ST-015,2,2026-06-13 20:59:00,2026-06-13 21:50:00,30.84,9.87,aborted
SE-0004466,ST-041,5,2026-05-22 11:33:00,2026-05-22 12:24:00,29.67,9.49,completed
SE-0002072,ST-002,1,2026-05-11 09:32:00,2026-05-11 10:17:00,22.63,7.24,completed
SE-0009174,ST-006,4,2026-06-15 17:15:00,2026-06-15 17:22:00,3.62,,completed
SE-0005143,ST-012,2,2026-05-26 18:04:00,2026-05-26 18:10:00,1.5,0.48,completed
SE-0002038,ST-041,6,2026-05-10 02:18:00,2026-05-10 02:58:00,21.66,6.93,completed
SE-0000248,ST-010,1,2026-05-02 15:28:00,2026-05-02 16:00:00,16.04,5.13,completed
SE-0000991,ST-033,1,2026-05-05 13:40:00,2026-05-05 14:18:00,18.56,5.94,completed
SE-0005360,ST-014,3,2026-05-27 03:52:00,2026-05-27 04:17:00,17.53,5.61,completed
SE-0008443,ST-026,3,2026-06-11 20:08:00,2026-06-11 20:41:00,15.64,5.0,completed
SE-0001182,ST-025,1,2026-05-06 08:46:00,2026-05-06 09:15:00,20.9,6.69,completed
SE-0009414,ST-013,1,2026-06-16 07:33:00,2026-06-16 08:12:00,21.01,6.72,completed
SE-0001100,ST-014,2,2026-05-06 05:16:00,2026-05-06 05:22:00,2.89,0.92,completed
SE-0001710,ST-015,2,2026-05-09 20:51:00,2026-05-09 21:10:00,20.47,6.55,completed
SE-0001097,ST-012,2,2026-05-06 01:55:00,2026-05-06 03:20:00,22.06,7.06,completed
SE-0000668,ST-012,1,2026-05-04 23:13:00,2026-05-04 23:51:00,27.04,8.65,completed
SE-0006349,ST-003,2,2026-06-01 23:46:00,2026-06-02 01:08:00,59.02,18.89,completed
SE-0008741,ST-006,6,2026-06-13 21:51:00,2026-06-13 22:34:00,27.14,8.68,completed
SE-0004006,ST-025,2,2026-05-20 16:11:00,2026-05-20 16:43:00,16.38,5.24,completed
SE-0000527,ST-025,1,2026-05-03 10:57:00,2026-05-03 11:21:00,10.45,3.34,completed
SE-0002930,ST-008,1,2026-05-15 10:11:00,2026-05-15 10:28:00,13.11,4.2,completed
SE-0003475,ST-001,3,2026-05-18 20:05:00,2026-05-18 20:31:00,5.66,1.81,completed
SE-0003933,ST-014,6,2026-05-20 02:42:00,2026-05-20 03:33:00,46.1,14.75,completed
SE-0008425,ST-023,2,2026-06-11 12:23:00,2026-06-11 13:29:00,41.92,13.41,completed
SE-0002721,ST-007,5,2026-05-14 07:38:00,2026-05-14 08:09:00,24.44,7.82,completed
SE-0004589,ST-022,1,2026-05-23 12:03:00,2026-05-23 12:36:00,28.2,9.02,completed
SE-0000450,ST-012,1,2026-05-03 08:50:00,2026-05-03 09:37:00,18.46,5.91,completed
SE-0008956,ST-006,6,2026-06-14 08:34:00,2026-06-14 09:29:00,24.94,7.98,completed
SE-0002493,ST-006,5,2026-05-13 05:27:00,2026-05-13 06:14:00,31.7,10.14,completed
SE-0001291,ST-009,1,2026-05-07 11:32:00,2026-05-07 12:24:00,15.07,4.82,completed
SE-0010728,ST-008,2,2026-06-23 01:50:00,2026-06-23 01:57:00,4.49,1.44,completed
SE-0011419,ST-029,1,2026-06-26 05:11:00,2026-06-26 06:00:00,21.67,6.93,completed
SE-0004237,ST-035,1,2026-05-21 08:03:00,2026-05-21 08:18:00,8.53,2.73,completed
SE-0005231,ST-031,1,2026-05-26 07:51:00,2026-05-26 08:38:00,20.79,6.65,completed
SE-0009104,ST-033,2,2026-06-14 13:45:00,2026-06-14 14:25:00,20.39,6.52,completed
SE-0002620,ST-030,4,2026-05-13 03:56:00,2026-05-13 04:34:00,11.68,3.74,completed
SE-0010676,ST-001,1,2026-06-23 23:33:00,2026-06-24 00:51:00,25.39,8.12,completed
SE-0003495,ST-004,1,2026-05-18 23:20:00,2026-05-18 23:43:00,12.27,3.93,completed
SE-0000281,ST-017,2,2026-05-02 21:46:00,2026-05-02 22:16:00,21200,6.78,completed
SE-0002949,ST-013,2,2026-05-15 12:40:00,2026-05-15 13:26:00,40.61,,completed
SE-0002084,ST-004,2,2026-05-11 08:10:00,2026-05-11 08:40:00,21.04,6.73,completed
SE-0000154,ST-033,2,2026-05-01 13:07:00,2026-05-01 13:25:00,11.59,3.71,completed
SE-0008801,ST-015,2,2026-06-13 00:31:00,2026-06-13 00:59:00,24.44,7.82,aborted
SE-0000307,ST-023,2,2026-05-02 19:59:00,2026-05-02 20:43:00,19.51,6.24,completed
SE-0011146,ST-014,6,2026-06-25 18:09:00,2026-06-25 18:53:00,35.38,11.32,completed
SE-0006912,ST-039,1,2026-06-03 13:18:00,2026-06-03 14:02:00,20.38,6.52,completed
SE-0004854,ST-032,2,2026-05-24 22:28:00,2026-05-24 23:59:00,61.99,19.84,completed
SE-0010276,ST-001,1,2026-06-21 14:13:00,2026-06-21 14:36:00,12.85,4.11,completed
SE-0011671,ST-042,1,2026-06-27 06:06:00,2026-06-27 06:41:00,14.42,4.61,completed
SE-0002926,ST-006,3,2026-05-15 06:55:00,2026-05-15 07:35:00,29.81,9.54,completed
SE-0003364,ST-014,3,2026-05-17 15:56:00,2026-05-17 16:25:00,13.5,4.32,completed
SE-0006257,ST-022,1,2026-05-31 15:31:00,2026-05-31 16:07:00,25.38,8.12,completed
SE-0003274,ST-039,1,2026-05-16 20:44:00,2026-05-16 21:25:00,13.58,4.35,completed
SE-0005217,ST-025,2,2026-05-26 09:59:00,2026-05-26 10:44:00,27.69,8.86,completed
SE-0002882,ST-041,3,2026-05-14 05:38:00,2026-05-14 06:14:00,18.06,5.78,completed
SE-0004848,ST-029,2,2026-05-24 01:54:00,2026-05-24 02:55:00,39.64,12.68,completed
SE-0004661,ST-036,1,2026-05-23 08:04:00,2026-05-23 08:33:00,12.48,3.99,completed
SE-0009702,ST-033,2,2026-06-17 14:42:00,2026-06-17 15:49:00,33.05,10.58,completed
SE-0010086,ST-034,1,2026-06-19 08:05:00,2026-06-19 08:57:00,41.52,13.29,completed
SE-0002609,ST-028,2,2026-05-13 03:52:00,2026-05-13 04:32:00,20.91,6.69,completed
SE-0007769,ST-006,3,2026-06-08 08:00:00,2026-06-08 08:51:00,26.01,8.32,completed
SE-0011161,ST-015,1,2026-06-25 20:07:00,2026-06-25 20:36:00,10.96,3.51,completed
SE-0010864,ST-041,3,2026-06-23 21:47:00,2026-06-23 22:22:00,19.51,6.24,completed
SE-0008512,ST-001,1,2026-06-12 07:23:00,2026-06-12 07:29:00,3.27,1.05,completed
SE-0008596,ST-017,2,2026-06-12 09:43:00,2026-06-12 09:59:00,6810,2.18,completed
SE-0005408,ST-022,1,2026-05-27 12:49:00,2026-05-27 13:23:00,11.73,3.75,completed
SE-0007674,ST-029,4,2026-06-07 23:31:00,2026-06-07 23:40:00,4.67,1.49,completed
SE-0001675,ST-006,3,2026-05-09 14:59:00,2026-05-09 15:54:00,32.4,,completed
SE-0002236,ST-034,1,2026-05-11 01:26:00,2026-05-11 02:02:00,13.16,4.21,completed
SE-0001067,ST-005,2,2026-05-06 10:24:00,2026-05-06 10:56:00,17.31,5.54,completed
SE-0011375,ST-022,3,2026-06-26 07:10:00,2026-06-26 08:00:00,18.42,,aborted
SE-0001005,ST-035,1,2026-05-05 18:03:00,2026-05-05 18:49:00,32.06,10.26,completed
SE-0009448,ST-017,1,2026-06-16 15:06:00,2026-06-16 15:57:00,28140,9.0,completed
SE-0005730,ST-002,2,2026-05-29 06:00:00,2026-05-29 06:53:00,46.31,14.82,completed
SE-0002155,ST-017,2,2026-05-11 01:12:00,2026-05-11 02:34:00,55610,17.8,completed
SE-0011513,ST-007,5,2026-06-27 07:17:00,2026-06-27 07:57:00,11.17,3.57,completed
SE-0001467,ST-003,2,2026-05-08 19:10:00,2026-05-08 19:33:00,15.83,5.07,completed
SE-0001394,ST-028,1,2026-05-07 13:10:00,2026-05-07 13:39:00,7.73,2.47,completed
SE-0004179,ST-017,2,2026-05-21 02:55:00,2026-05-21 03:41:00,21850,6.99,completed
SE-0002357,ST-017,2,2026-05-12 16:50:00,2026-05-12 17:14:00,15580,4.99,completed
SE-0009063,ST-023,1,2026-06-14 10:43:00,2026-06-14 11:01:00,7.93,2.54,completed
SE-0011454,ST-041,5,2026-06-26 22:12:00,2026-06-26 22:23:00,5.06,1.62,completed
SE-0001658,ST-003,2,2026-05-09 16:08:00,2026-05-09 16:27:00,17.19,5.5,completed
SE-0005076,ST-001,2,2026-05-26 19:50:00,2026-05-26 20:38:00,31.97,10.23,completed
SE-0008151,ST-010,1,2026-06-10 01:40:00,2026-06-10 02:31:00,31.79,10.17,completed
SE-0010271,ST-042,2,2026-06-20 07:34:00,2026-06-20 08:29:00,39.52,12.65,completed
SE-0011021,ST-030,2,2026-06-24 15:25:00,2026-06-24 16:28:00,24.57,7.86,completed
SE-0003551,ST-015,2,2026-05-18 00:01:00,2026-05-18 00:10:00,3.22,1.03,completed
SE-0003777,ST-022,3,2026-05-19 06:52:00,2026-05-19 07:46:00,31.29,10.01,completed
SE-0010424,ST-025,1,2026-06-21 12:27:00,2026-06-21 13:25:00,21.04,6.73,completed
SE-0000079,ST-017,1,2026-05-01 21:48:00,2026-05-01 22:32:00,16140,5.16,aborted
SE-0006074,ST-023,2,2026-05-30 14:18:00,2026-05-30 15:01:00,22.05,7.06,completed
SE-0004385,ST-023,2,2026-05-22 13:51:00,2026-05-22 14:18:00,8.83,2.83,completed
SE-0004029,ST-033,2,2026-05-20 14:19:00,2026-05-20 15:00:00,29.26,9.36,completed
SE-0001904,ST-012,2,2026-05-10 07:51:00,2026-05-10 08:40:00,21.15,6.77,completed
SE-0008713,ST-003,2,2026-06-13 01:28:00,2026-06-13 02:10:00,27.01,8.64,completed
SE-0004724,ST-006,2,2026-05-24 02:17:00,2026-05-24 03:04:00,37.37,11.96,completed
SE-0001474,ST-005,1,2026-05-08 19:03:00,2026-05-08 20:01:00,40.57,12.98,completed
SE-0008329,ST-006,5,2026-06-11 09:22:00,2026-06-11 10:01:00,25.96,8.31,completed
SE-0000590,ST-001,2,2026-05-04 11:01:00,2026-05-04 11:31:00,20.02,6.41,completed
SE-0011686,ST-003,2,2026-06-28 18:31:00,2026-06-28 19:05:00,24.18,7.74,completed
SE-0005897,ST-033,2,2026-05-29 03:39:00,2026-05-29 04:41:00,34.64,11.08,completed
SE-0011445,ST-038,2,2026-06-26 10:12:00,2026-06-26 11:06:00,29.66,9.49,completed
SE-0011150,ST-014,5,2026-06-25 19:11:00,2026-06-25 19:48:00,20.14,6.44,completed
SE-0004063,ST-001,2,2026-05-21 14:07:00,2026-05-21 14:43:00,20.77,6.65,completed
SE-0011988,ST-023,1,2026-06-29 18:57:00,2026-06-29 19:33:00,33.94,10.86,completed
SE-0009726,ST-041,3,2026-06-17 19:19:00,2026-06-17 19:27:00,2.39,0.76,completed
SE-0000216,ST-005,2,2026-05-02 00:43:00,2026-05-02 01:04:00,11.12,3.56,completed
SE-0006853,ST-022,1,2026-06-03 14:33:00,2026-06-03 15:28:00,49.34,15.79,completed
SE-0000225,ST-005,2,2026-05-02 00:32:00,2026-05-02 01:18:00,31.1,9.95,completed
SE-0000469,ST-015,1,2026-05-03 00:01:00,2026-05-03 00:51:00,19.22,6.15,completed
SE-0011239,ST-033,2,2026-06-25 08:21:00,2026-06-25 09:03:00,20.84,6.67,completed
SE-0008966,ST-009,2,2026-06-14 00:49:00,2026-06-14 01:37:00,33.25,10.64,completed
SE-0008960,ST-006,6,2026-06-14 16:57:00,2026-06-14 17:24:00,16.68,5.34,completed
SE-0007320,ST-001,3,2026-06-06 06:10:00,2026-06-06 06:53:00,10.35,3.31,completed
SE-0001719,ST-016,2,2026-05-09 12:35:00,2026-05-09 12:58:00,14.98,4.79,completed
SE-0010018,ST-016,2,2026-06-19 18:31:00,2026-06-19 19:26:00,31.12,9.96,completed
SE-0011527,ST-009,1,2026-06-27 11:45:00,2026-06-27 12:22:00,8.59,2.75,completed
SE-0009835,ST-017,1,2026-06-18 06:28:00,2026-06-18 07:18:00,18070,5.78,aborted
SE-0007265,ST-026,1,2026-06-05 14:30:00,2026-06-05 14:40:00,6.19,1.98,completed
SE-0005545,ST-006,5,2026-05-28 12:50:00,2026-05-28 13:27:00,11.21,3.59,completed
SE-0005085,ST-001,1,2026-05-26 09:53:00,2026-05-26 10:47:00,21.16,6.77,completed
SE-0009288,ST-033,2,2026-06-15 18:46:00,2026-06-15 19:27:00,21.45,6.86,completed
SE-0011364,ST-017,2,2026-06-26 03:42:00,2026-06-26 04:39:00,44300,14.18,aborted
SE-0007756,ST-005,2,2026-06-08 15:07:00,2026-06-08 15:30:00,15.12,4.84,completed
SE-0002994,ST-023,1,2026-05-15 15:21:00,2026-05-15 16:02:00,17.28,5.53,completed
SE-0003175,ST-016,2,2026-05-16 08:34:00,2026-05-16 08:57:00,15.05,4.82,completed
SE-0001510,ST-010,2,2026-05-08 02:56:00,2026-05-08 03:54:00,41.43,13.26,completed
SE-0011577,ST-017,2,2026-06-27 09:12:00,2026-06-27 09:48:00,17170,5.49,completed
SE-0011024,ST-031,1,2026-06-24 18:31:00,2026-06-24 19:07:00,18.82,6.02,completed
SE-0005713,ST-041,2,2026-05-28 16:51:00,2026-05-28 17:37:00,29.7,9.5,completed
SE-0002980,ST-020,2,2026-05-15 10:56:00,2026-05-15 11:47:00,32.87,10.52,completed
SE-0003416,ST-025,1,2026-05-17 15:06:00,2026-05-17 15:58:00,27.15,8.69,completed
SE-0009592,ST-008,1,2026-06-17 01:19:00,2026-06-17 02:06:00,25.71,8.23,completed
SE-0004272,ST-003,1,2026-05-22 22:19:00,2026-05-22 22:46:00,11.33,3.63,completed
SE-0009428,ST-015,2,2026-06-16 13:33:00,2026-06-16 14:09:00,23.76,7.6,completed
SE-0003319,ST-004,2,2026-05-17 01:35:00,2026-05-17 01:41:00,2.99,0.96,completed
SE-0005180,ST-019,4,2026-05-26 21:27:00,2026-05-26 21:57:00,16.23,5.19,completed
SE-0006431,ST-016,2,2026-06-01 11:19:00,2026-06-01 12:13:00,35.33,11.31,completed
SE-0000213,ST-004,2,2026-05-02 00:10:00,2026-05-02 00:32:00,17.21,5.51,completed
SE-0011524,ST-009,2,2026-06-27 20:59:00,2026-06-27 22:17:00,33.97,10.87,completed
SE-0009498,ST-029,4,2026-06-16 09:02:00,2026-06-16 10:04:00,26.08,8.35,completed
SE-0011083,ST-001,2,2026-06-25 05:23:00,2026-06-25 06:03:00,13.02,4.17,completed
SE-0010501,ST-003,2,2026-06-22 08:22:00,2026-06-22 08:33:00,7.42,2.37,completed
SE-0006513,ST-036,1,2026-06-01 16:09:00,2026-06-01 16:53:00,12.63,4.04,completed
SE-0004719,ST-005,2,2026-05-24 05:46:00,2026-05-24 06:27:00,19.21,6.15,completed
SE-0007819,ST-017,2,2026-06-08 09:43:00,2026-06-08 10:19:00,12440,3.98,completed
SE-0004037,ST-035,2,2026-05-20 02:27:00,2026-05-20 03:29:00,45.8,14.66,completed
SE-0007666,ST-025,1,2026-06-07 22:44:00,2026-06-07 23:06:00,9.68,3.1,completed
SE-0004191,ST-022,3,2026-05-21 07:14:00,2026-05-21 08:17:00,26.82,8.58,completed
SE-0000110,ST-023,1,2026-05-01 08:07:00,2026-05-01 08:36:00,6.86,2.2,faulted
SE-0008945,ST-005,2,2026-06-14 09:56:00,2026-06-14 11:03:00,39.59,12.67,completed
SE-0008352,ST-010,2,2026-06-11 17:54:00,2026-06-11 18:08:00,7.35,2.35,completed
SE-0004632,ST-025,2,2026-05-23 20:47:00,2026-05-23 21:04:00,10.44,3.34,completed
SE-0007847,ST-022,5,2026-06-08 04:46:00,2026-06-08 05:14:00,10.78,3.45,aborted
SE-0002531,ST-013,1,2026-05-13 01:20:00,2026-05-13 01:30:00,3.48,1.11,completed
SE-0009815,ST-014,1,2026-06-18 06:56:00,2026-06-18 07:32:00,17.17,5.49,completed
SE-0008050,ST-025,2,2026-06-09 17:48:00,2026-06-09 18:08:00,13.01,4.16,completed
SE-0005348,ST-013,2,2026-05-27 09:55:00,2026-05-27 10:40:00,32.31,10.34,completed
SE-0009716,ST-036,4,2026-06-17 23:17:00,2026-06-17 23:34:00,13.02,4.17,completed
SE-0008519,ST-003,1,2026-06-12 19:40:00,2026-06-12 20:42:00,27.98,8.95,completed
SE-0011438,ST-035,2,2026-06-26 09:15:00,2026-06-26 10:15:00,33.58,10.75,completed
SE-0008568,ST-014,5,2026-06-12 05:44:00,2026-06-12 06:34:00,42.45,13.58,completed
SE-0005714,ST-041,6,2026-05-28 02:45:00,2026-05-28 03:26:00,26.37,8.44,completed
SE-0005148,ST-014,2,2026-05-26 18:44:00,2026-05-26 19:12:00,20.4,,completed
SE-0008316,ST-005,1,2026-06-11 06:14:00,2026-06-11 06:43:00,9.58,3.07,completed
SE-0010636,ST-033,1,2026-06-22 19:46:00,2026-06-22 20:33:00,31.4,10.05,completed
SE-0001469,ST-003,1,2026-05-08 07:47:00,2026-05-08 08:38:00,36.7,11.74,completed
SE-0005280,ST-041,3,2026-05-26 18:06:00,2026-05-26 18:47:00,20.93,6.7,completed
SE-0007014,ST-016,2,2026-06-04 22:02:00,2026-06-04 23:03:00,40.02,12.81,completed
SE-0001262,ST-004,2,2026-05-07 17:43:00,2026-05-07 18:46:00,31.15,9.97,completed
SE-0001930,ST-017,2,2026-05-10 22:50:00,2026-05-10 23:19:00,19390,6.2,completed
SE-0002569,ST-018,6,2026-05-13 23:10:00,2026-05-13 23:16:00,2.0,0.64,completed
SE-0012011,ST-026,6,2026-06-29 08:35:00,2026-06-29 09:40:00,51.24,16.4,completed
SE-0010263,ST-041,5,2026-06-20 20:03:00,2026-06-20 21:13:00,30.59,9.79,completed
SE-0003444,ST-035,2,2026-05-17 16:44:00,2026-05-17 17:33:00,29.39,9.4,completed
SE-0005199,ST-023,2,2026-05-26 22:06:00,2026-05-26 22:57:00,33.92,10.85,completed
SE-0001838,ST-001,1,2026-05-10 07:54:00,2026-05-10 08:05:00,8.07,2.58,completed
SE-0002174,ST-022,3,2026-05-11 15:19:00,2026-05-11 15:55:00,22.14,7.08,completed
SE-0003380,ST-016,2,2026-05-17 05:16:00,2026-05-17 06:08:00,41.84,13.39,completed
SE-0004951,ST-012,1,2026-05-25 23:04:00,2026-05-25 23:41:00,10.29,3.29,completed
SE-0000802,ST-033,2,2026-05-04 11:43:00,2026-05-04 12:29:00,22.14,7.08,completed
SE-0005227,ST-029,4,2026-05-26 10:58:00,2026-05-26 11:23:00,11.0,,completed
SE-0010130,ST-004,1,2026-06-20 01:04:00,2026-06-20 01:46:00,15.36,4.92,completed
SE-0011711,ST-006,5,2026-06-28 06:41:00,2026-06-28 07:19:00,23.0,7.36,completed
SE-0008908,ST-041,5,2026-06-13 08:06:00,2026-06-13 08:58:00,18.17,5.81,completed
SE-0003414,ST-025,1,2026-05-17 04:10:00,2026-05-17 04:59:00,24.91,7.97,completed
SE-0004307,ST-008,2,2026-05-22 23:36:00,2026-05-23 00:06:00,16.33,5.23,completed
SE-0011422,ST-031,5,2026-06-26 01:58:00,2026-06-26 02:32:00,22.29,7.13,completed
SE-0006542,ST-003,2,2026-06-02 14:02:00,2026-06-02 14:50:00,13.55,4.34,completed
SE-0010198,ST-022,6,2026-06-20 17:57:00,2026-06-20 18:31:00,19.39,6.2,completed
SE-0008211,ST-021,1,2026-06-10 19:55:00,2026-06-10 20:32:00,10.14,3.24,completed
SE-0000710,ST-017,1,2026-05-04 22:07:00,2026-05-04 22:59:00,16630,,completed
SE-0001504,ST-009,2,2026-05-08 10:22:00,2026-05-08 11:13:00,36.8,11.78,completed
SE-0006967,ST-007,5,2026-06-04 14:20:00,2026-06-04 15:04:00,17.38,5.56,completed
SE-0011348,ST-015,1,2026-06-26 18:12:00,2026-06-26 18:38:00,14.95,4.78,completed
SE-0001962,ST-023,1,2026-05-10 04:00:00,2026-05-10 04:43:00,22.29,7.13,completed
SE-0003719,ST-008,2,2026-05-19 16:27:00,2026-05-19 16:49:00,18.03,5.77,completed
SE-0002346,ST-014,6,2026-05-12 23:24:00,2026-05-13 00:06:00,17.31,5.54,completed
SE-0011892,ST-006,5,2026-06-29 06:02:00,2026-06-29 06:53:00,22.57,7.22,completed
SE-0000246,ST-010,1,2026-05-02 23:54:00,2026-05-03 00:37:00,21.28,6.81,completed
SE-0003222,ST-025,2,2026-05-16 02:06:00,2026-05-16 03:15:00,51.18,16.38,completed
SE-0002557,ST-017,1,2026-05-13 11:29:00,2026-05-13 11:58:00,14310,4.58,completed
SE-0009854,ST-022,1,2026-06-18 11:30:00,2026-06-18 11:58:00,18.12,5.8,completed
SE-0003962,ST-020,1,2026-05-20 16:19:00,2026-05-20 16:36:00,7.8,2.5,completed
SE-0007025,ST-017,2,2026-06-04 17:02:00,2026-06-04 17:40:00,20050,6.42,completed
SE-0008355,ST-012,1,2026-06-11 21:25:00,2026-06-11 22:27:00,38.37,,completed
SE-0006546,ST-003,1,2026-06-02 13:52:00,2026-06-02 14:35:00,31.24,10.0,completed
SE-0002928,ST-007,5,2026-05-15 11:35:00,2026-05-15 12:00:00,15.35,4.91,completed
SE-0002989,ST-022,2,2026-05-15 11:59:00,2026-05-15 12:20:00,12.42,3.97,completed
SE-0010675,ST-001,3,2026-06-23 08:45:00,2026-06-23 09:15:00,12.53,4.01,aborted
SE-0008299,ST-003,1,2026-06-11 05:38:00,2026-06-11 06:06:00,15.24,4.88,completed
SE-0002938,ST-010,1,2026-05-15 04:33:00,2026-05-15 05:01:00,17.46,5.59,completed
SE-0003212,ST-023,2,2026-05-16 15:17:00,2026-05-16 15:38:00,11.8,3.78,completed
SE-0000286,ST-018,3,2026-05-02 09:23:00,2026-05-02 10:38:00,19.34,6.19,completed
SE-0005525,ST-005,2,2026-05-28 01:04:00,2026-05-28 02:07:00,27.77,8.89,completed
SE-0011308,ST-006,6,2026-06-26 19:00:00,2026-06-26 20:04:00,44.29,14.17,completed
SE-0011400,ST-025,2,2026-06-26 15:06:00,2026-06-26 15:49:00,32.57,10.42,completed
SE-0007978,ST-010,1,2026-06-09 16:58:00,2026-06-09 17:14:00,10.26,3.28,completed
SE-0006807,ST-014,5,2026-06-03 00:47:00,2026-06-03 01:44:00,27.15,8.69,completed
SE-0010209,ST-023,2,2026-06-20 08:07:00,2026-06-20 08:14:00,4.26,1.36,completed
SE-0009348,ST-004,3,2026-06-16 07:46:00,2026-06-16 08:22:00,11.12,,completed
SE-0004920,ST-005,1,2026-05-25 11:31:00,2026-05-25 12:08:00,22.35,7.15,completed
SE-0011558,ST-014,3,2026-06-27 13:28:00,2026-06-27 14:19:00,20.0,,completed
SE-0008216,ST-022,5,2026-06-10 02:46:00,2026-06-10 03:12:00,14.13,4.52,completed
SE-0006849,ST-021,2,2026-06-03 05:16:00,2026-06-03 05:47:00,15.53,4.97,completed
SE-0010867,ST-041,3,2026-06-23 18:11:00,2026-06-23 19:02:00,33.36,10.68,completed
SE-0002306,ST-006,5,2026-05-12 19:39:00,2026-05-12 19:58:00,7.79,2.49,completed
SE-0004017,ST-031,3,2026-05-20 18:25:00,2026-05-20 19:12:00,38.31,12.26,aborted
SE-0008769,ST-009,2,2026-06-13 06:38:00,2026-06-13 07:08:00,14.19,,completed
SE-0002879,ST-041,2,2026-05-14 22:26:00,2026-05-14 22:55:00,14.08,,completed
SE-0004409,ST-029,4,2026-05-22 12:28:00,2026-05-22 13:28:00,17.48,5.59,completed
SE-0002528,ST-012,1,2026-05-13 06:31:00,2026-05-13 07:04:00,11.29,3.61,completed
SE-0003413,ST-025,1,2026-05-17 09:09:00,2026-05-17 09:34:00,17.84,5.71,completed
SE-0010590,ST-022,4,2026-06-22 17:17:00,2026-06-22 17:53:00,17.21,5.51,completed
SE-0002674,ST-001,2,2026-05-14 09:42:00,2026-05-14 10:27:00,19.61,6.28,completed
SE-0004790,ST-020,1,2026-05-24 12:46:00,2026-05-24 13:53:00,38.53,12.33,completed
SE-0004821,ST-025,2,2026-05-24 15:43:00,2026-05-24 16:15:00,14.95,4.78,completed
SE-0000959,ST-023,2,2026-05-05 18:17:00,2026-05-05 19:08:00,5.09,1.63,faulted
SE-0007535,ST-003,1,2026-06-07 22:15:00,2026-06-07 22:53:00,23.15,7.41,completed
SE-0003485,ST-003,1,2026-05-18 03:05:00,2026-05-18 03:49:00,18.44,5.9,completed
SE-0006478,ST-025,2,2026-06-01 15:47:00,2026-06-01 16:12:00,12.1,3.87,completed
SE-0001750,ST-022,4,2026-05-09 07:13:00,2026-05-09 07:45:00,12.81,4.1,completed
SE-0010191,ST-022,4,2026-06-20 16:50:00,2026-06-20 17:44:00,21.68,6.94,completed
SE-0003991,ST-023,1,2026-05-20 15:00:00,2026-05-20 15:56:00,20.96,6.71,faulted
SE-0007830,ST-017,2,2026-06-08 03:22:00,2026-06-08 03:57:00,17250,5.52,completed
SE-0006107,ST-032,2,2026-05-30 20:34:00,2026-05-30 21:28:00,16.31,5.22,completed
SE-0009443,ST-017,1,2026-06-16 23:29:00,2026-06-17 00:17:00,23670,7.57,completed
SE-0006308,ST-037,3,2026-05-31 12:40:00,2026-05-31 13:18:00,18.63,5.96,completed
SE-0010640,ST-034,2,2026-06-22 22:03:00,2026-06-22 23:11:00,30.45,,completed
SE-0007308,ST-041,1,2026-06-05 19:55:00,2026-06-05 20:57:00,26.14,8.36,completed
SE-0010314,ST-004,4,2026-06-21 11:55:00,2026-06-21 13:15:00,56.0,17.92,completed
SE-0000210,ST-003,2,2026-05-02 02:27:00,2026-05-02 02:49:00,18.67,5.97,completed
SE-0003186,ST-020,2,2026-05-16 19:10:00,2026-05-16 20:21:00,42.72,13.67,completed
SE-0001582,ST-023,1,2026-05-08 04:00:00,2026-05-08 04:53:00,17.64,5.64,completed
SE-0004120,ST-007,6,2026-05-21 07:49:00,2026-05-21 08:25:00,28.46,9.11,completed
SE-0009624,ST-015,1,2026-06-17 08:14:00,2026-06-17 09:37:00,45.62,,completed
SE-0000282,ST-017,2,2026-05-02 21:36:00,2026-05-02 22:07:00,24510,7.84,completed
SE-0004538,ST-012,2,2026-05-23 13:47:00,2026-05-23 14:04:00,10.02,3.21,aborted
SE-0010833,ST-033,2,2026-06-23 20:56:00,2026-06-23 21:47:00,29.03,9.29,completed
SE-0005324,ST-006,3,2026-05-27 14:01:00,2026-05-27 14:57:00,42.95,13.74,completed
SE-0010511,ST-005,1,2026-06-22 05:54:00,2026-06-22 06:52:00,9.89,3.16,completed
SE-0009563,ST-003,1,2026-06-17 23:39:00,2026-06-18 00:14:00,5.99,1.92,completed
SE-0000860,ST-004,3,2026-05-05 02:50:00,2026-05-05 03:53:00,32.48,10.39,completed
SE-0007554,ST-005,2,2026-06-07 02:37:00,2026-06-07 03:23:00,19.22,6.15,completed
SE-0006329,ST-041,5,2026-05-31 00:31:00,2026-05-31 01:33:00,39.31,12.58,completed
SE-0005017,ST-025,2,2026-05-25 07:55:00,2026-05-25 08:40:00,23.9,7.65,completed
SE-0006430,ST-015,1,2026-06-01 16:24:00,2026-06-01 17:07:00,20.05,6.42,completed
SE-0005323,ST-006,1,2026-05-27 07:38:00,2026-05-27 08:43:00,28.45,9.1,completed
SE-0006730,ST-002,1,2026-06-03 10:49:00,2026-06-03 11:32:00,30.28,9.69,completed
SE-0009653,ST-022,2,2026-06-17 01:47:00,2026-06-17 02:22:00,19.1,6.11,completed
SE-0011511,ST-006,2,2026-06-27 13:03:00,2026-06-27 13:20:00,11.74,3.76,completed
SE-0004807,ST-023,2,2026-05-24 12:19:00,2026-05-24 12:44:00,13.89,,completed
SE-0011614,ST-025,2,2026-06-27 00:19:00,2026-06-27 00:35:00,2.22,0.71,completed
SE-0003474,ST-001,4,2026-05-18 23:21:00,2026-05-19 00:16:00,9.48,3.03,completed
SE-0005500,ST-042,6,2026-05-27 08:53:00,2026-05-27 10:10:00,28.87,9.24,completed
SE-0004878,ST-041,3,2026-05-24 02:24:00,2026-05-24 03:26:00,40.66,13.01,completed
SE-0001973,ST-025,2,2026-05-10 03:16:00,2026-05-10 04:03:00,27.58,8.83,completed
SE-0003002,ST-024,2,2026-05-15 12:29:00,2026-05-15 13:58:00,40.42,12.93,completed
SE-0002700,ST-003,2,2026-05-14 02:26:00,2026-05-14 03:33:00,40.44,,completed
SE-0010392,ST-018,2,2026-06-21 03:00:00,2026-06-21 03:36:00,22.64,7.24,completed
SE-0006227,ST-015,1,2026-05-31 21:17:00,2026-05-31 21:59:00,28.76,,completed
SE-0010457,ST-034,3,2026-06-21 01:16:00,2026-06-21 02:08:00,23.31,7.46,completed
SE-0008135,ST-006,3,2026-06-10 21:39:00,2026-06-10 22:18:00,23.22,7.43,completed
SE-0009520,ST-035,1,2026-06-16 20:28:00,2026-06-16 21:18:00,18.38,5.88,completed
SE-0004882,ST-042,6,2026-05-24 21:56:00,2026-05-24 22:39:00,33.54,10.73,completed
SE-0009301,ST-035,1,2026-06-15 06:41:00,2026-06-15 07:34:00,16.78,5.37,completed
SE-0011316,ST-006,1,2026-06-26 22:05:00,2026-06-26 22:46:00,30.4,9.73,completed
SE-0007703,ST-036,3,2026-06-07 09:44:00,2026-06-07 09:53:00,4.75,1.52,completed
SE-0009445,ST-017,2,2026-06-16 10:27:00,2026-06-16 11:20:00,19570,,completed
SE-0011549,ST-014,3,2026-06-27 06:38:00,2026-06-27 07:22:00,11.07,3.54,completed
SE-0009649,ST-022,3,2026-06-17 09:18:00,2026-06-17 09:56:00,21.98,7.03,completed
SE-0003080,ST-002,2,2026-05-16 12:11:00,2026-05-16 13:16:00,35.04,11.21,completed
SE-0006303,ST-035,1,2026-05-31 00:30:00,2026-05-31 00:58:00,15.4,4.93,completed
SE-0005798,ST-014,1,2026-05-29 10:28:00,2026-05-29 11:28:00,37.37,11.96,completed
SE-0001753,ST-022,5,2026-05-09 14:03:00,2026-05-09 14:41:00,26.88,8.6,completed
SE-0011121,ST-006,6,2026-06-25 13:32:00,2026-06-25 13:57:00,17.62,5.64,completed
SE-0011284,ST-003,1,2026-06-26 13:40:00,2026-06-26 14:05:00,16.83,5.39,completed
SE-0008204,ST-017,2,2026-06-10 09:14:00,2026-06-10 10:02:00,24240,7.76,completed
SE-0009657,ST-023,2,2026-06-17 09:24:00,2026-06-17 10:21:00,15.92,5.09,faulted
SE-0001547,ST-015,1,2026-05-08 19:25:00,2026-05-08 20:04:00,10.24,3.28,completed
SE-0004718,ST-005,1,2026-05-24 16:35:00,2026-05-24 17:09:00,11.95,3.82,completed
SE-0008836,ST-022,6,2026-06-13 01:41:00,2026-06-13 02:42:00,20.57,6.58,completed
SE-0001531,ST-014,1,2026-05-08 05:58:00,2026-05-08 06:33:00,7.89,2.52,completed
SE-0011125,ST-008,2,2026-06-25 19:40:00,2026-06-25 20:10:00,20.54,6.57,completed
SE-0005081,ST-001,4,2026-05-26 19:58:00,2026-05-26 20:09:00,5.1,,completed
SE-0002913,ST-006,6,2026-05-15 16:53:00,2026-05-15 17:39:00,32.36,10.36,completed
SE-0005968,ST-006,3,2026-05-30 12:49:00,2026-05-30 13:39:00,34.08,10.91,completed
SE-0000639,ST-006,5,2026-05-04 03:58:00,2026-05-04 04:38:00,25.5,8.16,completed
SE-0010892,ST-004,1,2026-06-24 16:24:00,2026-06-24 16:48:00,5.38,1.72,completed
SE-0005568,ST-010,1,2026-05-28 17:34:00,2026-05-28 18:20:00,38.71,12.39,completed
SE-0009722,ST-039,1,2026-06-17 20:22:00,2026-06-17 21:03:00,19.53,6.25,completed
SE-0004188,ST-022,1,2026-05-21 09:46:00,2026-05-21 10:32:00,19.01,6.08,completed
SE-0009034,ST-018,6,2026-06-14 01:50:00,2026-06-14 02:15:00,12.67,4.05,completed
SE-0003306,ST-002,1,2026-05-17 07:03:00,2026-05-17 07:45:00,13.19,4.22,completed
SE-0001967,ST-023,2,2026-05-10 23:10:00,2026-05-10 23:35:00,6.68,2.14,completed
SE-0006990,ST-014,4,2026-06-04 20:26:00,2026-06-04 21:03:00,37.68,,completed
SE-0002937,ST-009,2,2026-05-15 07:41:00,2026-05-15 08:12:00,18.31,5.86,completed
SE-0010497,ST-003,1,2026-06-22 15:52:00,2026-06-22 17:02:00,53.87,17.24,completed
SE-0005587,ST-014,1,2026-05-28 06:55:00,2026-05-28 07:20:00,18.38,5.88,completed
SE-0008261,ST-033,2,2026-06-10 12:20:00,2026-06-10 13:20:00,26.14,,completed
SE-0006326,ST-041,2,2026-05-31 20:24:00,2026-05-31 21:04:00,22.81,7.3,completed
SE-0010871,ST-042,5,2026-06-23 01:01:00,2026-06-23 01:57:00,25.84,8.27,completed
SE-0001824,ST-041,3,2026-05-09 22:35:00,2026-05-09 22:56:00,9.68,3.1,completed
SE-0001410,ST-033,1,2026-05-07 16:30:00,2026-05-07 17:27:00,34.18,10.94,completed
SE-0008809,ST-016,2,2026-06-13 04:25:00,2026-06-13 05:30:00,34.92,11.17,completed
SE-0003902,ST-006,2,2026-05-20 08:23:00,2026-05-20 09:23:00,25.99,8.32,completed
SE-0006358,ST-003,2,2026-06-01 00:19:00,2026-06-01 01:02:00,33.69,10.78,completed
SE-0010190,ST-021,5,2026-06-20 13:36:00,2026-06-20 13:58:00,12.49,4.0,completed
SE-0002773,ST-016,1,2026-05-14 12:41:00,2026-05-14 13:32:00,18.9,6.05,completed
SE-0004279,ST-003,2,2026-05-22 10:39:00,2026-05-22 11:31:00,31.61,10.12,completed
SE-0010126,ST-003,2,2026-06-20 00:30:00,2026-06-20 01:09:00,19.87,6.36,completed
SE-0011392,ST-023,2,2026-06-26 15:03:00,2026-06-26 15:39:00,15.04,4.81,completed
SE-0001743,ST-022,2,2026-05-09 03:35:00,2026-05-09 04:21:00,25.08,8.03,completed
SE-0011115,ST-006,2,2026-06-25 03:04:00,2026-06-25 03:44:00,29.26,9.36,aborted
SE-0006140,ST-041,5,2026-05-30 01:12:00,2026-05-30 01:59:00,26.31,,completed
SE-0008723,ST-005,1,2026-06-13 04:37:00,2026-06-13 05:10:00,23.35,7.47,completed
SE-0002233,ST-033,1,2026-05-11 17:19:00,2026-05-11 17:43:00,16.28,5.21,completed
SE-0005794,ST-012,1,2026-05-29 17:19:00,2026-05-29 18:29:00,31.83,10.19,completed
SE-0010581,ST-019,3,2026-06-22 12:09:00,2026-06-22 12:15:00,3.42,1.09,completed
SE-0008635,ST-025,1,2026-06-12 06:31:00,2026-06-12 06:58:00,7.86,2.52,completed
SE-0004742,ST-011,2,2026-05-24 11:36:00,2026-05-24 12:33:00,4.08,1.31,faulted
SE-0011749,ST-014,3,2026-06-28 14:25:00,2026-06-28 15:11:00,18.17,5.81,completed
SE-0001680,ST-008,2,2026-05-09 10:49:00,2026-05-09 10:59:00,1.5,0.48,completed
SE-0000336,ST-029,4,2026-05-02 20:19:00,2026-05-02 20:35:00,2.97,0.95,completed
SE-0008870,ST-029,4,2026-06-13 19:46:00,2026-06-13 20:45:00,23.56,7.54,completed
SE-0002806,ST-023,2,2026-05-14 06:47:00,2026-05-14 07:15:00,15.1,4.83,completed
SE-0007482,ST-033,2,2026-06-06 00:30:00,2026-06-06 01:36:00,34.67,11.09,completed
SE-0002657,ST-041,5,2026-05-13 22:38:00,2026-05-13 22:55:00,10.31,3.3,completed
SE-0005371,ST-015,2,2026-05-27 13:32:00,2026-05-27 13:55:00,8.48,2.71,completed
SE-0010953,ST-015,1,2026-06-24 13:27:00,2026-06-24 14:14:00,32.04,10.25,completed
SE-0011937,ST-014,2,2026-06-29 18:34:00,2026-06-29 19:30:00,21.59,6.91,completed
SE-0010922,ST-008,1,2026-06-24 03:46:00,2026-06-24 04:41:00,47.12,15.08,completed
SE-0010256,ST-038,2,2026-06-20 21:11:00,2026-06-20 22:08:00,38.27,12.25,completed
SE-0011804,ST-024,1,2026-06-28 22:39:00,2026-06-28 23:14:00,25.97,8.31,completed
SE-0005507,ST-001,4,2026-05-28 14:39:00,2026-05-28 15:08:00,20.72,6.63,completed
SE-0011644,ST-034,4,2026-06-27 21:40:00,2026-06-27 22:22:00,22.9,7.33,completed
SE-0002029,ST-036,4,2026-05-10 08:21:00,2026-05-10 08:49:00,17.59,5.63,completed
SE-0011727,ST-008,2,2026-06-28 00:10:00,2026-06-28 01:04:00,11.99,3.84,completed
SE-0002543,ST-015,2,2026-05-13 18:20:00,2026-05-13 18:52:00,22.9,7.33,completed
SE-0000646,ST-007,3,2026-05-04 12:27:00,2026-05-04 12:52:00,14.48,4.63,completed
SE-0008728,ST-005,2,2026-06-13 09:10:00,2026-06-13 10:06:00,39.81,12.74,completed
SE-0009714,ST-035,2,2026-06-17 17:41:00,2026-06-17 17:50:00,4.81,1.54,completed
SE-0000197,ST-001,2,2026-05-02 12:37:00,2026-05-02 13:11:00,20.51,6.56,completed
SE-0008308,ST-003,2,2026-06-11 18:25:00,2026-06-11 19:09:00,39.42,12.61,completed
SE-0001682,ST-008,2,2026-05-09 10:02:00,2026-05-09 11:01:00,40.64,13.0,completed
SE-0002718,ST-006,3,2026-05-14 07:44:00,2026-05-14 08:30:00,36.32,11.62,completed
SE-0009450,ST-018,5,2026-06-16 20:45:00,2026-06-16 21:29:00,33.81,10.82,completed
SE-0001073,ST-006,6,2026-05-06 23:49:00,2026-05-07 00:46:00,21.76,6.96,completed
SE-0007267,ST-027,1,2026-06-05 17:48:00,2026-06-05 18:29:00,21.61,6.92,completed
SE-0002334,ST-012,1,2026-05-12 01:50:00,2026-05-12 02:59:00,33.11,10.6,completed
SE-0010669,ST-001,4,2026-06-23 10:19:00,2026-06-23 11:25:00,60.05,19.22,completed
SE-0010375,ST-015,2,2026-06-21 10:02:00,2026-06-21 10:24:00,14.89,4.76,completed
SE-0006604,ST-015,1,2026-06-02 21:43:00,2026-06-02 22:35:00,27.8,8.9,completed
SE-0001971,ST-025,1,2026-05-10 22:06:00,2026-05-10 22:47:00,24.33,7.79,completed
SE-0000566,ST-037,2,2026-05-03 21:24:00,2026-05-03 22:43:00,10.77,3.45,completed
SE-0006139,ST-040,1,2026-05-30 12:21:00,2026-05-30 12:47:00,16.96,5.43,completed
SE-0008271,ST-037,2,2026-06-10 04:44:00,2026-06-10 05:20:00,18.86,6.04,completed
SE-0008744,ST-006,5,2026-06-13 05:11:00,2026-06-13 06:03:00,27.5,8.8,aborted
SE-0007024,ST-017,1,2026-06-04 10:42:00,2026-06-04 11:15:00,19360,,completed
SE-0004047,ST-041,3,2026-05-20 21:05:00,2026-05-20 22:04:00,16.1,5.15,completed
SE-0001021,ST-041,3,2026-05-05 12:29:00,2026-05-05 12:44:00,9.66,,completed
SE-0001146,ST-021,5,2026-05-06 06:21:00,2026-05-06 06:34:00,9.17,2.93,completed
SE-0011710,ST-005,1,2026-06-28 11:19:00,2026-06-28 11:25:00,3.59,1.15,completed
SE-0001999,ST-030,2,2026-05-10 15:12:00,2026-05-10 16:04:00,23.97,7.67,completed
SE-0010085,ST-034,2,2026-06-19 17:28:00,2026-06-19 17:56:00,15.54,4.97,completed
SE-0003244,ST-031,5,2026-05-16 14:04:00,2026-05-16 14:46:00,24.37,7.8,completed
SE-0000008,ST-002,1,2026-05-01 23:27:00,2026-05-02 00:24:00,1.67,0.53,completed
SE-0002449,ST-041,1,2026-05-12 17:36:00,2026-05-12 18:40:00,40.31,12.9,completed
SE-0009636,ST-017,2,2026-06-17 02:15:00,2026-06-17 02:46:00,19700,6.3,completed
SE-0011854,ST-041,5,2026-06-28 01:37:00,2026-06-28 02:21:00,21.03,6.73,completed
SE-0007464,ST-029,3,2026-06-06 04:11:00,2026-06-06 04:45:00,42.26,13.52,completed
SE-0007032,ST-017,1,2026-06-04 11:36:00,2026-06-04 11:59:00,12640,4.04,completed
SE-0002833,ST-029,2,2026-05-14 02:20:00,2026-05-14 03:04:00,18.75,6.0,completed
SE-0004513,ST-006,6,2026-05-23 02:48:00,2026-05-23 03:39:00,2.33,0.75,aborted
SE-0007598,ST-015,2,2026-06-07 03:06:00,2026-06-07 04:00:00,15.67,5.01,completed
SE-0002152,ST-016,1,2026-05-11 15:00:00,2026-05-11 15:20:00,15.98,5.11,aborted
SE-0010514,ST-006,2,2026-06-22 22:46:00,2026-06-22 23:25:00,17.23,5.51,completed
SE-0011081,ST-001,3,2026-06-25 04:57:00,2026-06-25 05:54:00,20.91,6.69,completed
SE-0005284,ST-001,4,2026-05-27 21:27:00,2026-05-27 22:02:00,26.92,,completed
SE-0001627,ST-036,4,2026-05-08 09:38:00,2026-05-08 09:51:00,7.05,2.26,completed
SE-0006787,ST-012,2,2026-06-03 11:51:00,2026-06-03 12:33:00,18.16,5.81,completed
SE-0010708,ST-005,2,2026-06-23 04:54:00,2026-06-23 05:28:00,11.89,3.8,completed
SE-0010759,ST-015,2,2026-06-23 07:12:00,2026-06-23 08:04:00,29.92,9.57,completed
SE-0010706,ST-005,1,2026-06-23 16:55:00,2026-06-23 17:28:00,23.47,7.51,completed
SE-0000397,ST-001,3,2026-05-03 20:48:00,2026-05-03 21:39:00,31.07,9.94,completed
SE-0004766,ST-015,1,2026-05-24 22:50:00,2026-05-24 23:52:00,19.87,,completed
SE-0010562,ST-015,1,2026-06-22 03:52:00,2026-06-22 04:10:00,11.99,3.84,completed
SE-0010799,ST-025,2,2026-06-23 18:28:00,2026-06-23 19:06:00,22.77,,completed
SE-0004669,ST-040,2,2026-05-23 18:59:00,2026-05-23 19:21:00,8.56,2.74,completed
SE-0007969,ST-008,1,2026-06-09 15:33:00,2026-06-09 16:18:00,20.17,6.45,completed
SE-0001281,ST-008,2,2026-05-07 07:38:00,2026-05-07 08:09:00,17.67,5.65,completed
SE-0000743,ST-023,2,2026-05-04 04:17:00,2026-05-04 05:07:00,26.74,,completed
SE-0008328,ST-006,5,2026-06-11 05:58:00,2026-06-11 06:40:00,31.73,10.15,completed
SE-0010736,ST-010,2,2026-06-23 00:25:00,2026-06-23 00:36:00,7.33,2.35,completed
SE-0004600,ST-022,2,2026-05-23 17:59:00,2026-05-23 18:40:00,18.22,5.83,completed
SE-0009368,ST-006,5,2026-06-16 10:31:00,2026-06-16 11:21:00,44.77,,completed
SE-0004647,ST-032,1,2026-05-23 09:19:00,2026-05-23 10:09:00,18.97,6.07,completed
SE-0009526,ST-039,3,2026-06-16 07:52:00,2026-06-16 09:08:00,45.4,14.53,completed
SE-0001792,ST-033,1,2026-05-09 14:39:00,2026-05-09 14:53:00,11.35,3.63,completed
SE-0001954,ST-022,5,2026-05-10 18:42:00,2026-05-10 19:18:00,17.68,5.66,completed
SE-0000836,ST-041,3,2026-05-04 15:31:00,2026-05-04 16:19:00,44.09,14.11,completed
SE-0001652,ST-003,1,2026-05-09 15:44:00,2026-05-09 16:10:00,8.44,2.7,aborted
SE-0010030,ST-018,4,2026-06-19 07:28:00,2026-06-19 08:18:00,28.24,9.04,completed
SE-0009651,ST-022,3,2026-06-17 05:27:00,2026-06-17 06:12:00,33.55,10.74,completed
SE-0009461,ST-022,6,2026-06-16 21:13:00,2026-06-16 22:03:00,21.38,6.84,completed
SE-0007927,ST-001,3,2026-06-09 06:16:00,2026-06-09 07:34:00,26.35,8.43,completed
SE-0001154,ST-022,3,2026-05-06 11:36:00,2026-05-06 12:34:00,25.81,8.26,completed
SE-0011182,ST-017,1,2026-06-25 11:08:00,2026-06-25 12:07:00,38340,12.27,completed
SE-0000384,ST-042,3,2026-05-02 14:30:00,2026-05-02 15:05:00,16.11,5.16,completed
SE-0008087,ST-041,2,2026-06-09 01:38:00,2026-06-09 02:39:00,45.4,14.53,completed
SE-0004005,ST-025,1,2026-05-20 08:24:00,2026-05-20 09:13:00,26.58,8.51,completed
SE-0005692,ST-033,2,2026-05-28 15:20:00,2026-05-28 16:06:00,31.62,10.12,completed
SE-0005892,ST-033,1,2026-05-29 01:56:00,2026-05-29 02:39:00,30.21,9.67,completed
SE-0011561,ST-014,4,2026-06-27 14:13:00,2026-06-27 15:22:00,45.96,14.71,completed
SE-0008010,ST-015,2,2026-06-09 14:04:00,2026-06-09 15:00:00,49.8,15.94,completed
SE-0002338,ST-013,2,2026-05-12 13:24:00,2026-05-12 14:08:00,25.41,8.13,completed
SE-0008871,ST-029,4,2026-06-13 07:33:00,2026-06-13 08:28:00,17.95,,completed
SE-0010286,ST-001,4,2026-06-21 11:49:00,2026-06-21 12:10:00,13.62,4.36,completed
SE-0004444,ST-035,2,2026-05-22 15:27:00,2026-05-22 16:11:00,27.94,8.94,completed
SE-0008671,ST-038,1,2026-06-12 13:51:00,2026-06-12 14:52:00,21.23,,aborted
SE-0005551,ST-006,3,2026-05-28 10:59:00,2026-05-28 11:55:00,42.01,13.44,completed
SE-0001427,ST-036,4,2026-05-07 07:01:00,2026-05-07 08:17:00,60.48,19.35,aborted
SE-0004532,ST-010,1,2026-05-23 02:43:00,2026-05-23 03:23:00,19.86,6.36,completed
SE-0002098,ST-005,2,2026-05-11 03:33:00,2026-05-11 04:07:00,21.76,6.96,completed
SE-0010441,ST-031,3,2026-06-21 17:56:00,2026-06-21 18:50:00,22.8,7.3,completed
SE-0002990,ST-022,1,2026-05-15 08:09:00,2026-05-15 08:54:00,30.74,9.84,completed
SE-0002821,ST-025,2,2026-05-14 19:50:00,2026-05-14 19:56:00,4.48,1.43,completed
SE-0006920,ST-041,5,2026-06-03 18:22:00,2026-06-03 19:06:00,16.98,5.43,completed
SE-0006809,ST-015,1,2026-06-03 03:55:00,2026-06-03 04:08:00,7.87,2.52,completed
SE-0001397,ST-029,2,2026-05-07 22:32:00,2026-05-07 23:27:00,28.74,9.2,completed
SE-0004608,ST-023,2,2026-05-23 13:21:00,2026-05-23 14:30:00,31.18,9.98,completed
SE-0007443,ST-024,2,2026-06-06 13:40:00,2026-06-06 14:09:00,23.74,7.6,completed
SE-0010782,ST-022,2,2026-06-23 18:33:00,2026-06-23 18:50:00,5.67,1.81,completed
SE-0002680,ST-001,3,2026-05-14 12:11:00,2026-05-14 13:22:00,43.7,13.98,completed
SE-0005355,ST-014,4,2026-05-27 02:57:00,2026-05-27 04:12:00,66.3,21.22,completed
SE-0008770,ST-009,1,2026-06-13 19:11:00,2026-06-13 19:17:00,1.75,0.56,completed
SE-0004353,ST-017,1,2026-05-22 19:20:00,2026-05-22 19:44:00,6030,1.93,completed
SE-0006927,ST-041,6,2026-06-03 21:00:00,2026-06-03 21:46:00,29.59,9.47,completed
SE-0005571,ST-011,1,2026-05-28 00:42:00,2026-05-28 01:13:00,17.08,5.47,completed
SE-0003571,ST-018,6,2026-05-18 20:53:00,2026-05-18 21:36:00,27.62,8.84,completed
SE-0003368,ST-015,2,2026-05-17 15:28:00,2026-05-17 16:02:00,12.45,3.98,completed
SE-0011879,ST-003,2,2026-06-29 11:12:00,2026-06-29 12:05:00,28.29,9.05,completed
SE-0006030,ST-016,1,2026-05-30 08:45:00,2026-05-30 09:34:00,33.16,10.61,completed
SE-0002676,ST-001,1,2026-05-14 14:11:00,2026-05-14 14:48:00,21.62,6.92,completed
SE-0001338,ST-017,2,2026-05-07 10:01:00,2026-05-07 10:52:00,32009,10.24,completed
SE-0007616,ST-018,5,2026-06-07 09:09:00,2026-06-07 09:59:00,29.67,9.49,completed
SE-0001282,ST-008,1,2026-05-07 07:04:00,2026-05-07 07:31:00,14.95,4.78,completed
SE-0011783,ST-020,2,2026-06-28 23:34:00,2026-06-29 00:23:00,19.14,6.12,completed
SE-0007781,ST-011,2,2026-06-08 01:39:00,2026-06-08 02:11:00,13.36,,completed
SE-0002762,ST-015,2,2026-05-14 04:26:00,2026-05-14 04:58:00,16.25,5.2,completed
SE-0006983,ST-013,2,2026-06-04 07:37:00,2026-06-04 08:01:00,12.42,3.97,completed
SE-0006707,ST-037,1,2026-06-02 02:29:00,2026-06-02 03:25:00,32.01,10.24,completed
SE-0004516,ST-006,5,2026-05-23 21:46:00,2026-05-23 22:32:00,34.72,11.11,aborted
SE-0003855,ST-039,1,2026-05-19 06:45:00,2026-05-19 07:36:00,31.66,10.13,completed
SE-0002766,ST-015,1,2026-05-14 17:10:00,2026-05-14 17:54:00,18.5,5.92,completed
SE-0006524,ST-041,6,2026-06-01 15:09:00,2026-06-01 16:02:00,37.87,12.12,completed
SE-0003157,ST-014,5,2026-05-16 06:37:00,2026-05-16 07:25:00,15.43,4.94,completed
SE-0008435,ST-025,2,2026-06-11 10:58:00,2026-06-11 11:34:00,17.05,5.46,completed
SE-0003718,ST-008,2,2026-05-19 10:10:00,2026-05-19 10:47:00,17.67,5.65,completed
SE-0011823,ST-029,3,2026-06-28 22:53:00,2026-06-28 23:39:00,28.05,8.98,completed
SE-0007997,ST-014,5,2026-06-09 04:24:00,2026-06-09 04:54:00,10.28,3.29,completed
SE-0007639,ST-023,2,2026-06-07 08:48:00,2026-06-07 09:55:00,28.09,8.99,completed
SE-0000277,ST-016,2,2026-05-02 23:31:00,2026-05-03 00:09:00,16.93,5.42,completed
SE-0004956,ST-014,2,2026-05-25 01:57:00,2026-05-25 02:42:00,17.12,5.48,completed
SE-0005926,ST-041,5,2026-05-29 22:06:00,2026-05-29 22:19:00,3.33,1.07,completed
SE-0006022,ST-015,2,2026-05-30 01:05:00,2026-05-30 01:50:00,15.65,5.01,completed
SE-0008615,ST-022,4,2026-06-12 23:22:00,2026-06-12 23:48:00,12.86,4.12,completed
SE-0000715,ST-017,2,2026-05-04 05:35:00,2026-05-04 06:33:00,39340,12.59,completed
SE-0005829,ST-016,2,2026-05-29 09:30:00,2026-05-29 10:09:00,22.26,7.12,completed
SE-0005649,ST-025,1,2026-05-28 14:48:00,2026-05-28 15:23:00,24.67,,completed
SE-0007470,ST-031,2,2026-06-06 22:17:00,2026-06-06 22:57:00,31.54,10.09,completed
SE-0010972,ST-018,2,2026-06-24 08:18:00,2026-06-24 08:38:00,12.77,4.09,completed
SE-0001006,ST-036,3,2026-05-05 22:35:00,2026-05-05 23:14:00,25.31,8.1,completed
SE-0000943,ST-021,3,2026-05-05 20:23:00,2026-05-05 21:05:00,31.21,,completed
SE-0009343,ST-003,2,2026-06-16 15:52:00,2026-06-16 16:58:00,30.53,9.77,completed
SE-0009089,ST-028,1,2026-06-14 04:03:00,2026-06-14 05:08:00,28.54,9.13,completed
SE-0003818,ST-028,1,2026-05-19 18:31:00,2026-05-19 18:53:00,9.07,,aborted
SE-0000563,ST-036,1,2026-05-03 18:53:00,2026-05-03 19:43:00,26.96,8.63,completed
SE-0007221,ST-019,3,2026-06-05 04:57:00,2026-06-05 05:46:00,32.32,10.34,completed
SE-0004089,ST-004,4,2026-05-21 12:02:00,2026-05-21 12:34:00,16.76,5.36,completed
SE-0004954,ST-013,1,2026-05-25 09:17:00,2026-05-25 09:52:00,29.85,9.55,completed
SE-0010757,ST-015,2,2026-06-23 11:03:00,2026-06-23 11:36:00,27.04,8.65,completed
SE-0010369,ST-014,4,2026-06-21 18:16:00,2026-06-21 19:04:00,19.91,6.37,completed
SE-0004056,ST-042,6,2026-05-20 01:05:00,2026-05-20 01:14:00,6.54,2.09,completed
SE-0006469,ST-023,1,2026-06-01 10:49:00,2026-06-01 11:38:00,21.75,6.96,aborted
SE-0003182,ST-017,2,2026-05-16 08:38:00,2026-05-16 08:44:00,4190,1.34,completed
SE-0008070,ST-034,2,2026-06-09 05:53:00,2026-06-09 06:20:00,14.39,4.6,completed
SE-0001216,ST-036,2,2026-05-06 07:02:00,2026-05-06 07:40:00,17.05,5.46,completed
SE-0004126,ST-009,2,2026-05-21 10:37:00,2026-05-21 11:19:00,24.02,7.69,completed
SE-0001525,ST-014,6,2026-05-08 21:47:00,2026-05-08 22:19:00,23.39,7.48,completed
SE-0004503,ST-005,1,2026-05-23 17:51:00,2026-05-23 18:43:00,36.13,,completed
SE-0006255,ST-022,6,2026-05-31 02:57:00,2026-05-31 03:10:00,6.62,2.12,completed
SE-0006164,ST-003,1,2026-05-31 18:02:00,2026-05-31 18:34:00,12.94,4.14,completed
SE-0011323,ST-008,1,2026-06-26 21:42:00,2026-06-26 22:25:00,25.24,8.08,completed
SE-0003986,ST-023,2,2026-05-20 11:44:00,2026-05-20 12:32:00,27.39,8.76,completed
SE-0007900,ST-034,4,2026-06-08 05:42:00,2026-06-08 06:03:00,15.14,4.84,completed
SE-0003022,ST-033,2,2026-05-15 21:35:00,2026-05-15 22:26:00,31.28,10.01,completed
SE-0010656,ST-041,3,2026-06-22 14:42:00,2026-06-22 15:10:00,18.49,5.92,completed
SE-0002649,ST-037,1,2026-05-13 23:16:00,2026-05-13 23:41:00,9.49,3.04,completed
SE-0008904,ST-041,1,2026-06-13 17:03:00,2026-06-13 18:00:00,30.14,9.64,completed
SE-0006449,ST-018,2,2026-06-01 12:33:00,2026-06-01 13:30:00,48.29,15.45,completed
SE-0005268,ST-041,1,2026-05-26 12:28:00,2026-05-26 13:00:00,17.55,5.62,completed
SE-0008922,ST-001,2,2026-06-14 18:08:00,2026-06-14 18:58:00,45.05,14.42,completed
SE-0001564,ST-021,1,2026-05-08 23:16:00,2026-05-08 23:22:00,2.65,0.85,completed
SE-0011391,ST-023,1,2026-06-26 20:43:00,2026-06-26 21:44:00,28.94,9.26,completed
SE-0006601,ST-014,2,2026-06-02 04:23:00,2026-06-02 05:20:00,32.05,10.26,completed
SE-0007530,ST-002,2,2026-06-07 19:13:00,2026-06-07 20:06:00,16.29,,completed
SE-0008991,ST-015,2,2026-06-14 13:13:00,2026-06-14 14:01:00,17.5,5.6,completed
SE-0004569,ST-016,1,2026-05-23 11:31:00,2026-05-23 12:14:00,30.38,9.72,completed
SE-0010143,ST-008,2,2026-06-20 22:02:00,2026-06-20 22:33:00,11.27,3.61,completed
SE-0009744,ST-001,4,2026-06-18 09:48:00,2026-06-18 10:41:00,22.29,7.13,completed
SE-0002808,ST-023,1,2026-05-14 15:52:00,2026-05-14 16:27:00,16.88,5.4,completed
SE-0011466,ST-001,2,2026-06-27 17:45:00,2026-06-27 18:33:00,33.05,10.58,completed
SE-0009541,ST-001,1,2026-06-17 23:02:00,2026-06-17 23:28:00,14.44,4.62,completed
SE-0000217,ST-005,2,2026-05-02 12:04:00,2026-05-02 12:58:00,50.58,16.19,completed
SE-0008235,ST-024,2,2026-06-10 05:38:00,2026-06-10 05:58:00,12.62,4.04,completed
SE-0000713,ST-017,2,2026-05-04 01:00:00,2026-05-04 01:50:00,11660,3.73,completed
SE-0003802,ST-024,2,2026-05-19 03:33:00,2026-05-19 04:17:00,30.65,9.81,completed
SE-0008659,ST-034,1,2026-06-12 03:39:00,2026-06-12 04:21:00,24.5,7.84,completed
SE-0003029,ST-033,2,2026-05-15 08:52:00,2026-05-15 09:15:00,16.12,5.16,completed
SE-0001980,ST-025,1,2026-05-10 06:43:00,2026-05-10 07:15:00,16.87,5.4,completed
SE-0004148,ST-014,4,2026-05-21 05:42:00,2026-05-21 06:05:00,6.4,2.05,completed
SE-0008907,ST-041,6,2026-06-13 20:26:00,2026-06-13 21:22:00,23.35,,completed
SE-0006633,ST-020,2,2026-06-02 15:52:00,2026-06-02 16:18:00,16.08,5.15,completed
SE-0011478,ST-003,1,2026-06-27 21:12:00,2026-06-27 21:49:00,15.86,5.08,completed
SE-0007082,ST-033,2,2026-06-04 19:49:00,2026-06-04 20:24:00,23.48,7.51,completed
SE-0004505,ST-006,2,2026-05-23 17:16:00,2026-05-23 17:38:00,10.16,3.25,completed
SE-0011684,ST-003,2,2026-06-28 01:52:00,2026-06-28 02:31:00,21.52,6.89,completed
SE-0001674,ST-006,3,2026-05-09 19:42:00,2026-05-09 20:22:00,29.87,9.56,completed
SE-0004877,ST-040,1,2026-05-24 03:30:00,2026-05-24 03:54:00,13.0,4.16,completed
SE-0009634,ST-017,2,2026-06-17 05:51:00,2026-06-17 07:06:00,44240,14.16,completed
SE-0005391,ST-017,1,2026-05-27 19:32:00,2026-05-27 21:05:00,48280,15.45,completed
SE-0006516,ST-037,2,2026-06-01 03:33:00,2026-06-01 04:03:00,16.36,5.24,completed
SE-0007200,ST-015,2,2026-06-05 19:37:00,2026-06-05 20:30:00,27.66,8.85,completed
SE-0010929,ST-012,2,2026-06-24 20:21:00,2026-06-24 20:27:00,3.21,1.03,completed
SE-0006408,ST-013,1,2026-06-01 09:35:00,2026-06-01 10:11:00,22.58,7.23,completed
SE-0003993,ST-023,1,2026-05-20 16:30:00,2026-05-20 17:14:00,36.95,11.82,completed
SE-0002312,ST-006,2,2026-05-12 00:22:00,2026-05-12 01:24:00,38.79,12.41,completed
SE-0011526,ST-009,1,2026-06-27 05:05:00,2026-06-27 05:33:00,6.48,2.07,completed
SE-0000839,ST-001,2,2026-05-05 16:42:00,2026-05-05 17:40:00,26.13,8.36,completed
SE-0010568,ST-016,2,2026-06-22 06:50:00,2026-06-22 07:18:00,13.5,4.32,completed
SE-0002350,ST-015,2,2026-05-12 09:58:00,2026-05-12 10:23:00,17.88,5.72,completed
SE-0008331,ST-006,2,2026-06-11 05:43:00,2026-06-11 06:27:00,18.04,5.77,completed
SE-0008343,ST-008,2,2026-06-11 15:30:00,2026-06-11 15:37:00,3.67,1.17,completed
SE-0005915,ST-040,2,2026-05-29 21:04:00,2026-05-29 21:19:00,12.3,3.94,completed
SE-0003736,ST-013,2,2026-05-19 13:56:00,2026-05-19 14:25:00,16.52,5.29,completed
SE-0003397,ST-022,1,2026-05-17 15:45:00,2026-05-17 16:30:00,19.84,6.35,completed
SE-0000870,ST-006,6,2026-05-05 18:54:00,2026-05-05 19:45:00,15.81,5.06,completed
SE-0002190,ST-023,2,2026-05-11 01:23:00,2026-05-11 02:06:00,21.02,6.73,completed
SE-0011428,ST-033,1,2026-06-26 07:19:00,2026-06-26 08:14:00,31.07,9.94,completed
SE-0002067,ST-001,3,2026-05-11 18:16:00,2026-05-11 19:01:00,30.96,9.91,completed
SE-0000121,ST-025,2,2026-05-01 01:22:00,2026-05-01 02:46:00,38.97,12.47,completed
SE-0009547,ST-001,4,2026-06-17 09:15:00,2026-06-17 10:01:00,19.91,6.37,completed
SE-0005900,ST-033,2,2026-05-29 07:03:00,2026-05-29 08:10:00,31.47,10.07,completed
SE-0002820,ST-025,1,2026-05-14 10:35:00,2026-05-14 11:17:00,23.98,7.67,completed
SE-0004970,ST-015,2,2026-05-25 15:46:00,2026-05-25 16:26:00,19.56,6.26,completed
SE-0010701,ST-005,1,2026-06-23 07:31:00,2026-06-23 08:00:00,22.28,7.13,completed
SE-0007367,ST-010,2,2026-06-06 20:15:00,2026-06-06 20:34:00,17.13,5.48,completed
SE-0001283,ST-008,1,2026-05-07 21:28:00,2026-05-07 21:55:00,11.95,3.82,completed
SE-0002043,ST-041,5,2026-05-10 19:03:00,2026-05-10 19:33:00,17.98,5.75,completed
SE-0005205,ST-023,1,2026-05-26 23:01:00,2026-05-26 23:33:00,13.61,4.36,completed
SE-0000687,ST-015,1,2026-05-04 13:29:00,2026-05-04 14:18:00,34.55,11.06,completed
SE-0011325,ST-009,2,2026-06-26 22:41:00,2026-06-26 23:42:00,46.84,14.99,completed
SE-0003135,ST-010,2,2026-05-16 22:33:00,2026-05-16 22:44:00,8.14,2.6,completed
SE-0011191,ST-022,1,2026-06-25 08:03:00,2026-06-25 09:11:00,31.1,9.95,completed
SE-0000057,ST-014,5,2026-05-01 12:45:00,2026-05-01 12:54:00,3.04,0.97,completed
SE-0008931,ST-003,2,2026-06-14 16:23:00,2026-06-14 17:06:00,26.86,8.6,completed
SE-0010127,ST-003,1,2026-06-20 00:47:00,2026-06-20 01:23:00,15.95,,completed
SE-0011969,ST-017,1,2026-06-29 10:25:00,2026-06-29 10:56:00,26950,8.62,completed
SE-0001832,ST-041,3,2026-05-09 00:21:00,2026-05-09 01:17:00,25.16,8.05,completed
SE-0011433,ST-034,3,2026-06-26 03:58:00,2026-06-26 05:04:00,35.58,11.39,completed
SE-0007808,ST-015,1,2026-06-08 08:36:00,2026-06-08 09:32:00,27.4,8.77,completed
SE-0010859,ST-040,2,2026-06-23 12:44:00,2026-06-23 13:27:00,22.03,7.05,completed
SE-0010448,ST-033,2,2026-06-21 09:56:00,2026-06-21 11:00:00,46.14,14.76,completed
SE-0008923,ST-001,4,2026-06-14 04:20:00,2026-06-14 05:06:00,24.66,7.89,completed
SE-0007364,ST-008,1,2026-06-06 01:19:00,2026-06-06 01:50:00,22.82,7.3,completed
SE-0008765,ST-009,2,2026-06-13 21:02:00,2026-06-13 21:51:00,21.29,6.81,completed
SE-0010600,ST-023,2,2026-06-22 16:49:00,2026-06-22 17:23:00,17.62,5.64,completed
SE-0001275,ST-006,6,2026-05-07 18:26:00,2026-05-07 19:16:00,27.97,8.95,completed
SE-0003213,ST-023,1,2026-05-16 10:15:00,2026-05-16 10:56:00,21.24,6.8,completed
SE-0000935,ST-018,4,2026-05-05 20:50:00,2026-05-05 21:16:00,22.1,7.07,completed
SE-0009177,ST-006,6,2026-06-15 01:15:00,2026-06-15 01:28:00,4.88,1.56,aborted
SE-0000108,ST-023,1,2026-05-01 22:05:00,2026-05-01 22:33:00,16.06,5.14,completed
SE-0001492,ST-006,1,2026-05-08 15:21:00,2026-05-08 16:06:00,21.45,6.86,completed
SE-0003141,ST-012,1,2026-05-16 02:04:00,2026-05-16 02:38:00,20.33,6.51,completed
SE-0001013,ST-039,2,2026-05-05 13:30:00,2026-05-05 14:02:00,13.78,4.41,completed
SE-0010569,ST-016,1,2026-06-22 00:39:00,2026-06-22 01:11:00,27.11,8.68,completed
SE-0001549,ST-016,1,2026-05-08 07:25:00,2026-05-08 07:48:00,18.94,6.06,completed
SE-0011261,ST-041,6,2026-06-25 04:44:00,2026-06-25 05:27:00,18.83,6.03,completed
SE-0009120,ST-037,3,2026-06-14 07:34:00,2026-06-14 07:43:00,3.92,1.25,completed
SE-0000900,ST-014,1,2026-05-05 21:23:00,2026-05-05 22:27:00,42.48,,completed
SE-0009586,ST-006,2,2026-06-17 07:20:00,2026-06-17 07:34:00,6.48,2.07,completed
SE-0008291,ST-001,3,2026-06-11 13:45:00,2026-06-11 14:40:00,31.56,10.1,completed
SE-0001815,ST-036,2,2026-05-09 07:26:00,2026-05-09 07:58:00,30.79,9.85,completed
SE-0003258,ST-033,1,2026-05-16 00:47:00,2026-05-16 01:52:00,18.85,6.03,completed
SE-0003302,ST-001,2,2026-05-17 23:38:00,2026-05-18 00:41:00,23.59,7.55,completed
SE-0003891,ST-004,3,2026-05-20 20:45:00,2026-05-20 21:31:00,28.3,9.06,completed
SE-0007686,ST-033,2,2026-06-07 06:21:00,2026-06-07 06:47:00,20.54,6.57,completed
SE-0003934,ST-014,5,2026-05-20 20:29:00,2026-05-20 21:50:00,46.29,14.81,completed
SE-0011091,ST-003,1,2026-06-25 14:53:00,2026-06-25 16:02:00,60.06,19.22,completed
SE-0011928,ST-014,1,2026-06-29 00:16:00,2026-06-29 00:55:00,19.18,6.14,completed
SE-0003041,ST-035,2,2026-05-15 10:29:00,2026-05-15 11:29:00,35.34,11.31,completed
SE-0010026,ST-017,2,2026-06-19 09:53:00,2026-06-19 10:51:00,45090,14.43,completed
SE-0002629,ST-033,1,2026-05-13 21:23:00,2026-05-13 22:22:00,43.3,13.86,completed
SE-0008987,ST-014,1,2026-06-14 09:45:00,2026-06-14 10:29:00,44.34,14.19,completed
SE-0007889,ST-031,3,2026-06-08 11:49:00,2026-06-08 12:44:00,18.63,,completed
SE-0007679,ST-032,3,2026-06-07 21:04:00,2026-06-07 21:12:00,3.95,1.26,completed
SE-0001393,ST-028,1,2026-05-07 06:02:00,2026-05-07 06:51:00,22.39,7.16,completed
SE-0004675,ST-041,1,2026-05-23 15:26:00,2026-05-23 15:37:00,8.41,2.69,completed
SE-0011679,ST-001,3,2026-06-28 15:57:00,2026-06-28 16:22:00,15.84,5.07,completed
SE-0008035,ST-022,3,2026-06-09 03:49:00,2026-06-09 04:52:00,26.28,,completed
SE-0008509,ST-001,1,2026-06-12 12:50:00,2026-06-12 14:01:00,53.81,17.22,completed
SE-0004778,ST-017,1,2026-05-24 17:25:00,2026-05-24 18:03:00,19310,6.18,completed
SE-0006497,ST-031,3,2026-06-01 11:48:00,2026-06-01 12:18:00,8.47,2.71,completed
SE-0010547,ST-014,3,2026-06-22 16:18:00,2026-06-22 17:10:00,40.79,13.05,completed
SE-0011665,ST-041,5,2026-06-27 10:10:00,2026-06-27 10:30:00,13.67,4.37,completed
SE-0006518,ST-038,1,2026-06-01 11:11:00,2026-06-01 12:03:00,25.07,8.02,completed
SE-0008278,ST-041,3,2026-06-10 01:25:00,2026-06-10 02:40:00,52.28,16.73,completed
SE-0000547,ST-031,4,2026-05-03 19:04:00,2026-05-03 19:19:00,8.39,2.68,completed
SE-0001026,ST-042,1,2026-05-05 00:28:00,2026-05-05 01:59:00,90.95,29.1,completed
SE-0002133,ST-014,5,2026-05-11 04:13:00,2026-05-11 04:58:00,29.85,9.55,completed
SE-0004639,ST-028,1,2026-05-23 03:06:00,2026-05-23 03:44:00,12.92,4.13,completed
SE-0002867,ST-041,6,2026-05-14 01:25:00,2026-05-14 02:19:00,16.09,5.15,completed
SE-0002080,ST-003,1,2026-05-11 17:07:00,2026-05-11 17:35:00,14.54,4.65,completed
SE-0007583,ST-011,2,2026-06-07 14:19:00,2026-06-07 15:12:00,26.35,8.43,completed
SE-0003224,ST-025,1,2026-05-16 19:50:00,2026-05-16 20:56:00,21.42,6.85,completed
SE-0009595,ST-010,1,2026-06-17 17:54:00,2026-06-17 18:13:00,11.02,3.53,completed
SE-0009336,ST-001,2,2026-06-16 04:43:00,2026-06-16 05:29:00,34.57,11.06,completed
SE-0004204,ST-025,2,2026-05-21 12:56:00,2026-05-21 14:19:00,25.92,8.29,completed
SE-0011350,ST-015,1,2026-06-26 19:28:00,2026-06-26 19:52:00,18.01,5.76,completed
SE-0009667,ST-024,1,2026-06-17 09:29:00,2026-06-17 10:19:00,29.34,9.39,completed
SE-0001732,ST-017,2,2026-05-09 01:23:00,2026-05-09 02:29:00,50960,16.31,completed
SE-0007783,ST-012,1,2026-06-08 07:14:00,2026-06-08 07:52:00,25.28,8.09,completed
SE-0003240,ST-029,4,2026-05-16 03:30:00,2026-05-16 03:52:00,13.36,4.28,completed
SE-0008330,ST-006,3,2026-06-11 03:38:00,2026-06-11 04:24:00,34.17,10.93,completed
SE-0000177,ST-040,1,2026-05-01 09:37:00,2026-05-01 09:59:00,8.63,,completed
SE-0002440,ST-041,1,2026-05-12 23:42:00,2026-05-13 00:34:00,17.06,5.46,completed
SE-0003631,ST-035,1,2026-05-18 08:29:00,2026-05-18 09:16:00,42.18,13.5,completed
SE-0003352,ST-010,2,2026-05-17 12:01:00,2026-05-17 12:36:00,26.28,8.41,completed
SE-0002006,ST-033,1,2026-05-10 22:07:00,2026-05-10 22:39:00,17.18,5.5,completed
SE-0005246,ST-033,1,2026-05-26 14:42:00,2026-05-26 15:04:00,13.48,4.31,completed
SE-0002121,ST-010,2,2026-05-11 10:45:00,2026-05-11 11:22:00,20.43,6.54,completed
SE-0005899,ST-033,1,2026-05-29 07:44:00,2026-05-29 08:45:00,37.02,11.85,completed
SE-0006978,ST-010,1,2026-06-04 08:30:00,2026-06-04 09:04:00,22.56,7.22,completed
SE-0001831,ST-041,3,2026-05-09 13:22:00,2026-05-09 13:48:00,19.0,6.08,completed
SE-0003742,ST-014,2,2026-05-19 12:58:00,2026-05-19 13:46:00,24.65,7.89,completed
SE-0004043,ST-039,1,2026-05-20 14:24:00,2026-05-20 15:24:00,33.33,10.67,completed
SE-0007893,ST-033,2,2026-06-08 04:28:00,2026-06-08 05:17:00,29.18,9.34,completed
SE-0010805,ST-025,1,2026-06-23 23:58:00,2026-06-24 00:56:00,21.77,6.97,completed
SE-0010098,ST-041,5,2026-06-19 02:11:00,2026-06-19 02:40:00,10.63,3.4,completed
SE-0001049,ST-003,1,2026-05-06 11:43:00,2026-05-06 12:31:00,19.74,6.32,completed
SE-0005796,ST-013,2,2026-05-29 01:05:00,2026-05-29 01:33:00,18.3,5.86,completed
SE-0008733,ST-005,2,2026-06-13 21:35:00,2026-06-13 22:11:00,18.71,5.99,completed
SE-0003822,ST-029,1,2026-05-19 01:02:00,2026-05-19 01:49:00,24.01,7.68,completed
SE-0001610,ST-029,2,2026-05-08 12:39:00,2026-05-08 13:00:00,11.38,3.64,completed
SE-0011809,ST-025,1,2026-06-28 18:55:00,2026-06-28 19:19:00,20.13,6.44,completed
SE-0011818,ST-028,1,2026-06-28 12:25:00,2026-06-28 12:47:00,16.79,5.37,completed
SE-0005706,ST-039,1,2026-05-28 01:31:00,2026-05-28 01:37:00,1.82,0.58,completed
SE-0007123,ST-001,4,2026-06-05 01:21:00,2026-06-05 02:01:00,7.36,2.36,completed
SE-0007147,ST-005,2,2026-06-05 18:53:00,2026-06-05 19:23:00,19.17,6.13,completed
SE-0011605,ST-025,1,2026-06-27 03:21:00,2026-06-27 03:47:00,15.85,5.07,completed
SE-0011619,ST-029,1,2026-06-27 02:34:00,2026-06-27 03:10:00,9.48,3.03,completed
SE-0000428,ST-006,3,2026-05-03 23:58:00,2026-05-04 00:04:00,2.79,0.89,completed
SE-0005567,ST-009,2,2026-05-28 14:50:00,2026-05-28 15:31:00,9.94,3.18,completed
SE-0007230,ST-022,2,2026-06-05 20:55:00,2026-06-05 21:20:00,9.46,3.03,completed
SE-0011940,ST-015,1,2026-06-29 09:55:00,2026-06-29 10:18:00,17.37,5.56,completed
SE-0008447,ST-028,2,2026-06-11 14:05:00,2026-06-11 14:26:00,12.66,4.05,completed
SE-0000423,ST-006,5,2026-05-03 17:56:00,2026-05-03 18:23:00,14.18,4.54,completed
SE-0001540,ST-015,2,2026-05-08 13:44:00,2026-05-08 13:55:00,5.44,1.74,completed
SE-0004758,ST-015,2,2026-05-24 15:06:00,2026-05-24 15:55:00,19.43,6.22,completed
SE-0011093,ST-003,1,2026-06-25 20:49:00,2026-06-25 21:21:00,9.95,3.18,completed
SE-0010810,ST-025,1,2026-06-23 07:15:00,2026-06-23 07:40:00,9.87,3.16,completed
SE-0011747,ST-014,1,2026-06-28 17:46:00,2026-06-28 18:15:00,14.67,4.69,completed
SE-0007441,ST-023,2,2026-06-06 14:03:00,2026-06-06 14:52:00,13.96,4.47,faulted
SE-0002238,ST-035,2,2026-05-11 03:58:00,2026-05-11 04:04:00,2.88,0.92,completed
SE-0010279,ST-001,1,2026-06-21 20:49:00,2026-06-21 21:30:00,13.37,,completed
SE-0007551,ST-005,2,2026-06-07 15:29:00,2026-06-07 16:15:00,24.45,7.82,completed
SE-0011881,ST-004,4,2026-06-29 14:20:00,2026-06-29 15:54:00,115.85,37.07,completed
SE-0003336,ST-006,6,2026-05-17 18:20:00,2026-05-17 19:15:00,29.43,9.42,completed
SE-0006743,ST-003,1,2026-06-03 02:31:00,2026-06-03 03:21:00,17.8,5.7,completed
SE-0002358,ST-017,2,2026-05-12 07:24:00,2026-05-12 07:57:00,10030,3.21,completed
SE-0008244,ST-029,1,2026-06-10 02:07:00,2026-06-10 02:29:00,11.64,,completed
SE-0011925,ST-014,5,2026-06-29 02:27:00,2026-06-29 03:20:00,49.78,15.93,completed
SE-0004521,ST-008,1,2026-05-23 19:04:00,2026-05-23 20:03:00,34.38,11.0,completed
SE-0007001,ST-015,1,2026-06-04 17:04:00,2026-06-04 17:37:00,18.08,5.79,completed
SE-0009968,ST-004,3,2026-06-19 06:54:00,2026-06-19 07:49:00,12.9,4.13,completed
SE-0003054,ST-041,5,2026-05-15 18:06:00,2026-05-15 18:45:00,22.89,7.32,completed
SE-0004735,ST-008,1,2026-05-24 04:56:00,2026-05-24 05:20:00,9.36,3.0,completed
SE-0006353,ST-003,1,2026-06-01 10:42:00,2026-06-01 11:38:00,35.73,11.43,completed
SE-0007695,ST-034,2,2026-06-07 04:51:00,2026-06-07 05:48:00,25.76,8.24,completed
SE-0008088,ST-041,1,2026-06-09 17:10:00,2026-06-09 17:59:00,23.39,7.48,completed
SE-0005420,ST-023,2,2026-05-27 07:24:00,2026-05-27 07:46:00,17.46,5.59,completed
SE-0007561,ST-006,4,2026-06-07 15:38:00,2026-06-07 16:44:00,53.95,,completed
SE-0006999,ST-014,5,2026-06-04 15:12:00,2026-06-04 16:23:00,34.3,10.98,completed
SE-0003511,ST-006,2,2026-05-18 11:36:00,2026-05-18 12:02:00,15.21,4.87,completed
SE-0009276,ST-029,2,2026-06-15 03:47:00,2026-06-15 04:40:00,38.86,12.44,completed
SE-0009446,ST-017,2,2026-06-16 16:47:00,2026-06-16 17:53:00,44740,14.32,completed
SE-0001396,ST-028,2,2026-05-07 02:19:00,2026-05-07 02:35:00,3.39,1.08,completed
SE-0008527,ST-003,2,2026-06-12 17:04:00,2026-06-12 18:06:00,47.43,15.18,completed
SE-0011421,ST-031,6,2026-06-26 10:33:00,2026-06-26 10:51:00,11.48,3.67,completed
SE-0001990,ST-027,4,2026-05-10 05:27:00,2026-05-10 06:22:00,34.34,10.99,completed
SE-0001633,ST-039,4,2026-05-08 10:30:00,2026-05-08 11:34:00,18.68,5.98,completed
SE-0001765,ST-023,1,2026-05-09 07:57:00,2026-05-09 08:16:00,10.29,3.29,completed
SE-0010512,ST-005,2,2026-06-22 14:24:00,2026-06-22 14:53:00,13.01,4.16,completed
SE-0001403,ST-031,5,2026-05-07 13:43:00,2026-05-07 14:44:00,52.47,16.79,completed
SE-0006888,ST-031,4,2026-06-03 15:01:00,2026-06-03 15:17:00,12.58,4.03,completed
SE-0001802,ST-033,1,2026-05-09 01:50:00,2026-05-09 02:21:00,19.85,6.35,completed
SE-0001170,ST-023,1,2026-05-06 21:05:00,2026-05-06 21:11:00,2.75,0.88,completed
SE-0001567,ST-022,6,2026-05-08 04:47:00,2026-05-08 05:26:00,27.5,8.8,completed
SE-0000304,ST-023,2,2026-05-02 02:40:00,2026-05-02 03:21:00,37.93,12.14,completed
SE-0008906,ST-041,1,2026-06-13 18:22:00,2026-06-13 18:51:00,19.91,,completed
SE-0006922,ST-041,1,2026-06-03 17:27:00,2026-06-03 18:16:00,35.94,11.5,completed
SE-0000439,ST-008,1,2026-05-03 12:59:00,2026-05-03 13:24:00,17.16,5.49,completed
SE-0005575,ST-012,2,2026-05-28 17:27:00,2026-05-28 18:24:00,21.74,6.96,completed
SE-0011054,ST-039,4,2026-06-24 14:15:00,2026-06-24 14:52:00,27.46,8.79,completed
SE-0004625,ST-025,2,2026-05-23 15:49:00,2026-05-23 16:31:00,22.56,7.22,completed
SE-0008157,ST-012,1,2026-06-10 22:13:00,2026-06-10 23:20:00,37.98,12.15,completed
SE-0009855,ST-022,4,2026-06-18 13:52:00,2026-06-18 14:30:00,17.02,5.45,completed
SE-0006526,ST-041,2,2026-06-01 21:43:00,2026-06-01 22:45:00,35.75,11.44,completed
SE-0004573,ST-016,2,2026-05-23 14:40:00,2026-05-23 16:18:00,56.05,17.94,completed
SE-0010818,ST-029,4,2026-06-23 09:40:00,2026-06-23 10:18:00,28.47,9.11,completed
SE-0004194,ST-023,1,2026-05-21 22:54:00,2026-05-21 23:49:00,23.93,7.66,completed
SE-0001274,ST-006,5,2026-05-07 04:21:00,2026-05-07 05:00:00,25.75,8.24,completed
SE-0004042,ST-039,3,2026-05-20 01:08:00,2026-05-20 01:45:00,31.79,10.17,completed
SE-0004560,ST-015,2,2026-05-23 21:50:00,2026-05-23 22:46:00,34.41,11.01,completed
SE-0006543,ST-003,2,2026-06-02 19:03:00,2026-06-02 19:44:00,10.76,3.44,completed
SE-0010954,ST-015,2,2026-06-24 20:14:00,2026-06-24 20:55:00,21.97,7.03,completed
SE-0005299,ST-003,1,2026-05-27 20:30:00,2026-05-27 21:12:00,22.53,7.21,completed
SE-0001985,ST-025,2,2026-05-10 20:09:00,2026-05-10 21:04:00,35.41,11.33,completed
SE-0000764,ST-025,2,2026-05-04 20:10:00,2026-05-04 21:08:00,49.01,15.68,completed
SE-0008370,ST-014,4,2026-06-11 04:32:00,2026-06-11 05:20:00,18.85,6.03,completed
SE-0004906,ST-003,1,2026-05-25 00:49:00,2026-05-25 01:58:00,34.86,11.16,completed
SE-0001982,ST-025,1,2026-05-10 19:36:00,2026-05-10 20:31:00,39.91,12.77,completed
SE-0001764,ST-023,2,2026-05-09 13:04:00,2026-05-09 14:05:00,27.74,8.88,completed
SE-0006676,ST-029,1,2026-06-02 10:36:00,2026-06-02 11:10:00,26.47,8.47,completed
SE-0000145,ST-033,2,2026-05-01 14:11:00,2026-05-01 14:31:00,11.34,3.63,completed
SE-0001769,ST-025,1,2026-05-09 13:52:00,2026-05-09 14:50:00,26.84,8.59,completed
SE-0000449,ST-012,2,2026-05-03 13:18:00,2026-05-03 13:38:00,12.82,4.1,completed
SE-0004044,ST-040,1,2026-05-20 01:47:00,2026-05-20 02:29:00,12.12,3.88,completed
SE-0011565,ST-015,2,2026-06-27 19:15:00,2026-06-27 20:17:00,19.78,6.33,completed
SE-0009843,ST-022,5,2026-06-18 07:05:00,2026-06-18 07:58:00,29.74,9.52,completed
SE-0009434,ST-015,2,2026-06-16 06:18:00,2026-06-16 06:45:00,13.21,4.23,completed
SE-0003710,ST-006,4,2026-05-19 21:13:00,2026-05-19 21:56:00,22.02,7.05,completed
SE-0001554,ST-016,2,2026-05-08 01:21:00,2026-05-08 02:04:00,19.86,6.36,completed
SE-0003569,ST-017,1,2026-05-18 04:27:00,2026-05-18 05:18:00,39570,12.66,completed
SE-0010287,ST-001,4,2026-06-21 08:41:00,2026-06-21 09:41:00,37.64,12.04,completed
SE-0004205,ST-025,2,2026-05-21 02:37:00,2026-05-21 03:56:00,36.29,11.61,completed
SE-0002163,ST-017,1,2026-05-11 12:44:00,2026-05-11 13:37:00,52990,16.96,completed
SE-0005533,ST-005,2,2026-05-28 07:28:00,2026-05-28 08:24:00,40.12,12.84,completed
SE-0005172,ST-017,1,2026-05-26 06:46:00,2026-05-26 07:16:00,11440,3.66,completed
SE-0001195,ST-028,2,2026-05-06 14:48:00,2026-05-06 15:09:00,13.01,4.16,completed
SE-0007056,ST-025,1,2026-06-04 15:02:00,2026-06-04 15:37:00,29.05,9.3,completed
SE-0002340,ST-014,4,2026-05-12 06:31:00,2026-05-12 07:24:00,22.95,7.34,completed
SE-0009108,ST-033,2,2026-06-14 23:54:00,2026-06-15 00:16:00,11.59,3.71,completed
SE-0011945,ST-015,2,2026-06-29 17:46:00,2026-06-29 18:21:00,23.54,7.53,completed
SE-0004026,ST-033,1,2026-05-20 05:07:00,2026-05-20 05:27:00,8.45,2.7,completed
SE-0004934,ST-007,2,2026-05-25 16:58:00,2026-05-25 17:42:00,32.44,10.38,completed
SE-0000033,ST-008,1,2026-05-01 22:21:00,2026-05-01 23:03:00,16.65,5.33,completed
SE-0005405,ST-022,1,2026-05-27 13:54:00,2026-05-27 14:41:00,22.84,7.31,completed
SE-0007424,ST-022,1,2026-06-06 13:15:00,2026-06-06 13:51:00,22.58,7.23,completed
SE-0009193,ST-010,2,2026-06-15 01:18:00,2026-06-15 01:24:00,4.03,1.29,completed
SE-0003925,ST-013,2,2026-05-20 07:22:00,2026-05-20 07:46:00,10.98,3.51,completed
SE-0000166,ST-035,2,2026-05-01 08:32:00,2026-05-01 09:44:00,44.83,14.35,completed
SE-0010732,ST-009,1,2026-06-23 01:58:00,2026-06-23 02:45:00,32.56,10.42,completed
SE-0003436,ST-033,2,2026-05-17 11:21:00,2026-05-17 11:55:00,24.35,,completed
SE-0001548,ST-016,1,2026-05-08 07:33:00,2026-05-08 07:47:00,6.83,2.19,completed
SE-0005418,ST-023,2,2026-05-27 20:16:00,2026-05-27 20:22:00,3.13,1.0,completed
SE-0000074,ST-016,1,2026-05-01 12:33:00,2026-05-01 13:32:00,41.96,13.43,completed
SE-0003656,ST-041,1,2026-05-18 13:09:00,2026-05-18 13:38:00,19.09,6.11,completed
SE-0009991,ST-009,2,2026-06-19 04:08:00,2026-06-19 05:02:00,13.35,4.27,completed
SE-0006577,ST-009,2,2026-06-02 21:05:00,2026-06-02 21:38:00,21.04,6.73,completed
SE-0008197,ST-017,2,2026-06-10 19:23:00,2026-06-10 19:50:00,18400,5.89,completed
SE-0004630,ST-025,2,2026-05-23 23:11:00,2026-05-23 23:59:00,21.83,,completed
SE-0007406,ST-017,2,2026-06-06 07:18:00,2026-06-06 08:01:00,37580,12.03,completed
SE-0008159,ST-012,2,2026-06-10 06:10:00,2026-06-10 06:27:00,12.82,4.1,completed
SE-0011624,ST-031,4,2026-06-27 03:05:00,2026-06-27 03:43:00,23.78,7.61,completed
SE-0002801,ST-023,1,2026-05-14 18:29:00,2026-05-14 19:25:00,25.58,8.19,completed
SE-0008019,ST-017,2,2026-06-09 16:48:00,2026-06-09 17:39:00,40420,12.93,completed
SE-0010900,ST-006,3,2026-06-24 19:25:00,2026-06-24 20:17:00,39.73,12.71,completed
SE-0002607,ST-026,1,2026-05-13 12:58:00,2026-05-13 13:20:00,17.2,5.5,completed
SE-0005606,ST-015,1,2026-05-28 01:08:00,2026-05-28 01:56:00,27.94,8.94,completed
SE-0004749,ST-014,6,2026-05-24 12:51:00,2026-05-24 13:49:00,26.49,8.48,completed
SE-0003105,ST-005,1,2026-05-16 10:36:00,2026-05-16 10:52:00,8.07,2.58,completed
SE-0003537,ST-013,1,2026-05-18 17:19:00,2026-05-18 18:36:00,67.3,21.54,completed
SE-0010138,ST-006,3,2026-06-20 15:14:00,2026-06-20 15:56:00,29.64,9.48,completed
SE-0006744,ST-004,1,2026-06-03 15:00:00,2026-06-03 15:31:00,15.76,5.04,completed
SE-0001319,ST-015,2,2026-05-07 06:27:00,2026-05-07 06:45:00,12.32,3.94,completed
SE-0008541,ST-006,2,2026-06-12 00:58:00,2026-06-12 01:23:00,6.64,2.12,completed
SE-0005641,ST-023,1,2026-05-28 00:24:00,2026-05-28 00:30:00,0.71,0.23,faulted
SE-0001500,ST-008,2,2026-05-08 21:13:00,2026-05-08 22:02:00,33.67,10.77,completed
SE-0006694,ST-034,1,2026-06-02 04:08:00,2026-06-02 05:15:00,27.75,8.88,completed
SE-0009670,ST-025,2,2026-06-17 12:03:00,2026-06-17 12:27:00,5.8,1.86,completed
SE-0002670,ST-001,3,2026-05-14 02:06:00,2026-05-14 03:15:00,51.46,16.47,completed
SE-0001585,ST-023,2,2026-05-08 15:26:00,2026-05-08 16:00:00,22.13,7.08,completed
SE-0007418,ST-021,5,2026-06-06 05:23:00,2026-06-06 05:59:00,1.5,0.48,completed
SE-0007386,ST-015,2,2026-06-06 08:31:00,2026-06-06 09:37:00,41.72,13.35,completed
SE-0009753,ST-003,1,2026-06-18 17:18:00,2026-06-18 18:18:00,33.54,10.73,completed
SE-0006948,ST-005,2,2026-06-04 01:39:00,2026-06-04 02:14:00,32.52,10.41,completed
SE-0005570,ST-010,1,2026-05-28 13:50:00,2026-05-28 14:40:00,36.05,,completed
SE-0000141,ST-032,3,2026-05-01 02:56:00,2026-05-01 03:26:00,28.09,8.99,completed
SE-0008808,ST-016,2,2026-06-13 03:32:00,2026-06-13 04:17:00,24.79,7.93,completed
SE-0003108,ST-005,1,2026-05-16 01:47:00,2026-05-16 02:36:00,11.6,3.71,completed
SE-0000198,ST-001,3,2026-05-02 18:37:00,2026-05-02 19:22:00,18.68,,completed
SE-0006216,ST-014,5,2026-05-31 11:23:00,2026-05-31 11:59:00,29.41,9.41,completed
SE-0002999,ST-023,2,2026-05-15 16:38:00,2026-05-15 17:10:00,7.31,2.34,completed
SE-0005387,ST-017,2,2026-05-27 13:46:00,2026-05-27 14:42:00,44820,14.34,completed
SE-0004048,ST-041,5,2026-05-20 13:12:00,2026-05-20 14:07:00,20.25,6.48,completed
SE-0009557,ST-003,1,2026-06-17 01:50:00,2026-06-17 02:19:00,7.63,2.44,completed
SE-0009686,ST-028,1,2026-06-17 20:16:00,2026-06-17 21:13:00,31.06,9.94,completed
SE-0007642,ST-023,2,2026-06-07 22:11:00,2026-06-07 22:33:00,15.09,4.83,completed
SE-0006625,ST-017,2,2026-06-02 14:15:00,2026-06-02 14:40:00,11850,3.79,completed
SE-0002751,ST-014,6,2026-05-14 04:10:00,2026-05-14 05:07:00,36.76,11.76,completed
SE-0011309,ST-006,5,2026-06-26 16:05:00,2026-06-26 17:05:00,35.92,11.49,completed
SE-0002753,ST-014,2,2026-05-14 17:13:00,2026-05-14 18:18:00,39.16,12.53,completed
SE-0009077,ST-025,1,2026-06-14 20:38:00,2026-06-14 21:19:00,27.09,8.67,completed
SE-0011008,ST-025,1,2026-06-24 02:04:00,2026-06-24 02:58:00,21.44,6.86,completed
SE-0001863,ST-005,1,2026-05-10 02:48:00,2026-05-10 03:34:00,32.26,10.32,completed
SE-0010233,ST-031,2,2026-06-20 23:55:00,2026-06-21 01:02:00,56.11,17.96,completed
SE-0002286,ST-005,1,2026-05-12 14:43:00,2026-05-12 15:33:00,26.32,8.42,completed
SE-0000578,ST-041,3,2026-05-03 03:18:00,2026-05-03 03:42:00,12.54,4.01,completed
SE-0009986,ST-008,1,2026-06-19 20:20:00,2026-06-19 21:06:00,15.44,4.94,completed
SE-0002135,ST-014,4,2026-05-11 04:37:00,2026-05-11 04:43:00,2.56,0.82,completed
SE-0008036,ST-022,3,2026-06-09 04:29:00,2026-06-09 05:23:00,23.61,7.56,completed
SE-0005698,ST-036,1,2026-05-28 15:51:00,2026-05-28 16:50:00,38.7,12.38,aborted
SE-0011062,ST-041,1,2026-06-24 09:42:00,2026-06-24 10:03:00,11.0,3.52,completed
SE-0002386,ST-024,1,2026-05-12 05:20:00,2026-05-12 05:40:00,7.15,2.29,completed
SE-0008044,ST-023,2,2026-06-09 20:44:00,2026-06-09 20:53:00,4.87,1.56,completed
SE-0005543,ST-006,5,2026-05-28 00:15:00,2026-05-28 00:49:00,17.11,5.48,completed
SE-0000461,ST-014,2,2026-05-03 05:43:00,2026-05-03 06:19:00,20.38,6.52,completed
SE-0009281,ST-030,5,2026-06-15 10:50:00,2026-06-15 11:34:00,31.64,10.12,completed
SE-0008545,ST-008,2,2026-06-12 21:51:00,2026-06-12 22:16:00,13.34,4.27,completed
SE-0009353,ST-005,1,2026-06-16 00:20:00,2026-06-16 01:15:00,39.66,12.69,completed
SE-0005938,ST-003,1,2026-05-30 11:51:00,2026-05-30 13:14:00,55.69,17.82,completed
SE-0001083,ST-008,1,2026-05-06 04:49:00,2026-05-06 05:53:00,31.37,10.04,completed
SE-0007891,ST-032,3,2026-06-08 11:26:00,2026-06-08 12:22:00,33.34,10.67,completed
SE-0006201,ST-010,2,2026-05-31 20:36:00,2026-05-31 21:09:00,10.07,3.22,completed
SE-0006580,ST-010,1,2026-06-02 10:27:00,2026-06-02 11:12:00,16.55,5.3,completed
SE-0005908,ST-037,1,2026-05-29 10:39:00,2026-05-29 10:45:00,2.28,0.73,completed
SE-0008992,ST-015,2,2026-06-14 15:02:00,2026-06-14 15:48:00,37.28,11.93,completed
SE-0009098,ST-030,1,2026-06-14 09:54:00,2026-06-14 10:20:00,11.03,3.53,completed
SE-0002391,ST-025,2,2026-05-12 14:06:00,2026-05-12 14:19:00,10.86,3.48,completed
SE-0003620,ST-031,1,2026-05-18 16:20:00,2026-05-18 16:52:00,17.54,5.61,completed
SE-0004376,ST-022,6,2026-05-22 14:28:00,2026-05-22 15:18:00,28.55,9.14,completed
SE-0010949,ST-014,5,2026-06-24 07:09:00,2026-06-24 07:48:00,10.35,3.31,completed
SE-0007335,ST-003,2,2026-06-06 01:07:00,2026-06-06 01:30:00,12.3,3.94,completed
SE-0007963,ST-005,2,2026-06-09 10:15:00,2026-06-09 10:48:00,15.08,4.83,completed
SE-0002893,ST-002,2,2026-05-15 15:26:00,2026-05-15 16:18:00,27.38,,completed
SE-0001018,ST-041,1,2026-05-05 05:28:00,2026-05-05 06:08:00,19.54,6.25,completed
SE-0002932,ST-008,2,2026-05-15 08:43:00,2026-05-15 09:53:00,56.77,18.17,completed
SE-0007153,ST-005,2,2026-06-05 10:05:00,2026-06-05 10:25:00,15.1,4.83,completed
SE-0002246,ST-039,3,2026-05-11 10:05:00,2026-05-11 11:07:00,26.72,8.55,completed
SE-0010000,ST-010,2,2026-06-19 20:08:00,2026-06-19 21:00:00,31.49,10.08,completed
SE-0012042,ST-037,3,2026-06-29 12:08:00,2026-06-29 12:17:00,4.65,1.49,completed
SE-0003764,ST-017,1,2026-05-19 17:50:00,2026-05-19 18:36:00,33180,10.62,completed
SE-0007912,ST-041,4,2026-06-08 16:26:00,2026-06-08 17:20:00,26.64,8.52,completed
SE-0011841,ST-035,1,2026-06-28 16:40:00,2026-06-28 16:46:00,3.77,1.21,completed
SE-0002758,ST-015,1,2026-05-14 23:26:00,2026-05-14 23:57:00,14.75,4.72,completed
SE-0002065,ST-001,2,2026-05-11 01:16:00,2026-05-11 01:50:00,25.92,8.29,completed
SE-0009329,ST-001,4,2026-06-16 06:45:00,2026-06-16 07:15:00,13.07,4.18,completed
SE-0005248,ST-033,1,2026-05-26 05:44:00,2026-05-26 05:57:00,5.65,1.81,completed
SE-0003063,ST-041,2,2026-05-15 05:51:00,2026-05-15 05:57:00,2.39,0.76,completed
SE-0002277,ST-003,1,2026-05-12 01:20:00,2026-05-12 01:29:00,2.76,0.88,completed
SE-0008754,ST-006,6,2026-06-13 14:47:00,2026-06-13 15:28:00,26.97,8.63,completed
SE-0006503,ST-033,2,2026-06-01 07:30:00,2026-06-01 08:25:00,24.86,7.96,completed
SE-0008093,ST-001,2,2026-06-10 10:21:00,2026-06-10 11:10:00,34.15,10.93,completed
SE-0006386,ST-008,2,2026-06-01 12:53:00,2026-06-01 13:41:00,23.88,7.64,completed
SE-0008104,ST-001,4,2026-06-10 02:43:00,2026-06-10 03:19:00,8.33,2.67,completed
SE-0004783,ST-017,1,2026-05-24 00:37:00,2026-05-24 01:08:00,25600,8.19,completed
SE-0005558,ST-008,1,2026-05-28 10:50:00,2026-05-28 12:01:00,39.28,,completed
SE-0004552,ST-014,2,2026-05-23 01:58:00,2026-05-23 02:21:00,13.34,4.27,completed
SE-0001232,ST-041,4,2026-05-06 11:49:00,2026-05-06 12:03:00,10.68,3.42,completed
SE-0007070,ST-029,3,2026-06-04 13:14:00,2026-06-04 13:29:00,12.66,4.05,completed
SE-0008169,ST-014,4,2026-06-10 20:05:00,2026-06-10 20:33:00,8.92,2.85,completed
SE-0000328,ST-027,2,2026-05-02 14:19:00,2026-05-02 15:05:00,25.5,8.16,completed
SE-0007288,ST-033,1,2026-06-05 04:31:00,2026-06-05 05:46:00,44.94,,completed
SE-0010845,ST-035,2,2026-06-23 12:22:00,2026-06-23 12:50:00,21.45,6.86,completed
SE-0000259,ST-014,5,2026-05-02 17:01:00,2026-05-02 17:59:00,27.06,8.66,completed
SE-0011200,ST-023,2,2026-06-25 02:53:00,2026-06-25 03:32:00,23.97,7.67,completed
SE-0001644,ST-041,4,2026-05-08 20:16:00,2026-05-08 20:32:00,10.96,3.51,completed
SE-0011872,ST-002,2,2026-06-29 18:06:00,2026-06-29 19:03:00,24.41,7.81,completed
SE-0010176,ST-017,2,2026-06-20 02:24:00,2026-06-20 03:02:00,20040,6.41,completed
SE-0001640,ST-041,6,2026-05-08 17:52:00,2026-05-08 18:47:00,35.24,11.28,completed
SE-0010413,ST-023,1,2026-06-21 19:19:00,2026-06-21 20:34:00,9.62,3.08,faulted
SE-0006734,ST-003,2,2026-06-03 07:19:00,2026-06-03 08:00:00,27.41,8.77,completed
SE-0007882,ST-029,2,2026-06-08 01:32:00,2026-06-08 02:11:00,21.15,6.77,completed
SE-0000774,ST-025,2,2026-05-04 04:36:00,2026-05-04 05:03:00,14.6,4.67,completed
SE-0004798,ST-022,1,2026-05-24 02:58:00,2026-05-24 03:44:00,24.03,7.69,completed
SE-0007429,ST-023,1,2026-06-06 15:42:00,2026-06-06 16:24:00,17.77,5.69,completed
SE-0005666,ST-027,1,2026-05-28 11:30:00,2026-05-28 12:07:00,35.37,11.32,completed
SE-0006238,ST-017,2,2026-05-31 01:24:00,2026-05-31 02:12:00,10050,3.22,completed
SE-0006940,ST-003,1,2026-06-04 11:44:00,2026-06-04 12:40:00,11.67,3.73,completed
SE-0003626,ST-034,1,2026-05-18 03:12:00,2026-05-18 04:02:00,14.87,4.76,completed
SE-0000539,ST-028,1,2026-05-03 00:17:00,2026-05-03 00:23:00,2.35,0.75,completed
SE-0003373,ST-015,2,2026-05-17 08:22:00,2026-05-17 08:34:00,9.49,3.04,completed
SE-0002726,ST-009,1,2026-05-14 16:51:00,2026-05-14 17:46:00,26.67,8.53,completed
SE-0003103,ST-005,2,2026-05-16 06:03:00,2026-05-16 06:52:00,29.75,9.52,completed
SE-0002922,ST-006,2,2026-05-15 22:04:00,2026-05-15 23:06:00,40.97,13.11,completed
SE-0006848,ST-021,5,2026-06-03 10:12:00,2026-06-03 10:35:00,13.72,4.39,completed
SE-0004064,ST-001,1,2026-05-21 02:37:00,2026-05-21 03:02:00,10.08,3.23,completed
SE-0004259,ST-001,3,2026-05-22 20:31:00,2026-05-22 21:22:00,10.76,3.44,completed
SE-0010403,ST-022,3,2026-06-21 12:58:00,2026-06-21 14:17:00,34.25,10.96,completed
SE-0002300,ST-005,1,2026-05-12 10:34:00,2026-05-12 11:12:00,16.52,5.29,completed
SE-0003422,ST-028,2,2026-05-17 17:38:00,2026-05-17 17:58:00,8.01,2.56,completed
SE-0004149,ST-014,4,2026-05-21 17:55:00,2026-05-21 19:00:00,38.24,12.24,completed
SE-0000896,ST-012,2,2026-05-05 18:44:00,2026-05-05 19:17:00,9.88,3.16,completed
SE-0006406,ST-012,1,2026-06-01 22:00:00,2026-06-01 23:09:00,24.53,7.85,completed
SE-0002561,ST-017,2,2026-05-13 17:24:00,2026-05-13 17:47:00,21590,6.91,completed
SE-0000064,ST-015,1,2026-05-01 23:17:00,2026-05-01 23:34:00,12.54,4.01,completed
SE-0008796,ST-015,2,2026-06-13 23:43:00,2026-06-14 00:29:00,25.4,8.13,completed
SE-0008833,ST-022,2,2026-06-13 01:59:00,2026-06-13 02:45:00,20.62,6.6,completed
SE-0008080,ST-039,4,2026-06-09 11:30:00,2026-06-09 12:19:00,37.52,12.01,completed
SE-0001323,ST-016,2,2026-05-07 18:38:00,2026-05-07 19:15:00,20.71,6.63,completed
SE-0000319,ST-025,1,2026-05-02 20:14:00,2026-05-02 20:45:00,10.83,3.47,completed
SE-0004153,ST-014,6,2026-05-21 09:19:00,2026-05-21 10:06:00,16.54,5.29,completed
SE-0000958,ST-023,2,2026-05-05 00:51:00,2026-05-05 01:07:00,6.01,,completed
SE-0005535,ST-005,1,2026-05-28 01:52:00,2026-05-28 02:31:00,18.08,5.79,completed
SE-0004693,ST-001,4,2026-05-24 18:45:00,2026-05-24 19:55:00,29.62,9.48,completed
SE-0011677,ST-001,3,2026-06-28 17:12:00,2026-06-28 18:20:00,44.15,14.13,completed
SE-0001611,ST-029,2,2026-05-08 20:45:00,2026-05-08 21:44:00,45.87,14.68,completed
SE-0003353,ST-010,2,2026-05-17 08:58:00,2026-05-17 10:02:00,47.86,15.32,completed
SE-0002890,ST-001,3,2026-05-15 01:22:00,2026-05-15 01:28:00,3.61,1.16,completed
SE-0002076,ST-003,1,2026-05-11 07:54:00,2026-05-11 08:28:00,13.07,4.18,completed
SE-0011034,ST-033,1,2026-06-24 05:16:00,2026-06-24 06:04:00,6.26,2.0,completed
SE-0000300,ST-022,3,2026-05-02 18:23:00,2026-05-02 19:36:00,28.87,9.24,completed
SE-0006867,ST-024,1,2026-06-03 23:57:00,2026-06-04 00:55:00,30.56,9.78,completed
SE-0005102,ST-003,2,2026-05-26 03:01:00,2026-05-26 03:44:00,25.05,8.02,completed
SE-0006220,ST-014,4,2026-05-31 22:34:00,2026-05-31 23:42:00,40.76,13.04,completed
SE-0007804,ST-015,2,2026-06-08 04:33:00,2026-06-08 05:11:00,23.68,7.58,completed
SE-0010215,ST-025,2,2026-06-20 22:23:00,2026-06-20 23:20:00,35.22,11.27,completed
SE-0002746,ST-013,1,2026-05-14 23:01:00,2026-05-14 23:42:00,2.94,0.94,completed
SE-0005463,ST-033,1,2026-05-27 12:16:00,2026-05-27 12:52:00,30.05,9.62,completed
SE-0004802,ST-022,3,2026-05-24 11:30:00,2026-05-24 12:09:00,32.38,10.36,completed
SE-0001257,ST-003,2,2026-05-07 15:59:00,2026-05-07 16:15:00,6.22,1.99,completed
SE-0005255,ST-036,4,2026-05-26 00:56:00,2026-05-26 01:29:00,24.02,7.69,completed
SE-0006063,ST-022,5,2026-05-30 22:05:00,2026-05-30 22:51:00,23.39,7.48,completed
SE-0001660,ST-005,1,2026-05-09 19:20:00,2026-05-09 20:05:00,31.12,9.96,completed
SE-0008192,ST-017,2,2026-06-10 22:54:00,2026-06-10 23:28:00,18640,5.96,completed
SE-0004933,ST-006,3,2026-05-25 18:03:00,2026-05-25 18:24:00,10.94,3.5,completed
SE-0009737,ST-042,3,2026-06-17 19:41:00,2026-06-17 20:01:00,18.79,6.01,completed
SE-0010259,ST-040,2,2026-06-20 07:36:00,2026-06-20 08:32:00,50.11,16.04,completed
SE-0009925,ST-040,1,2026-06-18 00:08:00,2026-06-18 01:23:00,59.89,19.16,completed
SE-0000968,ST-025,1,2026-05-05 02:36:00,2026-05-05 03:17:00,20.81,6.66,completed
SE-0006898,ST-034,2,2026-06-03 11:35:00,2026-06-03 12:28:00,12.86,4.12,completed
SE-0000739,ST-022,6,2026-05-04 22:10:00,2026-05-04 23:17:00,55.63,17.8,completed
SE-0008748,ST-006,6,2026-06-13 15:22:00,2026-06-13 16:36:00,47.15,15.09,completed
SE-0008180,ST-015,2,2026-06-10 00:31:00,2026-06-10 01:01:00,4.83,1.55,completed
SE-0005547,ST-006,1,2026-05-28 03:21:00,2026-05-28 04:05:00,13.39,4.28,completed
SE-0000203,ST-002,2,2026-05-02 03:49:00,2026-05-02 04:43:00,35.97,11.51,completed
SE-0004985,ST-017,1,2026-05-25 04:27:00,2026-05-25 04:38:00,6660,,completed
SE-0000480,ST-016,2,2026-05-03 14:52:00,2026-05-03 15:21:00,20.22,6.47,completed
SE-0009597,ST-010,1,2026-06-17 08:36:00,2026-06-17 10:06:00,37.47,11.99,completed
SE-0010722,ST-006,1,2026-06-23 08:20:00,2026-06-23 08:50:00,17.81,5.7,completed
SE-0006064,ST-022,6,2026-05-30 21:23:00,2026-05-30 22:06:00,31.03,9.93,completed
SE-0000693,ST-015,1,2026-05-04 02:56:00,2026-05-04 03:42:00,25.97,8.31,completed
SE-0003363,ST-014,1,2026-05-17 20:36:00,2026-05-17 21:17:00,21.32,6.82,completed
SE-0005134,ST-009,1,2026-05-26 06:01:00,2026-05-26 06:38:00,17.18,5.5,completed
SE-0008381,ST-016,1,2026-06-11 06:19:00,2026-06-11 07:53:00,46.29,14.81,completed
SE-0009741,ST-001,2,2026-06-18 13:28:00,2026-06-18 14:10:00,32.09,10.27,completed
SE-0006731,ST-003,2,2026-06-03 21:09:00,2026-06-03 21:35:00,11.27,3.61,completed
SE-0006287,ST-030,6,2026-05-31 18:40:00,2026-05-31 19:42:00,42.8,13.7,completed
SE-0006447,ST-017,1,2026-06-01 14:59:00,2026-06-01 15:39:00,14920,4.77,completed
SE-0006067,ST-023,1,2026-05-30 02:13:00,2026-05-30 02:49:00,7.95,2.54,completed
SE-0000433,ST-006,4,2026-05-03 08:36:00,2026-05-03 09:25:00,24.75,7.92,completed
SE-0005980,ST-009,1,2026-05-30 21:51:00,2026-05-30 22:57:00,30.71,9.83,completed
SE-0007735,ST-001,3,2026-06-08 05:26:00,2026-06-08 05:59:00,18.18,5.82,completed
SE-0001130,ST-017,1,2026-05-06 05:17:00,2026-05-06 05:52:00,26510,8.48,completed
SE-0008784,ST-012,1,2026-06-13 22:18:00,2026-06-13 23:22:00,36.22,11.59,completed
SE-0007621,ST-021,3,2026-06-07 11:08:00,2026-06-07 11:48:00,28.44,9.1,completed
SE-0005634,ST-022,6,2026-05-28 11:26:00,2026-05-28 12:13:00,39.0,12.48,completed
SE-0004054,ST-041,1,2026-05-20 21:26:00,2026-05-20 22:21:00,34.32,10.98,completed
SE-0008521,ST-003,2,2026-06-12 08:45:00,2026-06-12 09:27:00,23.94,7.66,completed
SE-0011743,ST-014,5,2026-06-28 11:15:00,2026-06-28 12:00:00,12.73,4.07,completed
SE-0010316,ST-005,2,2026-06-21 01:10:00,2026-06-21 01:36:00,18.52,5.93,completed
SE-0004727,ST-006,3,2026-05-24 01:05:00,2026-05-24 01:31:00,15.03,4.81,completed
SE-0000256,ST-013,2,2026-05-02 17:58:00,2026-05-02 18:32:00,27.56,8.82,completed
SE-0001928,ST-017,2,2026-05-10 18:03:00,2026-05-10 18:49:00,22590,7.23,completed
SE-0005388,ST-017,2,2026-05-27 21:09:00,2026-05-27 21:45:00,14120,4.52,completed
SE-0009900,ST-031,3,2026-06-18 22:01:00,2026-06-18 22:36:00,19.02,6.09,completed
SE-0009377,ST-006,6,2026-06-16 12:55:00,2026-06-16 13:11:00,9.86,3.16,completed
SE-0000093,ST-020,1,2026-05-01 03:24:00,2026-05-01 03:55:00,19.67,6.29,completed
SE-0008136,ST-006,4,2026-06-10 08:27:00,2026-06-10 09:06:00,23.65,7.57,completed
SE-0000640,ST-006,2,2026-05-04 06:15:00,2026-05-04 06:58:00,25.85,8.27,completed
SE-0001981,ST-025,2,2026-05-10 02:58:00,2026-05-10 03:14:00,7.57,2.42,completed
SE-0000109,ST-023,1,2026-05-01 14:11:00,2026-05-01 15:14:00,14.48,4.63,completed
SE-0007142,ST-005,1,2026-06-05 04:17:00,2026-06-05 05:06:00,35.38,11.32,completed
SE-0011412,ST-027,3,2026-06-26 01:46:00,2026-06-26 02:33:00,29.6,9.47,completed
SE-0002998,ST-023,2,2026-05-15 11:11:00,2026-05-15 12:09:00,46.63,14.92,completed
SE-0002156,ST-017,1,2026-05-11 04:15:00,2026-05-11 05:30:00,43980,14.07,completed
SE-0001870,ST-006,3,2026-05-10 08:33:00,2026-05-10 09:35:00,7.85,2.51,completed
SE-0003770,ST-018,5,2026-05-19 15:01:00,2026-05-19 15:38:00,28.97,9.27,completed
SE-0001940,ST-017,2,2026-05-10 10:33:00,2026-05-10 11:19:00,41240,13.2,completed
SE-0008153,ST-010,1,2026-06-10 05:48:00,2026-06-10 06:16:00,13.46,4.31,aborted
SE-0003298,ST-001,2,2026-05-17 13:27:00,2026-05-17 14:22:00,17.81,5.7,completed
SE-0000002,ST-001,4,2026-05-01 23:49:00,2026-05-02 00:25:00,27.56,8.82,completed
SE-0011297,ST-005,1,2026-06-26 00:46:00,2026-06-26 01:12:00,7.48,2.39,completed
SE-0003686,ST-005,2,2026-05-19 12:28:00,2026-05-19 12:49:00,14.03,4.49,completed
SE-0005402,ST-022,3,2026-05-27 16:04:00,2026-05-27 16:10:00,4.16,1.33,aborted
SE-0001406,ST-032,4,2026-05-07 04:59:00,2026-05-07 05:54:00,29.44,,completed
SE-0003202,ST-023,1,2026-05-16 16:43:00,2026-05-16 17:33:00,20.76,6.64,completed
SE-0004412,ST-029,3,2026-05-22 07:58:00,2026-05-22 08:34:00,6.74,,completed
SE-0005096,ST-002,2,2026-05-26 18:05:00,2026-05-26 18:17:00,6.86,2.2,completed
SE-0009185,ST-008,2,2026-06-15 14:25:00,2026-06-15 15:13:00,12.44,3.98,completed
SE-0003793,ST-023,2,2026-05-19 07:00:00,2026-05-19 07:44:00,33.23,10.63,completed
SE-0002832,ST-029,1,2026-05-14 16:51:00,2026-05-14 17:01:00,5.78,1.85,completed
SE-0003116,ST-006,6,2026-05-16 12:41:00,2026-05-16 13:08:00,7.76,2.48,completed
SE-0006545,ST-003,1,2026-06-02 23:54:00,2026-06-03 00:52:00,41.98,13.43,completed
SE-0007191,ST-014,5,2026-06-05 03:17:00,2026-06-05 04:10:00,39.6,12.67,completed
SE-0002499,ST-006,4,2026-05-13 21:40:00,2026-05-13 23:00:00,33.63,10.76,completed
SE-0006788,ST-012,1,2026-06-03 07:45:00,2026-06-03 08:24:00,20.02,6.41,completed
SE-0003911,ST-008,2,2026-05-20 09:50:00,2026-05-20 10:18:00,18.83,6.03,completed
SE-0005362,ST-014,1,2026-05-27 16:13:00,2026-05-27 17:18:00,36.07,11.54,completed
SE-0003035,ST-034,1,2026-05-15 14:32:00,2026-05-15 15:07:00,8.55,2.74,completed
SE-0002737,ST-010,1,2026-05-14 10:57:00,2026-05-14 11:50:00,21.04,6.73,completed
SE-0000549,ST-032,2,2026-05-03 17:00:00,2026-05-03 17:45:00,19.01,6.08,completed
SE-0003078,ST-001,3,2026-05-16 10:59:00,2026-05-16 11:12:00,5.94,1.9,completed
SE-0002442,ST-041,4,2026-05-12 17:07:00,2026-05-12 17:25:00,4.5,1.44,completed
SE-0004423,ST-033,1,2026-05-22 03:59:00,2026-05-22 04:46:00,32.0,10.24,completed
SE-0007361,ST-008,1,2026-06-06 07:34:00,2026-06-06 08:14:00,2.47,0.79,completed
SE-0003316,ST-003,1,2026-05-17 06:54:00,2026-05-17 07:12:00,7.05,2.26,completed
SE-0007888,ST-031,2,2026-06-08 22:59:00,2026-06-08 23:45:00,37.55,12.02,completed
SE-0007557,ST-006,6,2026-06-07 04:45:00,2026-06-07 05:35:00,14.47,4.63,completed
SE-0002401,ST-026,5,2026-05-12 14:40:00,2026-05-12 15:11:00,29.72,9.51,completed
SE-0006265,ST-023,2,2026-05-31 14:49:00,2026-05-31 15:38:00,31.55,10.1,completed
SE-0010548,ST-014,2,2026-06-22 15:29:00,2026-06-22 16:18:00,28.24,9.04,completed
SE-0001788,ST-030,3,2026-05-09 18:03:00,2026-05-09 18:45:00,16.95,5.42,completed
SE-0002008,ST-033,2,2026-05-10 05:12:00,2026-05-10 05:50:00,22.91,7.33,completed
SE-0009226,ST-015,2,2026-06-15 04:35:00,2026-06-15 05:27:00,23.55,7.54,completed
SE-0001180,ST-025,2,2026-05-06 13:32:00,2026-05-06 14:02:00,15.3,4.9,completed
SE-0002874,ST-041,5,2026-05-14 04:29:00,2026-05-14 04:42:00,8.71,2.79,completed
SE-0004441,ST-034,4,2026-05-22 08:12:00,2026-05-22 09:03:00,42.04,,completed
SE-0003846,ST-034,2,2026-05-19 08:05:00,2026-05-19 08:59:00,34.57,11.06,completed
SE-0003496,ST-005,1,2026-05-18 17:13:00,2026-05-18 17:46:00,29.43,9.42,completed
SE-0004267,ST-002,1,2026-05-22 12:16:00,2026-05-22 13:22:00,42.79,13.69,completed
SE-0000066,ST-015,2,2026-05-01 19:50:00,2026-05-01 20:25:00,30.2,9.66,completed
SE-0000741,ST-022,3,2026-05-04 22:13:00,2026-05-04 23:18:00,50.7,16.22,completed
SE-0002637,ST-033,2,2026-05-13 08:14:00,2026-05-13 09:08:00,24.2,7.74,completed
SE-0000144,ST-033,1,2026-05-01 10:17:00,2026-05-01 11:12:00,40.46,12.95,completed
SE-0000330,ST-027,2,2026-05-02 22:17:00,2026-05-02 23:07:00,22.17,7.09,completed
SE-0008929,ST-003,2,2026-06-14 01:28:00,2026-06-14 02:28:00,11.18,3.58,completed
SE-0007498,ST-037,3,2026-06-06 05:04:00,2026-06-06 06:30:00,36.89,,completed
SE-0000767,ST-025,1,2026-05-04 21:21:00,2026-05-04 21:56:00,23.03,7.37,completed
SE-0008740,ST-006,5,2026-06-13 12:01:00,2026-06-13 12:33:00,14.49,4.64,completed
SE-0002861,ST-037,4,2026-05-14 01:13:00,2026-05-14 02:07:00,17.63,5.64,completed
SE-0008292,ST-001,1,2026-06-11 14:08:00,2026-06-11 15:06:00,26.19,8.38,completed
SE-0001937,ST-017,1,2026-05-10 10:15:00,2026-05-10 10:21:00,3870,,completed
SE-0011632,ST-033,1,2026-06-27 14:26:00,2026-06-27 15:31:00,46.5,14.88,completed
SE-0002823,ST-025,2,2026-05-14 10:06:00,2026-05-14 10:34:00,20.89,,completed
SE-0007768,ST-006,6,2026-06-08 20:21:00,2026-06-08 20:59:00,23.72,7.59,completed
SE-0009568,ST-003,1,2026-06-17 09:59:00,2026-06-17 10:38:00,26.94,,completed
SE-0009043,ST-022,2,2026-06-14 04:55:00,2026-06-14 05:01:00,2.6,0.83,completed
SE-0010841,ST-034,3,2026-06-23 19:37:00,2026-06-23 20:33:00,42.2,13.5,completed
SE-0011716,ST-006,5,2026-06-28 06:40:00,2026-06-28 07:19:00,14.64,4.68,completed
SE-0007944,ST-003,2,2026-06-09 14:22:00,2026-06-09 15:03:00,30.59,9.79,completed
SE-0003973,ST-022,6,2026-05-20 11:07:00,2026-05-20 11:49:00,14.26,4.56,completed
SE-0009100,ST-031,2,2026-06-14 20:37:00,2026-06-14 20:59:00,13.43,4.3,completed
SE-0007979,ST-010,2,2026-06-09 11:46:00,2026-06-09 12:35:00,37.94,12.14,completed
SE-0002627,ST-033,1,2026-05-13 22:37:00,2026-05-13 23:30:00,31.57,10.1,completed
SE-0002715,ST-006,4,2026-05-14 11:33:00,2026-05-14 12:14:00,39.8,12.74,completed
SE-0003292,ST-041,1,2026-05-16 09:39:00,2026-05-16 10:03:00,10.72,3.43,completed
SE-0000738,ST-022,4,2026-05-04 14:26:00,2026-05-04 15:16:00,39.01,12.48,completed
SE-0010559,ST-015,2,2026-06-22 05:40:00,2026-06-22 05:56:00,4.78,1.53,completed
SE-0002157,ST-017,1,2026-05-11 11:58:00,2026-05-11 12:23:00,12530,4.01,completed
SE-0000841,ST-001,2,2026-05-05 06:18:00,2026-05-05 06:51:00,27.74,8.88,completed
SE-0000420,ST-005,1,2026-05-03 13:09:00,2026-05-03 13:45:00,19.2,6.14,completed
SE-0009107,ST-033,2,2026-06-14 13:24:00,2026-06-14 14:21:00,38.23,12.23,completed
SE-0008033,ST-022,3,2026-06-09 17:01:00,2026-06-09 17:50:00,34.71,11.11,completed
SE-0003901,ST-006,5,2026-05-20 04:32:00,2026-05-20 05:31:00,39.23,12.55,completed
SE-0004289,ST-005,1,2026-05-22 05:03:00,2026-05-22 05:43:00,29.37,9.4,completed
SE-0005228,ST-029,2,2026-05-26 23:50:00,2026-05-27 00:20:00,8.81,2.82,completed
SE-0004357,ST-017,2,2026-05-22 10:10:00,2026-05-22 11:18:00,37500,12.0,completed
SE-0005296,ST-003,1,2026-05-27 13:46:00,2026-05-27 14:02:00,13.59,4.35,completed
SE-0010715,ST-006,3,2026-06-23 13:55:00,2026-06-23 14:37:00,18.74,6.0,completed
SE-0007169,ST-010,1,2026-06-05 08:49:00,2026-06-05 09:12:00,13.08,4.19,completed
SE-0010870,ST-041,3,2026-06-23 01:21:00,2026-06-23 02:05:00,30.71,9.83,completed
SE-0000648,ST-008,1,2026-05-04 21:20:00,2026-05-04 22:30:00,18.06,5.78,completed
SE-0006956,ST-006,5,2026-06-04 15:32:00,2026-06-04 16:04:00,8.53,2.73,completed
SE-0011380,ST-022,6,2026-06-26 23:58:00,2026-06-27 00:19:00,13.56,4.34,completed
SE-0001297,ST-012,1,2026-05-07 17:51:00,2026-05-07 18:06:00,11.97,3.83,completed
SE-0001518,ST-012,1,2026-05-08 22:30:00,2026-05-08 22:40:00,6.92,2.21,completed
SE-0001135,ST-017,2,2026-05-06 18:41:00,2026-05-06 19:30:00,28830,9.23,completed
SE-0004842,ST-028,1,2026-05-24 21:53:00,2026-05-24 22:45:00,34.46,11.03,completed
SE-0007534,ST-003,1,2026-06-07 10:10:00,2026-06-07 10:47:00,14.68,4.7,completed
SE-0010638,ST-034,4,2026-06-22 21:40:00,2026-06-22 22:28:00,28.38,9.08,completed
SE-0006382,ST-006,2,2026-06-01 04:39:00,2026-06-01 05:42:00,39.52,12.65,completed
SE-0002925,ST-006,6,2026-05-15 10:32:00,2026-05-15 10:51:00,12.36,3.96,completed
SE-0000041,ST-010,2,2026-05-01 05:00:00,2026-05-01 05:54:00,27.82,8.9,completed
SE-0011800,ST-023,2,2026-06-28 13:55:00,2026-06-28 14:15:00,16.06,5.14,completed
SE-0000986,ST-031,2,2026-05-05 00:21:00,2026-05-05 01:10:00,19.3,6.18,completed
SE-0003725,ST-009,1,2026-05-19 01:18:00,2026-05-19 01:43:00,14.26,4.56,completed
SE-0011580,ST-017,2,2026-06-27 15:02:00,2026-06-27 16:13:00,18510,5.92,completed
SE-0004098,ST-005,2,2026-05-21 06:42:00,2026-05-21 07:40:00,21.99,7.04,completed
SE-0001728,ST-017,2,2026-05-09 22:11:00,2026-05-09 22:20:00,4760,1.52,completed
SE-0001851,ST-004,2,2026-05-10 14:58:00,2026-05-10 15:12:00,5.43,1.74,completed
SE-0005088,ST-001,2,2026-05-26 13:56:00,2026-05-26 14:35:00,8.29,2.65,completed
SE-0008719,ST-004,1,2026-06-13 17:10:00,2026-06-13 18:18:00,43.59,13.95,completed
SE-0006495,ST-030,6,2026-06-01 08:14:00,2026-06-01 08:47:00,18.3,5.86,completed
SE-0004492,ST-004,4,2026-05-23 13:37:00,2026-05-23 14:11:00,15.7,5.02,completed
SE-0010435,ST-029,3,2026-06-21 05:29:00,2026-06-21 06:18:00,30.7,9.82,completed
SE-0001425,ST-036,3,2026-05-07 08:00:00,2026-05-07 08:48:00,30.65,9.81,completed
SE-0009817,ST-015,1,2026-06-18 21:57:00,2026-06-18 22:28:00,16.78,5.37,completed
SE-0001063,ST-005,2,2026-05-06 06:37:00,2026-05-06 07:12:00,19.03,6.09,completed
SE-0004681,ST-041,2,2026-05-23 07:16:00,2026-05-23 08:00:00,21.16,6.77,completed
SE-0009209,ST-014,6,2026-06-15 01:34:00,2026-06-15 02:39:00,39.31,12.58,completed
SE-0000250,ST-011,2,2026-05-02 01:51:00,2026-05-02 02:37:00,26.52,8.49,completed
SE-0009262,ST-025,2,2026-06-15 17:19:00,2026-06-15 18:27:00,46.33,14.83,completed
SE-0002713,ST-005,2,2026-05-14 12:00:00,2026-05-14 13:10:00,44.05,14.1,completed
SE-0009964,ST-003,1,2026-06-19 05:06:00,2026-06-19 05:50:00,22.54,7.21,completed
SE-0001936,ST-017,2,2026-05-10 06:48:00,2026-05-10 07:31:00,9260,2.96,completed
SE-0008644,ST-029,2,2026-06-12 07:23:00,2026-06-12 08:06:00,21.54,6.89,completed
SE-0004816,ST-024,1,2026-05-24 18:55:00,2026-05-24 19:45:00,29.64,9.48,completed
SE-0009882,ST-025,2,2026-06-18 19:36:00,2026-06-18 20:48:00,43.47,13.91,completed
SE-0008194,ST-017,2,2026-06-10 19:09:00,2026-06-10 19:20:00,2610,0.84,completed
SE-0000478,ST-016,1,2026-05-03 00:18:00,2026-05-03 00:48:00,18.04,,completed
SE-0002419,ST-033,2,2026-05-12 04:48:00,2026-05-12 05:27:00,23.89,7.64,completed
SE-0001341,ST-017,2,2026-05-07 05:51:00,2026-05-07 06:04:00,10640,3.4,completed
SE-0010850,ST-036,3,2026-06-23 08:27:00,2026-06-23 09:34:00,34.34,10.99,completed
SE-0004988,ST-017,2,2026-05-25 20:54:00,2026-05-25 21:24:00,15200,4.86,completed
SE-0005855,ST-023,2,2026-05-29 19:51:00,2026-05-29 20:36:00,30.39,9.72,completed
SE-0010307,ST-003,1,2026-06-21 10:14:00,2026-06-21 11:13:00,29.27,9.37,completed
SE-0002675,ST-001,2,2026-05-14 17:01:00,2026-05-14 17:37:00,13.27,4.25,completed
SE-0008367,ST-014,1,2026-06-11 16:50:00,2026-06-11 17:54:00,51.18,16.38,completed
SE-0003385,ST-016,2,2026-05-17 15:28:00,2026-05-17 16:10:00,32.62,10.44,completed
SE-0008525,ST-003,2,2026-06-12 17:41:00,2026-06-12 18:43:00,53.99,17.28,completed
SE-0011187,ST-021,3,2026-06-25 03:06:00,2026-06-25 03:28:00,11.53,,completed
SE-0006147,ST-042,3,2026-05-30 13:12:00,2026-05-30 13:28:00,5.05,1.62,completed
SE-0005682,ST-033,2,2026-05-28 02:02:00,2026-05-28 03:06:00,26.79,8.57,completed
SE-0009150,ST-003,1,2026-06-15 08:22:00,2026-06-15 09:45:00,63.05,20.18,completed
SE-0009119,ST-036,1,2026-06-14 02:27:00,2026-06-14 03:32:00,46.51,14.88,completed
SE-0011936,ST-014,1,2026-06-29 12:05:00,2026-06-29 12:26:00,11.48,3.67,completed
SE-0002400,ST-025,2,2026-05-12 19:20:00,2026-05-12 19:48:00,14.95,4.78,completed
SE-0005166,ST-015,2,2026-05-26 09:25:00,2026-05-26 10:00:00,10.85,3.47,completed
SE-0010714,ST-006,6,2026-06-23 00:14:00,2026-06-23 01:26:00,37.94,12.14,completed
SE-0011492,ST-005,2,2026-06-27 03:30:00,2026-06-27 03:36:00,2.27,0.73,completed
SE-0007533,ST-003,2,2026-06-07 15:24:00,2026-06-07 16:20:00,41.18,13.18,completed
SE-0001087,ST-009,1,2026-05-06 04:17:00,2026-05-06 05:02:00,24.73,7.91,completed
SE-0005419,ST-023,2,2026-05-27 14:44:00,2026-05-27 15:37:00,24.87,7.96,completed
SE-0011646,ST-034,3,2026-06-27 13:16:00,2026-06-27 13:50:00,22.67,7.25,completed
SE-0010107,ST-041,6,2026-06-19 22:02:00,2026-06-19 22:14:00,3.36,1.08,completed
SE-0010034,ST-022,6,2026-06-19 09:08:00,2026-06-19 09:15:00,7.23,2.31,aborted
SE-0008777,ST-010,2,2026-06-13 14:27:00,2026-06-13 16:06:00,67.53,21.61,completed
SE-0001915,ST-015,2,2026-05-10 14:41:00,2026-05-10 15:55:00,31.11,9.96,completed
SE-0006195,ST-009,2,2026-05-31 02:04:00,2026-05-31 02:45:00,28.57,9.14,completed
SE-0003720,ST-008,2,2026-05-19 16:51:00,2026-05-19 17:33:00,20.86,6.68,completed
SE-0006576,ST-009,2,2026-06-02 06:43:00,2026-06-02 07:45:00,47.42,15.17,completed
SE-0011563,ST-015,2,2026-06-27 02:50:00,2026-06-27 03:18:00,11.73,3.75,aborted
SE-0002541,ST-014,6,2026-05-13 00:38:00,2026-05-13 01:38:00,35.36,11.32,completed
SE-0008820,ST-017,2,2026-06-13 13:44:00,2026-06-13 14:37:00,24650,7.89,completed
SE-0001043,ST-002,1,2026-05-06 00:10:00,2026-05-06 01:01:00,25.68,8.22,completed
SE-0005018,ST-025,1,2026-05-25 12:41:00,2026-05-25 12:56:00,13.32,4.26,completed
SE-0001114,ST-015,2,2026-05-06 10:28:00,2026-05-06 11:36:00,43.7,,completed
SE-0006213,ST-014,4,2026-05-31 14:02:00,2026-05-31 15:02:00,40.81,13.06,completed
SE-0009889,ST-028,2,2026-06-18 20:19:00,2026-06-18 20:31:00,7.2,2.3,completed
SE-0006073,ST-023,2,2026-05-30 04:48:00,2026-05-30 05:18:00,13.52,4.33,completed
SE-0011376,ST-022,3,2026-06-26 09:12:00,2026-06-26 09:35:00,15.48,4.95,completed
SE-0010869,ST-041,6,2026-06-23 05:51:00,2026-06-23 06:38:00,23.92,7.65,completed
SE-0001086,ST-009,2,2026-05-06 10:48:00,2026-05-06 11:30:00,25.65,8.21,completed
SE-0008898,ST-038,2,2026-06-13 22:22:00,2026-06-13 23:10:00,22.83,7.31,completed
SE-0004208,ST-026,6,2026-05-21 18:00:00,2026-05-21 18:58:00,46.66,14.93,completed
SE-0006893,ST-033,2,2026-06-03 18:14:00,2026-06-03 19:13:00,37.53,12.01,completed
SE-0010166,ST-015,2,2026-06-20 08:47:00,2026-06-20 09:23:00,29.88,9.56,completed
SE-0010170,ST-015,1,2026-06-20 11:38:00,2026-06-20 12:17:00,17.3,,completed
SE-0000545,ST-029,1,2026-05-03 05:31:00,2026-05-03 06:01:00,15.86,5.08,completed
SE-0002923,ST-006,6,2026-05-15 19:37:00,2026-05-15 20:07:00,18.19,5.82,completed
SE-0003420,ST-027,1,2026-05-17 01:26:00,2026-05-17 02:00:00,26.68,8.54,completed
SE-0007345,ST-005,1,2026-06-06 04:48:00,2026-06-06 05:32:00,21.71,6.95,completed
SE-0011178,ST-017,2,2026-06-25 07:51:00,2026-06-25 09:09:00,31160,9.97,completed
SE-0009931,ST-041,4,2026-06-18 19:11:00,2026-06-18 19:28:00,8.37,2.68,completed
SE-0001717,ST-015,1,2026-05-09 18:00:00,2026-05-09 18:13:00,8.69,2.78,completed
SE-0011588,ST-022,4,2026-06-27 19:34:00,2026-06-27 20:21:00,8.7,2.78,completed
SE-0000722,ST-018,1,2026-05-04 11:49:00,2026-05-04 12:23:00,10.51,3.36,completed
SE-0002672,ST-001,3,2026-05-14 13:07:00,2026-05-14 14:08:00,48.64,15.56,completed
SE-0008476,ST-034,3,2026-06-11 06:14:00,2026-06-11 06:49:00,12.55,4.02,completed
SE-0003852,ST-036,4,2026-05-19 01:42:00,2026-05-19 01:55:00,3.6,1.15,completed
SE-0003086,ST-003,1,2026-05-16 05:21:00,2026-05-16 06:33:00,36.38,11.64,aborted
SE-0004748,ST-014,1,2026-05-24 05:24:00,2026-05-24 06:02:00,14.75,4.72,aborted
SE-0002959,ST-014,1,2026-05-15 02:05:00,2026-05-15 02:27:00,7.24,2.32,completed
SE-0003469,ST-001,2,2026-05-18 10:15:00,2026-05-18 11:17:00,18.94,6.06,completed
SE-0000485,ST-017,2,2026-05-03 21:56:00,2026-05-03 22:19:00,15030,4.81,aborted
SE-0008973,ST-010,1,2026-06-14 16:44:00,2026-06-14 17:30:00,14.78,4.73,completed
SE-0009962,ST-003,1,2026-06-19 03:47:00,2026-06-19 04:26:00,28.74,9.2,completed
SE-0010847,ST-035,2,2026-06-23 16:20:00,2026-06-23 16:40:00,19.16,6.13,completed
SE-0011501,ST-006,1,2026-06-27 04:28:00,2026-06-27 05:00:00,14.01,4.48,completed
SE-0004768,ST-015,1,2026-05-24 23:13:00,2026-05-25 00:20:00,44.33,14.19,completed
SE-0004984,ST-017,1,2026-05-25 06:48:00,2026-05-25 07:47:00,42980,13.75,completed
SE-0002464,ST-001,2,2026-05-13 08:06:00,2026-05-13 08:58:00,26.88,,completed
SE-0004262,ST-001,4,2026-05-22 10:34:00,2026-05-22 11:03:00,14.62,4.68,completed
SE-0004677,ST-041,4,2026-05-23 07:50:00,2026-05-23 08:36:00,20.33,6.51,completed
SE-0009454,ST-020,1,2026-06-16 15:32:00,2026-06-16 16:17:00,12.5,4.0,completed
SE-0005285,ST-001,1,2026-05-27 18:52:00,2026-05-27 19:30:00,27.93,8.94,completed
SE-0009483,ST-025,2,2026-06-16 14:18:00,2026-06-16 15:14:00,22.72,7.27,completed
SE-0005601,ST-015,2,2026-05-28 14:11:00,2026-05-28 14:55:00,34.09,10.91,completed
SE-0008076,ST-036,4,2026-06-09 13:23:00,2026-06-09 14:31:00,58.03,18.57,completed
SE-0009463,ST-022,6,2026-06-16 21:32:00,2026-06-16 22:40:00,46.21,14.79,completed
SE-0000153,ST-033,1,2026-05-01 06:34:00,2026-05-01 07:24:00,32.73,10.47,completed
SE-0005071,ST-041,3,2026-05-25 20:51:00,2026-05-25 21:27:00,28.96,9.27,completed
SE-0010128,ST-003,1,2026-06-20 00:44:00,2026-06-20 01:18:00,13.53,4.33,completed
SE-0004234,ST-034,2,2026-05-21 11:10:00,2026-05-21 11:55:00,30.28,9.69,completed
SE-0005906,ST-035,2,2026-05-29 09:21:00,2026-05-29 09:41:00,9.41,3.01,completed
SE-0004372,ST-022,6,2026-05-22 13:24:00,2026-05-22 14:12:00,29.13,9.32,completed
SE-0006781,ST-010,2,2026-06-03 04:46:00,2026-06-03 05:31:00,16.43,5.26,completed
SE-0001609,ST-029,1,2026-05-08 11:26:00,2026-05-08 12:38:00,47.82,15.3,completed
SE-0000087,ST-017,1,2026-05-01 14:00:00,2026-05-01 14:17:00,11890,3.8,completed
SE-0001716,ST-015,2,2026-05-09 15:42:00,2026-05-09 16:48:00,34.39,11.0,completed
SE-0009042,ST-022,3,2026-06-14 11:11:00,2026-06-14 11:29:00,12.79,4.09,completed
SE-0011889,ST-006,1,2026-06-29 14:19:00,2026-06-29 14:43:00,20.32,6.5,completed
SE-0002598,ST-025,2,2026-05-13 13:26:00,2026-05-13 13:32:00,2.97,0.95,completed
SE-0006583,ST-010,1,2026-06-02 05:16:00,2026-06-02 06:01:00,24.95,7.98,completed
SE-0008337,ST-006,2,2026-06-11 06:45:00,2026-06-11 07:11:00,14.16,4.53,completed
SE-0010156,ST-014,3,2026-06-20 17:19:00,2026-06-20 18:21:00,38.05,12.18,completed
SE-0004007,ST-026,3,2026-05-20 14:54:00,2026-05-20 15:32:00,21.68,6.94,completed
SE-0001372,ST-023,1,2026-05-07 02:06:00,2026-05-07 02:46:00,28.72,9.19,completed
SE-0005202,ST-023,2,2026-05-26 07:54:00,2026-05-26 08:39:00,35.42,11.33,completed
SE-0008472,ST-033,2,2026-06-11 14:42:00,2026-06-11 15:11:00,20.25,6.48,completed
SE-0006718,ST-041,6,2026-06-02 07:36:00,2026-06-02 07:59:00,5.25,1.68,completed
SE-0004659,ST-035,1,2026-05-23 19:09:00,2026-05-23 20:20:00,26.51,8.48,completed
SE-0006748,ST-005,1,2026-06-03 05:27:00,2026-06-03 05:47:00,13.07,4.18,completed
SE-0010787,ST-022,2,2026-06-23 09:54:00,2026-06-23 10:15:00,8.69,2.78,completed
SE-0002270,ST-002,2,2026-05-12 04:17:00,2026-05-12 05:08:00,24.99,8.0,completed
SE-0004968,ST-015,2,2026-05-25 06:35:00,2026-05-25 07:21:00,33.55,,completed
SE-0006160,ST-003,1,2026-05-31 14:16:00,2026-05-31 14:44:00,12.83,4.11,completed
SE-0010291,ST-001,1,2026-06-21 16:41:00,2026-06-21 16:52:00,3.77,,completed
SE-0004876,ST-038,3,2026-05-24 21:48:00,2026-05-24 22:33:00,6.68,2.14,completed
SE-0009824,ST-016,1,2026-06-18 09:05:00,2026-06-18 09:43:00,31.48,10.07,completed
SE-0003156,ST-014,3,2026-05-16 03:35:00,2026-05-16 04:05:00,12.32,3.94,completed
SE-0008912,ST-041,3,2026-06-13 01:00:00,2026-06-13 01:44:00,17.5,5.6,completed
SE-0005850,ST-022,5,2026-05-29 12:44:00,2026-05-29 13:27:00,32.22,10.31,completed
SE-0004863,ST-033,2,2026-05-24 19:17:00,2026-05-24 20:13:00,47.7,15.26,completed
SE-0010482,ST-001,1,2026-06-22 13:16:00,2026-06-22 13:33:00,6.7,2.14,completed
SE-0008528,ST-003,1,2026-06-12 14:07:00,2026-06-12 14:55:00,32.04,,completed
SE-0010602,ST-023,2,2026-06-22 17:40:00,2026-06-22 18:05:00,8.77,2.81,completed
SE-0006905,ST-036,2,2026-06-03 14:19:00,2026-06-03 15:24:00,39.73,12.71,completed
SE-0010783,ST-022,3,2026-06-23 18:35:00,2026-06-23 19:26:00,34.69,11.1,completed
SE-0010552,ST-015,1,2026-06-22 01:10:00,2026-06-22 01:43:00,11.53,3.69,aborted
SE-0005359,ST-014,4,2026-05-27 23:40:00,2026-05-28 00:13:00,20.76,6.64,completed
SE-0008622,ST-023,1,2026-06-12 13:09:00,2026-06-12 14:12:00,38.71,12.39,completed
SE-0007778,ST-010,1,2026-06-08 18:23:00,2026-06-08 19:02:00,27.87,8.92,completed
SE-0001850,ST-003,2,2026-05-10 01:39:00,2026-05-10 02:49:00,10.92,3.49,completed
SE-0003004,ST-025,1,2026-05-15 02:06:00,2026-05-15 03:07:00,37.52,12.01,completed
SE-0007691,ST-033,2,2026-06-07 12:14:00,2026-06-07 13:16:00,50.44,16.14,completed
SE-0008835,ST-022,3,2026-06-13 01:25:00,2026-06-13 02:03:00,30.03,9.61,completed
SE-0009589,ST-006,5,2026-06-17 02:09:00,2026-06-17 02:54:00,12.86,4.12,completed
SE-0009306,ST-037,1,2026-06-15 05:54:00,2026-06-15 06:25:00,15.26,4.88,completed
SE-0007271,ST-029,4,2026-06-05 11:38:00,2026-06-05 12:21:00,21.29,6.81,completed
SE-0004248,ST-041,2,2026-05-21 17:16:00,2026-05-21 17:36:00,11.86,3.8,completed
SE-0007845,ST-022,4,2026-06-08 12:32:00,2026-06-08 13:33:00,19.83,6.35,completed
SE-0011882,ST-005,2,2026-06-29 08:22:00,2026-06-29 08:45:00,14.0,4.48,aborted
SE-0000557,ST-034,3,2026-05-03 08:16:00,2026-05-03 08:30:00,7.45,2.38,completed
SE-0007733,ST-001,1,2026-06-08 23:17:00,2026-06-09 00:03:00,22.27,7.13,completed
SE-0008886,ST-034,4,2026-06-13 00:12:00,2026-06-13 00:47:00,13.01,4.16,completed
SE-0011124,ST-007,1,2026-06-25 00:34:00,2026-06-25 01:07:00,24.34,7.79,completed
SE-0004193,ST-023,2,2026-05-21 18:35:00,2026-05-21 19:05:00,25.81,8.26,completed
SE-0009082,ST-025,2,2026-06-14 19:51:00,2026-06-14 20:32:00,12.02,,completed
SE-0005030,ST-030,5,2026-05-25 00:09:00,2026-05-25 01:05:00,24.81,7.94,completed
SE-0003267,ST-036,4,2026-05-16 05:10:00,2026-05-16 05:24:00,6.49,2.08,completed
SE-0004998,ST-022,3,2026-05-25 07:28:00,2026-05-25 07:58:00,14.55,4.66,completed
SE-0000327,ST-026,4,2026-05-02 19:00:00,2026-05-02 19:52:00,21.66,6.93,completed
SE-0000680,ST-014,6,2026-05-04 17:59:00,2026-05-04 18:38:00,23.55,,completed
SE-0008401,ST-020,2,2026-06-11 09:14:00,2026-06-11 10:01:00,8.47,2.71,completed
SE-0002022,ST-034,2,2026-05-10 17:05:00,2026-05-10 17:46:00,30.91,9.89,completed
SE-0004855,ST-033,1,2026-05-24 15:01:00,2026-05-24 15:11:00,6.08,,completed
SE-0005757,ST-005,2,2026-05-29 03:36:00,2026-05-29 04:07:00,18.39,5.88,completed
SE-0006115,ST-033,2,2026-05-30 11:37:00,2026-05-30 12:13:00,13.65,4.37,completed
SE-0011366,ST-017,1,2026-06-26 16:27:00,2026-06-26 17:02:00,17510,5.6,completed
SE-0004049,ST-041,1,2026-05-20 15:43:00,2026-05-20 16:26:00,16.87,5.4,completed
SE-0011260,ST-041,4,2026-06-25 19:30:00,2026-06-25 20:44:00,38.91,12.45,completed
SE-0005159,ST-015,2,2026-05-26 14:50:00,2026-05-26 15:14:00,20.14,6.44,completed
SE-0011246,ST-034,2,2026-06-25 17:56:00,2026-06-25 18:58:00,17.08,5.47,completed
SE-0008928,ST-003,2,2026-06-14 22:49:00,2026-06-14 23:30:00,27.22,8.71,completed
SE-0008053,ST-025,2,2026-06-09 23:07:00,2026-06-10 00:02:00,15.61,5.0,completed
SE-0001777,ST-025,2,2026-05-09 23:24:00,2026-05-09 23:52:00,5.22,1.67,completed
SE-0010498,ST-003,1,2026-06-22 14:05:00,2026-06-22 15:00:00,11.7,3.74,completed
SE-0009811,ST-014,3,2026-06-18 10:22:00,2026-06-18 10:42:00,15.31,4.9,completed
SE-0005531,ST-005,2,2026-05-28 06:09:00,2026-05-28 07:21:00,32.64,10.44,completed
SE-0007623,ST-022,4,2026-06-07 23:50:00,2026-06-08 00:05:00,11.0,3.52,completed
SE-0007704,ST-038,2,2026-06-07 20:53:00,2026-06-07 21:18:00,12.14,3.88,completed
SE-0000669,ST-013,2,2026-05-04 20:43:00,2026-05-04 21:32:00,29.69,9.5,completed
SE-0005684,ST-033,2,2026-05-28 19:25:00,2026-05-28 19:42:00,7.97,2.55,completed
SE-0009352,ST-005,2,2026-06-16 10:05:00,2026-06-16 10:54:00,15.95,,completed
SE-0000883,ST-009,1,2026-05-05 04:46:00,2026-05-05 05:30:00,15.29,4.89,completed
SE-0001306,ST-014,2,2026-05-07 11:34:00,2026-05-07 12:24:00,30.65,9.81,completed
SE-0011722,ST-006,2,2026-06-28 05:35:00,2026-06-28 06:05:00,17.96,5.75,completed
SE-0006767,ST-006,2,2026-06-03 11:28:00,2026-06-03 11:59:00,21.12,6.76,completed
SE-0000320,ST-025,1,2026-05-02 13:07:00,2026-05-02 13:47:00,15.74,5.04,completed
SE-0006404,ST-012,2,2026-06-01 02:16:00,2026-06-01 02:46:00,14.29,4.57,completed
SE-0001007,ST-036,2,2026-05-05 03:25:00,2026-05-05 04:16:00,17.87,5.72,completed
SE-0003030,ST-033,2,2026-05-15 12:50:00,2026-05-15 13:47:00,31.57,10.1,completed
SE-0001816,ST-037,3,2026-05-09 02:12:00,2026-05-09 02:37:00,18.01,5.76,completed
SE-0007135,ST-003,1,2026-06-05 12:28:00,2026-06-05 13:36:00,50.5,16.16,completed
SE-0010567,ST-016,2,2026-06-22 06:58:00,2026-06-22 07:36:00,23.97,7.67,completed
SE-0002837,ST-029,2,2026-05-14 16:14:00,2026-05-14 17:04:00,14.65,4.69,completed
SE-0009797,ST-012,2,2026-06-18 11:19:00,2026-06-18 11:43:00,9.76,,completed
SE-0010742,ST-012,2,2026-06-23 00:04:00,2026-06-23 00:44:00,10.92,3.49,completed
SE-0007563,ST-006,6,2026-06-07 00:47:00,2026-06-07 01:29:00,17.84,5.71,completed
SE-0007315,ST-041,5,2026-06-05 14:58:00,2026-06-05 15:32:00,17.75,5.68,completed
SE-0006817,ST-015,2,2026-06-03 05:58:00,2026-06-03 06:31:00,10.7,3.42,completed
SE-0011586,ST-020,1,2026-06-27 15:54:00,2026-06-27 16:55:00,38.52,,completed
SE-0001947,ST-021,3,2026-05-10 03:53:00,2026-05-10 04:38:00,23.76,7.6,completed
SE-0000937,ST-018,4,2026-05-05 10:15:00,2026-05-05 11:12:00,34.33,10.99,completed
SE-0000885,ST-009,2,2026-05-05 14:21:00,2026-05-05 15:27:00,35.22,11.27,completed
SE-0005132,ST-008,1,2026-05-26 06:52:00,2026-05-26 07:32:00,20.17,6.45,completed
SE-0008889,ST-035,1,2026-06-13 09:33:00,2026-06-13 09:39:00,3.79,1.21,completed
SE-0009696,ST-031,6,2026-06-17 22:37:00,2026-06-17 23:33:00,34.54,11.05,completed
SE-0006311,ST-038,1,2026-05-31 17:35:00,2026-05-31 17:55:00,15.92,5.09,completed
SE-0009588,ST-006,2,2026-06-17 07:26:00,2026-06-17 08:18:00,34.04,10.89,completed
SE-0011063,ST-041,3,2026-06-24 07:22:00,2026-06-24 08:15:00,16.59,5.31,completed
SE-0004453,ST-039,3,2026-05-22 15:23:00,2026-05-22 16:02:00,22.6,7.23,completed
SE-0007800,ST-015,1,2026-06-08 17:16:00,2026-06-08 17:51:00,21.39,6.84,completed
SE-0000753,ST-023,1,2026-05-04 14:42:00,2026-05-04 15:41:00,32.16,10.29,completed
SE-0004902,ST-003,1,2026-05-25 03:40:00,2026-05-25 04:28:00,34.73,11.11,completed
SE-0008043,ST-023,2,2026-06-09 08:55:00,2026-06-09 09:41:00,21.42,,completed
SE-0006392,ST-009,2,2026-06-01 11:33:00,2026-06-01 12:32:00,36.9,11.81,completed
SE-0009095,ST-029,1,2026-06-14 14:27:00,2026-06-14 15:20:00,30.28,9.69,completed
SE-0006886,ST-030,5,2026-06-03 14:32:00,2026-06-03 14:57:00,12.18,3.9,completed
SE-0001165,ST-023,2,2026-05-06 07:36:00,2026-05-06 08:34:00,43.15,13.81,completed
SE-0011044,ST-035,1,2026-06-24 18:08:00,2026-06-24 18:24:00,4.36,,completed
SE-0011843,ST-037,2,2026-06-28 08:42:00,2026-06-28 09:28:00,21.33,6.83,aborted
SE-0004616,ST-023,1,2026-05-23 07:52:00,2026-05-23 08:13:00,11.21,3.59,completed
SE-0008411,ST-022,3,2026-06-11 23:17:00,2026-06-11 23:34:00,11.36,3.64,completed
SE-0000062,ST-015,1,2026-05-01 09:52:00,2026-05-01 10:54:00,18.85,6.03,completed
SE-0008147,ST-009,1,2026-06-10 21:29:00,2026-06-10 22:05:00,15.3,4.9,completed
SE-0004593,ST-022,2,2026-05-23 19:46:00,2026-05-23 20:12:00,16.74,5.36,completed
SE-0001485,ST-005,1,2026-05-08 17:37:00,2026-05-08 18:44:00,40.13,12.84,completed
SE-0004964,ST-014,5,2026-05-25 09:56:00,2026-05-25 10:29:00,25.81,8.26,completed
SE-0010828,ST-033,2,2026-06-23 09:04:00,2026-06-23 09:55:00,19.37,,completed
SE-0007473,ST-032,3,2026-06-06 17:00:00,2026-06-06 17:33:00,23.45,7.5,completed
SE-0007192,ST-014,2,2026-06-05 03:48:00,2026-06-05 04:32:00,23.48,7.51,completed
SE-0001496,ST-006,5,2026-05-08 16:00:00,2026-05-08 16:53:00,37.34,11.95,completed
SE-0001907,ST-014,5,2026-05-10 11:33:00,2026-05-10 13:00:00,65.05,20.82,completed
SE-0010983,ST-022,1,2026-06-24 05:52:00,2026-06-24 06:06:00,4.62,1.48,completed
SE-0006002,ST-014,2,2026-05-30 13:43:00,2026-05-30 14:31:00,21.56,6.9,completed
SE-0010844,ST-034,4,2026-06-23 10:59:00,2026-06-23 11:14:00,9.95,3.18,completed
SE-0004244,ST-038,4,2026-05-21 03:10:00,2026-05-21 03:40:00,21.07,6.74,completed
SE-0008413,ST-022,4,2026-06-11 01:28:00,2026-06-11 01:54:00,12.38,3.96,completed
SE-0011808,ST-025,1,2026-06-28 05:57:00,2026-06-28 06:59:00,69.7,22.3,completed
SE-0003533,ST-012,1,2026-05-18 05:42:00,2026-05-18 06:05:00,12.98,4.15,completed
SE-0001506,ST-009,1,2026-05-08 17:57:00,2026-05-08 18:27:00,10.86,3.48,completed
SE-0009719,ST-037,3,2026-06-17 18:10:00,2026-06-17 18:42:00,7.29,2.33,completed
SE-0007607,ST-017,2,2026-06-07 06:34:00,2026-06-07 07:43:00,30480,9.75,completed
SE-0000899,ST-013,2,2026-05-05 22:54:00,2026-05-05 23:46:00,40.51,12.96,completed
SE-0000615,ST-003,1,2026-05-04 07:04:00,2026-05-04 08:17:00,35.6,11.39,completed
SE-0009572,ST-005,2,2026-06-17 06:41:00,2026-06-17 07:31:00,27.24,8.72,completed
SE-0010554,ST-015,2,2026-06-22 04:20:00,2026-06-22 04:55:00,13.89,4.44,completed
SE-0007692,ST-033,2,2026-06-07 09:55:00,2026-06-07 11:19:00,38.2,12.22,completed
SE-0000261,ST-014,2,2026-05-02 18:45:00,2026-05-02 19:25:00,30.4,9.73,completed
SE-0000488,ST-017,1,2026-05-03 13:22:00,2026-05-03 13:59:00,27600,8.83,completed
SE-0010630,ST-033,1,2026-06-22 11:15:00,2026-06-22 12:31:00,65.25,20.88,completed
SE-0010806,ST-025,2,2026-06-23 19:44:00,2026-06-23 20:28:00,11.26,3.6,aborted
SE-0010911,ST-006,5,2026-06-24 04:45:00,2026-06-24 05:59:00,45.89,14.68,completed
SE-0002153,ST-016,1,2026-05-11 06:33:00,2026-05-11 07:19:00,34.99,11.2,completed
SE-0010467,ST-041,6,2026-06-21 18:01:00,2026-06-21 18:43:00,18.8,6.02,completed
SE-0001081,ST-008,2,2026-05-06 01:29:00,2026-05-06 02:00:00,4.79,,completed
SE-0001706,ST-014,3,2026-05-09 21:54:00,2026-05-09 23:01:00,36.45,11.66,completed
SE-0002010,ST-033,1,2026-05-10 05:45:00,2026-05-10 06:13:00,17.55,5.62,completed
SE-0002954,ST-014,5,2026-05-15 04:11:00,2026-05-15 04:49:00,31.32,10.02,completed
SE-0007074,ST-032,3,2026-06-04 15:21:00,2026-06-04 16:29:00,30.74,9.84,completed
SE-0000301,ST-022,1,2026-05-02 11:50:00,2026-05-02 12:52:00,28.7,9.18,completed
SE-0003572,ST-019,1,2026-05-18 00:41:00,2026-05-18 01:17:00,18.46,,completed
SE-0009623,ST-015,1,2026-06-17 11:28:00,2026-06-17 11:49:00,9.95,3.18,completed
SE-0011767,ST-017,1,2026-06-28 21:06:00,2026-06-28 21:37:00,9480,3.03,completed
SE-0002520,ST-011,2,2026-05-13 18:54:00,2026-05-13 19:27:00,17.18,5.5,completed
SE-0003540,ST-013,1,2026-05-18 18:46:00,2026-05-18 20:03:00,39.78,12.73,completed
SE-0004165,ST-016,1,2026-05-21 01:21:00,2026-05-21 01:45:00,15.36,4.92,aborted
SE-0003938,ST-015,1,2026-05-20 02:33:00,2026-05-20 03:09:00,30.43,9.74,completed
SE-0005756,ST-005,1,2026-05-29 21:08:00,2026-05-29 22:28:00,44.43,14.22,completed
SE-0011281,ST-003,1,2026-06-26 03:03:00,2026-06-26 03:43:00,30.55,9.78,completed
SE-0003975,ST-022,6,2026-05-20 01:46:00,2026-05-20 02:39:00,32.92,10.53,completed
SE-0006187,ST-006,5,2026-05-31 23:13:00,2026-05-31 23:19:00,3.18,1.02,completed
SE-0006598,ST-014,6,2026-06-02 01:54:00,2026-06-02 02:35:00,24.08,7.71,completed
SE-0008530,ST-004,2,2026-06-12 17:25:00,2026-06-12 17:46:00,13.84,4.43,completed
SE-0002114,ST-007,4,2026-05-11 06:02:00,2026-05-11 06:59:00,19.02,6.09,completed
SE-0002296,ST-005,2,2026-05-12 18:10:00,2026-05-12 18:52:00,1.5,0.48,completed
SE-0011993,ST-023,2,2026-06-29 18:27:00,2026-06-29 18:52:00,20.25,6.48,completed
SE-0008942,ST-004,1,2026-06-14 07:46:00,2026-06-14 08:21:00,29.84,9.55,completed
SE-0005406,ST-022,1,2026-05-27 01:40:00,2026-05-27 02:55:00,60.11,19.24,completed
SE-0005778,ST-008,2,2026-05-29 00:28:00,2026-05-29 01:00:00,19.53,6.25,completed
SE-0006360,ST-003,2,2026-06-01 01:16:00,2026-06-01 01:59:00,20.93,6.7,completed
SE-0010937,ST-013,1,2026-06-24 12:07:00,2026-06-24 12:43:00,26.52,8.49,completed
SE-0007914,ST-041,2,2026-06-08 13:09:00,2026-06-08 14:00:00,37.12,11.88,completed
SE-0011594,ST-022,4,2026-06-27 18:57:00,2026-06-27 19:49:00,24.67,7.89,completed
SE-0008939,ST-003,2,2026-06-14 14:29:00,2026-06-14 14:52:00,7.47,2.39,completed
SE-0006069,ST-023,2,2026-05-30 12:55:00,2026-05-30 13:17:00,3.75,1.2,completed
SE-0004343,ST-015,2,2026-05-22 01:37:00,2026-05-22 02:26:00,19.46,6.23,completed
SE-0006937,ST-002,2,2026-06-04 21:10:00,2026-06-04 21:27:00,10.37,3.32,completed
SE-0011025,ST-031,1,2026-06-24 13:12:00,2026-06-24 13:24:00,4.42,1.41,completed
SE-0004884,ST-001,3,2026-05-25 20:34:00,2026-05-25 21:13:00,25.63,8.2,completed
SE-0006930,ST-001,4,2026-06-04 14:36:00,2026-06-04 15:07:00,16.09,5.15,completed
SE-0007202,ST-015,2,2026-06-05 04:53:00,2026-06-05 05:19:00,9.52,3.05,completed
SE-0005453,ST-031,5,2026-05-27 06:38:00,2026-05-27 07:28:00,32.67,10.45,completed
SE-0008552,ST-009,2,2026-06-12 12:29:00,2026-06-12 12:52:00,10.01,3.2,completed
SE-0009747,ST-003,1,2026-06-18 15:15:00,2026-06-18 16:00:00,28.73,9.19,completed
SE-0000780,ST-028,2,2026-05-04 03:39:00,2026-05-04 04:32:00,38.24,,completed
SE-0010315,ST-005,2,2026-06-21 11:31:00,2026-06-21 11:49:00,11.08,3.55,completed
SE-0003964,ST-020,1,2026-05-20 06:19:00,2026-05-20 07:10:00,26.73,8.55,completed
SE-0006141,ST-041,4,2026-05-30 23:27:00,2026-05-30 23:58:00,11.77,3.77,completed
SE-0005683,ST-033,1,2026-05-28 09:23:00,2026-05-28 10:04:00,40.2,12.86,completed
SE-0011014,ST-028,1,2026-06-24 10:45:00,2026-06-24 11:26:00,17.63,5.64,completed
SE-0010428,ST-025,2,2026-06-21 10:26:00,2026-06-21 10:34:00,6.52,,completed
SE-0011536,ST-011,1,2026-06-27 03:43:00,2026-06-27 04:12:00,6.4,2.05,faulted
SE-0003114,ST-006,5,2026-05-16 07:56:00,2026-05-16 08:17:00,12.64,4.04,completed
SE-0010938,ST-013,1,2026-06-24 07:30:00,2026-06-24 07:58:00,18.65,5.97,completed
SE-0002866,ST-041,4,2026-05-14 09:09:00,2026-05-14 09:15:00,2.87,0.92,completed
SE-0009515,ST-033,1,2026-06-16 17:40:00,2026-06-16 18:35:00,21.74,6.96,completed
SE-0012017,ST-029,2,2026-06-29 21:47:00,2026-06-29 22:11:00,17.61,5.64,completed
SE-0008600,ST-020,2,2026-06-12 02:53:00,2026-06-12 03:34:00,19.76,6.32,completed
SE-0005381,ST-016,1,2026-05-27 15:35:00,2026-05-27 16:14:00,15.63,5.0,completed
SE-0005271,ST-041,6,2026-05-26 06:29:00,2026-05-26 07:38:00,34.9,11.17,completed
SE-0008390,ST-017,2,2026-06-11 20:41:00,2026-06-11 21:03:00,8840,2.83,completed
SE-0007400,ST-016,1,2026-06-06 17:45:00,2026-06-06 17:51:00,4.67,,completed
SE-0007707,ST-039,1,2026-06-07 23:34:00,2026-06-08 00:55:00,35.53,11.37,completed
SE-0009689,ST-028,2,2026-06-17 05:46:00,2026-06-17 06:22:00,19.03,6.09,completed
SE-0006259,ST-022,4,2026-05-31 15:13:00,2026-05-31 16:27:00,45.59,14.59,completed
SE-0002181,ST-023,1,2026-05-11 20:20:00,2026-05-11 21:19:00,21.7,6.94,completed
SE-0002446,ST-041,5,2026-05-12 10:16:00,2026-05-12 11:15:00,53.57,17.14,completed
SE-0009773,ST-006,6,2026-06-18 13:43:00,2026-06-18 14:09:00,15.37,4.92,completed
SE-0003580,ST-022,2,2026-05-18 23:10:00,2026-05-18 23:53:00,23.64,7.56,completed
SE-0004678,ST-041,2,2026-05-23 06:09:00,2026-05-23 06:30:00,7.68,2.46,completed
SE-0008718,ST-004,1,2026-06-13 18:43:00,2026-06-13 19:22:00,19.57,6.26,completed
SE-0000850,ST-003,2,2026-05-05 18:05:00,2026-05-05 18:26:00,14.07,4.5,completed
SE-0003847,ST-034,3,2026-05-19 21:29:00,2026-05-19 22:13:00,21.71,6.95,aborted
SE-0009982,ST-006,4,2026-06-19 06:19:00,2026-06-19 07:30:00,44.46,14.23,completed
SE-0004214,ST-031,4,2026-05-21 21:28:00,2026-05-21 22:47:00,64.78,20.73,completed
SE-0003025,ST-033,2,2026-05-15 10:54:00,2026-05-15 11:37:00,16.52,5.29,completed
SE-0009481,ST-025,1,2026-06-16 07:30:00,2026-06-16 08:25:00,36.53,11.69,completed
SE-0011313,ST-006,5,2026-06-26 06:23:00,2026-06-26 07:22:00,25.03,8.01,aborted
SE-0009441,ST-017,2,2026-06-16 10:42:00,2026-06-16 11:50:00,34540,11.05,completed
SE-0009989,ST-008,1,2026-06-19 21:20:00,2026-06-19 22:43:00,46.43,14.86,completed
SE-0003960,ST-018,4,2026-05-20 15:20:00,2026-05-20 16:03:00,11.12,3.56,completed
SE-0010961,ST-016,1,2026-06-24 14:47:00,2026-06-24 15:28:00,19.36,6.2,completed
SE-0000398,ST-001,3,2026-05-03 15:30:00,2026-05-03 16:14:00,34.61,11.08,completed
SE-0006304,ST-035,1,2026-05-31 09:32:00,2026-05-31 10:31:00,41.35,13.23,completed
SE-0001242,ST-001,1,2026-05-07 04:56:00,2026-05-07 05:39:00,27.84,8.91,completed
SE-0002781,ST-017,2,2026-05-14 10:49:00,2026-05-14 11:11:00,19780,6.33,completed
SE-0000660,ST-010,1,2026-05-04 18:40:00,2026-05-04 19:35:00,38.54,12.33,completed
SE-0010109,ST-042,4,2026-06-19 00:47:00,2026-06-19 01:17:00,19.69,6.3,completed
SE-0002486,ST-005,1,2026-05-13 19:40:00,2026-05-13 20:09:00,13.56,4.34,completed
SE-0007841,ST-022,6,2026-06-08 16:58:00,2026-06-08 17:58:00,41.91,13.41,completed
SE-0011351,ST-015,1,2026-06-26 07:08:00,2026-06-26 07:56:00,26.66,8.53,completed
SE-0010767,ST-017,2,2026-06-23 06:14:00,2026-06-23 06:43:00,12410,3.97,completed
SE-0011213,ST-025,1,2026-06-25 05:33:00,2026-06-25 06:05:00,26.04,8.33,completed
SE-0009735,ST-041,4,2026-06-17 22:05:00,2026-06-17 23:06:00,7.32,2.34,completed
SE-0010349,ST-010,1,2026-06-21 15:23:00,2026-06-21 16:30:00,65.47,20.95,completed
SE-0010250,ST-036,2,2026-06-20 06:21:00,2026-06-20 07:10:00,10.74,3.44,completed
SE-0001636,ST-041,3,2026-05-08 13:11:00,2026-05-08 13:51:00,16.15,5.17,completed
SE-0006823,ST-015,1,2026-06-03 22:42:00,2026-06-03 23:21:00,15.78,5.05,completed
SE-0008027,ST-018,3,2026-06-09 14:11:00,2026-06-09 15:05:00,30.21,9.67,completed
SE-0004371,ST-022,3,2026-05-22 20:15:00,2026-05-22 21:06:00,29.65,9.49,completed
SE-0003556,ST-016,1,2026-05-18 21:07:00,2026-05-18 21:36:00,14.96,4.79,completed
SE-0001880,ST-006,6,2026-05-10 17:09:00,2026-05-10 17:52:00,15.08,4.83,aborted
SE-0007243,ST-023,1,2026-06-05 10:10:00,2026-06-05 11:45:00,46.98,15.03,completed
SE-0010338,ST-008,2,2026-06-21 23:40:00,2026-06-22 00:41:00,29.21,9.35,completed
SE-0010265,ST-041,5,2026-06-20 04:37:00,2026-06-20 05:05:00,13.12,4.2,completed
SE-0004390,ST-023,1,2026-05-22 21:35:00,2026-05-22 22:01:00,17.85,5.71,completed
SE-0000587,ST-001,1,2026-05-04 00:35:00,2026-05-04 01:03:00,21.2,6.78,completed
SE-0002797,ST-022,3,2026-05-14 14:16:00,2026-05-14 14:48:00,12.2,3.9,completed
SE-0001720,ST-016,1,2026-05-09 14:10:00,2026-05-09 14:47:00,20.33,6.51,completed
SE-0010028,ST-017,1,2026-06-19 22:39:00,2026-06-19 22:45:00,4150,1.33,completed
SE-0003366,ST-015,2,2026-05-17 00:31:00,2026-05-17 01:24:00,33.6,10.75,completed
SE-0006762,ST-006,6,2026-06-03 14:21:00,2026-06-03 14:41:00,12.08,3.87,completed
SE-0003362,ST-013,2,2026-05-17 05:00:00,2026-05-17 05:34:00,23.9,7.65,completed
SE-0005610,ST-016,1,2026-05-28 11:09:00,2026-05-28 11:50:00,16.01,5.12,completed
SE-0009019,ST-017,1,2026-06-14 22:28:00,2026-06-14 23:07:00,19540,6.25,completed
SE-0007351,ST-006,2,2026-06-06 10:12:00,2026-06-06 11:06:00,38.28,12.25,completed
SE-0004162,ST-016,2,2026-05-21 22:22:00,2026-05-21 23:09:00,19.93,6.38,completed
SE-0006125,ST-034,2,2026-05-30 03:26:00,2026-05-30 03:54:00,4.3,1.38,completed
SE-0008846,ST-023,1,2026-06-13 02:48:00,2026-06-13 03:33:00,34.8,11.14,completed
SE-0005729,ST-002,2,2026-05-29 23:22:00,2026-05-29 23:37:00,14.47,,completed
SE-0004400,ST-025,2,2026-05-22 20:52:00,2026-05-22 21:37:00,15.53,4.97,completed
SE-0007578,ST-010,2,2026-06-07 07:44:00,2026-06-07 08:00:00,3.95,1.26,completed
SE-0007454,ST-025,2,2026-06-06 08:01:00,2026-06-06 08:54:00,28.86,9.24,completed
SE-0003598,ST-025,1,2026-05-18 17:02:00,2026-05-18 17:48:00,20.41,6.53,completed
SE-0004621,ST-025,2,2026-05-23 06:07:00,2026-05-23 06:37:00,17.05,5.46,completed
SE-0001683,ST-008,1,2026-05-09 17:12:00,2026-05-09 17:41:00,22.37,7.16,completed
SE-0003564,ST-017,2,2026-05-18 05:02:00,2026-05-18 05:15:00,6630,2.12,completed
SE-0000570,ST-041,1,2026-05-03 16:44:00,2026-05-03 17:22:00,20.83,6.67,completed
SE-0000880,ST-008,1,2026-05-05 15:59:00,2026-05-05 16:40:00,4.68,1.5,completed
SE-0003117,ST-006,2,2026-05-16 23:11:00,2026-05-16 23:45:00,18.74,6.0,aborted
SE-0010792,ST-023,2,2026-06-23 01:32:00,2026-06-23 02:01:00,15.72,5.03,completed
SE-0008572,ST-015,2,2026-06-12 08:29:00,2026-06-12 09:00:00,10.96,3.51,completed
SE-0006833,ST-016,1,2026-06-03 00:39:00,2026-06-03 00:52:00,4.34,1.39,completed
SE-0004255,ST-001,2,2026-05-22 22:50:00,2026-05-22 23:59:00,23.3,7.46,completed
SE-0004803,ST-022,6,2026-05-24 22:03:00,2026-05-24 22:17:00,9.77,3.13,completed
SE-0005403,ST-022,2,2026-05-27 22:24:00,2026-05-27 23:22:00,19.08,6.11,completed
SE-0005617,ST-017,2,2026-05-28 15:49:00,2026-05-28 16:45:00,33970,10.87,completed
SE-0011267,ST-042,4,2026-06-25 05:42:00,2026-06-25 06:24:00,21.83,,completed
SE-0011343,ST-014,2,2026-06-26 04:53:00,2026-06-26 05:24:00,21.42,6.85,completed
SE-0011401,ST-025,1,2026-06-26 13:08:00,2026-06-26 13:14:00,2.89,0.92,completed
SE-0004346,ST-015,2,2026-05-22 14:18:00,2026-05-22 15:12:00,9.19,2.94,completed
SE-0002682,ST-001,2,2026-05-14 15:06:00,2026-05-14 15:51:00,28.91,9.25,completed
SE-0007381,ST-014,6,2026-06-06 21:40:00,2026-06-06 22:29:00,31.28,10.01,completed
SE-0010129,ST-004,2,2026-06-20 08:12:00,2026-06-20 09:31:00,41.05,13.14,completed
SE-0008578,ST-015,1,2026-06-12 21:24:00,2026-06-12 22:00:00,27.76,8.88,aborted
SE-0005204,ST-023,2,2026-05-26 12:22:00,2026-05-26 13:00:00,19.55,6.26,completed
SE-0001046,ST-003,1,2026-05-06 03:09:00,2026-05-06 03:48:00,26.04,8.33,completed
SE-0010643,ST-036,3,2026-06-22 04:59:00,2026-06-22 05:36:00,24.64,7.88,completed
SE-0007262,ST-025,1,2026-06-05 01:17:00,2026-06-05 01:42:00,15.91,5.09,completed
SE-0009328,ST-042,3,2026-06-15 21:16:00,2026-06-15 22:03:00,12.01,3.84,completed
SE-0004711,ST-003,1,2026-05-24 22:03:00,2026-05-24 23:09:00,27.53,8.81,completed
SE-0009940,ST-001,1,2026-06-19 00:52:00,2026-06-19 01:24:00,16.69,5.34,completed
SE-0005826,ST-016,2,2026-05-29 17:41:00,2026-05-29 18:17:00,18.46,5.91,completed
SE-0008522,ST-003,2,2026-06-12 18:46:00,2026-06-12 19:09:00,9.03,2.89,completed
SE-0001414,ST-033,1,2026-05-07 03:22:00,2026-05-07 04:06:00,30.51,9.76,completed
SE-0001903,ST-012,1,2026-05-10 06:05:00,2026-05-10 06:18:00,6.87,,completed
SE-0010302,ST-003,1,2026-06-21 01:21:00,2026-06-21 02:11:00,28.83,9.23,aborted
SE-0008918,ST-001,2,2026-06-14 01:16:00,2026-06-14 02:02:00,36.82,11.78,completed
SE-0010444,ST-032,4,2026-06-21 17:22:00,2026-06-21 17:50:00,9.43,3.02,completed
SE-0001057,ST-005,2,2026-05-06 18:38:00,2026-05-06 19:24:00,21.08,,completed
SE-0004365,ST-021,3,2026-05-22 13:05:00,2026-05-22 13:12:00,3.03,0.97,completed
SE-0000531,ST-025,2,2026-05-03 20:12:00,2026-05-03 20:37:00,16.21,5.19,completed
SE-0000018,ST-005,2,2026-05-01 22:07:00,2026-05-01 22:33:00,10.79,3.45,completed
SE-0001477,ST-005,2,2026-05-08 16:00:00,2026-05-08 16:50:00,37.85,12.11,completed
SE-0000721,ST-017,1,2026-05-04 10:12:00,2026-05-04 11:02:00,23240,7.44,completed
SE-0010118,ST-001,4,2026-06-20 22:24:00,2026-06-20 23:13:00,21.67,6.93,completed
SE-0005805,ST-014,3,2026-05-29 09:53:00,2026-05-29 10:05:00,5.51,1.76,completed
SE-0005342,ST-012,2,2026-05-27 15:00:00,2026-05-27 15:38:00,14.5,4.64,completed
SE-0008909,ST-041,3,2026-06-13 12:35:00,2026-06-13 13:11:00,22.94,7.34,completed
SE-0007552,ST-005,1,2026-06-07 17:54:00,2026-06-07 18:52:00,33.47,10.71,completed
SE-0009229,ST-016,2,2026-06-15 17:01:00,2026-06-15 17:38:00,7.17,2.29,completed
SE-0006049,ST-019,4,2026-05-30 21:18:00,2026-05-30 21:58:00,21.71,,completed
SE-0008442,ST-026,6,2026-06-11 05:04:00,2026-06-11 05:55:00,33.07,,completed
SE-0000321,ST-025,2,2026-05-02 10:34:00,2026-05-02 11:19:00,28.63,9.16,completed
SE-0009510,ST-033,2,2026-06-16 19:01:00,2026-06-16 19:47:00,26.34,8.43,completed
SE-0001279,ST-008,1,2026-05-07 11:41:00,2026-05-07 12:33:00,16.32,5.22,completed
SE-0011038,ST-034,2,2026-06-24 01:58:00,2026-06-24 02:52:00,31.9,10.21,completed
SE-0008296,ST-002,1,2026-06-11 11:21:00,2026-06-11 12:02:00,18.37,,aborted
SE-0004879,ST-041,2,2026-05-24 12:55:00,2026-05-24 13:26:00,22.24,7.12,completed
SE-0011797,ST-023,1,2026-06-28 21:20:00,2026-06-28 21:51:00,22.64,,aborted
SE-0011240,ST-033,2,2026-06-25 17:22:00,2026-06-25 18:04:00,20.08,6.43,completed
SE-0005948,ST-004,1,2026-05-30 09:10:00,2026-05-30 09:37:00,18.35,5.87,aborted
SE-0009002,ST-015,2,2026-06-14 16:01:00,2026-06-14 16:22:00,8.38,2.68,completed
SE-0006639,ST-022,1,2026-06-02 18:20:00,2026-06-02 19:07:00,27.69,8.86,completed
SE-0010344,ST-009,2,2026-06-21 23:57:00,2026-06-22 00:26:00,13.16,4.21,completed
SE-0012050,ST-041,4,2026-06-29 13:54:00,2026-06-29 14:19:00,14.19,4.54,completed
SE-0000122,ST-025,2,2026-05-01 09:07:00,2026-05-01 10:02:00,41.45,13.26,completed
SE-0005498,ST-041,5,2026-05-27 03:19:00,2026-05-27 04:04:00,29.8,9.54,completed
SE-0011773,ST-017,2,2026-06-28 05:45:00,2026-06-28 06:21:00,12360,3.96,completed
SE-0007229,ST-022,3,2026-06-05 19:38:00,2026-06-05 20:21:00,27.83,8.91,completed
SE-0004731,ST-006,2,2026-05-24 13:27:00,2026-05-24 13:58:00,23.0,,completed
SE-0007481,ST-033,2,2026-06-06 08:00:00,2026-06-06 08:06:00,2.55,0.82,completed
SE-0011346,ST-014,6,2026-06-26 17:01:00,2026-06-26 17:59:00,46.11,14.76,completed
SE-0007053,ST-025,2,2026-06-04 08:05:00,2026-06-04 08:15:00,8.22,2.63,completed
SE-0001331,ST-017,1,2026-05-07 04:25:00,2026-05-07 05:06:00,12340,3.95,completed
SE-0005012,ST-025,2,2026-05-25 02:00:00,2026-05-25 03:06:00,36.88,11.8,completed
SE-0009785,ST-010,1,2026-06-18 06:12:00,2026-06-18 06:45:00,12.48,3.99,completed
SE-0011140,ST-013,2,2026-06-25 11:02:00,2026-06-25 11:24:00,12.72,4.07,completed
SE-0006229,ST-015,2,2026-05-31 10:53:00,2026-05-31 11:41:00,23.36,7.48,completed
SE-0004683,ST-042,3,2026-05-23 09:42:00,2026-05-23 10:29:00,10.12,3.24,completed
SE-0000939,ST-019,6,2026-05-05 04:16:00,2026-05-05 05:03:00,35.4,11.33,completed
SE-0002630,ST-033,1,2026-05-13 22:46:00,2026-05-13 23:18:00,13.15,4.21,completed
SE-0011875,ST-003,2,2026-06-29 07:08:00,2026-06-29 07:41:00,17.86,5.72,completed
SE-0000591,ST-001,3,2026-05-04 06:06:00,2026-05-04 06:52:00,17.85,5.71,completed
SE-0005914,ST-040,2,2026-05-29 15:44:00,2026-05-29 16:42:00,43.96,14.07,completed
SE-0000044,ST-012,1,2026-05-01 11:39:00,2026-05-01 12:23:00,44.87,14.36,completed
SE-0010817,ST-029,2,2026-06-23 06:19:00,2026-06-23 06:59:00,23.57,7.54,completed
SE-0008128,ST-005,2,2026-06-10 12:45:00,2026-06-10 13:46:00,34.01,10.88,completed
SE-0003410,ST-025,1,2026-05-17 15:57:00,2026-05-17 16:33:00,12.95,4.14,completed
SE-0001761,ST-023,1,2026-05-09 11:59:00,2026-05-09 12:21:00,11.67,3.73,completed
SE-0001618,ST-033,1,2026-05-08 04:59:00,2026-05-08 05:32:00,14.33,4.59,completed
SE-0002988,ST-022,1,2026-05-15 15:04:00,2026-05-15 15:20:00,9.32,2.98,completed
SE-0009212,ST-014,1,2026-06-15 00:23:00,2026-06-15 00:31:00,6.9,2.21,completed
SE-0008184,ST-015,2,2026-06-10 08:55:00,2026-06-10 09:45:00,36.15,11.57,completed
SE-0010273,ST-001,2,2026-06-21 06:50:00,2026-06-21 07:37:00,21.37,6.84,completed
SE-0002671,ST-001,1,2026-05-14 02:39:00,2026-05-14 03:52:00,38.84,12.43,completed
SE-0007311,ST-041,5,2026-06-05 18:58:00,2026-06-05 19:39:00,20.97,6.71,completed
SE-0008859,ST-025,1,2026-06-13 20:10:00,2026-06-13 20:29:00,15.38,4.92,completed
SE-0010946,ST-014,2,2026-06-24 03:51:00,2026-06-24 04:25:00,22.75,7.28,completed
SE-0000253,ST-012,1,2026-05-02 16:50:00,2026-05-02 17:19:00,12.36,3.96,completed
SE-0006312,ST-038,2,2026-05-31 14:07:00,2026-05-31 14:54:00,32.41,10.37,completed
SE-0004276,ST-003,2,2026-05-22 21:36:00,2026-05-22 22:23:00,18.42,5.89,completed
SE-0000627,ST-005,1,2026-05-04 06:12:00,2026-05-04 07:19:00,51.44,16.46,completed
SE-0007186,ST-014,1,2026-06-05 05:48:00,2026-06-05 06:15:00,14.73,4.71,aborted
SE-0009477,ST-025,2,2026-06-16 00:52:00,2026-06-16 01:45:00,20.07,6.42,completed
SE-0001830,ST-041,4,2026-05-09 05:27:00,2026-05-09 06:09:00,17.68,,completed
SE-0007076,ST-033,2,2026-06-04 07:45:00,2026-06-04 08:27:00,25.38,8.12,completed
SE-0003448,ST-037,2,2026-05-17 14:15:00,2026-05-17 15:23:00,50.55,16.18,completed
SE-0008469,ST-033,2,2026-06-11 14:40:00,2026-06-11 15:15:00,2.73,0.87,completed
SE-0006240,ST-017,2,2026-05-31 07:42:00,2026-05-31 08:04:00,9780,3.13,completed
SE-0000955,ST-023,1,2026-05-05 10:20:00,2026-05-05 11:27:00,13.49,4.32,faulted
SE-0004517,ST-007,3,2026-05-23 18:51:00,2026-05-23 19:24:00,23.44,,completed
SE-0010505,ST-004,4,2026-06-22 20:11:00,2026-06-22 20:46:00,18.23,5.83,completed
SE-0001849,ST-003,2,2026-05-10 17:04:00,2026-05-10 17:35:00,10.56,3.38,completed
SE-0007331,ST-003,1,2026-06-06 23:09:00,2026-06-06 23:35:00,22.77,7.29,completed
SE-0005023,ST-028,2,2026-05-25 06:43:00,2026-05-25 07:31:00,11.74,3.76,completed
SE-0005595,ST-015,1,2026-05-28 01:31:00,2026-05-28 02:23:00,16.73,5.35,completed
SE-0008514,ST-001,3,2026-06-12 20:53:00,2026-06-12 20:59:00,2.83,0.91,completed
SE-0007990,ST-014,2,2026-06-09 16:32:00,2026-06-09 16:48:00,8.18,2.62,completed
SE-0004959,ST-014,3,2026-05-25 12:40:00,2026-05-25 13:26:00,21.46,6.87,completed
SE-0007880,ST-028,2,2026-06-08 12:10:00,2026-06-08 12:36:00,20.54,6.57,completed
SE-0003804,ST-025,2,2026-05-19 01:28:00,2026-05-19 01:40:00,3.27,1.05,completed
SE-0006239,ST-017,2,2026-05-31 01:46:00,2026-05-31 02:23:00,21420,6.85,completed
SE-0004971,ST-015,2,2026-05-25 10:15:00,2026-05-25 11:06:00,32.24,10.32,completed
SE-0008757,ST-006,5,2026-06-13 11:53:00,2026-06-13 12:40:00,32.24,10.32,completed
SE-0005191,ST-022,2,2026-05-26 07:23:00,2026-05-26 07:58:00,25.96,8.31,completed
SE-0005053,ST-036,3,2026-05-25 06:42:00,2026-05-25 06:48:00,2.26,0.72,completed
SE-0008888,ST-034,4,2026-06-13 14:18:00,2026-06-13 14:47:00,16.6,5.31,completed
SE-0003610,ST-027,2,2026-05-18 13:15:00,2026-05-18 14:05:00,36.31,11.62,completed
SE-0001834,ST-001,2,2026-05-10 10:42:00,2026-05-10 11:31:00,24.36,7.8,completed
SE-0001445,ST-041,1,2026-05-07 05:59:00,2026-05-07 06:31:00,11.26,3.6,completed
SE-0004394,ST-025,1,2026-05-22 04:08:00,2026-05-22 04:40:00,17.5,5.6,completed
SE-0011148,ST-014,2,2026-06-25 16:57:00,2026-06-25 17:24:00,10.19,,completed
SE-0002887,ST-001,3,2026-05-15 08:19:00,2026-05-15 09:15:00,29.48,9.43,completed
SE-0002533,ST-014,1,2026-05-13 23:59:00,2026-05-14 00:36:00,17.85,5.71,completed
SE-0005699,ST-036,3,2026-05-28 03:52:00,2026-05-28 04:26:00,22.93,7.34,completed
SE-0001691,ST-010,2,2026-05-09 07:40:00,2026-05-09 07:56:00,8.53,2.73,completed
SE-0002226,ST-033,2,2026-05-11 10:22:00,2026-05-11 11:30:00,29.16,9.33,completed
SE-0003727,ST-009,1,2026-05-19 04:29:00,2026-05-19 04:53:00,8.93,2.86,completed
SE-0008583,ST-016,2,2026-06-12 07:41:00,2026-06-12 08:48:00,31.23,9.99,completed
SE-0004389,ST-023,2,2026-05-22 18:14:00,2026-05-22 19:38:00,43.16,13.81,completed
SE-0006915,ST-040,1,2026-06-03 09:11:00,2026-06-03 09:17:00,3.54,1.13,aborted
SE-0003442,ST-034,2,2026-05-17 14:37:00,2026-05-17 15:05:00,17.94,5.74,completed
SE-0008130,ST-006,3,2026-06-10 08:37:00,2026-06-10 09:16:00,32.39,10.36,completed
SE-0001836,ST-001,4,2026-05-10 04:10:00,2026-05-10 05:09:00,44.46,,completed
SE-0001152,ST-022,6,2026-05-06 09:09:00,2026-05-06 10:33:00,34.09,10.91,completed
SE-0004922,ST-005,1,2026-05-25 16:11:00,2026-05-25 16:54:00,38.8,12.42,completed
SE-0005616,ST-017,1,2026-05-28 21:03:00,2026-05-28 21:09:00,2170,0.69,completed
SE-0005008,ST-024,2,2026-05-25 19:01:00,2026-05-25 19:48:00,35.99,11.52,completed
SE-0003323,ST-005,1,2026-05-17 16:50:00,2026-05-17 17:12:00,7.23,2.31,completed
SE-0004437,ST-034,4,2026-05-22 13:48:00,2026-05-22 14:35:00,33.32,10.66,completed
SE-0011860,ST-001,2,2026-06-29 10:09:00,2026-06-29 10:38:00,23.91,7.65,completed
SE-0005065,ST-041,4,2026-05-25 08:07:00,2026-05-25 08:54:00,27.3,8.74,completed
SE-0004356,ST-017,1,2026-05-22 01:47:00,2026-05-22 02:09:00,12280,3.93,completed
SE-0003208,ST-023,2,2026-05-16 06:11:00,2026-05-16 06:42:00,18.57,5.94,completed
SE-0000348,ST-033,2,2026-05-02 17:05:00,2026-05-02 17:54:00,32.92,10.53,completed
SE-0010251,ST-036,1,2026-06-20 02:42:00,2026-06-20 03:25:00,28.14,9.0,completed
SE-0002321,ST-009,1,2026-05-12 06:04:00,2026-05-12 06:41:00,29.04,9.29,completed
SE-0009263,ST-025,1,2026-06-15 01:32:00,2026-06-15 02:24:00,28.72,9.19,completed
SE-0008802,ST-015,1,2026-06-13 05:23:00,2026-06-13 06:31:00,38.94,12.46,completed
SE-0000659,ST-010,2,2026-05-04 10:15:00,2026-05-04 10:51:00,12.35,3.95,completed
SE-0003619,ST-030,2,2026-05-18 14:22:00,2026-05-18 15:32:00,32.0,10.24,completed
SE-0004324,ST-012,1,2026-05-22 10:16:00,2026-05-22 11:15:00,43.31,13.86,completed
SE-0009944,ST-001,2,2026-06-19 12:22:00,2026-06-19 13:10:00,19.15,6.13,completed
SE-0007754,ST-005,2,2026-06-08 15:35:00,2026-06-08 15:52:00,8.71,2.79,completed
SE-0000889,ST-010,2,2026-05-05 05:41:00,2026-05-05 06:33:00,32.11,10.28,completed
SE-0001196,ST-029,1,2026-05-06 05:23:00,2026-05-06 05:43:00,9.68,3.1,completed
SE-0008188,ST-016,1,2026-06-10 21:48:00,2026-06-10 22:16:00,15.88,5.08,completed
SE-0007145,ST-005,2,2026-06-05 01:45:00,2026-06-05 02:27:00,18.28,5.85,completed
SE-0007853,ST-022,6,2026-06-08 21:19:00,2026-06-08 21:42:00,13.24,4.24,completed
SE-0007638,ST-023,2,2026-06-07 21:18:00,2026-06-07 21:57:00,16.95,,completed
SE-0001458,ST-001,4,2026-05-08 15:55:00,2026-05-08 16:43:00,27.27,8.73,completed
SE-0009000,ST-015,1,2026-06-14 16:50:00,2026-06-14 17:43:00,26.81,8.58,completed
SE-0003886,ST-003,2,2026-05-20 17:37:00,2026-05-20 18:26:00,36.39,11.64,completed
SE-0000189,ST-001,1,2026-05-02 06:02:00,2026-05-02 07:20:00,61.81,19.78,completed
SE-0001117,ST-015,2,2026-05-06 20:41:00,2026-05-06 21:52:00,27.69,8.86,completed
SE-0004627,ST-025,1,2026-05-23 23:36:00,2026-05-23 23:47:00,2.86,0.92,completed
SE-0010309,ST-003,1,2026-06-21 18:47:00,2026-06-21 19:14:00,11.07,3.54,completed
SE-0001939,ST-017,1,2026-05-10 22:30:00,2026-05-10 23:20:00,19940,6.38,completed
SE-0010078,ST-032,3,2026-06-19 12:07:00,2026-06-19 12:34:00,5.11,1.64,completed
SE-0010329,ST-006,5,2026-06-21 15:37:00,2026-06-21 16:31:00,27.59,8.83,completed
SE-0009942,ST-001,1,2026-06-19 08:39:00,2026-06-19 09:01:00,8.38,2.68,aborted
SE-0008897,ST-038,4,2026-06-13 23:00:00,2026-06-13 23:18:00,4.1,1.31,completed
SE-0010848,ST-035,2,2026-06-23 08:47:00,2026-06-23 09:43:00,48.47,15.51,completed
SE-0010851,ST-036,1,2026-06-23 16:41:00,2026-06-23 17:25:00,11.36,3.64,completed
SE-0010414,ST-023,1,2026-06-21 14:48:00,2026-06-21 15:37:00,27.83,,completed
SE-0007574,ST-009,1,2026-06-07 05:52:00,2026-06-07 06:26:00,13.4,4.29,completed
SE-0003462,ST-041,3,2026-05-17 05:20:00,2026-05-17 05:51:00,13.9,4.45,completed
SE-0010820,ST-029,1,2026-06-23 10:48:00,2026-06-23 10:54:00,3.03,0.97,completed
SE-0010103,ST-041,4,2026-06-19 03:35:00,2026-06-19 04:47:00,30.58,9.79,completed
SE-0010460,ST-036,3,2026-06-21 12:47:00,2026-06-21 13:46:00,27.52,8.81,completed
SE-0001695,ST-013,2,2026-05-09 09:28:00,2026-05-09 10:39:00,21.27,6.81,completed
SE-0007277,ST-030,3,2026-06-05 23:20:00,2026-06-05 23:31:00,7.91,2.53,completed
SE-0002748,ST-013,1,2026-05-14 04:47:00,2026-05-14 05:33:00,25.21,8.07,completed
SE-0006897,ST-034,2,2026-06-03 06:20:00,2026-06-03 06:35:00,6.31,2.02,completed
SE-0007413,ST-018,1,2026-06-06 20:46:00,2026-06-06 21:32:00,28.95,9.26,completed
SE-0009746,ST-002,1,2026-06-18 18:43:00,2026-06-18 19:02:00,11.7,3.74,aborted
SE-0006562,ST-006,3,2026-06-02 08:55:00,2026-06-02 09:54:00,23.2,7.42,completed
SE-0000961,ST-025,2,2026-05-05 17:46:00,2026-05-05 18:52:00,46.96,15.03,completed
SE-0002728,ST-009,2,2026-05-14 12:26:00,2026-05-14 13:03:00,9.12,2.92,completed
SE-0004233,ST-034,2,2026-05-21 06:42:00,2026-05-21 07:02:00,13.49,4.32,completed
SE-0005580,ST-014,1,2026-05-28 06:37:00,2026-05-28 07:22:00,23.66,,completed
SE-0003137,ST-010,1,2026-05-16 18:55:00,2026-05-16 19:13:00,4.06,1.3,completed
SE-0001733,ST-017,2,2026-05-09 23:57:00,2026-05-10 00:54:00,31340,10.03,completed
SE-0004399,ST-025,1,2026-05-22 02:09:00,2026-05-22 03:05:00,33.46,10.71,completed
SE-0001203,ST-033,1,2026-05-06 03:23:00,2026-05-06 03:41:00,6.17,1.97,completed
SE-0009678,ST-025,2,2026-06-17 01:17:00,2026-06-17 02:01:00,28.67,9.17,completed
SE-0006285,ST-029,3,2026-05-31 06:16:00,2026-05-31 06:53:00,14.35,4.59,completed
SE-0002268,ST-001,1,2026-05-12 13:22:00,2026-05-12 13:38:00,10.3,3.3,completed
SE-0010604,ST-023,1,2026-06-22 20:13:00,2026-06-22 20:59:00,3.79,1.21,faulted
SE-0005691,ST-033,1,2026-05-28 02:30:00,2026-05-28 03:16:00,21.87,7.0,completed
SE-0006154,ST-001,2,2026-05-31 15:16:00,2026-05-31 16:26:00,39.61,12.68,completed
SE-0010333,ST-006,2,2026-06-21 22:05:00,2026-06-21 22:12:00,3.14,1.0,completed
SE-0002664,ST-001,4,2026-05-14 11:24:00,2026-05-14 12:23:00,32.38,10.36,completed
SE-0005819,ST-015,2,2026-05-29 08:52:00,2026-05-29 09:20:00,7.38,2.36,completed
SE-0011759,ST-015,2,2026-06-28 14:36:00,2026-06-28 15:41:00,30.37,9.72,completed
SE-0004229,ST-033,1,2026-05-21 09:37:00,2026-05-21 10:14:00,24.54,7.85,completed
SE-0008409,ST-022,1,2026-06-11 01:44:00,2026-06-11 02:39:00,24.39,7.8,completed
SE-0008774,ST-010,2,2026-06-13 23:27:00,2026-06-14 00:41:00,35.41,11.33,completed
SE-0002941,ST-010,1,2026-05-15 14:31:00,2026-05-15 15:14:00,27.34,8.75,completed
SE-0011920,ST-013,1,2026-06-29 06:49:00,2026-06-29 07:14:00,6.0,1.92,completed
SE-0008119,ST-005,2,2026-06-10 06:10:00,2026-06-10 07:05:00,28.54,9.13,completed
SE-0001868,ST-006,1,2026-05-10 11:10:00,2026-05-10 12:12:00,46.64,14.92,completed
SE-0004158,ST-015,1,2026-05-21 07:36:00,2026-05-21 08:21:00,20.11,6.44,completed
SE-0008279,ST-041,3,2026-06-10 06:21:00,2026-06-10 06:50:00,17.14,5.48,completed
SE-0005198,ST-023,1,2026-05-26 09:47:00,2026-05-26 10:23:00,17.73,5.67,completed
SE-0011657,ST-038,4,2026-06-27 18:36:00,2026-06-27 19:15:00,21.21,6.79,completed
SE-0001442,ST-041,1,2026-05-07 16:44:00,2026-05-07 17:34:00,25.08,8.03,completed
SE-0005060,ST-040,2,2026-05-25 03:01:00,2026-05-25 03:29:00,16.22,5.19,aborted
SE-0011816,ST-025,1,2026-06-28 05:12:00,2026-06-28 05:56:00,22.36,7.16,completed
SE-0011173,ST-017,1,2026-06-25 03:25:00,2026-06-25 04:02:00,22150,7.09,completed
SE-0002693,ST-003,2,2026-05-14 02:22:00,2026-05-14 03:18:00,34.45,11.02,completed
SE-0011234,ST-033,2,2026-06-25 00:14:00,2026-06-25 00:57:00,33.24,10.64,completed
SE-0006226,ST-015,2,2026-05-31 07:13:00,2026-05-31 08:01:00,15.81,5.06,completed
SE-0005759,ST-005,1,2026-05-29 14:44:00,2026-05-29 16:00:00,40.59,12.99,completed
SE-0005896,ST-033,1,2026-05-29 13:57:00,2026-05-29 14:55:00,38.58,12.35,completed
SE-0005034,ST-032,4,2026-05-25 18:37:00,2026-05-25 19:26:00,28.64,9.16,completed
SE-0002602,ST-025,2,2026-05-13 04:00:00,2026-05-13 04:30:00,11.06,3.54,completed
SE-0011480,ST-003,2,2026-06-27 10:38:00,2026-06-27 10:56:00,4.98,1.59,completed
SE-0010887,ST-003,2,2026-06-24 22:32:00,2026-06-24 23:24:00,37.68,12.06,completed
SE-0011048,ST-036,4,2026-06-24 00:21:00,2026-06-24 01:50:00,41.95,,completed
SE-0007415,ST-019,4,2026-06-06 08:29:00,2026-06-06 09:01:00,11.35,3.63,completed
SE-0007687,ST-033,1,2026-06-07 07:02:00,2026-06-07 07:44:00,27.25,8.72,completed
SE-0006176,ST-005,2,2026-05-31 16:47:00,2026-05-31 17:44:00,49.06,15.7,completed
SE-0005211,ST-025,2,2026-05-26 20:33:00,2026-05-26 21:15:00,14.8,4.74,completed
SE-0009542,ST-001,3,2026-06-17 11:12:00,2026-06-17 11:54:00,37.71,12.07,completed
SE-0004252,ST-041,1,2026-05-21 20:40:00,2026-05-21 21:02:00,10.63,,completed
SE-0009470,ST-022,1,2026-06-16 03:54:00,2026-06-16 04:38:00,12.59,4.03,completed
SE-0005984,ST-010,2,2026-05-30 08:37:00,2026-05-30 08:49:00,3.44,1.1,completed
SE-0008661,ST-034,1,2026-06-12 15:09:00,2026-06-12 15:34:00,12.81,4.1,completed
SE-0010358,ST-012,2,2026-06-21 15:37:00,2026-06-21 16:37:00,25.75,8.24,completed
SE-0006299,ST-033,1,2026-05-31 16:48:00,2026-05-31 17:32:00,29.19,9.34,completed
SE-0001877,ST-006,4,2026-05-10 01:56:00,2026-05-10 03:01:00,40.36,12.92,completed
SE-0010522,ST-009,1,2026-06-22 08:44:00,2026-06-22 09:22:00,24.67,7.89,aborted
SE-0000756,ST-023,2,2026-05-04 20:49:00,2026-05-04 21:33:00,27.73,8.87,completed
SE-0003655,ST-041,4,2026-05-18 19:56:00,2026-05-18 20:57:00,18.34,5.87,completed
SE-0006591,ST-013,2,2026-06-02 12:03:00,2026-06-02 12:35:00,21.82,6.98,completed
SE-0002086,ST-004,3,2026-05-11 09:56:00,2026-05-11 10:50:00,39.04,12.49,completed
SE-0006808,ST-014,2,2026-06-03 18:34:00,2026-06-03 18:58:00,7.76,2.48,completed
SE-0000909,ST-014,5,2026-05-05 15:03:00,2026-05-05 16:11:00,49.15,15.73,completed
SE-0009967,ST-003,2,2026-06-19 08:02:00,2026-06-19 08:18:00,11.78,3.77,completed
SE-0011500,ST-006,3,2026-06-27 14:08:00,2026-06-27 14:44:00,22.43,7.18,completed
SE-0011901,ST-006,3,2026-06-29 11:09:00,2026-06-29 12:03:00,45.08,14.43,completed
SE-0005978,ST-008,1,2026-05-30 04:46:00,2026-05-30 05:07:00,12.08,3.87,completed
SE-0004417,ST-031,4,2026-05-22 01:51:00,2026-05-22 02:37:00,41.3,13.22,completed
SE-0006647,ST-023,2,2026-06-02 15:42:00,2026-06-02 16:40:00,30.56,9.78,completed
SE-0006835,ST-017,1,2026-06-03 15:21:00,2026-06-03 15:53:00,13350,4.27,completed
SE-0005464,ST-033,1,2026-05-27 06:50:00,2026-05-27 07:38:00,20.01,6.4,completed
SE-0005793,ST-012,1,2026-05-29 05:29:00,2026-05-29 06:17:00,35.57,11.38,completed
SE-0006387,ST-008,1,2026-06-01 18:24:00,2026-06-01 19:03:00,28.83,9.23,completed
SE-0009703,ST-033,2,2026-06-17 03:24:00,2026-06-17 04:05:00,19.96,6.39,completed
SE-0008195,ST-017,1,2026-06-10 22:47:00,2026-06-10 23:37:00,28500,9.12,completed
SE-0006766,ST-006,2,2026-06-03 18:39:00,2026-06-03 18:45:00,4.71,,completed
SE-0004948,ST-010,2,2026-05-25 15:19:00,2026-05-25 15:52:00,27.16,8.69,completed
SE-0008037,ST-023,2,2026-06-09 19:02:00,2026-06-09 19:40:00,13.76,4.4,faulted
SE-0008327,ST-006,6,2026-06-11 05:27:00,2026-06-11 05:54:00,16.75,5.36,completed
SE-0004322,ST-012,2,2026-05-22 10:08:00,2026-05-22 11:11:00,26.26,8.4,completed
SE-0009469,ST-022,5,2026-06-16 01:37:00,2026-06-16 01:45:00,4.37,1.4,completed
SE-0009984,ST-006,3,2026-06-19 21:51:00,2026-06-19 21:57:00,1.95,0.62,completed
SE-0007260,ST-025,2,2026-06-05 13:18:00,2026-06-05 13:49:00,14.97,4.79,completed
SE-0009160,ST-005,1,2026-06-15 05:52:00,2026-06-15 06:52:00,51.02,16.33,completed
SE-0010160,ST-015,2,2026-06-20 18:13:00,2026-06-20 18:27:00,6.53,2.09,completed
SE-0002702,ST-003,1,2026-05-14 10:08:00,2026-05-14 10:55:00,25.34,,completed
SE-0005064,ST-041,5,2026-05-25 19:59:00,2026-05-25 20:23:00,20.29,6.49,completed
SE-0003415,ST-025,1,2026-05-17 00:58:00,2026-05-17 02:02:00,30.16,,aborted
SE-0002622,ST-031,5,2026-05-13 23:22:00,2026-05-14 00:10:00,25.11,8.04,completed
SE-0001595,ST-025,1,2026-05-08 11:23:00,2026-05-08 12:37:00,46.78,,completed
SE-0002044,ST-041,3,2026-05-10 14:39:00,2026-05-10 15:07:00,10.63,3.4,completed
SE-0009148,ST-003,2,2026-06-15 00:40:00,2026-06-15 01:35:00,40.12,,completed
SE-0011961,ST-016,2,2026-06-29 07:49:00,2026-06-29 08:31:00,16.75,5.36,completed
SE-0008584,ST-016,2,2026-06-12 22:53:00,2026-06-12 23:34:00,29.19,9.34,completed
SE-0006931,ST-001,3,2026-06-04 17:10:00,2026-06-04 17:46:00,29.24,9.36,completed
SE-0005375,ST-015,2,2026-05-27 17:35:00,2026-05-27 18:40:00,32.53,10.41,completed
SE-0010229,ST-029,4,2026-06-20 13:06:00,2026-06-20 13:59:00,16.13,5.16,completed
SE-0008305,ST-003,2,2026-06-11 09:27:00,2026-06-11 09:57:00,30.8,,completed
SE-0003944,ST-016,2,2026-05-20 20:11:00,2026-05-20 21:16:00,58.77,,completed
SE-0005254,ST-035,2,2026-05-26 12:55:00,2026-05-26 13:40:00,16.85,5.39,completed
SE-0009742,ST-001,3,2026-06-18 00:37:00,2026-06-18 01:13:00,30.62,9.8,completed
SE-0003652,ST-041,3,2026-05-18 23:24:00,2026-05-19 00:14:00,19.37,6.2,completed
SE-0011040,ST-034,3,2026-06-24 20:04:00,2026-06-24 20:26:00,12.5,4.0,completed
SE-0003104,ST-005,1,2026-05-16 01:49:00,2026-05-16 02:36:00,18.65,5.97,completed
SE-0003045,ST-036,4,2026-05-15 08:26:00,2026-05-15 08:47:00,9.85,3.15,completed
SE-0001570,ST-022,2,2026-05-08 19:30:00,2026-05-08 19:36:00,4.84,1.55,completed
SE-0010686,ST-003,2,2026-06-23 16:01:00,2026-06-23 16:58:00,21.87,7.0,completed
SE-0006593,ST-014,5,2026-06-02 16:28:00,2026-06-02 17:04:00,21.4,6.85,completed
SE-0007643,ST-023,1,2026-06-07 10:50:00,2026-06-07 11:39:00,34.42,11.01,completed
SE-0000579,ST-041,3,2026-05-03 20:22:00,2026-05-03 20:28:00,3.33,1.07,completed
SE-0002079,ST-003,1,2026-05-11 23:28:00,2026-05-12 00:22:00,51.05,16.34,completed
SE-0007136,ST-003,2,2026-06-05 15:04:00,2026-06-05 15:24:00,5.11,1.64,completed
SE-0003722,ST-008,1,2026-05-19 03:19:00,2026-05-19 03:54:00,17.16,5.49,completed
SE-0010923,ST-009,1,2026-06-24 08:47:00,2026-06-24 09:16:00,21.82,6.98,completed
SE-0005768,ST-006,5,2026-05-29 18:25:00,2026-05-29 18:56:00,16.79,5.37,completed
SE-0002612,ST-029,2,2026-05-13 12:19:00,2026-05-13 13:05:00,16.92,5.41,completed
SE-0011075,ST-001,2,2026-06-25 15:55:00,2026-06-25 16:06:00,6.65,2.13,completed
SE-0009374,ST-006,4,2026-06-16 21:42:00,2026-06-16 22:29:00,15.98,5.11,completed
SE-0002838,ST-030,1,2026-05-14 00:38:00,2026-05-14 01:26:00,26.59,8.51,completed
SE-0001653,ST-003,1,2026-05-09 04:16:00,2026-05-09 05:18:00,35.92,11.49,completed
SE-0000732,ST-022,6,2026-05-04 02:34:00,2026-05-04 03:31:00,35.04,11.21,completed
SE-0004604,ST-022,1,2026-05-23 01:35:00,2026-05-23 01:45:00,3.9,,completed
SE-0003375,ST-015,2,2026-05-17 11:56:00,2026-05-17 12:22:00,13.65,4.37,completed
SE-0001263,ST-004,1,2026-05-07 11:32:00,2026-05-07 12:13:00,24.14,7.72,completed
SE-0000788,ST-030,4,2026-05-04 15:20:00,2026-05-04 15:53:00,19.31,6.18,completed
SE-0007737,ST-001,3,2026-06-08 10:25:00,2026-06-08 11:31:00,58.44,18.7,completed
SE-0003296,ST-001,2,2026-05-17 11:26:00,2026-05-17 12:31:00,23.97,7.67,aborted
SE-0003472,ST-001,3,2026-05-18 04:31:00,2026-05-18 05:59:00,77.78,24.89,completed
SE-0002804,ST-023,2,2026-05-14 04:21:00,2026-05-14 05:22:00,39.13,12.52,completed
SE-0002184,ST-023,1,2026-05-11 11:05:00,2026-05-11 11:33:00,13.55,4.34,completed
SE-0010064,ST-025,1,2026-06-19 18:56:00,2026-06-19 19:39:00,16.74,5.36,completed
SE-0011274,ST-001,3,2026-06-26 17:47:00,2026-06-26 18:39:00,45.25,14.48,completed
SE-0000777,ST-026,6,2026-05-04 06:41:00,2026-05-04 07:35:00,35.2,11.26,completed
SE-0008903,ST-041,3,2026-06-13 12:49:00,2026-06-13 13:38:00,26.08,8.35,completed
SE-0001730,ST-017,2,2026-05-09 17:16:00,2026-05-09 17:56:00,11840,3.79,aborted
SE-0007592,ST-014,1,2026-06-07 16:02:00,2026-06-07 16:54:00,24.07,7.7,completed
SE-0000299,ST-022,1,2026-05-02 11:27:00,2026-05-02 12:06:00,16.27,5.21,completed
SE-0010655,ST-041,4,2026-06-22 10:42:00,2026-06-22 11:41:00,24.21,7.75,completed
SE-0006246,ST-017,2,2026-05-31 12:24:00,2026-05-31 12:48:00,15780,5.05,completed
SE-0003890,ST-003,1,2026-05-20 01:11:00,2026-05-20 02:04:00,28.62,9.16,completed
SE-0006462,ST-023,2,2026-06-01 04:02:00,2026-06-01 05:08:00,9.7,3.1,faulted
SE-0006208,ST-012,2,2026-05-31 06:52:00,2026-05-31 07:18:00,15.1,4.83,completed
SE-0009142,ST-001,2,2026-06-15 01:03:00,2026-06-15 01:09:00,3.66,,completed
SE-0000095,ST-021,1,2026-05-01 09:10:00,2026-05-01 09:49:00,19.84,6.35,aborted
SE-0000467,ST-014,4,2026-05-03 11:54:00,2026-05-03 12:17:00,14.84,,completed
SE-0004333,ST-014,5,2026-05-22 14:03:00,2026-05-22 15:04:00,22.32,7.14,completed
SE-0006461,ST-022,2,2026-06-01 16:25:00,2026-06-01 17:25:00,13.99,4.48,completed
SE-0007667,ST-026,6,2026-06-07 22:25:00,2026-06-07 23:16:00,18.41,5.89,completed
SE-0009238,ST-017,2,2026-06-15 01:34:00,2026-06-15 02:24:00,25060,8.02,completed
SE-0011655,ST-037,4,2026-06-27 10:10:00,2026-06-27 10:26:00,8.59,2.75,completed
SE-0000196,ST-001,2,2026-05-02 22:03:00,2026-05-02 22:39:00,15.69,5.02,completed
SE-0010452,ST-033,2,2026-06-21 17:57:00,2026-06-21 18:28:00,27.77,8.89,completed
SE-0005344,ST-012,2,2026-05-27 20:18:00,2026-05-27 20:37:00,5.12,1.64,completed
SE-0006149,ST-001,4,2026-05-31 11:09:00,2026-05-31 11:54:00,37.78,,completed
SE-0007121,ST-001,4,2026-06-05 17:38:00,2026-06-05 18:25:00,28.11,9.0,completed
SE-0008113,ST-003,2,2026-06-10 13:34:00,2026-06-10 14:36:00,12.88,4.12,completed
SE-0009115,ST-035,1,2026-06-14 02:05:00,2026-06-14 02:55:00,43.64,13.96,completed
SE-0002962,ST-015,1,2026-05-15 21:18:00,2026-05-15 21:53:00,21.57,6.9,completed
SE-0006996,ST-014,5,2026-06-04 07:08:00,2026-06-04 07:46:00,24.11,7.72,completed
SE-0004015,ST-030,3,2026-05-20 08:00:00,2026-05-20 09:03:00,54.05,17.3,completed
SE-0011695,ST-003,1,2026-06-28 12:46:00,2026-06-28 13:17:00,15.79,5.05,completed
SE-0003245,ST-032,4,2026-05-16 03:48:00,2026-05-16 04:30:00,21.33,6.83,completed
SE-0001648,ST-001,4,2026-05-09 21:29:00,2026-05-09 22:14:00,22.12,7.08,completed
SE-0002573,ST-022,3,2026-05-13 23:58:00,2026-05-14 00:04:00,3.73,1.19,completed
SE-0003680,ST-003,1,2026-05-19 08:40:00,2026-05-19 09:44:00,38.18,12.22,completed
SE-0011342,ST-013,2,2026-06-26 08:43:00,2026-06-26 10:00:00,57.35,18.35,completed
SE-0010015,ST-015,2,2026-06-19 03:07:00,2026-06-19 03:50:00,34.35,10.99,aborted
SE-0004714,ST-003,1,2026-05-24 20:00:00,2026-05-24 20:12:00,6.55,2.1,completed
SE-0009128,ST-040,1,2026-06-14 20:36:00,2026-06-14 21:07:00,22.28,7.13,completed
SE-0011855,ST-041,1,2026-06-28 16:00:00,2026-06-28 16:29:00,11.16,3.57,completed
SE-0009062,ST-023,1,2026-06-14 11:13:00,2026-06-14 12:08:00,35.95,11.5,completed
SE-0002041,ST-041,1,2026-05-10 10:41:00,2026-05-10 11:16:00,23.96,7.67,completed
SE-0009700,ST-033,1,2026-06-17 17:57:00,2026-06-17 18:53:00,40.04,12.81,completed
SE-0007719,ST-041,4,2026-06-07 15:38:00,2026-06-07 16:07:00,16.38,5.24,completed
SE-0011262,ST-041,5,2026-06-25 18:49:00,2026-06-25 19:16:00,12.73,,completed
SE-0009966,ST-003,1,2026-06-19 06:44:00,2026-06-19 07:46:00,23.98,7.67,completed
SE-0002560,ST-017,1,2026-05-13 23:17:00,2026-05-13 23:41:00,13990,4.48,completed
SE-0005084,ST-001,1,2026-05-26 19:45:00,2026-05-26 20:13:00,11.55,3.7,completed
SE-0004847,ST-029,3,2026-05-24 20:04:00,2026-05-24 20:30:00,14.24,4.56,completed
SE-0008513,ST-001,2,2026-06-12 12:43:00,2026-06-12 13:34:00,33.0,10.56,completed
SE-0005000,ST-022,1,2026-05-25 07:18:00,2026-05-25 07:42:00,15.38,4.92,completed
SE-0010853,ST-037,4,2026-06-23 00:15:00,2026-06-23 00:37:00,11.85,3.79,completed
SE-0003870,ST-001,3,2026-05-20 16:43:00,2026-05-20 17:12:00,18.91,6.05,completed
SE-0010617,ST-028,2,2026-06-22 16:10:00,2026-06-22 17:12:00,51.31,16.42,completed
SE-0002888,ST-001,3,2026-05-15 23:07:00,2026-05-16 00:25:00,58.33,18.67,completed
SE-0008860,ST-025,2,2026-06-13 16:33:00,2026-06-13 17:13:00,28.25,9.04,completed
SE-0002260,ST-001,1,2026-05-12 19:21:00,2026-05-12 19:53:00,9.99,3.2,completed
SE-0011365,ST-017,2,2026-06-26 22:35:00,2026-06-26 23:28:00,43480,13.91,completed
SE-0003952,ST-017,2,2026-05-20 17:20:00,2026-05-20 17:29:00,5040,1.61,completed
SE-0000681,ST-014,6,2026-05-04 02:15:00,2026-05-04 02:31:00,8.86,2.84,completed
SE-0004522,ST-009,1,2026-05-23 22:24:00,2026-05-23 23:20:00,31.68,10.14,completed
SE-0007544,ST-004,3,2026-06-07 14:18:00,2026-06-07 14:47:00,18.21,5.83,completed
SE-0000273,ST-015,2,2026-05-02 19:42:00,2026-05-02 20:37:00,22.31,7.14,completed
SE-0004140,ST-012,1,2026-05-21 15:29:00,2026-05-21 15:35:00,3.9,1.25,completed
SE-0009439,ST-017,1,2026-06-16 09:25:00,2026-06-16 09:52:00,8690,2.78,completed
SE-0010228,ST-029,2,2026-06-20 21:59:00,2026-06-20 22:29:00,17.51,5.6,completed
SE-0003698,ST-006,5,2026-05-19 13:11:00,2026-05-19 14:29:00,73.93,23.66,completed
SE-0001108,ST-014,4,2026-05-06 13:51:00,2026-05-06 14:49:00,37.79,12.09,aborted
SE-0005538,ST-005,1,2026-05-28 02:36:00,2026-05-28 03:43:00,33.92,10.85,completed
SE-0002455,ST-001,2,2026-05-13 20:09:00,2026-05-13 21:08:00,25.78,8.25,completed
SE-0006262,ST-023,2,2026-05-31 17:06:00,2026-05-31 17:44:00,22.14,7.08,completed
SE-0011230,ST-031,4,2026-06-25 18:34:00,2026-06-25 19:08:00,20.62,6.6,completed
SE-0001874,ST-006,1,2026-05-10 16:31:00,2026-05-10 17:09:00,10.91,3.49,completed
SE-0005820,ST-015,1,2026-05-29 14:31:00,2026-05-29 15:10:00,17.87,5.72,completed
SE-0009832,ST-017,1,2026-06-18 00:00:00,2026-06-18 00:17:00,13900,4.45,completed
SE-0007304,ST-040,1,2026-06-05 08:58:00,2026-06-05 09:16:00,7.65,2.45,completed
SE-0000723,ST-019,6,2026-05-04 20:03:00,2026-05-04 20:44:00,17.66,5.65,completed
SE-0008191,ST-016,1,2026-06-10 04:38:00,2026-06-10 04:47:00,3.74,1.2,completed
SE-0001121,ST-015,2,2026-05-06 02:38:00,2026-05-06 03:29:00,20.57,6.58,completed
SE-0008498,ST-041,3,2026-06-11 10:56:00,2026-06-11 11:38:00,24.3,7.78,completed
SE-0008023,ST-017,1,2026-06-09 23:15:00,2026-06-10 00:11:00,37720,12.07,completed
SE-0006765,ST-006,6,2026-06-03 13:11:00,2026-06-03 13:57:00,1.5,0.48,completed
SE-0012038,ST-035,1,2026-06-29 22:44:00,2026-06-29 23:36:00,32.42,10.37,completed
SE-0004209,ST-027,4,2026-05-21 13:44:00,2026-05-21 14:47:00,16.63,5.32,completed
SE-0002397,ST-025,2,2026-05-12 05:31:00,2026-05-12 06:18:00,31.37,10.04,completed
SE-0002337,ST-013,1,2026-05-12 00:03:00,2026-05-12 01:03:00,26.12,8.36,completed
SE-0004159,ST-015,1,2026-05-21 08:11:00,2026-05-21 09:08:00,24.1,7.71,completed
SE-0001239,ST-001,4,2026-05-07 14:51:00,2026-05-07 15:28:00,23.69,7.58,completed
SE-0007930,ST-001,4,2026-06-09 14:15:00,2026-06-09 14:35:00,11.5,3.68,completed
SE-0002663,ST-042,6,2026-05-13 07:11:00,2026-05-13 08:20:00,41.64,13.32,completed
SE-0007903,ST-036,4,2026-06-08 01:49:00,2026-06-08 03:02:00,41.54,13.29,completed
SE-0011455,ST-041,2,2026-06-26 23:57:00,2026-06-27 00:32:00,21.71,6.95,completed
SE-0010437,ST-029,1,2026-06-21 20:52:00,2026-06-21 21:22:00,18.55,5.94,completed
SE-0008221,ST-023,2,2026-06-10 11:48:00,2026-06-10 11:54:00,3.93,1.26,completed
SE-0007339,ST-004,2,2026-06-06 23:43:00,2026-06-07 00:23:00,5.75,1.84,completed
SE-0008861,ST-025,2,2026-06-13 03:17:00,2026-06-13 04:00:00,14.44,4.62,completed
SE-0003621,ST-032,4,2026-05-18 08:34:00,2026-05-18 08:54:00,11.19,3.58,completed
SE-0003639,ST-039,2,2026-05-18 14:30:00,2026-05-18 15:11:00,19.37,6.2,completed
SE-0002578,ST-022,5,2026-05-13 21:08:00,2026-05-13 22:03:00,24.45,7.82,completed
SE-0001254,ST-003,2,2026-05-07 10:19:00,2026-05-07 11:05:00,41.58,13.31,completed
SE-0001138,ST-017,1,2026-05-06 03:52:00,2026-05-06 04:45:00,16340,5.23,completed
SE-0011039,ST-034,2,2026-06-24 12:54:00,2026-06-24 13:14:00,9.51,3.04,completed
SE-0012001,ST-025,2,2026-06-29 16:47:00,2026-06-29 17:13:00,16.64,5.32,completed
SE-0000417,ST-005,1,2026-05-03 05:37:00,2026-05-03 06:26:00,17.64,5.64,completed
SE-0003288,ST-041,1,2026-05-16 13:23:00,2026-05-16 14:08:00,44.29,14.17,completed
SE-0002993,ST-023,1,2026-05-15 17:47:00,2026-05-15 18:13:00,13.71,4.39,completed
SE-0003253,ST-033,1,2026-05-16 11:18:00,2026-05-16 12:08:00,22.33,7.15,completed
SE-0002594,ST-024,2,2026-05-13 01:35:00,2026-05-13 02:33:00,29.47,9.43,completed
SE-0007896,ST-033,2,2026-06-08 01:19:00,2026-06-08 01:55:00,25.45,8.14,completed
SE-0010450,ST-033,1,2026-06-21 13:34:00,2026-06-21 14:18:00,26.09,8.35,completed
SE-0002352,ST-015,2,2026-05-12 09:19:00,2026-05-12 10:01:00,18.63,5.96,completed
SE-0004212,ST-029,4,2026-05-21 09:42:00,2026-05-21 10:23:00,19.43,6.22,completed
SE-0005669,ST-028,2,2026-05-28 20:05:00,2026-05-28 21:02:00,45.93,14.7,completed
SE-0006573,ST-008,1,2026-06-02 04:23:00,2026-06-02 04:43:00,10.58,3.39,completed
SE-0005069,ST-041,1,2026-05-25 21:42:00,2026-05-25 22:46:00,32.32,10.34,completed
SE-0008137,ST-006,2,2026-06-10 05:17:00,2026-06-10 05:53:00,15.28,4.89,completed
SE-0000516,ST-023,1,2026-05-03 03:53:00,2026-05-03 04:44:00,39.92,12.77,completed
SE-0002488,ST-005,2,2026-05-13 03:54:00,2026-05-13 04:58:00,21.95,7.02,completed
SE-0004250,ST-041,1,2026-05-21 15:02:00,2026-05-21 15:19:00,15.29,4.89,completed
SE-0003929,ST-014,2,2026-05-20 22:32:00,2026-05-20 22:56:00,17.88,5.72,completed
SE-0005470,ST-033,2,2026-05-27 23:52:00,2026-05-28 00:55:00,27.67,8.85,completed
SE-0001480,ST-005,2,2026-05-08 09:05:00,2026-05-08 09:48:00,30.19,9.66,completed
SE-0002807,ST-023,2,2026-05-14 14:14:00,2026-05-14 14:42:00,15.56,4.98,completed
SE-0002665,ST-001,2,2026-05-14 00:04:00,2026-05-14 00:54:00,11.62,3.72,completed
SE-0011968,ST-017,2,2026-06-29 08:57:00,2026-06-29 09:36:00,37460,11.99,completed
SE-0002297,ST-005,2,2026-05-12 23:11:00,2026-05-12 23:36:00,19.57,6.26,completed
SE-0003379,ST-016,1,2026-05-17 16:08:00,2026-05-17 16:38:00,18.69,5.98,completed
SE-0000099,ST-022,2,2026-05-01 16:19:00,2026-05-01 16:50:00,21.11,6.76,completed
SE-0002934,ST-008,2,2026-05-15 18:33:00,2026-05-15 18:55:00,7.63,2.44,completed
SE-0011033,ST-033,2,2026-06-24 07:30:00,2026-06-24 08:05:00,14.36,4.6,completed
SE-0009841,ST-020,1,2026-06-18 06:55:00,2026-06-18 07:15:00,12.97,4.15,completed
SE-0001782,ST-027,1,2026-05-09 11:29:00,2026-05-09 12:36:00,29.64,9.48,completed
SE-0002686,ST-002,1,2026-05-14 21:13:00,2026-05-14 22:02:00,10.72,3.43,completed
SE-0001008,ST-036,4,2026-05-05 09:50:00,2026-05-05 10:14:00,11.95,3.82,completed
SE-0001280,ST-008,2,2026-05-07 12:16:00,2026-05-07 13:22:00,42.08,13.47,completed
SE-0005074,ST-042,1,2026-05-25 20:53:00,2026-05-25 22:09:00,56.76,,completed
SE-0006973,ST-009,2,2026-06-04 23:47:00,2026-06-05 00:45:00,33.01,10.56,completed
SE-0001574,ST-022,4,2026-05-08 05:21:00,2026-05-08 06:13:00,15.15,4.85,completed
SE-0008591,ST-017,2,2026-06-12 11:35:00,2026-06-12 12:22:00,9660,3.09,completed
SE-0009999,ST-010,2,2026-06-19 02:28:00,2026-06-19 03:22:00,21.4,6.85,completed
SE-0004541,ST-013,1,2026-05-23 14:48:00,2026-05-23 15:40:00,32.99,,completed
SE-0001737,ST-018,6,2026-05-09 17:19:00,2026-05-09 17:57:00,20.61,6.6,completed
SE-0009099,ST-031,3,2026-06-14 04:06:00,2026-06-14 04:36:00,18.01,5.76,completed
SE-0009859,ST-023,1,2026-06-18 14:07:00,2026-06-18 14:28:00,15.45,4.94,completed
SE-0006083,ST-025,2,2026-05-30 02:21:00,2026-05-30 03:39:00,46.14,14.76,completed
SE-0005888,ST-031,1,2026-05-29 18:08:00,2026-05-29 18:28:00,14.73,4.71,completed
SE-0000229,ST-006,1,2026-05-02 10:27:00,2026-05-02 11:04:00,14.37,4.6,completed
SE-0000419,ST-005,1,2026-05-03 13:41:00,2026-05-03 14:34:00,28.44,9.1,completed
SE-0010192,ST-022,6,2026-06-20 14:57:00,2026-06-20 15:32:00,25.51,8.16,completed
SE-0011099,ST-003,1,2026-06-25 01:37:00,2026-06-25 01:51:00,7.41,2.37,completed
SE-0004425,ST-033,1,2026-05-22 11:26:00,2026-05-22 12:09:00,9.23,2.95,completed
SE-0010243,ST-033,1,2026-06-20 15:58:00,2026-06-20 16:20:00,13.59,4.35,completed
SE-0003203,ST-023,1,2026-05-16 15:16:00,2026-05-16 16:14:00,18.24,5.84,completed
SE-0000859,ST-003,1,2026-05-05 05:51:00,2026-05-05 06:41:00,18.69,5.98,completed
SE-0010917,ST-008,2,2026-06-24 00:53:00,2026-06-24 01:43:00,34.33,10.99,completed
SE-0005584,ST-014,2,2026-05-28 08:49:00,2026-05-28 09:46:00,22.83,7.31,completed
SE-0005443,ST-027,1,2026-05-27 12:45:00,2026-05-27 13:33:00,36.13,,completed
SE-0011592,ST-022,2,2026-06-27 07:53:00,2026-06-27 08:04:00,4.95,1.58,completed
SE-0011941,ST-015,1,2026-06-29 23:13:00,2026-06-30 00:02:00,33.0,10.56,completed
SE-0000993,ST-033,2,2026-05-05 03:53:00,2026-05-05 04:00:00,3.35,1.07,completed
SE-0007059,ST-026,6,2026-06-04 21:32:00,2026-06-04 22:15:00,10.08,3.23,completed
SE-0006754,ST-005,2,2026-06-03 14:50:00,2026-06-03 16:07:00,40.79,13.05,completed
SE-0000873,ST-006,4,2026-05-05 11:11:00,2026-05-05 12:15:00,41.8,13.38,completed
SE-0001322,ST-015,2,2026-05-07 02:40:00,2026-05-07 03:03:00,20.36,6.52,aborted
SE-0008874,ST-031,1,2026-06-13 23:34:00,2026-06-13 23:56:00,14.1,4.51,completed
SE-0009709,ST-033,1,2026-06-17 11:03:00,2026-06-17 11:49:00,14.43,4.62,completed
SE-0000399,ST-002,1,2026-05-03 05:48:00,2026-05-03 06:50:00,39.64,12.68,completed
SE-0008461,ST-033,2,2026-06-11 09:39:00,2026-06-11 10:17:00,19.3,6.18,completed
SE-0010988,ST-022,6,2026-06-24 05:37:00,2026-06-24 06:16:00,25.86,8.28,completed
SE-0001472,ST-004,3,2026-05-08 13:01:00,2026-05-08 13:32:00,13.3,4.26,completed
SE-0009757,ST-004,4,2026-06-18 04:07:00,2026-06-18 04:40:00,26.69,8.54,completed
SE-0000339,ST-030,4,2026-05-02 01:43:00,2026-05-02 02:19:00,23.98,7.67,completed
SE-0003896,ST-005,2,2026-05-20 19:41:00,2026-05-20 20:53:00,46.17,14.77,completed
SE-0011622,ST-029,2,2026-06-27 18:59:00,2026-06-27 19:58:00,18.36,5.88,completed
SE-0008958,ST-006,4,2026-06-14 20:37:00,2026-06-14 21:00:00,11.76,3.76,completed
SE-0006320,ST-041,2,2026-05-31 04:22:00,2026-05-31 05:19:00,33.81,10.82,completed
SE-0000973,ST-027,1,2026-05-05 12:45:00,2026-05-05 13:29:00,21.76,,completed
SE-0008234,ST-024,1,2026-06-10 11:58:00,2026-06-10 12:28:00,14.97,4.79,completed
SE-0002116,ST-008,2,2026-05-11 06:14:00,2026-05-11 07:02:00,25.79,8.25,completed
SE-0004069,ST-001,2,2026-05-21 13:14:00,2026-05-21 13:56:00,34.2,10.94,completed
SE-0009421,ST-014,5,2026-06-16 01:58:00,2026-06-16 02:35:00,33.38,10.68,completed
SE-0011041,ST-034,2,2026-06-24 11:20:00,2026-06-24 12:25:00,14.5,4.64,completed
SE-0001887,ST-008,1,2026-05-10 19:46:00,2026-05-10 20:04:00,13.96,4.47,completed
SE-0000218,ST-005,1,2026-05-02 21:01:00,2026-05-02 21:07:00,4.62,1.48,completed
SE-0005690,ST-033,2,2026-05-28 09:33:00,2026-05-28 09:42:00,3.8,1.22,completed
SE-0006998,ST-014,2,2026-06-04 04:39:00,2026-06-04 05:14:00,20.92,6.69,completed
SE-0007597,ST-015,1,2026-06-07 16:06:00,2026-06-07 17:09:00,18.09,,completed
SE-0004345,ST-015,1,2026-05-22 00:42:00,2026-05-22 01:17:00,23.77,7.61,completed
SE-0003383,ST-016,2,2026-05-17 01:59:00,2026-05-17 02:49:00,21.96,7.03,completed
SE-0008115,ST-003,1,2026-06-10 13:27:00,2026-06-10 15:08:00,51.87,16.6,completed
SE-0011204,ST-024,1,2026-06-25 16:38:00,2026-06-25 17:21:00,16.37,5.24,completed
SE-0001781,ST-027,3,2026-05-09 13:17:00,2026-05-09 13:36:00,9.2,2.94,completed
SE-0001534,ST-014,2,2026-05-08 21:01:00,2026-05-08 21:41:00,29.98,9.59,completed
SE-0008358,ST-012,2,2026-06-11 07:31:00,2026-06-11 08:08:00,5.28,1.69,completed
SE-0001721,ST-016,1,2026-05-09 18:45:00,2026-05-09 19:34:00,12.58,4.03,completed
SE-0007017,ST-017,1,2026-06-04 08:35:00,2026-06-04 09:21:00,19850,6.35,completed
SE-0006193,ST-008,2,2026-05-31 00:08:00,2026-05-31 00:59:00,31.05,9.94,completed
SE-0010355,ST-012,2,2026-06-21 11:09:00,2026-06-21 12:07:00,32.39,10.36,completed
SE-0011303,ST-005,2,2026-06-26 19:29:00,2026-06-26 20:22:00,36.7,11.74,completed
SE-0003196,ST-022,6,2026-05-16 01:01:00,2026-05-16 01:42:00,24.46,7.83,completed
SE-0006649,ST-023,1,2026-06-02 23:09:00,2026-06-02 23:42:00,27.41,8.77,completed
SE-0009398,ST-009,2,2026-06-16 21:48:00,2026-06-16 23:11:00,39.85,12.75,completed
SE-0010823,ST-032,1,2026-06-23 21:43:00,2026-06-23 21:55:00,3.12,1.0,completed
SE-0006043,ST-017,1,2026-05-30 22:52:00,2026-05-30 23:39:00,19660,6.29,completed
SE-0000199,ST-001,2,2026-05-02 15:55:00,2026-05-02 16:53:00,38.6,12.35,completed
SE-0000676,ST-014,6,2026-05-04 08:11:00,2026-05-04 08:48:00,11.55,3.7,completed
SE-0006004,ST-014,4,2026-05-30 15:26:00,2026-05-30 15:59:00,18.78,6.01,completed
SE-0009111,ST-034,3,2026-06-14 16:40:00,2026-06-14 17:28:00,24.41,7.81,completed
SE-0000283,ST-017,1,2026-05-02 05:27:00,2026-05-02 06:16:00,29890,9.56,completed
SE-0011341,ST-012,2,2026-06-26 19:14:00,2026-06-26 19:59:00,30.02,9.61,completed
SE-0005544,ST-006,4,2026-05-28 23:38:00,2026-05-29 00:19:00,20.27,6.49,completed
SE-0004805,ST-022,4,2026-05-24 19:25:00,2026-05-24 19:52:00,5.91,1.89,completed
SE-0008372,ST-015,2,2026-06-11 12:47:00,2026-06-11 13:00:00,5.96,1.91,completed
SE-0004587,ST-020,1,2026-05-23 11:04:00,2026-05-23 11:43:00,20.51,6.56,completed
SE-0008114,ST-003,2,2026-06-10 21:54:00,2026-06-10 22:14:00,13.51,4.32,aborted
SE-0007681,ST-033,2,2026-06-07 01:18:00,2026-06-07 01:54:00,25.36,8.12,completed
SE-0011616,ST-026,6,2026-06-27 23:48:00,2026-06-28 00:24:00,9.68,3.1,completed
SE-0010479,ST-001,1,2026-06-22 00:52:00,2026-06-22 01:23:00,14.07,4.5,completed
SE-0001010,ST-037,1,2026-05-05 19:39:00,2026-05-05 20:33:00,45.32,14.5,completed
SE-0006909,ST-037,1,2026-06-03 15:36:00,2026-06-03 16:01:00,9.0,2.88,completed
SE-0000705,ST-017,2,2026-05-04 21:38:00,2026-05-04 22:48:00,22900,7.33,completed
SE-0000230,ST-006,4,2026-05-02 09:04:00,2026-05-02 09:59:00,31.0,9.92,completed
SE-0006281,ST-027,2,2026-05-31 14:40:00,2026-05-31 15:08:00,16.01,5.12,completed
SE-0002485,ST-005,2,2026-05-13 05:11:00,2026-05-13 05:39:00,12.41,3.97,completed
SE-0011560,ST-014,3,2026-06-27 14:19:00,2026-06-27 15:06:00,38.72,12.39,completed
SE-0010654,ST-041,1,2026-06-22 04:34:00,2026-06-22 05:25:00,20.14,6.44,completed
SE-0011838,ST-034,3,2026-06-28 14:47:00,2026-06-28 15:00:00,9.58,3.07,completed
SE-0007138,ST-003,2,2026-06-05 17:16:00,2026-06-05 18:03:00,25.05,8.02,completed
SE-0000375,ST-041,6,2026-05-02 05:05:00,2026-05-02 05:11:00,2.15,0.69,completed
SE-0000235,ST-008,2,2026-05-02 14:30:00,2026-05-02 15:27:00,31.47,10.07,completed
SE-0008884,ST-033,1,2026-06-13 12:59:00,2026-06-13 13:25:00,11.0,3.52,completed
SE-0010821,ST-029,4,2026-06-23 22:05:00,2026-06-23 22:48:00,36.59,,completed
SE-0004410,ST-029,2,2026-05-22 06:22:00,2026-05-22 07:13:00,48.86,15.64,completed
SE-0003254,ST-033,2,2026-05-16 02:09:00,2026-05-16 02:41:00,14.95,4.78,completed
SE-0003903,ST-006,3,2026-05-20 07:33:00,2026-05-20 08:34:00,53.56,17.14,completed
SE-0007416,ST-020,2,2026-06-06 02:40:00,2026-06-06 03:09:00,10.92,3.49,completed
SE-0000386,ST-001,4,2026-05-03 21:07:00,2026-05-03 22:08:00,46.95,,completed
SE-0004651,ST-033,2,2026-05-23 14:07:00,2026-05-23 15:06:00,30.16,9.65,completed
SE-0006381,ST-006,2,2026-06-01 09:41:00,2026-06-01 10:41:00,32.2,10.3,completed
SE-0006271,ST-025,2,2026-05-31 00:59:00,2026-05-31 01:39:00,34.76,11.12,completed
SE-0004813,ST-023,2,2026-05-24 15:31:00,2026-05-24 15:52:00,2.23,0.71,faulted
SE-0006759,ST-006,5,2026-06-03 23:18:00,2026-06-04 00:16:00,18.38,5.88,completed
SE-0005036,ST-033,1,2026-05-25 19:46:00,2026-05-25 20:34:00,15.3,,completed
SE-0007065,ST-028,2,2026-06-04 20:24:00,2026-06-04 21:11:00,31.45,10.06,completed
SE-0000292,ST-022,5,2026-05-02 03:48:00,2026-05-02 03:56:00,4.87,1.56,completed
SE-0003681,ST-003,1,2026-05-19 18:21:00,2026-05-19 19:42:00,32.38,10.36,completed
SE-0005598,ST-015,1,2026-05-28 20:16:00,2026-05-28 21:16:00,40.37,12.92,completed
SE-0001468,ST-003,2,2026-05-08 23:10:00,2026-05-09 00:24:00,35.95,11.5,completed
SE-0010110,ST-001,4,2026-06-20 14:05:00,2026-06-20 15:00:00,24.69,7.9,completed
SE-0001123,ST-016,2,2026-05-06 04:04:00,2026-05-06 04:46:00,20.35,6.51,completed
SE-0004003,ST-025,2,2026-05-20 10:42:00,2026-05-20 11:57:00,34.65,11.09,completed
SE-0010681,ST-002,2,2026-06-23 00:46:00,2026-06-23 01:48:00,25.4,8.13,completed
SE-0009912,ST-034,4,2026-06-18 04:15:00,2026-06-18 05:32:00,17.69,5.66,completed
SE-0011736,ST-010,2,2026-06-28 07:32:00,2026-06-28 08:03:00,2.77,0.89,completed
SE-0007451,ST-025,2,2026-06-06 18:36:00,2026-06-06 19:47:00,23.5,7.52,completed
SE-0002202,ST-025,1,2026-05-11 16:30:00,2026-05-11 17:10:00,18.76,6.0,completed
SE-0000143,ST-032,4,2026-05-01 12:16:00,2026-05-01 12:50:00,16.19,5.18,completed
SE-0009504,ST-032,1,2026-06-16 14:06:00,2026-06-16 14:24:00,15.64,5.0,completed
SE-0002551,ST-015,1,2026-05-13 08:43:00,2026-05-13 09:16:00,14.97,4.79,completed
SE-0006102,ST-031,3,2026-05-30 05:08:00,2026-05-30 05:56:00,21.56,6.9,completed
SE-0005093,ST-001,2,2026-05-26 07:06:00,2026-05-26 07:30:00,12.66,4.05,completed
SE-0006761,ST-006,5,2026-06-03 04:42:00,2026-06-03 05:32:00,34.62,11.08,completed
SE-0006292,ST-032,2,2026-05-31 09:37:00,2026-05-31 09:43:00,1.9,0.61,completed
SE-0006713,ST-040,1,2026-06-02 00:26:00,2026-06-02 00:58:00,18.9,6.05,completed
SE-0003360,ST-012,1,2026-05-17 12:03:00,2026-05-17 12:17:00,3.21,1.03,completed
SE-0004486,ST-003,1,2026-05-23 23:01:00,2026-05-23 23:29:00,13.59,4.35,completed
SE-0006691,ST-033,1,2026-06-02 07:55:00,2026-06-02 08:10:00,10.46,3.35,completed
SE-0002247,ST-040,2,2026-05-11 10:19:00,2026-05-11 11:00:00,17.73,5.67,completed
SE-0011719,ST-006,2,2026-06-28 11:21:00,2026-06-28 12:06:00,18.4,5.89,completed
SE-0004615,ST-023,1,2026-05-23 05:49:00,2026-05-23 06:35:00,10.07,3.22,completed
SE-0006134,ST-036,2,2026-05-30 23:02:00,2026-05-30 23:32:00,20.17,6.45,completed
SE-0000435,ST-008,1,2026-05-03 10:24:00,2026-05-03 11:11:00,33.3,10.66,completed
SE-0010928,ST-011,1,2026-06-24 15:11:00,2026-06-24 16:01:00,7.12,2.28,faulted
SE-0003579,ST-022,1,2026-05-18 19:14:00,2026-05-18 19:28:00,5.98,,completed
SE-0002785,ST-021,1,2026-05-14 13:58:00,2026-05-14 14:31:00,10.91,3.49,completed
SE-0000653,ST-009,2,2026-05-04 17:32:00,2026-05-04 17:47:00,7.83,2.51,completed
SE-0008782,ST-012,2,2026-06-13 04:18:00,2026-06-13 04:25:00,4.49,1.44,completed
SE-0006653,ST-023,2,2026-06-02 22:04:00,2026-06-02 22:48:00,21.72,6.95,completed
SE-0010469,ST-041,1,2026-06-21 10:32:00,2026-06-21 10:42:00,8.35,2.67,completed
SE-0003587,ST-023,2,2026-05-18 15:57:00,2026-05-18 16:35:00,20.79,6.65,completed
SE-0010977,ST-021,6,2026-06-24 11:32:00,2026-06-24 11:57:00,12.11,3.88,completed
SE-0002081,ST-003,2,2026-05-11 14:40:00,2026-05-11 15:25:00,15.53,4.97,completed
SE-0003301,ST-001,3,2026-05-17 23:30:00,2026-05-18 00:19:00,22.93,7.34,completed
SE-0002526,ST-012,2,2026-05-13 14:14:00,2026-05-13 14:53:00,16.93,5.42,completed
SE-0011708,ST-005,2,2026-06-28 05:52:00,2026-06-28 06:37:00,34.35,10.99,completed
SE-0002868,ST-041,5,2026-05-14 23:45:00,2026-05-15 00:14:00,16.88,5.4,completed
SE-0001944,ST-018,6,2026-05-10 06:22:00,2026-05-10 06:57:00,18.89,6.04,completed
SE-0003781,ST-022,6,2026-05-19 22:00:00,2026-05-19 22:06:00,2.82,0.9,completed
SE-0001527,ST-014,3,2026-05-08 19:06:00,2026-05-08 19:52:00,40.5,12.96,completed
SE-0002096,ST-005,2,2026-05-11 17:43:00,2026-05-11 18:17:00,26.72,8.55,completed
SE-0008474,ST-034,4,2026-06-11 13:13:00,2026-06-11 13:51:00,25.86,8.28,completed
SE-0006872,ST-025,2,2026-06-03 05:16:00,2026-06-03 05:59:00,27.26,8.72,completed
SE-0008338,ST-006,4,2026-06-11 04:37:00,2026-06-11 05:38:00,26.39,8.44,completed
SE-0002320,ST-008,2,2026-05-12 22:15:00,2026-05-12 23:15:00,45.71,,completed
SE-0004817,ST-024,2,2026-05-24 10:17:00,2026-05-24 11:03:00,27.96,8.95,completed
SE-0007182,ST-013,1,2026-06-05 00:20:00,2026-06-05 00:55:00,27.47,8.79,completed
SE-0003693,ST-005,2,2026-05-19 21:26:00,2026-05-19 21:54:00,9.88,3.16,completed
SE-0003193,ST-022,5,2026-05-16 22:15:00,2026-05-16 22:29:00,7.46,2.39,completed
SE-0007743,ST-003,2,2026-06-08 00:45:00,2026-06-08 02:14:00,58.61,18.76,completed
SE-0004880,ST-041,2,2026-05-24 12:33:00,2026-05-24 12:58:00,16.83,5.39,completed
SE-0009948,ST-001,2,2026-06-19 06:19:00,2026-06-19 06:41:00,9.56,3.06,completed
SE-0002525,ST-012,2,2026-05-13 01:04:00,2026-05-13 01:41:00,22.29,7.13,completed
SE-0007975,ST-009,2,2026-06-09 17:39:00,2026-06-09 18:12:00,15.04,4.81,completed
SE-0007502,ST-039,1,2026-06-06 13:03:00,2026-06-06 14:10:00,41.99,13.44,completed
SE-0007671,ST-028,2,2026-06-07 21:33:00,2026-06-07 22:22:00,23.98,7.67,completed
SE-0011210,ST-025,1,2026-06-25 23:06:00,2026-06-26 00:16:00,13.13,4.2,completed
SE-0010763,ST-017,1,2026-06-23 01:50:00,2026-06-23 02:28:00,4100,1.31,completed
SE-0005827,ST-016,1,2026-05-29 03:31:00,2026-05-29 04:11:00,21.54,6.89,completed
SE-0006968,ST-008,2,2026-06-04 11:00:00,2026-06-04 12:07:00,16.88,,completed
SE-0009168,ST-006,4,2026-06-15 08:14:00,2026-06-15 08:52:00,20.92,6.69,completed
SE-0000524,ST-025,1,2026-05-03 10:46:00,2026-05-03 11:15:00,9.69,3.1,completed
SE-0009932,ST-041,1,2026-06-18 08:08:00,2026-06-18 08:42:00,12.69,,completed
SE-0001773,ST-025,2,2026-05-09 20:25:00,2026-05-09 21:06:00,27.24,8.72,completed
SE-0004136,ST-012,1,2026-05-21 05:32:00,2026-05-21 06:06:00,22.56,7.22,completed
SE-0006487,ST-027,3,2026-06-01 20:13:00,2026-06-01 21:08:00,27.75,8.88,completed
SE-0000112,ST-023,2,2026-05-01 03:31:00,2026-05-01 04:35:00,49.31,15.78,completed
SE-0002972,ST-017,1,2026-05-15 15:49:00,2026-05-15 16:54:00,41730,13.35,completed
SE-0004686,ST-001,1,2026-05-24 14:07:00,2026-05-24 14:13:00,2.82,0.9,completed
SE-0002388,ST-025,2,2026-05-12 03:52:00,2026-05-12 04:51:00,32.61,10.44,completed
SE-0004667,ST-038,1,2026-05-23 03:01:00,2026-05-23 03:33:00,11.8,3.78,completed
SE-0010993,ST-023,2,2026-06-24 20:11:00,2026-06-24 20:44:00,11.84,3.79,completed
SE-0010623,ST-032,1,2026-06-22 01:38:00,2026-06-22 02:00:00,11.89,3.8,completed
SE-0005644,ST-025,2,2026-05-28 19:58:00,2026-05-28 20:04:00,3.7,1.18,completed
SE-0004369,ST-022,3,2026-05-22 03:35:00,2026-05-22 03:52:00,14.91,4.77,completed
SE-0005249,ST-034,1,2026-05-26 03:27:00,2026-05-26 03:33:00,3.46,1.11,completed
SE-0010268,ST-041,1,2026-06-20 15:22:00,2026-06-20 15:44:00,12.49,4.0,completed
SE-0011016,ST-028,2,2026-06-24 05:01:00,2026-06-24 05:42:00,27.03,8.65,completed
SE-0006954,ST-005,1,2026-06-04 09:51:00,2026-06-04 10:41:00,21.73,6.95,completed
SE-0001550,ST-016,1,2026-05-08 01:06:00,2026-05-08 01:34:00,23.46,7.51,completed
SE-0003624,ST-034,2,2026-05-18 21:39:00,2026-05-18 22:18:00,17.61,5.64,completed
SE-0006529,ST-041,3,2026-06-01 16:35:00,2026-06-01 17:54:00,52.46,16.79,completed
SE-0009662,ST-023,2,2026-06-17 23:51:00,2026-06-18 00:27:00,29.87,9.56,aborted
SE-0009457,ST-021,1,2026-06-16 04:40:00,2026-06-16 05:39:00,35.04,11.21,completed
SE-0008585,ST-017,2,2026-06-12 16:44:00,2026-06-12 17:54:00,24910,7.97,completed
SE-0005126,ST-006,1,2026-05-26 02:19:00,2026-05-26 03:05:00,38.25,12.24,completed
SE-0008324,ST-006,6,2026-06-11 15:48:00,2026-06-11 16:43:00,20.04,6.41,completed
SE-0011322,ST-008,2,2026-06-26 00:28:00,2026-06-26 01:19:00,30.98,9.91,completed
SE-0000812,ST-036,3,2026-05-04 23:18:00,2026-05-05 00:21:00,50.71,16.23,completed
SE-0002522,ST-012,2,2026-05-13 16:33:00,2026-05-13 17:05:00,23.96,7.67,completed
SE-0001685,ST-009,2,2026-05-09 22:17:00,2026-05-09 22:55:00,21.29,6.81,completed
SE-0009522,ST-036,1,2026-06-16 04:52:00,2026-06-16 05:28:00,9.91,3.17,completed
SE-0001842,ST-001,1,2026-05-10 18:12:00,2026-05-10 19:01:00,36.74,11.76,completed
SE-0001044,ST-003,1,2026-05-06 02:50:00,2026-05-06 03:42:00,26.89,8.6,completed
SE-0009247,ST-022,5,2026-06-15 19:12:00,2026-06-15 19:53:00,22.83,7.31,completed
SE-0001803,ST-033,1,2026-05-09 05:39:00,2026-05-09 06:40:00,39.05,12.5,completed
SE-0010747,ST-014,6,2026-06-23 01:38:00,2026-06-23 02:30:00,39.27,,completed
SE-0002141,ST-014,2,2026-05-11 05:11:00,2026-05-11 05:58:00,23.23,7.43,completed
SE-0006705,ST-037,2,2026-06-02 01:36:00,2026-06-02 02:02:00,16.23,5.19,completed
SE-0008734,ST-005,2,2026-06-13 23:21:00,2026-06-13 23:54:00,19.09,,completed
SE-0002319,ST-008,1,2026-05-12 13:07:00,2026-05-12 13:54:00,26.37,8.44,completed
SE-0005373,ST-015,2,2026-05-27 18:33:00,2026-05-27 19:00:00,16.31,5.22,completed
SE-0006465,ST-023,1,2026-06-01 01:44:00,2026-06-01 02:47:00,34.04,10.89,completed
SE-0010122,ST-002,1,2026-06-20 18:27:00,2026-06-20 19:41:00,53.41,17.09,completed
SE-0011994,ST-023,2,2026-06-29 17:20:00,2026-06-29 18:19:00,37.84,12.11,completed
SE-0001885,ST-008,1,2026-05-10 18:39:00,2026-05-10 19:23:00,11.43,3.66,completed
SE-0007365,ST-009,1,2026-06-06 04:39:00,2026-06-06 05:42:00,43.16,13.81,completed
SE-0010241,ST-033,1,2026-06-20 19:20:00,2026-06-20 20:10:00,20.77,6.65,completed
SE-0007189,ST-014,5,2026-06-05 07:22:00,2026-06-05 08:18:00,21.65,6.93,completed
SE-0005410,ST-022,2,2026-05-27 13:26:00,2026-05-27 14:48:00,34.81,11.14,completed
SE-0000663,ST-011,2,2026-05-04 01:30:00,2026-05-04 02:38:00,17.35,5.55,completed
SE-0008132,ST-006,2,2026-06-10 14:50:00,2026-06-10 15:36:00,13.62,4.36,completed
SE-0006032,ST-017,1,2026-05-30 03:10:00,2026-05-30 04:04:00,25840,8.27,completed
SE-0008680,ST-041,4,2026-06-12 12:23:00,2026-06-12 13:09:00,26.0,8.32,completed
SE-0007173,ST-011,1,2026-06-05 03:15:00,2026-06-05 04:00:00,16.27,5.21,completed
SE-0011050,ST-037,4,2026-06-24 01:19:00,2026-06-24 01:53:00,19.22,6.15,completed
SE-0003785,ST-022,6,2026-05-19 09:53:00,2026-05-19 11:40:00,57.32,,completed
SE-0009311,ST-039,1,2026-06-15 19:44:00,2026-06-15 20:03:00,13.96,4.47,completed
SE-0002323,ST-009,2,2026-05-12 19:16:00,2026-05-12 19:51:00,16.69,5.34,completed
SE-0010410,ST-023,2,2026-06-21 00:59:00,2026-06-21 01:19:00,2.08,0.67,faulted
SE-0010373,ST-015,1,2026-06-21 17:33:00,2026-06-21 18:34:00,34.75,11.12,completed
SE-0002948,ST-013,2,2026-05-15 01:14:00,2026-05-15 01:50:00,13.46,4.31,completed
SE-0005357,ST-014,2,2026-05-27 11:13:00,2026-05-27 11:39:00,18.33,5.87,completed
SE-0003098,ST-004,4,2026-05-16 20:08:00,2026-05-16 20:44:00,15.66,5.01,completed
SE-0006260,ST-023,2,2026-05-31 14:12:00,2026-05-31 15:30:00,58.28,18.65,completed
SE-0011197,ST-023,2,2026-06-25 11:59:00,2026-06-25 12:23:00,10.92,3.49,completed
SE-0004753,ST-014,2,2026-05-24 23:14:00,2026-05-25 00:29:00,18.14,5.8,completed
SE-0001862,ST-005,1,2026-05-10 19:06:00,2026-05-10 19:42:00,17.85,5.71,completed
SE-0000404,ST-003,1,2026-05-03 04:22:00,2026-05-03 04:52:00,14.43,4.62,completed
SE-0011175,ST-017,2,2026-06-25 23:33:00,2026-06-25 23:51:00,12580,4.03,completed
SE-0001701,ST-014,6,2026-05-09 08:34:00,2026-05-09 09:34:00,14.56,,completed
SE-0010036,ST-022,5,2026-06-19 20:33:00,2026-06-19 21:29:00,25.83,,completed
SE-0004917,ST-005,2,2026-05-25 00:28:00,2026-05-25 01:41:00,39.48,12.63,completed
SE-0000382,ST-041,4,2026-05-02 07:39:00,2026-05-02 08:33:00,44.3,14.18,completed
SE-0006910,ST-038,3,2026-06-03 10:45:00,2026-06-03 11:27:00,16.52,5.29,completed
SE-0008178,ST-015,2,2026-06-10 17:26:00,2026-06-10 18:09:00,26.06,8.34,completed
SE-0010740,ST-012,2,2026-06-23 23:34:00,2026-06-24 00:01:00,9.5,3.04,completed
SE-0008140,ST-008,2,2026-06-10 17:38:00,2026-06-10 18:00:00,14.66,4.69,aborted
SE-0004544,ST-014,5,2026-05-23 06:10:00,2026-05-23 06:35:00,14.95,4.78,completed
SE-0006094,ST-029,3,2026-05-30 23:37:00,2026-05-31 00:03:00,8.41,2.69,completed
SE-0009701,ST-033,1,2026-06-17 05:48:00,2026-06-17 06:58:00,55.77,17.85,completed
SE-0002301,ST-006,3,2026-05-12 15:08:00,2026-05-12 15:14:00,2.07,0.66,completed
SE-0007744,ST-003,1,2026-06-08 15:13:00,2026-06-08 16:17:00,34.3,10.98,completed
SE-0000684,ST-014,4,2026-05-04 20:27:00,2026-05-04 20:50:00,14.53,4.65,completed
SE-0004958,ST-014,3,2026-05-25 21:05:00,2026-05-25 21:23:00,13.2,4.22,completed
SE-0011781,ST-018,1,2026-06-28 23:28:00,2026-06-29 00:07:00,23.59,7.55,completed
SE-0004361,ST-019,5,2026-05-22 02:11:00,2026-05-22 02:42:00,27.47,8.79,completed
SE-0003876,ST-001,4,2026-05-20 19:50:00,2026-05-20 20:08:00,12.23,3.91,completed
SE-0011169,ST-016,2,2026-06-25 05:13:00,2026-06-25 05:52:00,29.43,9.42,completed
SE-0009512,ST-033,1,2026-06-16 17:55:00,2026-06-16 19:04:00,19.62,6.28,completed
SE-0005478,ST-035,2,2026-05-27 09:48:00,2026-05-27 10:11:00,2.58,0.83,completed
SE-0002315,ST-008,1,2026-05-12 00:37:00,2026-05-12 01:34:00,25.83,8.27,completed
SE-0010080,ST-033,2,2026-06-19 14:31:00,2026-06-19 15:13:00,33.3,10.66,completed
SE-0002197,ST-025,1,2026-05-11 01:45:00,2026-05-11 02:16:00,5.97,1.91,completed
SE-0001084,ST-008,2,2026-05-06 18:08:00,2026-05-06 18:31:00,22.96,7.35,completed
SE-0005801,ST-014,5,2026-05-29 17:05:00,2026-05-29 17:47:00,19.89,6.36,completed
SE-0011631,ST-033,1,2026-06-27 09:43:00,2026-06-27 10:19:00,18.21,5.83,completed
SE-0009813,ST-014,2,2026-06-18 14:33:00,2026-06-18 15:12:00,23.65,7.57,completed
SE-0006076,ST-024,2,2026-05-30 22:31:00,2026-05-30 23:01:00,12.48,3.99,completed
SE-0001270,ST-005,1,2026-05-07 07:35:00,2026-05-07 08:05:00,10.95,3.5,completed
SE-0006655,ST-023,2,2026-06-02 17:38:00,2026-06-02 18:43:00,35.47,11.35,completed
SE-0010396,ST-022,6,2026-06-21 05:27:00,2026-06-21 06:17:00,26.73,8.55,completed
SE-0010148,ST-011,1,2026-06-20 20:41:00,2026-06-20 21:33:00,29.07,9.3,aborted
SE-0003526,ST-009,2,2026-05-18 18:23:00,2026-05-18 18:37:00,5.79,,completed
SE-0010957,ST-015,2,2026-06-24 01:06:00,2026-06-24 02:11:00,21.19,6.78,completed
SE-0008813,ST-017,2,2026-06-13 02:16:00,2026-06-13 03:25:00,13790,4.41,completed
SE-0000887,ST-010,2,2026-05-05 00:38:00,2026-05-05 01:06:00,9.23,2.95,completed
SE-0009490,ST-026,3,2026-06-16 04:18:00,2026-06-16 05:06:00,28.98,9.27,completed
SE-0008403,ST-020,1,2026-06-11 01:01:00,2026-06-11 01:50:00,24.77,7.93,completed
SE-0006859,ST-022,6,2026-06-03 08:07:00,2026-06-03 08:55:00,29.91,9.57,completed
SE-0007989,ST-013,2,2026-06-09 12:48:00,2026-06-09 13:15:00,19.67,6.29,completed
SE-0003144,ST-012,2,2026-05-16 19:35:00,2026-05-16 20:09:00,14.76,4.72,aborted
SE-0010293,ST-002,2,2026-06-21 02:50:00,2026-06-21 03:46:00,32.14,10.28,completed
SE-0011418,ST-029,2,2026-06-26 23:52:00,2026-06-27 00:20:00,18.26,5.84,completed
SE-0000104,ST-022,1,2026-05-01 22:20:00,2026-05-01 22:57:00,21.61,6.92,completed
SE-0008989,ST-014,5,2026-06-14 01:52:00,2026-06-14 02:18:00,8.5,2.72,completed
SE-0001978,ST-025,1,2026-05-10 16:06:00,2026-05-10 17:10:00,50.0,16.0,completed
SE-0007325,ST-001,2,2026-06-06 11:14:00,2026-06-06 11:59:00,27.7,8.86,completed
SE-0005941,ST-003,2,2026-05-30 02:45:00,2026-05-30 02:51:00,3.52,1.13,completed
SE-0006306,ST-036,3,2026-05-31 21:12:00,2026-05-31 22:17:00,27.0,,completed
SE-0009488,ST-025,1,2026-06-16 13:47:00,2026-06-16 14:50:00,45.45,14.54,completed
SE-0003819,ST-029,1,2026-05-19 00:19:00,2026-05-19 00:50:00,4.55,1.46,completed
SE-0009853,ST-022,4,2026-06-18 12:30:00,2026-06-18 13:01:00,24.56,7.86,completed
SE-0006414,ST-014,3,2026-06-01 19:16:00,2026-06-01 20:15:00,45.54,14.57,completed
SE-0006596,ST-014,4,2026-06-02 18:54:00,2026-06-02 19:38:00,25.33,8.11,completed
SE-0007012,ST-016,2,2026-06-04 06:55:00,2026-06-04 07:56:00,48.93,15.66,completed
SE-0001687,ST-009,2,2026-05-09 05:12:00,2026-05-09 05:33:00,14.97,4.79,completed
SE-0006161,ST-003,1,2026-05-31 07:55:00,2026-05-31 08:50:00,28.02,,completed
SE-0011617,ST-029,1,2026-06-27 01:16:00,2026-06-27 02:09:00,19.42,6.21,completed
SE-0001078,ST-007,4,2026-05-06 15:27:00,2026-05-06 16:20:00,32.54,10.41,completed
SE-0000917,ST-015,1,2026-05-05 21:39:00,2026-05-05 22:03:00,12.26,3.92,completed
SE-0008709,ST-003,1,2026-06-13 02:43:00,2026-06-13 03:07:00,15.04,4.81,completed
SE-0005803,ST-014,2,2026-05-29 08:17:00,2026-05-29 08:56:00,1.5,0.48,completed
SE-0001935,ST-017,2,2026-05-10 07:49:00,2026-05-10 08:56:00,39820,12.74,completed
SE-0010816,ST-029,3,2026-06-23 23:44:00,2026-06-24 01:02:00,56.23,17.99,completed
SE-0004869,ST-034,1,2026-05-24 20:15:00,2026-05-24 20:46:00,14.94,4.78,completed
SE-0009831,ST-017,1,2026-06-18 05:26:00,2026-06-18 06:24:00,38390,12.28,completed
SE-0000517,ST-023,2,2026-05-03 06:42:00,2026-05-03 07:30:00,16.7,5.34,completed
SE-0009340,ST-002,2,2026-06-16 08:25:00,2026-06-16 08:52:00,30.35,9.71,completed
SE-0009601,ST-011,2,2026-06-17 08:12:00,2026-06-17 08:18:00,1.63,0.52,completed
SE-0000118,ST-025,2,2026-05-01 10:02:00,2026-05-01 10:18:00,10.42,3.33,completed
SE-0002075,ST-003,2,2026-05-11 19:32:00,2026-05-11 19:52:00,4.95,1.58,completed
SE-0004200,ST-025,1,2026-05-21 17:39:00,2026-05-21 18:15:00,8.01,2.56,completed
SE-0000232,ST-006,3,2026-05-02 21:57:00,2026-05-02 22:31:00,18.3,5.86,completed
SE-0001000,ST-034,1,2026-05-05 18:50:00,2026-05-05 19:52:00,52.19,16.7,completed
SE-0006584,ST-010,2,2026-06-02 18:04:00,2026-06-02 18:27:00,10.18,3.26,completed
SE-0006602,ST-014,5,2026-06-02 09:21:00,2026-06-02 10:10:00,27.79,8.89,completed
SE-0000065,ST-015,1,2026-05-01 15:18:00,2026-05-01 16:38:00,51.46,16.47,completed
SE-0010269,ST-041,1,2026-06-20 12:56:00,2026-06-20 14:01:00,43.57,13.94,completed
SE-0001076,ST-006,2,2026-05-06 06:03:00,2026-05-06 06:43:00,22.78,7.29,aborted
SE-0008745,ST-006,4,2026-06-13 23:37:00,2026-06-14 00:15:00,24.99,8.0,completed
SE-0002850,ST-033,2,2026-05-14 05:24:00,2026-05-14 05:55:00,11.78,3.77,completed
SE-0005901,ST-033,2,2026-05-29 08:26:00,2026-05-29 08:50:00,14.96,4.79,completed
SE-0005872,ST-025,2,2026-05-29 12:01:00,2026-05-29 12:48:00,16.57,5.3,completed
SE-0008534,ST-005,2,2026-06-12 02:14:00,2026-06-12 02:40:00,12.56,4.02,completed
SE-0005844,ST-019,1,2026-05-29 15:22:00,2026-05-29 16:11:00,39.74,12.72,completed
SE-0008825,ST-019,3,2026-06-13 13:47:00,2026-06-13 14:45:00,31.76,10.16,aborted
SE-0006443,ST-017,1,2026-06-01 23:13:00,2026-06-01 23:52:00,21000,6.72,completed
SE-0002415,ST-033,2,2026-05-12 01:51:00,2026-05-12 02:59:00,50.51,16.16,aborted
SE-0009531,ST-041,5,2026-06-16 23:48:00,2026-06-17 00:23:00,21.1,6.75,completed
SE-0005923,ST-041,6,2026-05-29 20:13:00,2026-05-29 21:07:00,10.48,3.35,completed
SE-0008715,ST-003,1,2026-06-13 06:38:00,2026-06-13 07:15:00,17.85,5.71,completed
SE-0011491,ST-005,2,2026-06-27 21:16:00,2026-06-27 22:18:00,40.41,,completed
SE-0004578,ST-017,2,2026-05-23 13:14:00,2026-05-23 13:59:00,24820,7.94,completed
SE-0002250,ST-041,6,2026-05-11 18:37:00,2026-05-11 19:18:00,17.76,5.68,completed
SE-0011596,ST-022,3,2026-06-27 09:45:00,2026-06-27 10:28:00,18.28,5.85,completed
SE-0006422,ST-015,2,2026-06-01 02:21:00,2026-06-01 03:16:00,27.77,8.89,completed
SE-0007854,ST-022,6,2026-06-08 15:31:00,2026-06-08 16:33:00,22.02,7.05,completed
SE-0003905,ST-006,2,2026-05-20 14:52:00,2026-05-20 15:17:00,11.05,3.54,completed
SE-0009240,ST-017,2,2026-06-15 04:26:00,2026-06-15 05:09:00,31070,9.94,completed
SE-0010986,ST-022,4,2026-06-24 15:37:00,2026-06-24 16:07:00,6.13,1.96,completed
SE-0000180,ST-041,4,2026-05-01 16:56:00,2026-05-01 17:41:00,23.36,7.48,completed
SE-0006110,ST-033,2,2026-05-30 05:17:00,2026-05-30 05:53:00,21.05,6.74,completed
SE-0010039,ST-022,3,2026-06-19 23:54:00,2026-06-20 00:18:00,7.83,2.51,completed
SE-0005334,ST-008,2,2026-05-27 20:25:00,2026-05-27 21:13:00,17.23,5.51,completed
SE-0001699,ST-014,6,2026-05-09 19:36:00,2026-05-09 20:43:00,39.45,12.62,completed
SE-0001210,ST-034,2,2026-05-06 21:36:00,2026-05-06 22:19:00,21.49,6.88,completed
SE-0006188,ST-006,4,2026-05-31 01:12:00,2026-05-31 01:40:00,15.05,4.82,completed
SE-0001659,ST-004,2,2026-05-09 12:33:00,2026-05-09 13:03:00,12.51,4.0,completed
SE-0005687,ST-033,2,2026-05-28 14:38:00,2026-05-28 15:55:00,26.84,8.59,completed
SE-0007269,ST-028,1,2026-06-05 21:28:00,2026-06-05 22:08:00,32.63,10.44,completed
SE-0000155,ST-033,1,2026-05-01 19:28:00,2026-05-01 20:50:00,37.58,12.03,completed
SE-0005404,ST-022,4,2026-05-27 04:10:00,2026-05-27 04:50:00,25.36,8.12,completed
SE-0005716,ST-041,4,2026-05-28 20:34:00,2026-05-28 21:38:00,32.96,10.55,completed
SE-0004102,ST-005,2,2026-05-21 17:17:00,2026-05-21 17:23:00,5.13,1.64,completed
SE-0009093,ST-029,2,2026-06-14 22:39:00,2026-06-14 23:15:00,12.38,3.96,completed
SE-0011035,ST-033,1,2026-06-24 04:49:00,2026-06-24 06:01:00,52.33,16.75,completed
SE-0011981,ST-022,1,2026-06-29 06:47:00,2026-06-29 07:45:00,32.07,10.26,completed
SE-0001806,ST-033,2,2026-05-09 17:34:00,2026-05-09 18:21:00,15.53,,completed
SE-0000212,ST-003,2,2026-05-02 22:55:00,2026-05-02 23:19:00,6.68,2.14,completed
SE-0009693,ST-030,6,2026-06-17 03:41:00,2026-06-17 04:10:00,23.78,7.61,completed
SE-0003824,ST-029,4,2026-05-19 14:29:00,2026-05-19 14:57:00,15.52,4.97,completed
SE-0011579,ST-017,2,2026-06-27 23:02:00,2026-06-27 23:27:00,9530,,completed
SE-0006445,ST-017,1,2026-06-01 22:53:00,2026-06-01 23:19:00,10820,3.46,completed
SE-0006228,ST-015,2,2026-05-31 10:45:00,2026-05-31 11:47:00,41.41,13.25,completed
SE-0004173,ST-017,1,2026-05-21 22:13:00,2026-05-21 23:05:00,27970,8.95,completed
SE-0011002,ST-024,1,2026-06-24 22:32:00,2026-06-24 23:35:00,35.39,11.32,completed
SE-0008760,ST-008,1,2026-06-13 15:08:00,2026-06-13 16:03:00,29.44,9.42,completed
SE-0011188,ST-022,5,2026-06-25 08:38:00,2026-06-25 09:22:00,27.04,8.65,completed
SE-0008437,ST-025,2,2026-06-11 22:40:00,2026-06-11 22:58:00,1.93,0.62,completed
SE-0010694,ST-003,1,2026-06-23 11:02:00,2026-06-23 11:57:00,28.08,8.99,completed
SE-0004230,ST-033,2,2026-05-21 21:29:00,2026-05-21 22:05:00,16.22,,completed
SE-0010730,ST-008,2,2026-06-23 04:51:00,2026-06-23 05:41:00,39.31,12.58,completed
SE-0011696,ST-003,2,2026-06-28 17:31:00,2026-06-28 18:01:00,26.26,8.4,completed
SE-0003647,ST-041,4,2026-05-18 17:49:00,2026-05-18 18:32:00,25.43,8.14,completed
SE-0008026,ST-017,1,2026-06-09 05:33:00,2026-06-09 05:54:00,5450,1.74,completed
SE-0007688,ST-033,1,2026-06-07 14:16:00,2026-06-07 15:15:00,29.44,9.42,completed
SE-0001681,ST-008,2,2026-05-09 02:54:00,2026-05-09 03:58:00,22.95,7.34,completed
SE-0003887,ST-003,1,2026-05-20 10:34:00,2026-05-20 11:06:00,10.05,3.22,completed
SE-0006301,ST-034,3,2026-05-31 18:47:00,2026-05-31 18:57:00,6.5,2.08,completed
SE-0001631,ST-037,3,2026-05-08 01:51:00,2026-05-08 02:49:00,39.53,,completed
SE-0001770,ST-025,1,2026-05-09 03:44:00,2026-05-09 04:37:00,42.21,13.51,completed
SE-0010295,ST-003,1,2026-06-21 03:33:00,2026-06-21 03:59:00,19.59,6.27,completed
SE-0001960,ST-022,1,2026-05-10 09:33:00,2026-05-10 10:28:00,47.33,,completed
SE-0007398,ST-016,1,2026-06-06 20:02:00,2026-06-06 20:38:00,20.52,6.57,completed
SE-0002981,ST-021,2,2026-05-15 12:42:00,2026-05-15 13:21:00,24.0,7.68,completed
SE-0001466,ST-002,1,2026-05-08 00:45:00,2026-05-08 01:43:00,34.5,11.04,completed
SE-0007836,ST-020,1,2026-06-08 17:10:00,2026-06-08 17:21:00,8.56,2.74,completed
SE-0003798,ST-023,2,2026-05-19 21:35:00,2026-05-19 22:11:00,12.07,3.86,completed
SE-0009694,ST-030,1,2026-06-17 01:40:00,2026-06-17 02:25:00,6.57,2.1,completed
SE-0001175,ST-025,2,2026-05-06 15:29:00,2026-05-06 15:45:00,12.48,3.99,aborted
SE-0007316,ST-041,3,2026-06-05 11:18:00,2026-06-05 12:18:00,47.35,15.15,completed
SE-0007180,ST-013,2,2026-06-05 20:02:00,2026-06-05 20:37:00,24.29,7.77,completed
SE-0003998,ST-024,1,2026-05-20 17:37:00,2026-05-20 18:40:00,12.65,4.05,completed
SE-0004579,ST-017,1,2026-05-23 07:43:00,2026-05-23 08:44:00,50470,16.15,completed
SE-0000543,ST-029,1,2026-05-03 18:51:00,2026-05-03 19:31:00,18.01,5.76,completed
SE-0007225,ST-021,6,2026-06-05 04:24:00,2026-06-05 04:55:00,25.24,,completed
SE-0005523,ST-005,2,2026-05-28 19:33:00,2026-05-28 20:17:00,18.41,5.89,completed
SE-0008535,ST-005,2,2026-06-12 08:48:00,2026-06-12 09:44:00,11.16,3.57,completed
SE-0002767,ST-015,2,2026-05-14 01:09:00,2026-05-14 01:37:00,19.57,6.26,completed
SE-0010322,ST-005,2,2026-06-21 09:05:00,2026-06-21 10:05:00,39.51,12.64,completed
SE-0008868,ST-029,2,2026-06-13 19:41:00,2026-06-13 20:33:00,38.75,12.4,completed
SE-0010663,ST-041,4,2026-06-22 19:46:00,2026-06-22 20:53:00,41.12,13.16,completed
SE-0000136,ST-029,1,2026-05-01 12:56:00,2026-05-01 13:06:00,4.62,1.48,completed
SE-0003606,ST-025,1,2026-05-18 02:57:00,2026-05-18 03:20:00,21.39,6.84,completed
SE-0005994,ST-012,1,2026-05-30 13:04:00,2026-05-30 13:42:00,12.94,4.14,completed
SE-0008185,ST-016,2,2026-06-10 11:34:00,2026-06-10 12:21:00,10.04,3.21,completed
SE-0007220,ST-018,5,2026-06-05 15:30:00,2026-06-05 16:13:00,38.54,12.33,completed
SE-0006935,ST-002,1,2026-06-04 23:13:00,2026-06-05 00:03:00,36.1,11.55,completed
SE-0006081,ST-025,1,2026-05-30 02:54:00,2026-05-30 03:29:00,13.39,4.28,completed
SE-0001858,ST-005,2,2026-05-10 14:52:00,2026-05-10 15:33:00,5.13,1.64,completed
SE-0007040,ST-022,4,2026-06-04 12:42:00,2026-06-04 13:43:00,17.73,5.67,completed
SE-0001993,ST-028,2,2026-05-10 07:56:00,2026-05-10 08:43:00,18.85,6.03,completed
SE-0002014,ST-033,1,2026-05-10 18:02:00,2026-05-10 18:19:00,11.93,3.82,completed
SE-0001324,ST-016,1,2026-05-07 00:12:00,2026-05-07 00:46:00,9.05,2.9,completed
SE-0002389,ST-025,1,2026-05-12 13:43:00,2026-05-12 14:20:00,12.35,3.95,completed
SE-0007668,ST-027,3,2026-06-07 14:24:00,2026-06-07 14:39:00,7.67,2.45,completed
SE-0006914,ST-040,2,2026-06-03 22:11:00,2026-06-03 22:43:00,11.6,3.71,completed
SE-0003581,ST-022,6,2026-05-18 08:41:00,2026-05-18 08:57:00,9.48,3.03,completed
SE-0001418,ST-034,1,2026-05-07 03:37:00,2026-05-07 04:04:00,16.22,5.19,completed
SE-0005702,ST-037,2,2026-05-28 11:20:00,2026-05-28 11:43:00,18.11,5.8,completed
SE-0007129,ST-003,1,2026-06-05 19:52:00,2026-06-05 19:58:00,4.7,1.5,completed
SE-0008791,ST-015,1,2026-06-13 19:19:00,2026-06-13 20:48:00,50.07,16.02,completed
SE-0000125,ST-025,1,2026-05-01 11:52:00,2026-05-01 13:06:00,47.77,15.29,completed
SE-0005760,ST-005,2,2026-05-29 01:30:00,2026-05-29 02:18:00,27.46,8.79,completed
SE-0008339,ST-006,3,2026-06-11 15:57:00,2026-06-11 16:44:00,40.16,12.85,completed
SE-0010335,ST-006,3,2026-06-21 16:24:00,2026-06-21 16:52:00,13.64,4.36,completed
SE-0010920,ST-008,2,2026-06-24 09:47:00,2026-06-24 09:59:00,5.7,1.82,completed
SE-0010710,ST-005,1,2026-06-23 05:11:00,2026-06-23 06:15:00,45.76,14.64,completed
SE-0000504,ST-022,6,2026-05-03 00:03:00,2026-05-03 00:36:00,16.03,5.13,completed
SE-0006410,ST-013,2,2026-06-01 04:18:00,2026-06-01 05:05:00,30.78,9.85,completed
SE-0001368,ST-023,2,2026-05-07 13:05:00,2026-05-07 14:14:00,27.08,8.67,completed
SE-0000988,ST-032,4,2026-05-05 21:40:00,2026-05-05 22:26:00,25.94,8.3,completed
SE-0004104,ST-005,2,2026-05-21 04:32:00,2026-05-21 05:44:00,19.87,6.36,completed
SE-0006880,ST-028,2,2026-06-03 15:20:00,2026-06-03 16:07:00,32.78,10.49,completed
SE-0006389,ST-009,1,2026-06-01 15:10:00,2026-06-01 16:09:00,32.72,10.47,completed
SE-0002252,ST-041,1,2026-05-11 15:55:00,2026-05-11 16:53:00,32.56,10.42,completed
SE-0003662,ST-042,5,2026-05-18 01:56:00,2026-05-18 02:02:00,1.8,0.58,completed
SE-0010391,ST-018,5,2026-06-21 21:43:00,2026-06-21 22:32:00,23.82,7.62,completed
SE-0008334,ST-006,2,2026-06-11 15:11:00,2026-06-11 15:41:00,6.47,2.07,completed
SE-0002039,ST-041,3,2026-05-10 21:58:00,2026-05-10 22:38:00,15.74,5.04,completed
SE-0000608,ST-003,1,2026-05-04 09:38:00,2026-05-04 10:24:00,20.85,6.67,completed
SE-0005004,ST-022,4,2026-05-25 18:01:00,2026-05-25 18:44:00,18.28,5.85,completed
SE-0004022,ST-033,1,2026-05-20 19:26:00,2026-05-20 20:36:00,24.87,7.96,completed
SE-0001931,ST-017,1,2026-05-10 21:04:00,2026-05-10 21:35:00,19900,6.37,completed
SE-0010246,ST-034,3,2026-06-20 22:43:00,2026-06-20 23:14:00,15.04,4.81,completed
SE-0008382,ST-016,2,2026-06-11 23:14:00,2026-06-12 00:15:00,44.43,14.22,completed
SE-0005479,ST-035,2,2026-05-27 20:27:00,2026-05-27 21:19:00,21.28,6.81,completed
SE-0001158,ST-022,5,2026-05-06 13:24:00,2026-05-06 14:29:00,15.32,4.9,completed
SE-0012020,ST-030,4,2026-06-29 08:39:00,2026-06-29 09:42:00,27.83,,completed
SE-0009423,ST-014,3,2026-06-16 03:50:00,2026-06-16 04:56:00,51.74,16.56,completed
SE-0007503,ST-039,1,2026-06-06 20:57:00,2026-06-06 22:03:00,34.94,,completed
SE-0012003,ST-025,2,2026-06-29 22:16:00,2026-06-29 23:16:00,19.09,,completed
SE-0009974,ST-005,1,2026-06-19 06:37:00,2026-06-19 06:53:00,6.0,1.92,completed
SE-0006222,ST-015,1,2026-05-31 19:07:00,2026-05-31 19:31:00,7.69,2.46,completed
SE-0011370,ST-018,3,2026-06-26 10:57:00,2026-06-26 11:49:00,27.8,8.9,completed
SE-0004433,ST-034,1,2026-05-22 03:23:00,2026-05-22 04:03:00,19.44,6.22,completed
SE-0006607,ST-015,2,2026-06-02 12:33:00,2026-06-02 13:08:00,11.35,3.63,completed
SE-0003291,ST-041,6,2026-05-16 11:04:00,2026-05-16 11:55:00,39.04,12.49,completed
SE-0007564,ST-006,4,2026-06-07 23:59:00,2026-06-08 00:45:00,25.54,8.17,completed
SE-0001839,ST-001,1,2026-05-10 14:56:00,2026-05-10 15:30:00,21.2,6.78,completed
SE-0009995,ST-010,1,2026-06-19 18:15:00,2026-06-19 18:40:00,14.7,4.7,completed
SE-0008018,ST-017,1,2026-06-09 22:49:00,2026-06-09 23:39:00,26160,8.37,completed
SE-0010484,ST-001,4,2026-06-22 15:01:00,2026-06-22 15:46:00,28.74,9.2,completed
SE-0007235,ST-022,5,2026-06-05 03:17:00,2026-06-05 04:06:00,27.37,8.76,completed
SE-0004905,ST-003,1,2026-05-25 19:08:00,2026-05-25 19:51:00,34.07,10.9,completed
SE-0003452,ST-040,1,2026-05-17 00:34:00,2026-05-17 01:16:00,28.4,9.09,completed
SE-0011065,ST-041,5,2026-06-24 00:14:00,2026-06-24 00:42:00,16.52,,completed
SE-0009954,ST-003,2,2026-06-19 15:37:00,2026-06-19 16:49:00,35.93,11.5,completed
SE-0010515,ST-006,2,2026-06-22 21:13:00,2026-06-22 21:19:00,3.04,0.97,completed
SE-0001895,ST-010,2,2026-05-10 21:45:00,2026-05-10 22:28:00,30.89,9.88,aborted
SE-0011037,ST-033,1,2026-06-24 13:46:00,2026-06-24 14:20:00,15.31,4.9,completed
SE-0007630,ST-022,1,2026-06-07 06:57:00,2026-06-07 07:11:00,7.42,2.37,completed
SE-0006982,ST-012,2,2026-06-04 12:08:00,2026-06-04 12:45:00,26.84,8.59,completed
SE-0009845,ST-022,2,2026-06-18 01:49:00,2026-06-18 02:47:00,40.39,12.92,completed
SE-0011974,ST-019,5,2026-06-29 20:30:00,2026-06-29 21:32:00,38.59,12.35,completed
SE-0003131,ST-009,2,2026-05-16 11:18:00,2026-05-16 11:50:00,16.66,5.33,completed
SE-0004935,ST-007,5,2026-05-25 01:56:00,2026-05-25 02:15:00,12.41,3.97,completed
SE-0009275,ST-028,2,2026-06-15 23:30:00,2026-06-16 00:05:00,22.43,7.18,completed
SE-0007388,ST-015,2,2026-06-06 13:11:00,2026-06-06 13:57:00,22.58,,completed
SE-0003974,ST-022,2,2026-05-20 20:39:00,2026-05-20 21:08:00,20.21,6.47,completed
SE-0004577,ST-017,2,2026-05-23 03:38:00,2026-05-23 04:31:00,18720,5.99,completed
SE-0011080,ST-001,1,2026-06-25 01:02:00,2026-06-25 01:58:00,25.37,8.12,completed
SE-0009754,ST-003,2,2026-06-18 08:06:00,2026-06-18 08:49:00,23.87,7.64,completed
SE-0007875,ST-025,2,2026-06-08 11:36:00,2026-06-08 12:07:00,23.7,,completed
SE-0006597,ST-014,3,2026-06-02 01:44:00,2026-06-02 02:29:00,29.96,9.59,completed
SE-0003081,ST-002,2,2026-05-16 17:00:00,2026-05-16 17:49:00,14.6,4.67,completed
SE-0010718,ST-006,6,2026-06-23 11:50:00,2026-06-23 12:33:00,23.09,7.39,completed
SE-0009891,ST-029,4,2026-06-18 20:40:00,2026-06-18 21:57:00,50.12,,aborted
SE-0007683,ST-033,2,2026-06-07 06:54:00,2026-06-07 07:44:00,29.27,9.37,completed
SE-0005540,ST-006,4,2026-05-28 01:00:00,2026-05-28 02:20:00,54.81,17.54,completed
SE-0005003,ST-022,1,2026-05-25 11:33:00,2026-05-25 12:15:00,32.99,10.56,completed
SE-0000413,ST-005,1,2026-05-03 08:32:00,2026-05-03 09:33:00,44.62,14.28,completed
SE-0008965,ST-008,2,2026-06-14 20:35:00,2026-06-14 21:54:00,43.78,14.01,completed
SE-0001345,ST-019,1,2026-05-07 10:28:00,2026-05-07 11:06:00,17.95,5.74,completed
SE-0000778,ST-027,4,2026-05-04 12:06:00,2026-05-04 12:53:00,23.61,7.56,completed
SE-0001612,ST-030,3,2026-05-08 07:17:00,2026-05-08 08:07:00,7.15,,completed
SE-0003438,ST-033,1,2026-05-17 07:11:00,2026-05-17 07:57:00,12.94,4.14,completed
SE-0011345,ST-014,1,2026-06-26 16:19:00,2026-06-26 17:14:00,14.12,4.52,completed
SE-0007120,ST-001,3,2026-06-05 05:49:00,2026-06-05 06:19:00,10.81,3.46,completed
SE-0008721,ST-005,1,2026-06-13 15:16:00,2026-06-13 15:55:00,14.89,4.76,completed
SE-0009189,ST-010,2,2026-06-15 19:08:00,2026-06-15 19:51:00,24.24,7.76,completed
SE-0012027,ST-033,2,2026-06-29 16:18:00,2026-06-29 17:11:00,27.17,8.69,completed
SE-0011450,ST-041,4,2026-06-26 12:53:00,2026-06-26 13:47:00,22.3,7.14,completed
SE-0011030,ST-033,1,2026-06-24 03:31:00,2026-06-24 04:12:00,14.28,4.57,completed
SE-0000643,ST-006,1,2026-05-04 19:56:00,2026-05-04 21:08:00,51.09,16.35,completed
SE-0009001,ST-015,1,2026-06-14 16:36:00,2026-06-14 17:38:00,37.3,11.94,completed
SE-0005636,ST-022,2,2026-05-28 20:42:00,2026-05-28 21:23:00,11.12,3.56,completed
SE-0001091,ST-010,1,2026-05-06 10:30:00,2026-05-06 11:08:00,21.69,6.94,completed
SE-0001693,ST-011,1,2026-05-09 09:45:00,2026-05-09 10:15:00,16.68,5.34,completed
SE-0009796,ST-012,1,2026-06-18 16:11:00,2026-06-18 16:50:00,34.97,11.19,completed
SE-0009384,ST-006,6,2026-06-16 17:42:00,2026-06-16 18:38:00,29.17,9.33,completed
SE-0002342,ST-014,6,2026-05-12 05:51:00,2026-05-12 06:16:00,13.89,4.44,completed
SE-0004090,ST-005,2,2026-05-21 23:28:00,2026-05-21 23:37:00,5.13,,completed
SE-0003327,ST-005,2,2026-05-17 06:11:00,2026-05-17 06:17:00,3.03,0.97,completed
SE-0009603,ST-012,1,2026-06-17 00:47:00,2026-06-17 01:20:00,9.67,3.09,completed
SE-0000580,ST-041,2,2026-05-03 03:36:00,2026-05-03 04:21:00,24.85,7.95,completed
SE-0010982,ST-022,2,2026-06-24 06:54:00,2026-06-24 07:24:00,14.64,4.68,completed
SE-0009884,ST-025,2,2026-06-18 20:00:00,2026-06-18 20:41:00,22.22,7.11,completed
SE-0001742,ST-022,1,2026-05-09 22:22:00,2026-05-09 22:54:00,12.81,,completed
SE-0001340,ST-017,1,2026-05-07 17:35:00,2026-05-07 18:18:00,27420,8.77,completed
SE-0006769,ST-007,6,2026-06-03 04:06:00,2026-06-03 04:53:00,30.02,9.61,completed
SE-0000289,ST-022,4,2026-05-02 22:41:00,2026-05-02 23:32:00,25.67,8.21,completed
SE-0011598,ST-023,2,2026-06-27 08:06:00,2026-06-27 09:22:00,47.59,15.23,completed
SE-0004330,ST-014,5,2026-05-22 01:24:00,2026-05-22 02:00:00,18.1,5.79,completed
SE-0005686,ST-033,1,2026-05-28 06:43:00,2026-05-28 07:18:00,18.17,5.81,completed
SE-0002387,ST-025,2,2026-05-12 03:19:00,2026-05-12 03:25:00,2.94,0.94,completed
SE-0006756,ST-005,2,2026-06-03 16:40:00,2026-06-03 17:02:00,16.62,5.32,completed
SE-0008002,ST-015,2,2026-06-09 07:26:00,2026-06-09 07:57:00,20.82,6.66,completed
SE-0008812,ST-017,1,2026-06-13 23:00:00,2026-06-13 23:57:00,11760,3.76,completed
SE-0010539,ST-014,3,2026-06-22 11:06:00,2026-06-22 11:54:00,12.61,4.04,completed
SE-0005943,ST-003,2,2026-05-30 16:01:00,2026-05-30 16:39:00,18.0,5.76,aborted
SE-0009911,ST-033,2,2026-06-18 07:56:00,2026-06-18 08:26:00,6.53,2.09,completed
SE-0004894,ST-001,1,2026-05-25 12:19:00,2026-05-25 13:16:00,25.47,8.15,completed
SE-0003879,ST-002,2,2026-05-20 09:29:00,2026-05-20 10:34:00,18.17,5.81,completed
SE-0010113,ST-001,4,2026-06-20 21:27:00,2026-06-20 22:19:00,18.26,5.84,completed
SE-0006901,ST-034,1,2026-06-03 02:00:00,2026-06-03 02:39:00,20.49,6.56,completed
SE-0002012,ST-033,1,2026-05-10 08:13:00,2026-05-10 08:55:00,10.94,3.5,completed
SE-0001603,ST-028,2,2026-05-08 17:16:00,2026-05-08 17:53:00,14.26,4.56,completed
SE-0011028,ST-032,2,2026-06-24 14:00:00,2026-06-24 14:44:00,1.5,0.48,completed
SE-0003692,ST-005,2,2026-05-19 02:51:00,2026-05-19 03:16:00,18.34,5.87,completed
SE-0008260,ST-033,2,2026-06-10 13:13:00,2026-06-10 13:31:00,10.1,3.23,completed
SE-0005072,ST-041,4,2026-05-25 22:49:00,2026-05-25 23:44:00,51.97,16.63,completed
SE-0003835,ST-033,2,2026-05-19 12:54:00,2026-05-19 14:08:00,49.47,15.83,completed
SE-0011291,ST-003,1,2026-06-26 12:33:00,2026-06-26 12:58:00,18.18,5.82,aborted
SE-0004084,ST-003,2,2026-05-21 17:17:00,2026-05-21 17:45:00,14.39,4.6,completed
SE-0006813,ST-015,1,2026-06-03 12:56:00,2026-06-03 13:15:00,5.39,,completed
SE-0011989,ST-023,1,2026-06-29 12:34:00,2026-06-29 13:28:00,10.32,3.3,completed
SE-0005964,ST-006,2,2026-05-30 17:12:00,2026-05-30 17:18:00,4.68,1.5,completed
SE-0010472,ST-041,2,2026-06-21 06:16:00,2026-06-21 06:42:00,12.17,3.89,completed
SE-0003269,ST-037,1,2026-05-16 18:37:00,2026-05-16 19:07:00,23.75,7.6,completed
SE-0006095,ST-029,3,2026-05-30 01:22:00,2026-05-30 02:23:00,38.07,12.18,completed
SE-0002958,ST-014,2,2026-05-15 05:13:00,2026-05-15 05:47:00,17.83,5.71,aborted
SE-0000072,ST-016,1,2026-05-01 02:20:00,2026-05-01 03:16:00,28.62,9.16,completed
SE-0012004,ST-025,2,2026-06-29 07:51:00,2026-06-29 08:55:00,44.79,14.33,completed
SE-0009724,ST-041,1,2026-06-17 15:38:00,2026-06-17 15:57:00,9.21,2.95,completed
SE-0005400,ST-021,2,2026-05-27 08:53:00,2026-05-27 10:25:00,20.93,6.7,completed
SE-0001352,ST-022,4,2026-05-07 22:31:00,2026-05-07 23:07:00,26.55,8.5,completed
SE-0003233,ST-027,4,2026-05-16 03:25:00,2026-05-16 04:32:00,33.82,10.82,completed
SE-0007697,ST-034,4,2026-06-07 20:28:00,2026-06-07 21:16:00,25.35,8.11,completed
SE-0008353,ST-011,1,2026-06-11 02:58:00,2026-06-11 03:14:00,11.52,3.69,completed
SE-0006728,ST-001,4,2026-06-03 12:54:00,2026-06-03 13:15:00,11.96,3.83,completed
SE-0001223,ST-040,2,2026-05-06 01:54:00,2026-05-06 02:57:00,24.26,7.76,completed
SE-0008475,ST-034,3,2026-06-11 02:43:00,2026-06-11 03:51:00,41.9,13.41,completed
SE-0007833,ST-018,5,2026-06-08 17:04:00,2026-06-08 18:20:00,24.43,,completed
SE-0001176,ST-025,1,2026-05-06 21:50:00,2026-05-06 22:50:00,26.91,8.61,completed
SE-0008567,ST-014,6,2026-06-12 10:21:00,2026-06-12 10:47:00,11.38,3.64,completed
SE-0011550,ST-014,5,2026-06-27 17:43:00,2026-06-27 18:30:00,37.63,12.04,completed
SE-0011845,ST-038,3,2026-06-28 07:39:00,2026-06-28 08:44:00,48.51,15.52,completed
SE-0010631,ST-033,2,2026-06-22 11:47:00,2026-06-22 12:23:00,29.46,9.43,completed
SE-0001845,ST-002,1,2026-05-10 20:09:00,2026-05-10 20:50:00,19.01,6.08,completed
SE-0010837,ST-033,1,2026-06-23 05:01:00,2026-06-23 05:36:00,20.97,6.71,completed
SE-0001077,ST-006,5,2026-05-06 07:10:00,2026-05-06 08:17:00,57.36,18.36,completed
SE-0007353,ST-006,3,2026-06-06 20:21:00,2026-06-06 21:17:00,17.31,5.54,completed
SE-0009382,ST-006,2,2026-06-16 04:47:00,2026-06-16 05:00:00,3.82,1.22,completed
SE-0002122,ST-010,2,2026-05-11 22:00:00,2026-05-11 22:45:00,39.34,,completed
SE-0004203,ST-025,2,2026-05-21 11:25:00,2026-05-21 12:18:00,32.51,10.4,completed
SE-0005345,ST-012,2,2026-05-27 01:54:00,2026-05-27 02:47:00,32.69,10.46,completed
SE-0000340,ST-030,4,2026-05-02 13:50:00,2026-05-02 14:34:00,26.85,8.59,completed
SE-0009239,ST-017,1,2026-06-15 11:11:00,2026-06-15 12:05:00,27940,8.94,aborted
SE-0002575,ST-022,6,2026-05-13 01:40:00,2026-05-13 02:23:00,20.32,6.5,completed
SE-0007302,ST-039,1,2026-06-05 20:49:00,2026-06-05 21:00:00,5.61,1.8,completed
SE-0007512,ST-041,2,2026-06-06 10:00:00,2026-06-06 10:12:00,4.52,1.45,completed
SE-0000126,ST-025,1,2026-05-01 17:32:00,2026-05-01 18:17:00,16.34,5.23,completed
SE-0011707,ST-005,2,2026-06-28 09:36:00,2026-06-28 10:03:00,17.94,5.74,completed
SE-0003859,ST-041,1,2026-05-19 01:29:00,2026-05-19 02:24:00,21.45,6.86,completed
SE-0010564,ST-016,2,2026-06-22 17:04:00,2026-06-22 17:51:00,20.17,6.45,completed
SE-0008981,ST-012,2,2026-06-14 03:13:00,2026-06-14 03:38:00,16.2,5.18,completed
SE-0002416,ST-033,1,2026-05-12 02:09:00,2026-05-12 02:22:00,6.12,1.96,completed
SE-0008847,ST-023,2,2026-06-13 04:55:00,2026-06-13 06:00:00,48.83,15.63,completed
SE-0000228,ST-006,1,2026-05-02 07:41:00,2026-05-02 08:55:00,19.06,6.1,completed
SE-0004812,ST-023,1,2026-05-24 13:33:00,2026-05-24 14:18:00,20.2,6.46,completed
SE-0007253,ST-023,2,2026-06-05 16:58:00,2026-06-05 17:15:00,9.34,2.99,completed
SE-0002381,ST-023,1,2026-05-12 07:01:00,2026-05-12 07:51:00,30.62,9.8,completed
SE-0004145,ST-013,1,2026-05-21 11:58:00,2026-05-21 12:12:00,9.09,2.91,completed
SE-0003850,ST-035,1,2026-05-19 15:43:00,2026-05-19 16:24:00,19.29,6.17,completed
SE-0006700,ST-035,2,2026-06-02 09:44:00,2026-06-02 10:34:00,28.44,9.1,completed
SE-0010959,ST-016,1,2026-06-24 12:40:00,2026-06-24 13:21:00,13.7,4.38,completed
SE-0006918,ST-041,2,2026-06-03 03:14:00,2026-06-03 04:10:00,22.96,7.35,completed
SE-0006335,ST-001,4,2026-06-01 12:37:00,2026-06-01 12:55:00,11.89,3.8,completed
SE-0012022,ST-031,3,2026-06-29 14:19:00,2026-06-29 15:17:00,31.34,10.03,completed
SE-0002343,ST-014,3,2026-05-12 02:10:00,2026-05-12 02:27:00,7.41,2.37,completed
SE-0010627,ST-033,2,2026-06-22 22:59:00,2026-06-22 23:50:00,16.5,5.28,completed
SE-0003953,ST-017,1,2026-05-20 06:28:00,2026-05-20 06:42:00,8650,2.77,completed
SE-0007738,ST-001,4,2026-06-08 10:05:00,2026-06-08 10:52:00,36.94,,completed
SE-0008360,ST-013,1,2026-06-11 01:06:00,2026-06-11 02:07:00,43.34,13.87,completed
SE-0006666,ST-025,1,2026-06-02 17:08:00,2026-06-02 17:15:00,3.57,1.14,completed
SE-0009732,ST-041,2,2026-06-17 23:27:00,2026-06-18 00:15:00,34.9,11.17,completed
SE-0007324,ST-001,3,2026-06-06 11:23:00,2026-06-06 12:06:00,24.09,7.71,completed
SE-0007131,ST-003,1,2026-06-05 22:58:00,2026-06-05 23:37:00,16.22,5.19,completed
SE-0006933,ST-001,2,2026-06-04 09:32:00,2026-06-04 10:23:00,34.55,11.06,completed
SE-0012009,ST-025,2,2026-06-29 23:24:00,2026-06-30 00:03:00,25.73,8.23,completed
SE-0008099,ST-001,4,2026-06-10 20:38:00,2026-06-10 21:23:00,31.4,,completed
SE-0003735,ST-013,2,2026-05-19 19:36:00,2026-05-19 20:18:00,26.74,8.56,completed
SE-0008152,ST-010,2,2026-06-10 01:50:00,2026-06-10 02:44:00,45.88,14.68,completed
SE-0004023,ST-033,1,2026-05-20 01:29:00,2026-05-20 02:09:00,35.12,11.24,completed
SE-0009728,ST-041,5,2026-06-17 01:30:00,2026-06-17 01:58:00,24.02,7.69,completed
SE-0001111,ST-014,4,2026-05-06 16:48:00,2026-05-06 17:25:00,17.39,5.56,completed
SE-0009615,ST-014,2,2026-06-17 08:55:00,2026-06-17 09:22:00,18.88,6.04,completed
SE-0001208,ST-034,3,2026-05-06 13:34:00,2026-05-06 14:18:00,22.57,7.22,completed
SE-0000927,ST-017,2,2026-05-05 01:02:00,2026-05-05 01:33:00,6490,2.08,completed
SE-0005633,ST-022,5,2026-05-28 12:54:00,2026-05-28 13:31:00,21.55,6.9,completed
SE-0001423,ST-035,1,2026-05-07 00:37:00,2026-05-07 01:11:00,25.66,8.21,completed
SE-0010253,ST-037,3,2026-06-20 23:44:00,2026-06-21 00:10:00,13.11,4.2,completed
SE-0008351,ST-010,1,2026-06-11 02:00:00,2026-06-11 02:11:00,5.68,1.82,completed
SE-0011069,ST-041,1,2026-06-24 10:32:00,2026-06-24 11:30:00,28.52,9.13,completed
SE-0003408,ST-024,2,2026-05-17 09:16:00,2026-05-17 10:11:00,36.26,11.6,completed
SE-0009682,ST-026,1,2026-06-17 18:19:00,2026-06-17 18:58:00,16.0,5.12,completed
SE-0008440,ST-025,2,2026-06-11 12:38:00,2026-06-11 12:53:00,8.87,2.84,completed
SE-0003607,ST-025,2,2026-05-18 06:16:00,2026-05-18 07:19:00,29.21,9.35,completed
SE-0007600,ST-015,1,2026-06-07 15:26:00,2026-06-07 16:07:00,23.56,7.54,completed
SE-0004534,ST-010,2,2026-05-23 23:23:00,2026-05-23 23:57:00,14.44,,completed
SE-0006105,ST-032,2,2026-05-30 17:16:00,2026-05-30 17:49:00,8.32,,completed
SE-0003211,ST-023,2,2026-05-16 23:16:00,2026-05-16 23:22:00,4.44,1.42,aborted
SE-0002101,ST-006,2,2026-05-11 20:40:00,2026-05-11 21:15:00,17.69,,completed
SE-0010698,ST-005,1,2026-06-23 08:24:00,2026-06-23 08:41:00,10.4,3.33,completed
SE-0010607,ST-024,1,2026-06-22 10:19:00,2026-06-22 11:07:00,26.77,8.57,completed
SE-0000280,ST-017,1,2026-05-02 06:08:00,2026-05-02 07:21:00,44020,14.09,completed
SE-0010629,ST-033,2,2026-06-22 01:14:00,2026-06-22 01:36:00,14.26,4.56,completed
SE-0003726,ST-009,2,2026-05-19 12:43:00,2026-05-19 12:50:00,3.17,1.01,completed
SE-0007620,ST-020,2,2026-06-07 21:35:00,2026-06-07 22:23:00,50.07,16.02,completed
SE-0008499,ST-041,2,2026-06-11 19:36:00,2026-06-11 20:05:00,5.94,1.9,completed
SE-0000309,ST-023,2,2026-05-02 00:05:00,2026-05-02 00:12:00,2.4,0.77,completed
SE-0008383,ST-016,2,2026-06-11 17:05:00,2026-06-11 17:52:00,19.81,6.34,completed
SE-0007340,ST-005,1,2026-06-06 05:26:00,2026-06-06 05:57:00,16.71,5.35,completed
SE-0010624,ST-032,3,2026-06-22 08:23:00,2026-06-22 08:29:00,1.89,0.6,completed
SE-0000971,ST-025,2,2026-05-05 00:00:00,2026-05-05 00:43:00,24.79,7.93,completed
SE-0000063,ST-015,2,2026-05-01 23:03:00,2026-05-01 23:31:00,18.74,6.0,completed
SE-0007514,ST-041,4,2026-06-06 01:40:00,2026-06-06 01:51:00,1.5,0.48,aborted
SE-0006551,ST-005,2,2026-06-02 02:05:00,2026-06-02 02:46:00,24.67,7.89,completed
SE-0010088,ST-034,1,2026-06-19 11:01:00,2026-06-19 11:53:00,21.88,7.0,completed
SE-0010746,ST-014,6,2026-06-23 03:50:00,2026-06-23 04:40:00,26.14,8.36,completed
SE-0001507,ST-009,1,2026-05-08 06:04:00,2026-05-08 06:15:00,5.14,1.64,completed
SE-0010834,ST-033,1,2026-06-23 08:36:00,2026-06-23 09:00:00,14.3,4.58,completed
SE-0008146,ST-009,1,2026-06-10 05:51:00,2026-06-10 06:35:00,32.82,10.5,completed
SE-0000559,ST-035,2,2026-05-03 18:36:00,2026-05-03 19:14:00,19.69,6.3,completed
SE-0011049,ST-036,2,2026-06-24 00:53:00,2026-06-24 01:57:00,28.03,8.97,completed
SE-0008914,ST-042,2,2026-06-13 05:24:00,2026-06-13 06:12:00,21.73,6.95,completed
SE-0009435,ST-016,1,2026-06-16 16:15:00,2026-06-16 16:49:00,20.68,6.62,completed
SE-0009725,ST-041,4,2026-06-17 16:35:00,2026-06-17 16:48:00,5.36,1.72,completed
SE-0007039,ST-021,4,2026-06-04 06:28:00,2026-06-04 07:07:00,27.85,8.91,completed
SE-0003753,ST-015,2,2026-05-19 09:14:00,2026-05-19 09:42:00,21.54,6.89,completed
SE-0002450,ST-041,6,2026-05-12 16:23:00,2026-05-12 17:01:00,17.32,5.54,completed
SE-0000932,ST-017,2,2026-05-05 20:17:00,2026-05-05 21:24:00,48970,15.67,completed
SE-0005382,ST-016,2,2026-05-27 23:51:00,2026-05-28 00:51:00,32.77,10.49,completed
SE-0000773,ST-025,1,2026-05-04 15:40:00,2026-05-04 16:44:00,31.92,10.21,completed
SE-0008576,ST-015,1,2026-06-12 08:08:00,2026-06-12 09:09:00,27.38,,completed
SE-0001789,ST-031,3,2026-05-09 11:08:00,2026-05-09 11:34:00,22.16,7.09,completed
SE-0009786,ST-010,2,2026-06-18 08:53:00,2026-06-18 09:48:00,60.5,19.36,completed
SE-0007370,ST-010,2,2026-06-06 13:05:00,2026-06-06 13:11:00,2.06,0.66,completed
SE-0001955,ST-022,2,2026-05-10 02:26:00,2026-05-10 02:47:00,12.83,4.11,completed
SE-0005080,ST-001,3,2026-05-26 12:38:00,2026-05-26 13:10:00,11.13,3.56,completed
SE-0001997,ST-029,4,2026-05-10 10:32:00,2026-05-10 11:26:00,37.53,,completed
SE-0000170,ST-036,1,2026-05-01 23:59:00,2026-05-02 00:43:00,37.01,11.84,completed
SE-0009764,ST-005,2,2026-06-18 02:34:00,2026-06-18 03:23:00,32.1,10.27,completed
SE-0007233,ST-022,3,2026-06-05 02:24:00,2026-06-05 03:38:00,12.07,3.86,completed
SE-0004323,ST-012,1,2026-05-22 08:46:00,2026-05-22 09:32:00,22.5,7.2,completed
SE-0010595,ST-023,1,2026-06-22 23:06:00,2026-06-22 23:38:00,20.09,6.43,completed
SE-0012043,ST-037,3,2026-06-29 16:16:00,2026-06-29 16:59:00,25.1,8.03,completed
SE-0004775,ST-017,2,2026-05-24 22:11:00,2026-05-24 22:54:00,28060,8.98,aborted
SE-0006340,ST-001,4,2026-06-01 12:02:00,2026-06-01 13:31:00,50.8,16.26,completed
SE-0010395,ST-021,6,2026-06-21 03:19:00,2026-06-21 03:29:00,8.13,2.6,aborted
SE-0004302,ST-007,5,2026-05-22 08:19:00,2026-05-22 09:05:00,19.13,6.12,aborted
SE-0006376,ST-006,1,2026-06-01 07:26:00,2026-06-01 07:55:00,18.25,5.84,completed
SE-0006006,ST-014,6,2026-05-30 17:49:00,2026-05-30 18:48:00,23.88,7.64,completed
SE-0003573,ST-019,4,2026-05-18 19:09:00,2026-05-18 20:01:00,21.14,6.76,completed
SE-0004195,ST-023,2,2026-05-21 06:39:00,2026-05-21 07:05:00,6.1,1.95,completed
SE-0011970,ST-017,2,2026-06-29 10:35:00,2026-06-29 10:46:00,8550,2.74,completed
SE-0009416,ST-014,3,2026-06-16 06:48:00,2026-06-16 08:00:00,35.6,11.39,completed
SE-0011746,ST-014,6,2026-06-28 16:33:00,2026-06-28 17:53:00,27.41,8.77,completed
SE-0011900,ST-006,1,2026-06-29 20:17:00,2026-06-29 20:51:00,17.7,5.66,completed
SE-0003481,ST-001,4,2026-05-18 17:39:00,2026-05-18 18:36:00,27.42,8.77,completed
SE-0010578,ST-017,2,2026-06-22 23:31:00,2026-06-23 00:40:00,27090,8.67,completed
SE-0005106,ST-003,2,2026-05-26 10:30:00,2026-05-26 11:26:00,29.59,9.47,completed
SE-0010144,ST-009,1,2026-06-20 11:01:00,2026-06-20 12:23:00,72.4,23.17,completed
SE-0010172,ST-016,1,2026-06-20 17:40:00,2026-06-20 18:32:00,22.37,7.16,completed
SE-0006237,ST-017,2,2026-05-31 13:17:00,2026-05-31 13:46:00,12050,3.86,completed
SE-0002437,ST-039,3,2026-05-12 14:04:00,2026-05-12 15:02:00,23.52,7.53,completed
SE-0010894,ST-005,2,2026-06-24 02:35:00,2026-06-24 03:08:00,14.43,4.62,completed
SE-0005319,ST-006,6,2026-05-27 05:31:00,2026-05-27 06:23:00,34.86,11.16,completed
SE-0011227,ST-030,6,2026-06-25 00:36:00,2026-06-25 01:35:00,26.46,8.47,completed
SE-0004115,ST-006,5,2026-05-21 02:48:00,2026-05-21 02:59:00,7.26,,completed
SE-0001102,ST-014,4,2026-05-06 20:59:00,2026-05-06 21:50:00,21.88,7.0,completed
SE-0001560,ST-019,5,2026-05-08 17:53:00,2026-05-08 18:23:00,17.37,5.56,completed
SE-0004429,ST-033,2,2026-05-22 07:46:00,2026-05-22 08:56:00,48.88,15.64,completed
SE-0006420,ST-015,1,2026-06-01 05:02:00,2026-06-01 05:53:00,30.79,9.85,completed
SE-0002849,ST-033,1,2026-05-14 23:55:00,2026-05-15 00:16:00,15.16,4.85,completed
SE-0002132,ST-014,4,2026-05-11 13:24:00,2026-05-11 14:38:00,60.65,19.41,completed
SE-0008347,ST-009,1,2026-06-11 03:13:00,2026-06-11 04:01:00,26.53,8.49,completed
SE-0006572,ST-008,2,2026-06-02 16:11:00,2026-06-02 16:23:00,9.34,,completed
SE-0005615,ST-017,2,2026-05-28 15:06:00,2026-05-28 15:39:00,18710,5.99,completed
SE-0001801,ST-033,1,2026-05-09 19:28:00,2026-05-09 20:08:00,18.53,5.93,completed
SE-0003223,ST-025,1,2026-05-16 20:08:00,2026-05-16 21:05:00,31.21,,completed
SE-0005725,ST-001,3,2026-05-29 08:01:00,2026-05-29 08:51:00,31.78,10.17,completed
SE-0007223,ST-019,4,2026-06-05 14:54:00,2026-06-05 15:36:00,25.41,8.13,completed
SE-0005799,ST-014,2,2026-05-29 13:31:00,2026-05-29 14:29:00,42.48,,completed
SE-0006802,ST-014,4,2026-06-03 09:25:00,2026-06-03 09:46:00,13.43,4.3,completed
SE-0003389,ST-019,5,2026-05-17 13:41:00,2026-05-17 14:00:00,12.64,,completed
SE-0007343,ST-005,1,2026-06-06 12:44:00,2026-06-06 13:30:00,37.87,12.12,completed
SE-0011449,ST-041,6,2026-06-26 03:49:00,2026-06-26 04:44:00,36.72,11.75,completed
SE-0000310,ST-023,2,2026-05-02 14:22:00,2026-05-02 14:49:00,23.54,7.53,completed
SE-0010405,ST-022,3,2026-06-21 10:24:00,2026-06-21 11:46:00,31.64,10.12,completed
SE-0003018,ST-031,6,2026-05-15 13:31:00,2026-05-15 14:05:00,16.94,5.42,completed
SE-0003865,ST-001,2,2026-05-20 14:18:00,2026-05-20 14:45:00,17.87,5.72,completed
SE-0000092,ST-019,3,2026-05-01 23:27:00,2026-05-01 23:38:00,3.85,1.23,completed
SE-0003641,ST-040,2,2026-05-18 15:55:00,2026-05-18 16:32:00,21.75,6.96,completed
SE-0001873,ST-006,2,2026-05-10 01:04:00,2026-05-10 01:53:00,39.23,12.55,completed
SE-0005264,ST-038,3,2026-05-26 12:50:00,2026-05-26 13:26:00,16.6,5.31,completed
SE-0006777,ST-009,1,2026-06-03 23:59:00,2026-06-04 00:24:00,21.59,6.91,completed
SE-0008078,ST-037,4,2026-06-09 06:25:00,2026-06-09 07:12:00,23.79,7.61,completed
SE-0011664,ST-041,1,2026-06-27 14:33:00,2026-06-27 15:10:00,5.04,1.61,completed
SE-0004526,ST-009,1,2026-05-23 10:28:00,2026-05-23 10:34:00,4.45,1.42,completed
SE-0006926,ST-041,6,2026-06-03 07:53:00,2026-06-03 09:30:00,44.2,14.14,completed
SE-0004476,ST-001,2,2026-05-23 22:27:00,2026-05-23 23:05:00,22.04,,completed
SE-0001994,ST-029,4,2026-05-10 18:15:00,2026-05-10 18:42:00,7.71,2.47,completed
SE-0003076,ST-001,4,2026-05-16 00:44:00,2026-05-16 01:32:00,40.18,12.86,completed
SE-0001979,ST-025,2,2026-05-10 10:21:00,2026-05-10 11:17:00,23.78,7.61,completed
SE-0000790,ST-031,1,2026-05-04 16:19:00,2026-05-04 16:31:00,10.47,3.35,completed
SE-0010995,ST-023,1,2026-06-24 12:15:00,2026-06-24 12:51:00,15.26,4.88,completed
SE-0004000,ST-025,2,2026-05-20 20:51:00,2026-05-20 21:36:00,19.63,6.28,completed
SE-0007334,ST-003,1,2026-06-06 03:04:00,2026-06-06 03:10:00,4.7,1.5,completed
SE-0007125,ST-003,2,2026-06-05 08:40:00,2026-06-05 09:24:00,28.34,9.07,completed
SE-0010442,ST-031,6,2026-06-21 09:54:00,2026-06-21 10:53:00,38.52,12.33,completed
SE-0009801,ST-013,1,2026-06-18 11:32:00,2026-06-18 12:26:00,25.39,8.12,completed
SE-0010425,ST-025,2,2026-06-21 21:44:00,2026-06-21 22:31:00,22.59,7.23,completed
SE-0002527,ST-012,2,2026-05-13 02:03:00,2026-05-13 02:54:00,21.93,7.02,completed
SE-0009536,ST-042,2,2026-06-16 01:30:00,2026-06-16 02:12:00,16.27,5.21,completed
SE-0009692,ST-029,1,2026-06-17 09:48:00,2026-06-17 10:56:00,41.56,13.3,completed
SE-0010055,ST-025,2,2026-06-19 18:48:00,2026-06-19 19:34:00,35.91,11.49,completed
SE-0002330,ST-010,2,2026-05-12 11:27:00,2026-05-12 11:37:00,7.4,2.37,completed
SE-0012026,ST-033,2,2026-06-29 20:47:00,2026-06-29 21:35:00,35.05,,completed
SE-0002215,ST-031,5,2026-05-11 23:17:00,2026-05-11 23:53:00,34.61,11.08,completed
SE-0011916,ST-011,1,2026-06-29 16:40:00,2026-06-29 17:30:00,31.78,10.17,completed
SE-0002345,ST-014,3,2026-05-12 18:01:00,2026-05-12 18:42:00,17.61,5.64,completed
SE-0009990,ST-009,2,2026-06-19 09:16:00,2026-06-19 10:03:00,27.86,8.92,completed
SE-0005433,ST-025,2,2026-05-27 20:55:00,2026-05-27 21:42:00,28.99,9.28,completed
SE-0003532,ST-012,2,2026-05-18 22:51:00,2026-05-18 23:43:00,35.38,11.32,completed
SE-0010319,ST-005,1,2026-06-21 04:05:00,2026-06-21 04:40:00,15.33,4.91,completed
SE-0011118,ST-006,5,2026-06-25 13:15:00,2026-06-25 13:48:00,23.99,7.68,completed
SE-0002722,ST-008,1,2026-05-14 16:58:00,2026-05-14 17:09:00,8.08,2.59,completed
SE-0006876,ST-026,4,2026-06-03 11:36:00,2026-06-03 12:38:00,44.0,14.08,completed
SE-0009061,ST-023,2,2026-06-14 16:37:00,2026-06-14 17:23:00,10.75,3.44,faulted
SE-0009778,ST-008,2,2026-06-18 21:23:00,2026-06-18 21:41:00,6.44,2.06,completed
SE-0000691,ST-015,2,2026-05-04 21:23:00,2026-05-04 22:09:00,19.26,6.16,completed
SE-0004175,ST-017,1,2026-05-21 05:22:00,2026-05-21 05:49:00,12770,4.09,completed
SE-0010296,ST-003,2,2026-06-21 11:17:00,2026-06-21 11:45:00,12.17,3.89,completed
SE-0011625,ST-032,3,2026-06-27 11:31:00,2026-06-27 12:10:00,16.73,5.35,completed
SE-0002353,ST-015,2,2026-05-12 13:11:00,2026-05-12 13:39:00,22.74,7.28,completed
SE-0011100,ST-003,2,2026-06-25 16:47:00,2026-06-25 17:25:00,33.66,,completed
SE-0009939,ST-042,5,2026-06-18 05:31:00,2026-06-18 05:42:00,5.12,1.64,completed
SE-0010582,ST-019,6,2026-06-22 17:51:00,2026-06-22 18:37:00,35.46,11.35,completed
SE-0010381,ST-016,2,2026-06-21 08:37:00,2026-06-21 09:20:00,17.23,5.51,completed
SE-0006664,ST-025,2,2026-06-02 19:22:00,2026-06-02 20:37:00,57.1,18.27,completed
SE-0003484,ST-003,1,2026-05-18 00:54:00,2026-05-18 02:23:00,14.79,4.73,completed
SE-0011790,ST-023,1,2026-06-28 15:58:00,2026-06-28 16:38:00,17.43,5.58,aborted
SE-0001772,ST-025,2,2026-05-09 12:07:00,2026-05-09 13:27:00,41.74,13.36,completed
SE-0001383,ST-025,1,2026-05-07 21:33:00,2026-05-07 22:35:00,12.6,4.03,completed
SE-0011102,ST-003,1,2026-06-25 17:03:00,2026-06-25 17:52:00,18.35,5.87,completed
SE-0000538,ST-027,2,2026-05-03 06:13:00,2026-05-03 06:38:00,9.92,3.17,completed
SE-0004495,ST-005,1,2026-05-23 19:04:00,2026-05-23 19:23:00,14.8,4.74,completed
SE-0000964,ST-025,1,2026-05-05 04:46:00,2026-05-05 05:47:00,41.71,13.35,completed
SE-0003597,ST-025,1,2026-05-18 00:07:00,2026-05-18 00:57:00,29.94,,completed
SE-0002912,ST-005,2,2026-05-15 19:27:00,2026-05-15 19:54:00,14.48,4.63,completed
SE-0003075,ST-001,2,2026-05-16 15:02:00,2026-05-16 15:13:00,5.38,1.72,completed
SE-0009616,ST-014,2,2026-06-17 11:20:00,2026-06-17 11:26:00,1.94,0.62,completed
SE-0008775,ST-010,2,2026-06-13 09:16:00,2026-06-13 09:56:00,14.17,4.53,completed
SE-0000536,ST-025,2,2026-05-03 12:48:00,2026-05-03 13:25:00,27.92,8.93,completed
SE-0010889,ST-003,1,2026-06-24 22:08:00,2026-06-24 23:12:00,29.71,9.51,completed
SE-0006924,ST-041,6,2026-06-03 08:28:00,2026-06-03 09:27:00,26.3,8.42,completed
SE-0000226,ST-005,1,2026-05-02 17:05:00,2026-05-02 17:47:00,16.95,5.42,completed
SE-0003765,ST-017,2,2026-05-19 17:31:00,2026-05-19 17:57:00,22730,7.27,completed
SE-0008937,ST-003,1,2026-06-14 14:38:00,2026-06-14 15:12:00,8.46,2.71,completed
SE-0003943,ST-015,2,2026-05-20 01:51:00,2026-05-20 03:11:00,30.28,9.69,completed
SE-0006185,ST-006,4,2026-05-31 06:25:00,2026-05-31 07:26:00,44.64,14.28,completed
SE-0008063,ST-031,2,2026-06-09 09:38:00,2026-06-09 10:21:00,31.48,10.07,completed
SE-0006198,ST-009,1,2026-05-31 14:12:00,2026-05-31 15:01:00,28.22,9.03,completed
SE-0006121,ST-033,2,2026-05-30 16:28:00,2026-05-30 17:17:00,27.27,8.73,completed
SE-0004298,ST-006,4,2026-05-22 16:53:00,2026-05-22 17:38:00,8.51,2.72,completed
SE-0004822,ST-025,2,2026-05-24 12:22:00,2026-05-24 13:31:00,37.5,12.0,completed
SE-0011259,ST-041,4,2026-06-25 00:57:00,2026-06-25 01:15:00,5.32,1.7,completed
SE-0011737,ST-011,1,2026-06-28 20:27:00,2026-06-28 21:25:00,7.41,2.37,faulted
SE-0003660,ST-041,3,2026-05-18 11:29:00,2026-05-18 11:45:00,12.96,4.15,completed
SE-0001417,ST-034,2,2026-05-07 19:43:00,2026-05-07 19:49:00,4.16,1.33,completed
SE-0000761,ST-025,2,2026-05-04 09:37:00,2026-05-04 10:01:00,9.28,2.97,completed
SE-0004895,ST-001,1,2026-05-25 03:46:00,2026-05-25 04:27:00,23.95,7.66,completed
SE-0006467,ST-023,2,2026-06-01 17:41:00,2026-06-01 18:19:00,4.97,1.59,faulted
SE-0009630,ST-016,1,2026-06-17 09:17:00,2026-06-17 10:25:00,46.34,14.83,completed
SE-0001913,ST-014,1,2026-05-10 10:22:00,2026-05-10 10:51:00,17.78,5.69,completed
SE-0002117,ST-008,1,2026-05-11 18:07:00,2026-05-11 18:24:00,5.29,1.69,completed
SE-0001230,ST-041,2,2026-05-06 14:36:00,2026-05-06 15:48:00,27.75,8.88,completed
SE-0009847,ST-022,6,2026-06-18 22:58:00,2026-06-19 00:11:00,39.66,12.69,completed
SE-0009169,ST-006,4,2026-06-15 21:59:00,2026-06-15 22:48:00,22.91,7.33,completed
SE-0010059,ST-025,1,2026-06-19 03:07:00,2026-06-19 03:53:00,18.91,6.05,completed
SE-0007496,ST-036,2,2026-06-06 09:28:00,2026-06-06 10:36:00,25.57,8.18,completed
SE-0009543,ST-001,1,2026-06-17 08:07:00,2026-06-17 09:04:00,37.22,11.91,completed
SE-0004124,ST-008,2,2026-05-21 19:35:00,2026-05-21 20:49:00,23.42,7.49,completed
SE-0010412,ST-023,1,2026-06-21 19:51:00,2026-06-21 20:27:00,13.96,4.47,completed
SE-0000685,ST-014,1,2026-05-04 12:45:00,2026-05-04 13:03:00,14.66,4.69,completed
SE-0010153,ST-014,1,2026-06-20 19:33:00,2026-06-20 20:36:00,29.37,9.4,completed
SE-0006692,ST-033,1,2026-06-02 09:14:00,2026-06-02 10:14:00,23.62,7.56,completed
SE-0006729,ST-001,1,2026-06-03 22:52:00,2026-06-03 23:25:00,14.39,4.6,completed
SE-0002689,ST-003,1,2026-05-14 07:54:00,2026-05-14 08:26:00,16.07,5.14,completed
SE-0007485,ST-034,4,2026-06-06 01:05:00,2026-06-06 01:34:00,16.68,5.34,completed
SE-0005139,ST-011,2,2026-05-26 10:12:00,2026-05-26 10:42:00,18.43,5.9,completed
SE-0001473,ST-004,2,2026-05-08 07:38:00,2026-05-08 08:03:00,19.11,6.12,completed
SE-0006162,ST-003,1,2026-05-31 01:00:00,2026-05-31 01:46:00,29.93,9.58,completed
SE-0002363,ST-018,6,2026-05-12 05:38:00,2026-05-12 06:35:00,32.95,10.54,completed
SE-0001399,ST-029,3,2026-05-07 09:19:00,2026-05-07 10:05:00,36.56,11.7,aborted
SE-0003878,ST-001,2,2026-05-20 07:58:00,2026-05-20 08:33:00,17.89,5.72,completed
SE-0011541,ST-012,1,2026-06-27 09:08:00,2026-06-27 09:46:00,19.97,6.39,completed
SE-0011198,ST-023,1,2026-06-25 13:13:00,2026-06-25 14:23:00,3.87,1.24,faulted
SE-0008919,ST-001,1,2026-06-14 02:31:00,2026-06-14 03:19:00,26.24,8.4,completed
SE-0007313,ST-041,2,2026-06-05 00:58:00,2026-06-05 01:40:00,22.07,7.06,completed
SE-0010105,ST-041,6,2026-06-19 09:56:00,2026-06-19 10:59:00,30.41,9.73,completed
SE-0009018,ST-017,2,2026-06-14 23:00:00,2026-06-14 23:47:00,30670,9.81,completed
SE-0003491,ST-003,1,2026-05-18 22:18:00,2026-05-18 22:51:00,24.59,7.87,completed
SE-0000014,ST-003,1,2026-05-01 19:28:00,2026-05-01 20:29:00,26.06,8.34,completed
SE-0007618,ST-019,4,2026-06-07 06:34:00,2026-06-07 07:13:00,14.46,4.63,completed
SE-0008574,ST-015,2,2026-06-12 17:46:00,2026-06-12 18:39:00,27.96,8.95,completed
SE-0001388,ST-025,2,2026-05-07 08:16:00,2026-05-07 09:08:00,21.55,6.9,aborted
SE-0004128,ST-009,2,2026-05-21 16:09:00,2026-05-21 16:53:00,13.82,4.42,completed
SE-0008515,ST-001,2,2026-06-12 09:11:00,2026-06-12 09:38:00,10.55,3.38,completed
SE-0003661,ST-042,6,2026-05-18 00:16:00,2026-05-18 00:26:00,3.41,1.09,completed
SE-0008281,ST-041,5,2026-06-10 01:14:00,2026-06-10 02:03:00,12.22,3.91,completed
SE-0006608,ST-015,1,2026-06-02 16:37:00,2026-06-02 17:03:00,25.07,8.02,completed
SE-0001339,ST-017,1,2026-05-07 22:54:00,2026-05-07 23:28:00,12680,4.06,completed
SE-0008105,ST-001,4,2026-06-10 05:41:00,2026-06-10 06:37:00,27.15,8.69,completed
SE-0008736,ST-005,1,2026-06-13 04:47:00,2026-06-13 05:43:00,16.46,5.27,completed
SE-0000128,ST-026,2,2026-05-01 04:24:00,2026-05-01 05:38:00,28.24,9.04,completed
SE-0007798,ST-015,1,2026-06-08 05:29:00,2026-06-08 06:15:00,26.91,8.61,completed
SE-0005425,ST-024,2,2026-05-27 07:40:00,2026-05-27 08:17:00,17.75,5.68,completed
SE-0000930,ST-017,2,2026-05-05 02:58:00,2026-05-05 03:27:00,13520,4.33,completed
SE-0001309,ST-015,1,2026-05-07 05:05:00,2026-05-07 05:53:00,28.02,8.97,completed
SE-0003480,ST-001,4,2026-05-18 08:18:00,2026-05-18 09:11:00,39.79,12.73,completed
SE-0009983,ST-006,3,2026-06-19 05:07:00,2026-06-19 05:13:00,2.84,,completed
SE-0000946,ST-022,1,2026-05-05 12:02:00,2026-05-05 12:38:00,11.26,3.6,completed
SE-0011114,ST-006,4,2026-06-25 06:31:00,2026-06-25 07:16:00,22.76,7.28,completed
SE-0002344,ST-014,6,2026-05-12 00:09:00,2026-05-12 01:01:00,29.79,9.53,completed
SE-0007532,ST-003,1,2026-06-07 22:52:00,2026-06-07 23:37:00,17.72,5.67,completed
SE-0001374,ST-023,2,2026-05-07 22:53:00,2026-05-07 23:30:00,30.17,9.65,completed
SE-0000223,ST-005,1,2026-05-02 00:30:00,2026-05-02 01:22:00,30.97,9.91,completed
SE-0006405,ST-012,2,2026-06-01 23:27:00,2026-06-02 00:23:00,30.98,9.91,completed
SE-0010705,ST-005,2,2026-06-23 05:26:00,2026-06-23 06:15:00,15.1,,completed
SE-0007998,ST-014,6,2026-06-09 09:19:00,2026-06-09 09:58:00,19.7,6.3,completed
SE-0004245,ST-039,2,2026-05-21 00:08:00,2026-05-21 00:32:00,11.83,3.79,completed
SE-0009286,ST-032,3,2026-06-15 10:39:00,2026-06-15 11:17:00,15.21,4.87,completed
SE-0007921,ST-041,3,2026-06-08 05:19:00,2026-06-08 06:36:00,60.96,19.51,completed
SE-0006665,ST-025,2,2026-06-02 03:31:00,2026-06-02 03:42:00,5.24,1.68,completed
SE-0007609,ST-017,1,2026-06-07 11:48:00,2026-06-07 12:56:00,47820,15.3,completed
SE-0010952,ST-015,2,2026-06-24 23:30:00,2026-06-25 00:34:00,49.02,15.69,completed
SE-0002278,ST-003,2,2026-05-12 13:26:00,2026-05-12 13:55:00,12.64,4.04,completed
SE-0007372,ST-010,2,2026-06-06 04:44:00,2026-06-06 05:42:00,43.25,13.84,completed
SE-0000390,ST-001,3,2026-05-03 09:56:00,2026-05-03 10:59:00,47.43,15.18,completed
SE-0006359,ST-003,2,2026-06-01 08:27:00,2026-06-01 09:03:00,22.82,7.3,completed
SE-0001497,ST-006,5,2026-05-08 10:08:00,2026-05-08 10:49:00,16.91,5.41,completed
SE-0003812,ST-025,2,2026-05-19 20:28:00,2026-05-19 21:10:00,19.84,6.35,completed
SE-0002057,ST-042,5,2026-05-10 03:46:00,2026-05-10 04:33:00,36.0,11.52,completed
SE-0001411,ST-033,2,2026-05-07 17:16:00,2026-05-07 18:04:00,30.79,9.85,completed
SE-0000175,ST-038,1,2026-05-01 00:07:00,2026-05-01 00:31:00,9.96,3.19,completed
SE-0001813,ST-036,2,2026-05-09 18:56:00,2026-05-09 19:32:00,13.32,4.26,completed
SE-0000456,ST-013,2,2026-05-03 08:15:00,2026-05-03 08:53:00,14.93,4.78,completed
SE-0009144,ST-002,1,2026-06-15 08:15:00,2026-06-15 09:02:00,24.5,,completed
SE-0005959,ST-005,1,2026-05-30 06:00:00,2026-05-30 06:15:00,6.98,,completed
SE-0010589,ST-022,3,2026-06-22 01:19:00,2026-06-22 01:50:00,10.97,,completed
SE-0001760,ST-023,2,2026-05-09 03:33:00,2026-05-09 04:08:00,16.09,5.15,completed
SE-0008566,ST-014,2,2026-06-12 16:26:00,2026-06-12 16:32:00,3.05,0.98,completed
SE-0001316,ST-015,2,2026-05-07 11:37:00,2026-05-07 11:43:00,2.8,0.9,completed
SE-0008348,ST-009,1,2026-06-11 18:58:00,2026-06-11 19:50:00,20.83,6.67,completed
SE-0000768,ST-025,2,2026-05-04 15:56:00,2026-05-04 16:08:00,2.95,0.94,completed
SE-0005392,ST-018,1,2026-05-27 13:10:00,2026-05-27 13:27:00,7.81,2.5,completed
SE-0004581,ST-017,2,2026-05-23 11:08:00,2026-05-23 11:40:00,13790,4.41,completed
SE-0010313,ST-004,1,2026-06-21 14:02:00,2026-06-21 14:39:00,27.49,8.8,completed
SE-0010770,ST-017,1,2026-06-23 01:54:00,2026-06-23 02:00:00,1670,0.53,completed
SE-0009748,ST-003,2,2026-06-18 05:54:00,2026-06-18 06:46:00,25.71,8.23,completed
SE-0001748,ST-022,5,2026-05-09 11:33:00,2026-05-09 12:18:00,24.96,7.99,completed
SE-0009620,ST-014,6,2026-06-17 08:40:00,2026-06-17 09:05:00,21.67,6.93,completed
SE-0006424,ST-015,2,2026-06-01 10:25:00,2026-06-01 11:44:00,47.99,15.36,completed
SE-0000208,ST-003,2,2026-05-02 09:38:00,2026-05-02 10:16:00,24.52,7.85,completed
SE-0005182,ST-020,2,2026-05-26 22:33:00,2026-05-26 23:12:00,20.94,6.7,completed
SE-0009511,ST-033,2,2026-06-16 08:38:00,2026-06-16 09:12:00,14.65,4.69,completed
SE-0004623,ST-025,2,2026-05-23 14:17:00,2026-05-23 15:06:00,26.39,8.44,completed
SE-0011618,ST-029,3,2026-06-27 01:05:00,2026-06-27 01:44:00,28.21,9.03,completed
SE-0009550,ST-002,1,2026-06-17 05:03:00,2026-06-17 06:04:00,38.78,12.41,completed
SE-0000276,ST-016,1,2026-05-02 15:44:00,2026-05-02 16:29:00,27.08,,completed
SE-0009946,ST-001,1,2026-06-19 17:44:00,2026-06-19 18:09:00,16.23,5.19,completed
SE-0002367,ST-021,4,2026-05-12 12:29:00,2026-05-12 13:49:00,33.18,10.62,completed
SE-0008951,ST-005,2,2026-06-14 11:22:00,2026-06-14 11:55:00,9.15,2.93,completed
SE-0011850,ST-041,3,2026-06-28 03:52:00,2026-06-28 04:26:00,15.55,4.98,completed
SE-0004256,ST-001,3,2026-05-22 21:33:00,2026-05-22 22:19:00,23.45,7.5,completed
SE-0009419,ST-014,3,2026-06-16 21:20:00,2026-06-16 22:10:00,35.27,,completed
SE-0002591,ST-023,2,2026-05-13 21:05:00,2026-05-13 21:51:00,34.82,11.14,completed
SE-0007396,ST-015,2,2026-06-06 04:07:00,2026-06-06 04:49:00,27.97,8.95,completed
SE-0006379,ST-006,5,2026-06-01 02:06:00,2026-06-01 02:42:00,26.28,8.41,completed
SE-0007284,ST-033,1,2026-06-05 22:46:00,2026-06-05 23:38:00,12.53,,completed
SE-0006397,ST-010,2,2026-06-01 15:29:00,2026-06-01 16:06:00,19.69,6.3,completed
SE-0004916,ST-005,2,2026-05-25 06:27:00,2026-05-25 06:55:00,14.42,4.61,completed
SE-0000403,ST-003,1,2026-05-03 20:57:00,2026-05-03 21:27:00,6.28,2.01,completed
SE-0006441,ST-017,2,2026-06-01 19:36:00,2026-06-01 20:00:00,13770,4.41,completed
SE-0000188,ST-001,1,2026-05-02 08:29:00,2026-05-02 09:18:00,29.29,9.37,completed
SE-0000978,ST-028,1,2026-05-05 08:27:00,2026-05-05 08:33:00,2.48,0.79,completed
SE-0011553,ST-014,4,2026-06-27 07:23:00,2026-06-27 08:19:00,21.76,6.96,completed
SE-0002225,ST-033,2,2026-05-11 19:46:00,2026-05-11 20:05:00,14.85,4.75,completed
SE-0004512,ST-006,5,2026-05-23 10:10:00,2026-05-23 11:18:00,22.17,7.09,completed
SE-0007956,ST-004,1,2026-06-09 03:54:00,2026-06-09 04:36:00,26.04,8.33,completed
SE-0008126,ST-005,1,2026-06-10 08:56:00,2026-06-10 09:41:00,18.91,6.05,completed
SE-0010023,ST-017,2,2026-06-19 23:47:00,2026-06-20 00:13:00,12660,4.05,completed
SE-0010598,ST-023,2,2026-06-22 04:10:00,2026-06-22 04:49:00,14.04,4.49,completed
SE-0004035,ST-034,4,2026-05-20 18:10:00,2026-05-20 19:14:00,18.34,5.87,completed
SE-0006852,ST-022,3,2026-06-03 01:29:00,2026-06-03 02:02:00,22.93,7.34,completed
SE-0001375,ST-023,1,2026-05-07 12:13:00,2026-05-07 12:38:00,12.49,4.0,completed
SE-0003091,ST-003,1,2026-05-16 13:37:00,2026-05-16 14:51:00,84.74,27.12,completed
SE-0008250,ST-031,3,2026-06-10 06:46:00,2026-06-10 07:11:00,1.5,0.48,completed
SE-0011128,ST-009,2,2026-06-25 06:21:00,2026-06-25 06:57:00,28.8,9.22,completed
SE-0008473,ST-033,2,2026-06-11 16:16:00,2026-06-11 16:49:00,13.41,4.29,completed
SE-0005200,ST-023,1,2026-05-26 08:34:00,2026-05-26 09:45:00,14.3,4.58,completed
SE-0011510,ST-006,5,2026-06-27 12:25:00,2026-06-27 13:40:00,44.87,14.36,completed
SE-0009994,ST-009,2,2026-06-19 21:31:00,2026-06-19 21:50:00,11.87,3.8,aborted
SE-0006499,ST-032,1,2026-06-01 07:15:00,2026-06-01 08:12:00,30.55,9.78,completed
SE-0008045,ST-023,2,2026-06-09 11:21:00,2026-06-09 12:19:00,35.26,11.28,completed
SE-0004715,ST-003,1,2026-05-24 00:12:00,2026-05-24 00:20:00,4.64,1.48,completed
SE-0000735,ST-022,1,2026-05-04 13:09:00,2026-05-04 13:15:00,5.6,1.79,completed
SE-0004320,ST-012,2,2026-05-22 18:47:00,2026-05-22 19:09:00,6.3,2.02,completed
SE-0003724,ST-009,1,2026-05-19 16:42:00,2026-05-19 16:51:00,5.37,1.72,completed
SE-0009245,ST-022,6,2026-06-15 08:51:00,2026-06-15 09:09:00,11.78,3.77,completed
SE-0000476,ST-016,2,2026-05-03 04:07:00,2026-05-03 04:54:00,34.38,11.0,completed
SE-0003097,ST-004,2,2026-05-16 20:56:00,2026-05-16 21:33:00,22.81,7.3,completed
SE-0005604,ST-015,1,2026-05-28 03:53:00,2026-05-28 04:52:00,40.32,12.9,completed
SE-0011956,ST-016,1,2026-06-29 03:44:00,2026-06-29 04:25:00,22.44,7.18,completed
SE-0004143,ST-013,2,2026-05-21 04:53:00,2026-05-21 05:33:00,22.81,7.3,completed
SE-0006567,ST-006,6,2026-06-02 23:01:00,2026-06-03 00:04:00,39.91,12.77,completed
SE-0002745,ST-012,1,2026-05-14 21:24:00,2026-05-14 22:09:00,33.44,10.7,completed
SE-0003168,ST-015,1,2026-05-16 01:51:00,2026-05-16 02:28:00,28.75,9.2,completed
SE-0009188,ST-009,2,2026-06-15 02:04:00,2026-06-15 03:19:00,36.28,11.61,completed
SE-0000752,ST-023,2,2026-05-04 04:43:00,2026-05-04 05:37:00,49.3,,completed
SE-0000159,ST-033,2,2026-05-01 10:43:00,2026-05-01 10:51:00,4.66,1.49,completed
SE-0003851,ST-036,1,2026-05-19 01:19:00,2026-05-19 02:09:00,38.15,12.21,completed
SE-0003482,ST-001,3,2026-05-18 12:53:00,2026-05-18 13:45:00,25.16,8.05,completed
SE-0011700,ST-004,4,2026-06-28 17:22:00,2026-06-28 17:28:00,2.19,0.7,completed
SE-0000874,ST-006,4,2026-05-05 18:09:00,2026-05-05 18:17:00,4.18,1.34,completed
SE-0005625,ST-021,1,2026-05-28 21:33:00,2026-05-28 22:13:00,9.37,3.0,completed
SE-0001470,ST-003,2,2026-05-08 12:59:00,2026-05-08 13:35:00,20.85,6.67,completed
SE-0007777,ST-010,1,2026-06-08 07:23:00,2026-06-08 07:59:00,17.79,5.69,completed
SE-0010520,ST-008,2,2026-06-22 09:34:00,2026-06-22 10:51:00,54.63,17.48,completed
SE-0003560,ST-017,2,2026-05-18 12:11:00,2026-05-18 13:40:00,30160,9.65,completed
SE-0003795,ST-023,2,2026-05-19 13:22:00,2026-05-19 13:55:00,15.19,,completed
SE-0001271,ST-005,1,2026-05-07 19:46:00,2026-05-07 19:52:00,5.37,1.72,completed
SE-0003914,ST-009,2,2026-05-20 03:53:00,2026-05-20 04:30:00,11.39,3.64,completed
SE-0000851,ST-003,2,2026-05-05 16:46:00,2026-05-05 17:17:00,18.72,5.99,completed
SE-0003883,ST-003,2,2026-05-20 17:24:00,2026-05-20 18:13:00,29.53,9.45,completed
SE-0002361,ST-018,6,2026-05-12 17:59:00,2026-05-12 18:22:00,11.98,3.83,completed
SE-0000058,ST-014,3,2026-05-01 21:52:00,2026-05-01 22:11:00,7.6,2.43,completed
SE-0001181,ST-025,2,2026-05-06 19:37:00,2026-05-06 20:37:00,48.45,15.5,completed
SE-0003232,ST-026,3,2026-05-16 05:55:00,2026-05-16 06:23:00,17.96,5.75,completed
SE-0006175,ST-005,2,2026-05-31 21:54:00,2026-05-31 22:28:00,14.15,4.53,aborted
SE-0001597,ST-025,2,2026-05-08 19:56:00,2026-05-08 20:30:00,22.79,7.29,completed
SE-0005770,ST-006,1,2026-05-29 01:00:00,2026-05-29 01:46:00,33.28,10.65,completed
SE-0000638,ST-006,2,2026-05-04 16:24:00,2026-05-04 17:06:00,42.91,13.73,completed
SE-0004134,ST-011,1,2026-05-21 11:41:00,2026-05-21 12:14:00,16.24,5.2,completed
SE-0011190,ST-022,1,2026-06-25 15:20:00,2026-06-25 16:14:00,25.48,8.15,completed
SE-0006778,ST-009,1,2026-06-03 19:51:00,2026-06-03 20:32:00,17.43,5.58,completed
SE-0007043,ST-022,2,2026-06-04 06:01:00,2026-06-04 06:40:00,32.65,10.45,completed
SE-0009489,ST-025,1,2026-06-16 17:54:00,2026-06-16 18:57:00,34.94,11.18,completed
SE-0011613,ST-025,1,2026-06-27 18:27:00,2026-06-27 19:00:00,14.3,4.58,completed
SE-0010571,ST-017,1,2026-06-22 08:41:00,2026-06-22 09:30:00,31970,10.23,completed
SE-0003367,ST-015,1,2026-05-17 04:39:00,2026-05-17 05:32:00,21.03,6.73,completed
SE-0011829,ST-033,1,2026-06-28 00:02:00,2026-06-28 00:40:00,22.21,7.11,completed
SE-0003503,ST-005,2,2026-05-18 04:33:00,2026-05-18 05:14:00,16.86,5.4,completed
SE-0006385,ST-008,2,2026-06-01 13:36:00,2026-06-01 14:43:00,21.53,6.89,completed
SE-0007362,ST-008,2,2026-06-06 12:14:00,2026-06-06 12:38:00,15.99,5.12,completed
SE-0003110,ST-005,2,2026-05-16 18:16:00,2026-05-16 18:49:00,11.41,3.65,completed
SE-0003994,ST-023,2,2026-05-20 21:11:00,2026-05-20 21:55:00,2.85,0.91,faulted
SE-0001421,ST-034,2,2026-05-07 14:24:00,2026-05-07 15:22:00,23.57,7.54,completed
SE-0009910,ST-033,1,2026-06-18 21:06:00,2026-06-18 21:39:00,23.54,7.53,completed
SE-0004797,ST-022,1,2026-05-24 21:38:00,2026-05-24 22:44:00,44.55,14.26,completed
SE-0011965,ST-017,1,2026-06-29 04:30:00,2026-06-29 05:31:00,12890,4.12,completed
SE-0000249,ST-010,2,2026-05-02 15:48:00,2026-05-02 16:36:00,25.93,8.3,completed
SE-0010261,ST-041,3,2026-06-20 21:37:00,2026-06-20 22:16:00,21.21,,aborted
SE-0001436,ST-041,1,2026-05-07 12:12:00,2026-05-07 12:47:00,23.56,7.54,completed
SE-0000332,ST-029,4,2026-05-02 17:01:00,2026-05-02 17:30:00,18.39,5.88,completed
SE-0010978,ST-021,4,2026-06-24 15:44:00,2026-06-24 15:50:00,5.13,1.64,completed
SE-0003173,ST-015,2,2026-05-16 03:49:00,2026-05-16 05:07:00,39.82,12.74,completed
SE-0005328,ST-006,4,2026-05-27 20:09:00,2026-05-27 20:35:00,22.32,7.14,completed
SE-0009114,ST-034,1,2026-06-14 16:41:00,2026-06-14 17:02:00,13.35,4.27,completed
SE-0007922,ST-041,1,2026-06-08 00:05:00,2026-06-08 00:32:00,4.43,1.42,completed
SE-0011997,ST-024,2,2026-06-29 07:28:00,2026-06-29 07:58:00,11.69,3.74,aborted
SE-0001709,ST-014,5,2026-05-09 01:56:00,2026-05-09 02:50:00,34.92,11.17,completed
SE-0010454,ST-033,2,2026-06-21 04:57:00,2026-06-21 05:12:00,8.28,,completed
SE-0004215,ST-031,2,2026-05-21 05:42:00,2026-05-21 06:15:00,21.48,6.87,completed
SE-0005043,ST-033,2,2026-05-25 16:48:00,2026-05-25 17:03:00,2.38,0.76,completed
SE-0005303,ST-003,1,2026-05-27 19:57:00,2026-05-27 20:23:00,20.26,6.48,completed
SE-0001269,ST-005,1,2026-05-07 04:57:00,2026-05-07 05:41:00,23.16,7.41,completed
SE-0008038,ST-023,1,2026-06-09 15:12:00,2026-06-09 15:53:00,5.76,1.84,faulted
SE-0001327,ST-016,2,2026-05-07 01:44:00,2026-05-07 02:06:00,16.77,5.37,completed
SE-0007982,ST-011,1,2026-06-09 23:55:00,2026-06-10 00:34:00,26.62,8.52,completed
SE-0011978,ST-022,2,2026-06-29 22:54:00,2026-06-29 23:02:00,4.67,,completed
SE-0005044,ST-033,1,2026-05-25 04:33:00,2026-05-25 05:23:00,30.69,9.82,completed
SE-0007490,ST-034,3,2026-06-06 21:46:00,2026-06-06 22:40:00,26.82,8.58,completed
SE-0000920,ST-016,1,2026-05-05 07:42:00,2026-05-05 08:27:00,31.46,10.07,completed
SE-0006502,ST-033,1,2026-06-01 19:37:00,2026-06-01 20:27:00,24.44,7.82,aborted
SE-0007326,ST-002,2,2026-06-06 17:38:00,2026-06-06 18:31:00,26.75,8.56,completed
SE-0002194,ST-025,1,2026-05-11 12:55:00,2026-05-11 13:40:00,24.34,7.79,completed
SE-0006569,ST-007,4,2026-06-02 16:20:00,2026-06-02 16:44:00,9.85,3.15,completed
SE-0000360,ST-034,2,2026-05-02 14:27:00,2026-05-02 14:33:00,3.62,1.16,completed
SE-0007307,ST-041,3,2026-06-05 14:40:00,2026-06-05 15:21:00,28.45,9.1,completed
SE-0001523,ST-014,2,2026-05-08 04:00:00,2026-05-08 05:08:00,43.86,14.04,completed
SE-0009731,ST-041,3,2026-06-17 01:28:00,2026-06-17 02:02:00,25.04,8.01,completed
SE-0011634,ST-033,2,2026-06-27 12:21:00,2026-06-27 13:22:00,24.57,7.86,completed
SE-0005711,ST-041,6,2026-05-28 11:44:00,2026-05-28 12:34:00,26.45,8.46,completed
SE-0005005,ST-023,2,2026-05-25 20:44:00,2026-05-25 21:22:00,20.63,6.6,completed
SE-0005039,ST-033,2,2026-05-25 15:18:00,2026-05-25 16:06:00,30.14,9.64,completed
SE-0008312,ST-005,1,2026-06-11 18:49:00,2026-06-11 19:26:00,24.24,7.76,completed
SE-0005935,ST-002,2,2026-05-30 01:14:00,2026-05-30 02:01:00,27.82,8.9,completed
SE-0008421,ST-023,2,2026-06-11 22:01:00,2026-06-11 22:38:00,23.58,7.55,aborted
SE-0003310,ST-003,2,2026-05-17 13:48:00,2026-05-17 14:43:00,26.81,8.58,completed
SE-0009371,ST-006,6,2026-06-16 20:28:00,2026-06-16 21:38:00,21.87,,completed
SE-0000495,ST-020,2,2026-05-03 22:05:00,2026-05-03 23:02:00,38.24,12.24,completed
SE-0007876,ST-025,2,2026-06-08 05:37:00,2026-06-08 06:27:00,36.95,11.82,completed
SE-0007885,ST-030,1,2026-06-08 23:32:00,2026-06-09 00:00:00,23.83,7.63,completed
SE-0005946,ST-004,4,2026-05-30 22:01:00,2026-05-30 22:43:00,26.82,8.58,completed
SE-0008245,ST-029,3,2026-06-10 10:43:00,2026-06-10 11:25:00,33.56,10.74,completed
SE-0004107,ST-006,1,2026-05-21 16:42:00,2026-05-21 18:02:00,44.11,14.12,completed
SE-0005517,ST-003,2,2026-05-28 06:03:00,2026-05-28 06:50:00,14.67,4.69,completed
SE-0000912,ST-015,2,2026-05-05 13:31:00,2026-05-05 13:43:00,8.26,2.64,completed
SE-0002917,ST-006,3,2026-05-15 10:24:00,2026-05-15 11:02:00,17.51,5.6,aborted
SE-0007591,ST-014,4,2026-06-07 04:42:00,2026-06-07 05:03:00,8.88,2.84,completed
SE-0006001,ST-014,5,2026-05-30 15:15:00,2026-05-30 15:44:00,11.92,3.81,completed
SE-0003643,ST-041,5,2026-05-18 12:45:00,2026-05-18 12:59:00,10.62,3.4,completed
SE-0000269,ST-015,1,2026-05-02 15:17:00,2026-05-02 16:03:00,14.09,4.51,completed
SE-0000371,ST-040,2,2026-05-02 03:24:00,2026-05-02 03:40:00,11.99,3.84,completed
SE-0003268,ST-037,2,2026-05-16 19:34:00,2026-05-16 20:15:00,31.65,10.13,completed
SE-0007355,ST-006,6,2026-06-06 02:16:00,2026-06-06 02:49:00,21.08,6.75,completed
SE-0010270,ST-042,3,2026-06-20 14:41:00,2026-06-20 15:15:00,25.31,8.1,completed
SE-0001120,ST-015,1,2026-05-06 07:08:00,2026-05-06 07:25:00,8.72,2.79,completed
SE-0004414,ST-031,3,2026-05-22 02:52:00,2026-05-22 03:19:00,16.82,5.38,completed
SE-0001926,ST-016,1,2026-05-10 17:17:00,2026-05-10 17:41:00,12.68,,completed
SE-0007595,ST-015,1,2026-06-07 08:52:00,2026-06-07 08:58:00,4.48,1.43,completed
SE-0006297,ST-033,1,2026-05-31 10:54:00,2026-05-31 11:30:00,23.37,7.48,completed
SE-0003139,ST-011,2,2026-05-16 02:00:00,2026-05-16 02:57:00,52.79,,completed
SE-0005197,ST-023,2,2026-05-26 16:27:00,2026-05-26 17:36:00,57.51,18.4,completed
SE-0007254,ST-024,2,2026-06-05 08:13:00,2026-06-05 08:56:00,31.95,10.22,completed
SE-0007096,ST-036,3,2026-06-04 08:42:00,2026-06-04 09:03:00,13.95,4.46,completed
SE-0009400,ST-010,1,2026-06-16 02:02:00,2026-06-16 02:49:00,2.88,0.92,completed
SE-0008873,ST-030,3,2026-06-13 08:24:00,2026-06-13 08:50:00,12.33,,completed
SE-0008628,ST-025,2,2026-06-12 09:48:00,2026-06-12 10:39:00,35.82,11.46,completed
SE-0004629,ST-025,1,2026-05-23 03:21:00,2026-05-23 03:49:00,11.04,3.53,completed
SE-0003236,ST-028,1,2026-05-16 17:01:00,2026-05-16 18:15:00,38.35,12.27,completed
SE-0003406,ST-024,1,2026-05-17 05:56:00,2026-05-17 06:28:00,16.48,5.27,completed
SE-0006322,ST-041,3,2026-05-31 04:58:00,2026-05-31 05:11:00,6.57,2.1,completed
SE-0000373,ST-041,6,2026-05-02 22:53:00,2026-05-02 23:15:00,8.27,2.65,completed
SE-0001942,ST-017,1,2026-05-10 03:07:00,2026-05-10 03:50:00,22280,7.13,completed
SE-0011119,ST-006,3,2026-06-25 21:55:00,2026-06-25 22:53:00,35.75,11.44,completed
SE-0009527,ST-040,2,2026-06-16 01:19:00,2026-06-16 01:33:00,11.24,3.6,completed
SE-0004943,ST-008,1,2026-05-25 09:47:00,2026-05-25 10:22:00,22.3,7.14,completed
SE-0002638,ST-033,1,2026-05-13 05:01:00,2026-05-13 05:32:00,23.03,,completed
SE-0004692,ST-001,1,2026-05-24 08:02:00,2026-05-24 09:22:00,55.57,17.78,completed
SE-0005954,ST-005,2,2026-05-30 19:13:00,2026-05-30 20:07:00,14.92,4.77,completed
SE-0011488,ST-005,2,2026-06-27 09:54:00,2026-06-27 10:25:00,16.2,5.18,aborted
SE-0008095,ST-001,2,2026-06-10 06:05:00,2026-06-10 06:26:00,19.03,,completed
SE-0008270,ST-036,4,2026-06-10 14:43:00,2026-06-10 15:14:00,18.01,5.76,completed
SE-0006741,ST-003,2,2026-06-03 15:19:00,2026-06-03 15:59:00,22.48,7.19,completed
SE-0010224,ST-026,6,2026-06-20 18:03:00,2026-06-20 18:23:00,8.3,2.66,completed
SE-0006475,ST-023,2,2026-06-01 02:31:00,2026-06-01 03:11:00,16.53,5.29,completed
SE-0010267,ST-041,2,2026-06-20 20:11:00,2026-06-20 21:05:00,29.39,9.4,completed
SE-0005434,ST-025,2,2026-05-27 20:08:00,2026-05-27 20:43:00,22.93,7.34,completed
SE-0003990,ST-023,2,2026-05-20 02:10:00,2026-05-20 03:48:00,31.03,9.93,completed
SE-0008268,ST-036,1,2026-06-10 15:34:00,2026-06-10 16:00:00,15.14,4.84,completed
SE-0003218,ST-024,1,2026-05-16 14:07:00,2026-05-16 14:50:00,31.13,9.96,completed
SE-0002513,ST-010,2,2026-05-13 16:29:00,2026-05-13 17:04:00,14.45,4.62,completed
SE-0006517,ST-038,1,2026-06-01 10:38:00,2026-06-01 11:35:00,40.15,12.85,completed
SE-0010225,ST-028,1,2026-06-20 23:00:00,2026-06-20 23:26:00,16.51,5.28,completed
SE-0004868,ST-034,2,2026-05-24 15:27:00,2026-05-24 15:35:00,4.14,1.32,completed
SE-0005445,ST-028,1,2026-05-27 00:03:00,2026-05-27 00:48:00,11.79,3.77,completed
SE-0001700,ST-014,2,2026-05-09 22:56:00,2026-05-09 23:22:00,21.04,6.73,completed
SE-0001333,ST-017,2,2026-05-07 06:13:00,2026-05-07 07:05:00,37300,11.94,completed
SE-0009787,ST-010,1,2026-06-18 12:32:00,2026-06-18 13:02:00,14.91,4.77,completed
SE-0010407,ST-022,2,2026-06-21 15:30:00,2026-06-21 15:48:00,8.4,2.69,completed
SE-0004644,ST-031,5,2026-05-23 00:43:00,2026-05-23 01:12:00,6.61,2.12,completed
SE-0004485,ST-003,1,2026-05-23 19:50:00,2026-05-23 20:34:00,11.64,3.72,completed
SE-0006383,ST-006,6,2026-06-01 20:25:00,2026-06-01 21:07:00,17.77,5.69,completed
SE-0004759,ST-015,1,2026-05-24 20:34:00,2026-05-24 20:53:00,6.22,1.99,completed
SE-0001758,ST-023,1,2026-05-09 16:06:00,2026-05-09 16:52:00,26.0,8.32,completed
SE-0010397,ST-022,6,2026-06-21 16:52:00,2026-06-21 17:13:00,12.12,3.88,completed
SE-0007874,ST-025,1,2026-06-08 12:54:00,2026-06-08 13:40:00,35.0,11.2,aborted
SE-0000440,ST-009,2,2026-05-03 20:47:00,2026-05-03 21:42:00,36.28,11.61,completed
SE-0006126,ST-034,4,2026-05-30 18:09:00,2026-05-30 18:55:00,25.01,8.0,completed
SE-0011604,ST-025,2,2026-06-27 18:02:00,2026-06-27 18:47:00,38.52,12.33,completed
SE-0010237,ST-033,1,2026-06-20 09:20:00,2026-06-20 09:31:00,5.39,,completed
SE-0008697,ST-001,1,2026-06-13 14:10:00,2026-06-13 14:47:00,11.23,3.59,completed
SE-0007461,ST-028,1,2026-06-06 21:45:00,2026-06-06 22:58:00,49.12,15.72,completed
SE-0000338,ST-029,3,2026-05-02 08:30:00,2026-05-02 09:22:00,39.0,,completed
SE-0005207,ST-025,1,2026-05-26 17:50:00,2026-05-26 18:17:00,14.98,4.79,completed
SE-0005549,ST-006,4,2026-05-28 22:01:00,2026-05-28 22:20:00,7.28,2.33,completed
SE-0007706,ST-039,3,2026-06-07 13:10:00,2026-06-07 13:28:00,13.1,4.19,completed
SE-0006895,ST-034,2,2026-06-03 05:07:00,2026-06-03 05:40:00,13.16,4.21,completed
SE-0003666,ST-001,2,2026-05-19 03:19:00,2026-05-19 03:31:00,7.4,2.37,completed
SE-0001576,ST-023,2,2026-05-08 02:16:00,2026-05-08 02:54:00,26.03,8.33,completed
SE-0001520,ST-012,2,2026-05-08 02:40:00,2026-05-08 03:07:00,17.21,,completed
SE-0002858,ST-036,2,2026-05-14 16:37:00,2026-05-14 16:50:00,6.36,2.04,completed
SE-0001890,ST-009,1,2026-05-10 17:56:00,2026-05-10 18:33:00,22.93,7.34,completed
SE-0000239,ST-008,2,2026-05-02 10:01:00,2026-05-02 10:21:00,12.1,3.87,completed
SE-0000475,ST-015,1,2026-05-03 06:43:00,2026-05-03 07:33:00,28.15,9.01,completed
SE-0011001,ST-023,1,2026-06-24 12:09:00,2026-06-24 13:23:00,47.69,15.26,completed
SE-0009905,ST-033,2,2026-06-18 06:40:00,2026-06-18 07:27:00,13.62,4.36,completed
SE-0002263,ST-001,2,2026-05-12 06:13:00,2026-05-12 06:40:00,20.67,6.61,completed
SE-0004981,ST-017,1,2026-05-25 15:34:00,2026-05-25 16:33:00,49850,15.95,completed
SE-0010662,ST-041,3,2026-06-22 15:46:00,2026-06-22 16:54:00,18.7,5.98,completed
SE-0009928,ST-041,4,2026-06-18 04:45:00,2026-06-18 05:36:00,24.41,7.81,completed
SE-0005208,ST-025,1,2026-05-26 21:27:00,2026-05-26 22:09:00,27.06,8.66,completed
SE-0001459,ST-001,4,2026-05-08 04:55:00,2026-05-08 05:29:00,25.97,8.31,completed
SE-0011585,ST-019,5,2026-06-27 05:23:00,2026-06-27 06:15:00,18.99,6.08,completed
SE-0000107,ST-022,4,2026-05-01 02:38:00,2026-05-01 03:08:00,13.9,4.45,completed
SE-0011046,ST-035,1,2026-06-24 13:48:00,2026-06-24 13:54:00,4.49,1.44,completed
SE-0011095,ST-003,1,2026-06-25 06:43:00,2026-06-25 07:51:00,40.55,12.98,completed
SE-0001361,ST-023,1,2026-05-07 06:07:00,2026-05-07 07:13:00,48.32,15.46,completed
SE-0005412,ST-023,2,2026-05-27 21:10:00,2026-05-27 22:07:00,21.57,6.9,completed
SE-0005160,ST-015,2,2026-05-26 00:10:00,2026-05-26 01:19:00,55.53,17.77,completed
SE-0003899,ST-006,1,2026-05-20 00:33:00,2026-05-20 01:44:00,26.71,8.55,completed
SE-0003759,ST-016,2,2026-05-19 18:55:00,2026-05-19 19:09:00,9.21,2.95,completed
SE-0001157,ST-022,4,2026-05-06 19:38:00,2026-05-06 19:48:00,3.75,1.2,completed
SE-0009032,ST-017,1,2026-06-14 16:35:00,2026-06-14 17:35:00,34170,10.93,completed
SE-0005916,ST-041,3,2026-05-29 17:29:00,2026-05-29 18:23:00,22.22,7.11,completed
SE-0000682,ST-014,5,2026-05-04 00:03:00,2026-05-04 00:48:00,35.93,11.5,completed
SE-0006564,ST-006,2,2026-06-02 22:10:00,2026-06-02 22:53:00,20.29,6.49,completed
SE-0002889,ST-001,1,2026-05-15 13:39:00,2026-05-15 14:06:00,9.99,3.2,completed
SE-0000791,ST-031,3,2026-05-04 09:23:00,2026-05-04 09:55:00,19.59,6.27,completed
SE-0004306,ST-008,1,2026-05-22 05:21:00,2026-05-22 06:26:00,10.03,3.21,completed
SE-0005356,ST-014,3,2026-05-27 21:18:00,2026-05-27 22:00:00,26.9,8.61,completed
SE-0010362,ST-013,1,2026-06-21 19:18:00,2026-06-21 20:00:00,12.13,3.88,completed
SE-0003037,ST-034,1,2026-05-15 23:33:00,2026-05-16 00:27:00,31.17,9.97,completed
SE-0007984,ST-012,1,2026-06-09 05:52:00,2026-06-09 06:21:00,16.49,5.28,completed
SE-0001051,ST-003,1,2026-05-06 14:52:00,2026-05-06 15:26:00,15.57,4.98,completed
SE-0011077,ST-001,2,2026-06-25 22:51:00,2026-06-25 23:27:00,13.4,4.29,completed
SE-0008227,ST-023,1,2026-06-10 07:58:00,2026-06-10 08:23:00,12.2,3.9,completed
SE-0000801,ST-033,2,2026-05-04 00:03:00,2026-05-04 00:09:00,3.91,1.25,completed
SE-0010321,ST-005,1,2026-06-21 07:47:00,2026-06-21 08:21:00,21.22,6.79,completed
SE-0006751,ST-005,1,2026-06-03 17:52:00,2026-06-03 18:02:00,5.92,1.89,completed
SE-0005871,ST-025,1,2026-05-29 17:59:00,2026-05-29 18:54:00,23.46,7.51,completed
SE-0002697,ST-003,2,2026-05-14 10:52:00,2026-05-14 11:55:00,27.08,8.67,completed
SE-0003840,ST-033,2,2026-05-19 07:19:00,2026-05-19 07:33:00,6.23,1.99,completed
SE-0003862,ST-041,2,2026-05-19 02:57:00,2026-05-19 04:01:00,30.82,9.86,completed
SE-0007347,ST-006,4,2026-06-06 14:15:00,2026-06-06 15:29:00,46.26,14.8,completed
SE-0006207,ST-011,2,2026-05-31 08:18:00,2026-05-31 09:05:00,31.75,,completed
SE-0001723,ST-016,1,2026-05-09 17:51:00,2026-05-09 18:40:00,28.29,9.05,completed
SE-0000781,ST-028,1,2026-05-04 21:07:00,2026-05-04 22:20:00,42.83,13.71,completed
SE-0010070,ST-026,4,2026-06-19 18:28:00,2026-06-19 19:38:00,27.66,8.85,completed
SE-0004367,ST-022,2,2026-05-22 07:11:00,2026-05-22 07:39:00,22.65,7.25,completed
SE-0011522,ST-009,2,2026-06-27 08:05:00,2026-06-27 08:43:00,19.14,6.12,completed
SE-0000742,ST-022,2,2026-05-04 04:41:00,2026-05-04 05:01:00,12.89,4.12,completed
SE-0010221,ST-025,2,2026-06-20 03:37:00,2026-06-20 04:19:00,15.13,4.84,completed
SE-0001092,ST-011,1,2026-05-06 11:37:00,2026-05-06 12:45:00,31.12,,completed
SE-0000689,ST-015,1,2026-05-04 20:56:00,2026-05-04 21:51:00,34.17,10.93,completed
SE-0010987,ST-022,5,2026-06-24 18:39:00,2026-06-24 19:50:00,13.89,4.44,completed
SE-0002784,ST-020,1,2026-05-14 11:53:00,2026-05-14 12:43:00,19.02,6.09,completed
SE-0009031,ST-017,1,2026-06-14 14:22:00,2026-06-14 15:13:00,46470,14.87,completed
SE-0000728,ST-022,5,2026-05-04 10:17:00,2026-05-04 11:16:00,25.68,8.22,completed
SE-0011521,ST-008,2,2026-06-27 18:53:00,2026-06-27 19:41:00,19.79,6.33,completed
SE-0006870,ST-025,1,2026-06-03 15:13:00,2026-06-03 15:56:00,9.58,3.07,completed
SE-0006429,ST-015,2,2026-06-01 14:53:00,2026-06-01 15:49:00,36.56,11.7,completed
SE-0005562,ST-009,2,2026-05-28 00:41:00,2026-05-28 01:48:00,43.01,13.76,completed
SE-0010203,ST-023,1,2026-06-20 11:08:00,2026-06-20 12:09:00,45.58,14.59,completed
SE-0009876,ST-025,2,2026-06-18 15:37:00,2026-06-18 15:53:00,9.01,2.88,completed
SE-0002554,ST-016,1,2026-05-13 02:06:00,2026-05-13 02:36:00,26.49,8.48,completed
SE-0011043,ST-035,1,2026-06-24 05:34:00,2026-06-24 06:22:00,33.14,10.6,completed
SE-0002282,ST-004,4,2026-05-12 03:43:00,2026-05-12 04:27:00,14.01,4.48,completed
SE-0001415,ST-033,1,2026-05-07 07:13:00,2026-05-07 07:19:00,3.34,1.07,completed
SE-0010051,ST-023,1,2026-06-19 17:05:00,2026-06-19 17:31:00,11.99,3.84,completed
SE-0003127,ST-009,1,2026-05-16 13:18:00,2026-05-16 13:53:00,21.71,6.95,completed
SE-0003165,ST-015,1,2026-05-16 05:05:00,2026-05-16 05:53:00,34.96,11.19,completed
SE-0002558,ST-017,1,2026-05-13 12:37:00,2026-05-13 12:56:00,4880,1.56,completed
SE-0007954,ST-004,1,2026-06-09 05:12:00,2026-06-09 06:11:00,35.72,11.43,completed
SE-0001896,ST-010,2,2026-05-10 18:32:00,2026-05-10 18:57:00,17.48,5.59,completed
SE-0006172,ST-005,1,2026-05-31 19:38:00,2026-05-31 20:52:00,75.02,24.01,completed
SE-0010058,ST-025,1,2026-06-19 09:40:00,2026-06-19 10:41:00,31.61,10.12,completed
SE-0010764,ST-017,2,2026-06-23 13:29:00,2026-06-23 13:56:00,18600,5.95,completed
SE-0003519,ST-008,1,2026-05-18 01:50:00,2026-05-18 02:34:00,29.68,9.5,completed
SE-0005997,ST-013,1,2026-05-30 18:41:00,2026-05-30 19:40:00,32.31,10.34,completed
SE-0011486,ST-004,1,2026-06-27 06:11:00,2026-06-27 06:17:00,5.13,1.64,completed
SE-0001036,ST-001,3,2026-05-06 09:34:00,2026-05-06 09:55:00,9.21,,completed
SE-0010926,ST-010,1,2026-06-24 03:39:00,2026-06-24 04:31:00,30.65,9.81,aborted
SE-0000140,ST-031,3,2026-05-01 12:47:00,2026-05-01 13:49:00,55.59,17.79,completed
SE-0000085,ST-017,1,2026-05-01 23:45:00,2026-05-02 01:05:00,32540,10.41,completed
SE-0006727,ST-001,1,2026-06-03 20:35:00,2026-06-03 21:21:00,27.87,8.92,completed
SE-0009141,ST-001,3,2026-06-15 08:06:00,2026-06-15 09:42:00,62.64,20.04,completed
SE-0000837,ST-001,2,2026-05-05 05:16:00,2026-05-05 06:15:00,33.07,10.58,completed
SE-0003401,ST-023,1,2026-05-17 23:04:00,2026-05-17 23:45:00,24.99,8.0,completed
SE-0007633,ST-022,2,2026-06-07 10:02:00,2026-06-07 11:17:00,37.03,11.85,completed
SE-0007782,ST-012,2,2026-06-08 06:16:00,2026-06-08 06:26:00,1.98,0.63,completed
SE-0007951,ST-003,2,2026-06-09 02:36:00,2026-06-09 03:19:00,30.69,9.82,completed
SE-0009791,ST-010,1,2026-06-18 17:23:00,2026-06-18 18:08:00,18.04,5.77,completed
SE-0003709,ST-006,1,2026-05-19 16:57:00,2026-05-19 17:36:00,22.6,7.23,completed
SE-0005122,ST-005,1,2026-05-26 22:11:00,2026-05-26 23:13:00,47.9,15.33,completed
SE-0010063,ST-025,1,2026-06-19 21:06:00,2026-06-19 21:30:00,11.52,3.69,completed
SE-0001639,ST-041,4,2026-05-08 07:31:00,2026-05-08 08:10:00,10.38,3.32,completed
SE-0004949,ST-010,2,2026-05-25 01:03:00,2026-05-25 01:37:00,11.86,3.8,completed
SE-0002316,ST-008,1,2026-05-12 17:09:00,2026-05-12 17:38:00,12.71,4.07,completed
SE-0003455,ST-041,4,2026-05-17 04:24:00,2026-05-17 04:55:00,24.09,7.71,completed
SE-0008419,ST-023,2,2026-06-11 21:02:00,2026-06-11 21:12:00,2.62,0.84,completed
SE-0000468,ST-014,2,2026-05-03 18:08:00,2026-05-03 19:19:00,36.61,11.72,completed
SE-0000893,ST-011,1,2026-05-05 10:24:00,2026-05-05 11:11:00,18.41,5.89,completed
SE-0001524,ST-014,1,2026-05-08 11:50:00,2026-05-08 13:13:00,44.84,14.35,completed
SE-0006087,ST-025,2,2026-05-30 20:03:00,2026-05-30 20:37:00,22.63,7.24,completed
SE-0007919,ST-041,2,2026-06-08 03:16:00,2026-06-08 04:03:00,25.68,8.22,completed
SE-0008686,ST-041,5,2026-06-12 03:43:00,2026-06-12 04:03:00,14.66,4.69,completed
SE-0000960,ST-024,1,2026-05-05 21:36:00,2026-05-05 22:28:00,25.93,8.3,completed
SE-0008084,ST-041,1,2026-06-09 01:35:00,2026-06-09 02:58:00,45.33,14.51,completed
SE-0004699,ST-001,4,2026-05-24 12:55:00,2026-05-24 13:42:00,30.0,9.6,completed
SE-0004666,ST-038,1,2026-05-23 11:13:00,2026-05-23 11:43:00,22.41,7.17,completed
SE-0007772,ST-008,2,2026-06-08 19:16:00,2026-06-08 20:00:00,24.86,,completed
SE-0008684,ST-041,5,2026-06-12 08:07:00,2026-06-12 09:06:00,33.53,10.73,completed
SE-0001736,ST-017,2,2026-05-09 22:59:00,2026-05-09 23:20:00,16400,5.25,completed
SE-0009075,ST-025,1,2026-06-14 03:16:00,2026-06-14 03:44:00,25.94,8.3,completed
SE-0008887,ST-034,4,2026-06-13 09:26:00,2026-06-13 09:57:00,9.08,2.91,aborted
SE-0003038,ST-034,2,2026-05-15 17:42:00,2026-05-15 18:34:00,29.97,9.59,aborted
SE-0008693,ST-042,2,2026-06-12 15:24:00,2026-06-12 15:52:00,12.53,4.01,completed
SE-0003184,ST-019,1,2026-05-16 09:02:00,2026-05-16 09:58:00,35.04,11.21,completed
SE-0001556,ST-017,1,2026-05-08 03:07:00,2026-05-08 03:55:00,17250,,completed
SE-0008040,ST-023,1,2026-06-09 12:38:00,2026-06-09 14:02:00,68.79,22.01,completed
SE-0004260,ST-001,1,2026-05-22 06:11:00,2026-05-22 06:18:00,4.83,1.55,completed
SE-0010125,ST-003,1,2026-06-20 05:36:00,2026-06-20 06:08:00,8.55,2.74,completed
SE-0003644,ST-041,6,2026-05-18 09:19:00,2026-05-18 09:58:00,31.58,10.11,completed
SE-0008762,ST-008,1,2026-06-13 11:31:00,2026-06-13 12:18:00,25.73,8.23,completed
SE-0010727,ST-008,2,2026-06-23 13:51:00,2026-06-23 14:21:00,12.03,3.85,completed
SE-0005891,ST-032,4,2026-05-29 10:00:00,2026-05-29 10:07:00,3.27,1.05,completed
SE-0011381,ST-022,1,2026-06-26 11:52:00,2026-06-26 12:34:00,18.76,6.0,completed
SE-0003971,ST-022,3,2026-05-20 14:16:00,2026-05-20 15:12:00,37.36,11.96,completed
SE-0005632,ST-022,2,2026-05-28 01:09:00,2026-05-28 01:54:00,43.67,13.97,completed
SE-0002763,ST-015,2,2026-05-14 23:25:00,2026-05-15 00:12:00,19.03,6.09,completed
SE-0006579,ST-009,1,2026-06-02 10:49:00,2026-06-02 11:17:00,14.49,4.64,completed
SE-0004227,ST-033,2,2026-05-21 12:52:00,2026-05-21 13:20:00,21.05,6.74,completed
SE-0005136,ST-010,2,2026-05-26 22:41:00,2026-05-26 23:49:00,48.07,15.38,completed
SE-0008318,ST-005,2,2026-06-11 22:17:00,2026-06-11 22:41:00,14.49,4.64,completed
SE-0000464,ST-014,4,2026-05-03 13:08:00,2026-05-03 13:59:00,20.1,6.43,completed
SE-0001106,ST-014,6,2026-05-06 12:35:00,2026-05-06 13:01:00,19.5,6.24,completed
SE-0001385,ST-025,2,2026-05-07 18:01:00,2026-05-07 18:07:00,4.35,1.39,completed
SE-0009664,ST-023,2,2026-06-17 05:31:00,2026-06-17 06:04:00,7.08,2.27,completed
SE-0000845,ST-003,1,2026-05-05 10:32:00,2026-05-05 11:14:00,25.98,,completed
SE-0000460,ST-014,5,2026-05-03 15:08:00,2026-05-03 15:49:00,20.17,6.45,completed
SE-0006860,ST-023,1,2026-06-03 21:34:00,2026-06-03 22:36:00,32.31,10.34,completed
SE-0004645,ST-031,2,2026-05-23 20:28:00,2026-05-23 21:36:00,50.96,,completed
SE-0007890,ST-032,4,2026-06-08 13:07:00,2026-06-08 13:33:00,15.97,5.11,completed
SE-0010744,ST-014,6,2026-06-23 23:58:00,2026-06-24 00:30:00,17.0,5.44,completed
SE-0003492,ST-003,2,2026-05-18 11:18:00,2026-05-18 11:37:00,10.46,3.35,completed
SE-0001426,ST-036,3,2026-05-07 22:58:00,2026-05-07 23:55:00,31.57,10.1,completed
SE-0008066,ST-032,4,2026-06-09 06:58:00,2026-06-09 07:27:00,12.41,3.97,completed
SE-0009973,ST-005,1,2026-06-19 10:15:00,2026-06-19 10:51:00,30.91,9.89,completed
SE-0006342,ST-001,3,2026-06-01 08:17:00,2026-06-01 09:13:00,39.68,12.7,completed
SE-0005772,ST-006,4,2026-05-29 15:10:00,2026-05-29 15:48:00,20.64,6.6,completed
SE-0004655,ST-034,1,2026-05-23 11:48:00,2026-05-23 12:29:00,17.78,5.69,completed
SE-0005557,ST-007,3,2026-05-28 20:28:00,2026-05-28 21:08:00,19.07,6.1,completed
SE-0000919,ST-016,1,2026-05-05 21:59:00,2026-05-05 22:43:00,37.77,12.09,completed
SE-0005257,ST-036,1,2026-05-26 18:27:00,2026-05-26 19:34:00,28.86,9.24,completed
SE-0003584,ST-023,1,2026-05-18 21:48:00,2026-05-18 22:55:00,9.81,3.14,faulted
SE-0007774,ST-008,1,2026-06-08 18:14:00,2026-06-08 18:44:00,15.65,,aborted
SE-0001105,ST-014,5,2026-05-06 11:21:00,2026-05-06 11:47:00,17.65,5.65,completed
SE-0003048,ST-038,2,2026-05-15 07:03:00,2026-05-15 07:31:00,18.71,5.99,completed
SE-0007257,ST-025,1,2026-06-05 19:41:00,2026-06-05 20:02:00,12.11,3.88,completed
SE-0009228,ST-016,1,2026-06-15 20:10:00,2026-06-15 20:20:00,1.75,0.56,completed
SE-0007042,ST-022,5,2026-06-04 05:01:00,2026-06-04 06:18:00,42.83,13.71,completed
SE-0006679,ST-029,1,2026-06-02 19:31:00,2026-06-02 19:57:00,22.87,7.32,completed
SE-0000866,ST-005,1,2026-05-05 05:47:00,2026-05-05 06:44:00,48.92,15.65,completed
SE-0007775,ST-009,1,2026-06-08 12:20:00,2026-06-08 13:05:00,21.98,7.03,completed
SE-0011290,ST-003,1,2026-06-26 19:45:00,2026-06-26 20:09:00,14.15,4.53,completed
SE-0000357,ST-033,2,2026-05-02 08:57:00,2026-05-02 10:18:00,47.07,15.06,completed
SE-0007547,ST-005,2,2026-06-07 16:02:00,2026-06-07 16:51:00,29.17,9.33,completed
SE-0006020,ST-015,1,2026-05-30 05:47:00,2026-05-30 06:08:00,12.98,4.15,completed
SE-0009261,ST-025,2,2026-06-15 04:15:00,2026-06-15 05:02:00,19.68,6.3,completed
SE-0003162,ST-014,4,2026-05-16 21:03:00,2026-05-16 22:06:00,40.45,12.94,completed
SE-0005086,ST-001,1,2026-05-26 07:52:00,2026-05-26 08:44:00,48.1,15.39,completed
SE-0003921,ST-011,1,2026-05-20 07:32:00,2026-05-20 08:32:00,20.52,6.57,aborted
SE-0011944,ST-015,1,2026-06-29 23:36:00,2026-06-30 00:06:00,18.83,6.03,completed
SE-0009125,ST-038,3,2026-06-14 07:24:00,2026-06-14 07:46:00,14.27,4.57,completed
SE-0004375,ST-022,6,2026-05-22 11:25:00,2026-05-22 12:08:00,19.67,6.29,completed
SE-0008407,ST-022,5,2026-06-11 19:05:00,2026-06-11 20:15:00,20.97,6.71,completed
SE-0003918,ST-009,1,2026-05-20 04:11:00,2026-05-20 05:08:00,46.47,14.87,completed
SE-0004113,ST-006,2,2026-05-21 13:30:00,2026-05-21 14:29:00,27.95,8.94,completed
SE-0000942,ST-021,6,2026-05-05 03:30:00,2026-05-05 04:17:00,15.61,5.0,completed
SE-0008319,ST-005,1,2026-06-11 19:47:00,2026-06-11 20:46:00,45.11,14.44,completed
SE-0009049,ST-022,5,2026-06-14 18:19:00,2026-06-14 19:06:00,25.54,8.17,completed
SE-0002229,ST-033,2,2026-05-11 17:21:00,2026-05-11 18:17:00,24.01,7.68,completed
SE-0001346,ST-020,2,2026-05-07 13:07:00,2026-05-07 13:53:00,32.71,10.47,aborted
SE-0009783,ST-009,1,2026-06-18 02:14:00,2026-06-18 03:05:00,31.15,9.97,completed
SE-0011489,ST-005,1,2026-06-27 08:40:00,2026-06-27 09:35:00,38.11,12.2,completed
SE-0002940,ST-010,2,2026-05-15 03:51:00,2026-05-15 03:57:00,1.54,0.49,completed
SE-0008201,ST-017,2,2026-06-10 05:53:00,2026-06-10 06:47:00,47670,15.25,completed
SE-0000458,ST-014,6,2026-05-03 16:31:00,2026-05-03 16:37:00,4.01,1.28,completed
SE-0009917,ST-036,4,2026-06-18 10:56:00,2026-06-18 11:35:00,20.26,6.48,completed
SE-0009998,ST-010,2,2026-06-19 11:28:00,2026-06-19 11:57:00,8.67,2.77,completed
SE-0008634,ST-025,1,2026-06-12 10:33:00,2026-06-12 11:16:00,19.62,6.28,completed
SE-0005441,ST-025,2,2026-05-27 21:39:00,2026-05-27 22:10:00,20.09,6.43,completed
SE-0004192,ST-023,2,2026-05-21 18:53:00,2026-05-21 19:19:00,13.44,4.3,completed
SE-0007815,ST-016,1,2026-06-08 19:01:00,2026-06-08 19:07:00,2.18,0.7,completed
SE-0003412,ST-025,1,2026-05-17 10:53:00,2026-05-17 11:39:00,36.27,11.61,completed
SE-0008632,ST-025,1,2026-06-12 23:57:00,2026-06-13 00:03:00,3.18,1.02,completed
SE-0004378,ST-022,5,2026-05-22 16:49:00,2026-05-22 18:21:00,27.11,8.68,completed
SE-0005704,ST-038,4,2026-05-28 19:13:00,2026-05-28 20:02:00,33.66,10.77,completed
SE-0004904,ST-003,2,2026-05-25 20:26:00,2026-05-25 20:32:00,3.92,1.25,completed
SE-0000127,ST-025,1,2026-05-01 05:52:00,2026-05-01 06:33:00,26.05,8.34,completed
SE-0011354,ST-015,2,2026-06-26 01:27:00,2026-06-26 01:56:00,15.0,4.8,completed
SE-0007745,ST-003,2,2026-06-08 08:44:00,2026-06-08 09:37:00,17.44,5.58,completed
SE-0010861,ST-041,5,2026-06-23 11:05:00,2026-06-23 12:00:00,42.2,13.5,completed
SE-0003384,ST-016,2,2026-05-17 12:17:00,2026-05-17 13:09:00,15.95,5.1,completed
SE-0006857,ST-022,3,2026-06-03 14:09:00,2026-06-03 14:36:00,12.0,3.84,completed
SE-0010966,ST-017,2,2026-06-24 03:30:00,2026-06-24 04:15:00,20880,,completed
SE-0007384,ST-014,1,2026-06-06 01:10:00,2026-06-06 02:15:00,5.62,1.8,completed
SE-0000100,ST-022,5,2026-05-01 00:26:00,2026-05-01 01:08:00,22.71,7.27,completed
SE-0005009,ST-025,2,2026-05-25 19:26:00,2026-05-25 20:51:00,52.0,,aborted
SE-0004109,ST-006,5,2026-05-21 16:51:00,2026-05-21 17:35:00,20.18,6.46,completed
SE-0005178,ST-018,5,2026-05-26 00:17:00,2026-05-26 01:14:00,44.58,14.27,completed
SE-0006742,ST-003,2,2026-06-03 05:47:00,2026-06-03 06:33:00,20.58,6.59,completed
SE-0000426,ST-006,1,2026-05-03 19:57:00,2026-05-03 20:42:00,29.88,9.56,completed
SE-0006663,ST-025,2,2026-06-02 09:09:00,2026-06-02 09:39:00,18.11,5.8,aborted
SE-0011853,ST-041,5,2026-06-28 23:24:00,2026-06-29 00:18:00,39.32,12.58,completed
SE-0004073,ST-002,1,2026-05-21 12:24:00,2026-05-21 12:49:00,19.18,6.14,completed
SE-0006703,ST-036,4,2026-06-02 18:23:00,2026-06-02 19:08:00,26.05,8.34,completed
SE-0011977,ST-021,4,2026-06-29 20:31:00,2026-06-29 20:43:00,9.9,3.17,completed
SE-0007901,ST-034,4,2026-06-08 11:29:00,2026-06-08 11:53:00,13.66,4.37,completed
SE-0005886,ST-029,3,2026-05-29 05:38:00,2026-05-29 06:02:00,13.82,4.42,completed
SE-0011756,ST-015,1,2026-06-28 14:58:00,2026-06-28 15:14:00,9.34,2.99,completed
SE-0005038,ST-033,2,2026-05-25 19:35:00,2026-05-25 20:24:00,28.96,,completed
SE-0007911,ST-040,2,2026-06-08 04:20:00,2026-06-08 04:51:00,27.99,8.96,completed
SE-0006436,ST-016,2,2026-06-01 00:12:00,2026-06-01 00:22:00,6.26,2.0,completed
SE-0004079,ST-003,1,2026-05-21 22:11:00,2026-05-21 22:17:00,1.5,0.48,completed
SE-0000747,ST-023,2,2026-05-04 08:33:00,2026-05-04 09:54:00,18.89,6.04,faulted
SE-0011156,ST-014,1,2026-06-25 16:54:00,2026-06-25 17:52:00,42.53,13.61,completed
SE-0008426,ST-023,2,2026-06-11 01:28:00,2026-06-11 01:47:00,14.67,4.69,completed
SE-0008679,ST-041,5,2026-06-12 02:30:00,2026-06-12 03:15:00,36.38,11.64,completed
SE-0009137,ST-041,2,2026-06-14 20:56:00,2026-06-14 21:22:00,16.69,5.34,completed
SE-0006313,ST-039,4,2026-05-31 15:17:00,2026-05-31 15:40:00,14.76,4.72,completed
SE-0005383,ST-016,2,2026-05-27 17:09:00,2026-05-27 17:46:00,20.9,6.69,completed
SE-0008240,ST-025,2,2026-06-10 15:52:00,2026-06-10 16:39:00,44.36,14.2,completed
SE-0008790,ST-014,6,2026-06-13 02:33:00,2026-06-13 03:15:00,38.54,12.33,completed
SE-0007300,ST-038,4,2026-06-05 11:44:00,2026-06-05 12:11:00,6.68,2.14,completed
SE-0006146,ST-041,5,2026-05-30 06:57:00,2026-05-30 08:02:00,34.83,11.15,completed
SE-0004055,ST-041,2,2026-05-20 04:04:00,2026-05-20 04:48:00,30.96,9.91,completed
SE-0004474,ST-001,2,2026-05-23 05:17:00,2026-05-23 05:44:00,20.27,6.49,completed
SE-0000775,ST-025,1,2026-05-04 17:02:00,2026-05-04 17:37:00,22.58,7.23,completed
SE-0003787,ST-022,5,2026-05-19 02:46:00,2026-05-19 02:59:00,6.71,2.15,completed
SE-0003118,ST-006,3,2026-05-16 19:49:00,2026-05-16 20:40:00,41.47,13.27,completed
SE-0007521,ST-001,4,2026-06-07 16:22:00,2026-06-07 16:55:00,19.44,6.22,completed
SE-0011768,ST-017,2,2026-06-28 23:18:00,2026-06-29 00:18:00,20920,6.69,completed
SE-0003067,ST-001,2,2026-05-16 22:07:00,2026-05-16 22:49:00,19.27,6.17,completed
SE-0000001,ST-001,3,2026-05-01 20:04:00,2026-05-01 20:56:00,42.61,13.64,completed
SE-0000834,ST-041,6,2026-05-04 20:43:00,2026-05-04 21:38:00,18.12,5.8,completed
SE-0008089,ST-041,2,2026-06-09 03:30:00,2026-06-09 04:28:00,25.9,8.29,completed
SE-0005717,ST-041,6,2026-05-28 13:30:00,2026-05-28 13:48:00,9.44,3.02,completed
SE-0000026,ST-006,3,2026-05-01 13:00:00,2026-05-01 13:27:00,24.05,7.7,completed
SE-0003767,ST-017,2,2026-05-19 10:02:00,2026-05-19 10:53:00,25260,8.08,completed
SE-0011256,ST-040,1,2026-06-25 22:53:00,2026-06-25 23:33:00,24.33,7.79,completed
SE-0004559,ST-015,1,2026-05-23 22:13:00,2026-05-23 23:16:00,44.36,14.2,completed
SE-0010217,ST-025,1,2026-06-20 04:15:00,2026-06-20 05:15:00,37.4,11.97,completed
SE-0005895,ST-033,2,2026-05-29 00:47:00,2026-05-29 01:55:00,15.26,4.88,completed
SE-0004154,ST-014,4,2026-05-21 11:03:00,2026-05-21 11:54:00,28.18,9.02,completed
SE-0006333,ST-001,1,2026-06-01 21:55:00,2026-06-01 22:41:00,12.11,3.88,completed
SE-0009051,ST-022,4,2026-06-14 22:40:00,2026-06-14 23:07:00,16.35,5.23,completed
SE-0009656,ST-023,1,2026-06-17 18:02:00,2026-06-17 18:44:00,31.02,9.93,completed
SE-0007953,ST-003,2,2026-06-09 03:09:00,2026-06-09 04:13:00,20.36,,completed
SE-0002220,ST-033,2,2026-05-11 19:57:00,2026-05-11 20:38:00,28.36,9.08,completed
SE-0007405,ST-017,2,2026-06-06 15:56:00,2026-06-06 16:23:00,9210,2.95,completed
SE-0007007,ST-015,2,2026-06-04 16:39:00,2026-06-04 17:15:00,27.44,8.78,completed
SE-0010003,ST-012,2,2026-06-19 22:00:00,2026-06-19 22:41:00,20.28,6.49,completed
SE-0004784,ST-017,1,2026-05-24 14:56:00,2026-05-24 15:51:00,54710,17.51,completed
SE-0002811,ST-023,2,2026-05-14 23:03:00,2026-05-14 23:49:00,35.81,11.46,completed
SE-0001169,ST-023,2,2026-05-06 08:17:00,2026-05-06 09:10:00,14.57,4.66,completed
SE-0000809,ST-034,1,2026-05-04 10:57:00,2026-05-04 12:01:00,36.46,11.67,completed
SE-0007090,ST-034,2,2026-06-04 02:23:00,2026-06-04 03:08:00,49.59,15.87,completed
SE-0009013,ST-016,2,2026-06-14 13:42:00,2026-06-14 14:39:00,43.67,13.97,completed
SE-0003608,ST-026,6,2026-05-18 16:49:00,2026-05-18 17:56:00,15.47,4.95,completed
SE-0000951,ST-023,1,2026-05-05 17:39:00,2026-05-05 18:21:00,13.8,4.42,completed
SE-0011643,ST-034,2,2026-06-27 03:39:00,2026-06-27 04:57:00,37.73,12.07,completed
SE-0003997,ST-023,2,2026-05-20 19:29:00,2026-05-20 20:10:00,18.02,5.77,aborted
SE-0000740,ST-022,5,2026-05-04 09:26:00,2026-05-04 09:50:00,16.77,5.37,completed
SE-0006153,ST-001,2,2026-05-31 18:39:00,2026-05-31 19:25:00,22.02,7.05,completed
SE-0001673,ST-006,4,2026-05-09 16:00:00,2026-05-09 16:33:00,21.66,6.93,completed
SE-0009411,ST-012,1,2026-06-16 14:34:00,2026-06-16 15:32:00,42.11,13.48,completed
SE-0009683,ST-027,2,2026-06-17 20:18:00,2026-06-17 21:17:00,32.75,10.48,completed
SE-0011469,ST-001,1,2026-06-27 12:33:00,2026-06-27 13:09:00,16.04,5.13,completed
SE-0011105,ST-004,2,2026-06-25 13:04:00,2026-06-25 13:46:00,21.77,6.97,completed
SE-0010551,ST-015,1,2026-06-22 01:19:00,2026-06-22 02:17:00,31.17,9.97,completed
SE-0000161,ST-033,1,2026-05-01 22:01:00,2026-05-01 22:34:00,31.3,10.02,completed
SE-0010884,ST-003,1,2026-06-24 09:13:00,2026-06-24 09:46:00,15.99,5.12,completed
SE-0007771,ST-008,2,2026-06-08 10:48:00,2026-06-08 10:54:00,2.97,0.95,completed
SE-0010513,ST-005,2,2026-06-22 15:23:00,2026-06-22 16:28:00,28.39,9.08,completed
SE-0006021,ST-015,2,2026-05-30 11:28:00,2026-05-30 12:20:00,37.79,,completed
SE-0003459,ST-041,4,2026-05-17 23:50:00,2026-05-18 00:49:00,31.27,10.01,completed
SE-0009216,ST-015,2,2026-06-15 04:22:00,2026-06-15 05:41:00,64.13,20.52,completed
SE-0002710,ST-005,1,2026-05-14 02:21:00,2026-05-14 03:21:00,37.02,11.85,completed
SE-0007827,ST-017,1,2026-06-08 20:24:00,2026-06-08 20:44:00,14370,4.6,completed
SE-0009766,ST-006,4,2026-06-18 05:11:00,2026-06-18 05:54:00,11.39,3.64,completed
SE-0004039,ST-037,2,2026-05-20 17:53:00,2026-05-20 18:29:00,22.63,7.24,completed
SE-0011338,ST-012,2,2026-06-26 01:54:00,2026-06-26 03:01:00,29.73,9.51,aborted
SE-0007966,ST-006,4,2026-06-09 01:19:00,2026-06-09 01:53:00,22.31,,completed
SE-0010248,ST-035,1,2026-06-20 23:49:00,2026-06-21 00:45:00,31.4,10.05,completed
SE-0005976,ST-008,2,2026-05-30 18:22:00,2026-05-30 18:32:00,5.16,1.65,completed
SE-0009977,ST-005,1,2026-06-19 23:16:00,2026-06-20 00:26:00,38.78,12.41,completed
SE-0004082,ST-003,1,2026-05-21 17:38:00,2026-05-21 18:13:00,19.48,6.23,completed
SE-0003071,ST-001,1,2026-05-16 11:55:00,2026-05-16 12:43:00,12.61,4.04,completed
SE-0009267,ST-025,2,2026-06-15 23:59:00,2026-06-16 00:12:00,2.69,0.86,completed
SE-0009627,ST-016,2,2026-06-17 01:21:00,2026-06-17 01:55:00,18.53,5.93,completed
SE-0004550,ST-014,1,2026-05-23 05:37:00,2026-05-23 05:43:00,4.27,1.37,completed
SE-0008950,ST-005,2,2026-06-14 14:19:00,2026-06-14 14:58:00,18.59,5.95,completed
SE-0006715,ST-041,1,2026-06-02 15:45:00,2026-06-02 16:02:00,8.86,2.84,completed
SE-0000034,ST-009,2,2026-05-01 04:16:00,2026-05-01 05:13:00,25.83,8.27,completed
SE-0008518,ST-002,2,2026-06-12 06:21:00,2026-06-12 06:52:00,30.39,9.72,aborted
SE-0005385,ST-017,2,2026-05-27 20:03:00,2026-05-27 20:57:00,28800,9.22,completed
SE-0000794,ST-033,1,2026-05-04 18:24:00,2026-05-04 19:12:00,41.56,13.3,completed
SE-0006534,ST-001,4,2026-06-02 06:09:00,2026-06-02 06:46:00,10.0,3.2,completed
SE-0006210,ST-013,1,2026-05-31 15:02:00,2026-05-31 15:39:00,13.4,4.29,completed
SE-0011446,ST-039,3,2026-06-26 13:33:00,2026-06-26 14:27:00,43.27,13.85,completed
SE-0003517,ST-007,1,2026-05-18 23:33:00,2026-05-18 23:50:00,8.69,,completed
SE-0009133,ST-041,2,2026-06-14 08:09:00,2026-06-14 08:42:00,18.38,5.88,completed
SE-0002054,ST-041,6,2026-05-10 18:22:00,2026-05-10 19:30:00,54.14,17.32,completed
SE-0011704,ST-005,1,2026-06-28 19:13:00,2026-06-28 20:30:00,71.87,23.0,completed
SE-0005213,ST-025,1,2026-05-26 10:12:00,2026-05-26 11:06:00,26.65,8.53,completed
SE-0000405,ST-003,1,2026-05-03 10:16:00,2026-05-03 10:38:00,16.64,,completed
SE-0008694,ST-042,5,2026-06-12 02:29:00,2026-06-12 03:28:00,52.12,16.68,completed
SE-0004221,ST-033,1,2026-05-21 17:31:00,2026-05-21 18:10:00,17.22,5.51,completed
SE-0010635,ST-033,2,2026-06-22 21:25:00,2026-06-22 22:18:00,27.03,8.65,completed
SE-0010494,ST-002,2,2026-06-22 23:20:00,2026-06-22 23:35:00,7.17,2.29,completed
SE-0010798,ST-024,1,2026-06-23 09:08:00,2026-06-23 10:08:00,31.64,10.12,completed
SE-0003434,ST-032,1,2026-05-17 16:00:00,2026-05-17 16:27:00,12.77,4.09,completed
SE-0001956,ST-022,4,2026-05-10 21:09:00,2026-05-10 21:49:00,21.4,6.85,completed
SE-0005858,ST-023,1,2026-05-29 14:54:00,2026-05-29 15:37:00,14.09,,completed
SE-0007931,ST-001,3,2026-06-09 00:26:00,2026-06-09 00:32:00,4.64,1.48,completed
SE-0001066,ST-005,1,2026-05-06 01:41:00,2026-05-06 02:11:00,15.05,4.82,completed
SE-0008885,ST-033,2,2026-06-13 08:48:00,2026-06-13 09:39:00,16.86,5.4,completed
SE-0008208,ST-020,2,2026-06-10 09:42:00,2026-06-10 10:57:00,18.99,6.08,completed
SE-0011762,ST-015,2,2026-06-28 22:54:00,2026-06-28 23:35:00,21.1,6.75,completed
SE-0008200,ST-017,1,2026-06-10 19:58:00,2026-06-10 21:10:00,16580,5.31,completed
SE-0011145,ST-014,1,2026-06-25 13:57:00,2026-06-25 15:13:00,16.69,5.34,completed
SE-0004571,ST-016,1,2026-05-23 23:48:00,2026-05-24 00:14:00,12.03,3.85,completed
SE-0005137,ST-010,1,2026-05-26 16:55:00,2026-05-26 17:37:00,24.47,7.83,completed
SE-0010008,ST-014,3,2026-06-19 08:50:00,2026-06-19 09:07:00,8.31,2.66,completed
SE-0010506,ST-005,2,2026-06-22 14:11:00,2026-06-22 14:41:00,16.21,5.19,completed
SE-0011359,ST-016,1,2026-06-26 10:02:00,2026-06-26 10:55:00,30.56,9.78,completed
SE-0004424,ST-033,2,2026-05-22 03:10:00,2026-05-22 03:44:00,22.2,7.1,completed
SE-0008060,ST-029,3,2026-06-09 23:03:00,2026-06-09 23:13:00,8.17,2.61,completed
SE-0003940,ST-015,2,2026-05-20 00:39:00,2026-05-20 00:51:00,4.22,1.35,completed
SE-0003372,ST-015,1,2026-05-17 02:06:00,2026-05-17 03:10:00,24.09,7.71,completed
SE-0000076,ST-017,1,2026-05-01 12:29:00,2026-05-01 13:25:00,36240,11.6,completed
SE-0000838,ST-001,2,2026-05-05 17:32:00,2026-05-05 18:05:00,22.28,7.13,completed
SE-0007342,ST-005,1,2026-06-06 09:37:00,2026-06-06 10:18:00,14.23,4.55,completed
SE-0002634,ST-033,2,2026-05-13 21:19:00,2026-05-13 21:52:00,10.36,3.32,completed
SE-0008030,ST-020,2,2026-06-09 08:21:00,2026-06-09 09:31:00,51.35,16.43,completed
SE-0006932,ST-001,4,2026-06-04 16:55:00,2026-06-04 18:02:00,35.44,11.34,completed
SE-0002711,ST-005,2,2026-05-14 03:57:00,2026-05-14 04:24:00,16.64,5.32,completed
SE-0003721,ST-008,1,2026-05-19 01:44:00,2026-05-19 02:01:00,13.46,4.31,completed
SE-0009058,ST-023,2,2026-06-14 23:37:00,2026-06-15 00:23:00,28.9,9.25,completed
SE-0010791,ST-023,1,2026-06-23 07:33:00,2026-06-23 07:39:00,2.43,,completed
SE-0009546,ST-001,4,2026-06-17 00:15:00,2026-06-17 00:50:00,11.83,3.79,completed
SE-0001755,ST-023,1,2026-05-09 23:54:00,2026-05-10 00:44:00,6.19,1.98,faulted
SE-0006263,ST-023,1,2026-05-31 11:39:00,2026-05-31 12:33:00,32.49,10.4,completed
SE-0011244,ST-034,3,2026-06-25 23:08:00,2026-06-26 00:37:00,35.22,11.27,completed
SE-0001656,ST-003,2,2026-05-09 23:35:00,2026-05-10 00:05:00,16.6,5.31,completed
SE-0007141,ST-004,2,2026-06-05 04:25:00,2026-06-05 04:46:00,13.38,4.28,completed
SE-0003805,ST-025,2,2026-05-19 16:10:00,2026-05-19 17:03:00,13.01,4.16,aborted
SE-0000789,ST-031,2,2026-05-04 03:57:00,2026-05-04 04:28:00,10.69,3.42,completed
SE-0008310,ST-004,3,2026-06-11 19:49:00,2026-06-11 21:01:00,15.29,4.89,completed
SE-0010370,ST-014,1,2026-06-21 09:06:00,2026-06-21 09:59:00,29.4,9.41,completed
SE-0008562,ST-012,2,2026-06-12 01:47:00,2026-06-12 02:06:00,15.11,,completed
SE-0000871,ST-006,2,2026-05-05 03:43:00,2026-05-05 04:54:00,46.64,14.92,completed
SE-0003589,ST-023,1,2026-05-18 21:56:00,2026-05-18 22:23:00,10.12,3.24,completed
SE-0010372,ST-015,2,2026-06-21 08:57:00,2026-06-21 09:44:00,26.78,8.57,completed
SE-0008954,ST-006,2,2026-06-14 09:46:00,2026-06-14 10:49:00,19.12,6.12,completed
SE-0005223,ST-027,4,2026-05-26 04:26:00,2026-05-26 04:52:00,18.06,5.78,completed
SE-0000011,ST-003,2,2026-05-01 14:47:00,2026-05-01 15:16:00,11.3,3.62,completed
SE-0004729,ST-006,1,2026-05-24 06:28:00,2026-05-24 07:19:00,26.27,8.41,completed
SE-0009789,ST-010,2,2026-06-18 08:18:00,2026-06-18 08:45:00,17.23,5.51,completed
SE-0000055,ST-014,2,2026-05-01 05:20:00,2026-05-01 05:47:00,11.77,3.77,completed
SE-0010162,ST-015,2,2026-06-20 08:46:00,2026-06-20 09:32:00,19.46,6.23,completed
SE-0004176,ST-017,2,2026-05-21 03:05:00,2026-05-21 03:59:00,31370,10.04,completed
SE-0003615,ST-029,4,2026-05-18 02:11:00,2026-05-18 03:06:00,30.53,9.77,completed
SE-0006830,ST-016,2,2026-06-03 00:11:00,2026-06-03 00:53:00,18.51,5.92,completed
SE-0011801,ST-023,2,2026-06-28 09:07:00,2026-06-28 09:41:00,21.06,6.74,completed
SE-0011318,ST-007,2,2026-06-26 01:24:00,2026-06-26 01:37:00,6.7,2.14,completed
SE-0005963,ST-006,1,2026-05-30 10:34:00,2026-05-30 10:54:00,7.23,2.31,completed
SE-0005454,ST-032,1,2026-05-27 05:42:00,2026-05-27 06:32:00,49.1,15.71,completed
SE-0005603,ST-015,1,2026-05-28 23:33:00,2026-05-29 00:05:00,12.48,,completed
SE-0006054,ST-022,2,2026-05-30 11:41:00,2026-05-30 13:16:00,53.2,17.02,completed
SE-0001558,ST-017,1,2026-05-08 11:25:00,2026-05-08 11:45:00,13960,,completed
SE-0001875,ST-006,3,2026-05-10 06:56:00,2026-05-10 07:42:00,26.9,8.61,completed
SE-0004992,ST-018,1,2026-05-25 16:47:00,2026-05-25 17:26:00,33.53,10.73,completed
SE-0000717,ST-017,1,2026-05-04 18:44:00,2026-05-04 19:53:00,29440,9.42,completed
SE-0004712,ST-003,1,2026-05-24 13:51:00,2026-05-24 14:42:00,18.28,5.85,completed
SE-0008145,ST-009,2,2026-06-10 06:10:00,2026-06-10 06:56:00,18.81,6.02,aborted
SE-0010311,ST-003,2,2026-06-21 15:31:00,2026-06-21 16:26:00,27.45,8.78,completed
SE-0005394,ST-018,6,2026-05-27 13:12:00,2026-05-27 13:52:00,28.72,9.19,completed
SE-0003737,ST-013,2,2026-05-19 22:06:00,2026-05-19 22:44:00,28.26,9.04,completed
SE-0008683,ST-041,6,2026-06-12 12:06:00,2026-06-12 12:40:00,19.95,6.38,completed
SE-0003910,ST-008,2,2026-05-20 11:58:00,2026-05-20 12:49:00,39.19,12.54,completed
SE-0006902,ST-035,2,2026-06-03 02:59:00,2026-06-03 04:11:00,34.5,11.04,completed
SE-0007527,ST-002,2,2026-06-07 22:51:00,2026-06-07 23:49:00,33.89,10.84,completed
SE-0000236,ST-008,1,2026-05-02 23:22:00,2026-05-03 00:01:00,35.79,11.45,completed
SE-0010196,ST-022,3,2026-06-20 06:01:00,2026-06-20 06:45:00,16.14,5.16,completed
SE-0003504,ST-005,1,2026-05-18 04:31:00,2026-05-18 04:37:00,3.21,1.03,completed
SE-0009579,ST-006,5,2026-06-17 07:42:00,2026-06-17 07:59:00,4.38,1.4,completed
SE-0006603,ST-015,1,2026-06-02 08:24:00,2026-06-02 09:01:00,15.53,4.97,completed
SE-0003386,ST-017,1,2026-05-17 18:50:00,2026-05-17 19:56:00,39030,12.49,aborted
SE-0006354,ST-003,1,2026-06-01 15:21:00,2026-06-01 16:24:00,24.87,7.96,completed
SE-0004619,ST-024,2,2026-05-23 09:45:00,2026-05-23 09:51:00,4.78,1.53,completed
SE-0005646,ST-025,1,2026-05-28 15:14:00,2026-05-28 15:31:00,7.06,2.26,completed
SE-0006620,ST-016,1,2026-06-02 21:00:00,2026-06-02 21:31:00,21.95,7.02,completed
SE-0001654,ST-003,1,2026-05-09 15:42:00,2026-05-09 16:13:00,16.32,5.22,completed
SE-0007801,ST-015,2,2026-06-08 12:37:00,2026-06-08 13:15:00,16.33,5.23,completed
SE-0007055,ST-025,2,2026-06-04 06:12:00,2026-06-04 07:12:00,33.5,10.72,completed
SE-0006327,ST-041,4,2026-05-31 01:07:00,2026-05-31 01:42:00,12.83,4.11,completed
SE-0009318,ST-041,3,2026-06-15 12:02:00,2026-06-15 12:33:00,19.2,6.14,completed
SE-0011690,ST-003,1,2026-06-28 12:57:00,2026-06-28 13:43:00,14.86,4.76,completed
SE-0005526,ST-005,1,2026-05-28 22:14:00,2026-05-28 23:04:00,21.86,7.0,completed
SE-0010096,ST-039,2,2026-06-19 06:02:00,2026-06-19 07:06:00,44.2,14.14,completed
SE-0006047,ST-017,2,2026-05-30 06:11:00,2026-05-30 06:56:00,23970,7.67,completed
SE-0008492,ST-041,2,2026-06-11 04:01:00,2026-06-11 05:08:00,55.63,17.8,completed
SE-0004500,ST-005,1,2026-05-23 08:03:00,2026-05-23 09:37:00,64.32,20.58,completed
SE-0002559,ST-017,2,2026-05-13 10:38:00,2026-05-13 11:13:00,30830,9.87,completed
SE-0006928,ST-042,6,2026-06-03 17:16:00,2026-06-03 18:15:00,22.38,7.16,completed
SE-0010826,ST-033,1,2026-06-23 15:40:00,2026-06-23 16:10:00,12.39,3.96,completed
SE-0005103,ST-003,1,2026-05-26 17:59:00,2026-05-26 18:31:00,16.35,5.23,completed
SE-0000385,ST-042,6,2026-05-02 15:43:00,2026-05-02 16:25:00,19.46,6.23,completed
SE-0003017,ST-031,5,2026-05-15 08:53:00,2026-05-15 09:08:00,5.91,1.89,completed
SE-0007015,ST-016,2,2026-06-04 19:15:00,2026-06-04 20:04:00,25.39,8.12,aborted
SE-0011180,ST-017,1,2026-06-25 14:50:00,2026-06-25 15:17:00,14560,4.66,completed
SE-0005623,ST-020,1,2026-05-28 12:39:00,2026-05-28 13:29:00,31.32,10.02,completed
SE-0001335,ST-017,1,2026-05-07 11:24:00,2026-05-07 11:47:00,17680,5.66,completed
SE-0001122,ST-015,2,2026-05-06 18:16:00,2026-05-06 19:04:00,13.24,4.24,completed
SE-0010998,ST-023,2,2026-06-24 10:21:00,2026-06-24 11:19:00,42.75,13.68,completed
SE-0004990,ST-017,2,2026-05-25 05:56:00,2026-05-25 06:47:00,43180,13.82,completed
SE-0004072,ST-002,2,2026-05-21 20:17:00,2026-05-21 21:18:00,13.08,4.19,completed
SE-0004596,ST-022,3,2026-05-23 08:40:00,2026-05-23 09:24:00,22.02,7.05,completed
SE-0008508,ST-001,3,2026-06-12 03:48:00,2026-06-12 04:30:00,18.34,5.87,completed
SE-0006764,ST-006,3,2026-06-03 13:56:00,2026-06-03 14:59:00,23.93,7.66,completed
SE-0011335,ST-011,2,2026-06-26 02:55:00,2026-06-26 04:06:00,59.74,19.12,completed
SE-0011979,ST-022,5,2026-06-29 08:35:00,2026-06-29 09:21:00,15.91,5.09,completed
SE-0000674,ST-014,1,2026-05-04 04:49:00,2026-05-04 04:55:00,4.95,1.58,completed
SE-0008193,ST-017,1,2026-06-10 23:45:00,2026-06-11 00:05:00,10390,3.32,completed
SE-0001253,ST-003,1,2026-05-07 19:48:00,2026-05-07 20:26:00,23.58,7.55,completed
SE-0011094,ST-003,2,2026-06-25 01:47:00,2026-06-25 02:30:00,30.13,,completed
SE-0005367,ST-015,2,2026-05-27 04:30:00,2026-05-27 05:21:00,28.26,9.04,completed
SE-0004942,ST-008,2,2026-05-25 09:24:00,2026-05-25 10:29:00,37.83,12.11,completed
SE-0000411,ST-004,4,2026-05-03 16:57:00,2026-05-03 17:54:00,12.75,4.08,completed
SE-0007649,ST-023,2,2026-06-07 08:35:00,2026-06-07 09:33:00,31.11,9.96,completed
SE-0006019,ST-015,2,2026-05-30 19:35:00,2026-05-30 20:03:00,18.45,5.9,completed
SE-0008396,ST-017,1,2026-06-11 16:11:00,2026-06-11 17:10:00,32500,10.4,completed
SE-0005823,ST-015,2,2026-05-29 08:08:00,2026-05-29 09:30:00,57.94,18.54,completed
SE-0001088,ST-010,1,2026-05-06 04:17:00,2026-05-06 05:03:00,21.74,6.96,completed
SE-0001911,ST-014,3,2026-05-10 16:27:00,2026-05-10 16:55:00,11.89,3.8,completed
SE-0001988,ST-027,2,2026-05-10 05:44:00,2026-05-10 06:45:00,31.56,10.1,completed
SE-0000047,ST-013,1,2026-05-01 16:02:00,2026-05-01 16:32:00,16.28,5.21,completed
SE-0011774,ST-017,2,2026-06-28 22:36:00,2026-06-28 23:16:00,20200,6.46,completed
SE-0009641,ST-018,6,2026-06-17 01:07:00,2026-06-17 01:36:00,13.41,,completed
SE-0004242,ST-037,3,2026-05-21 17:59:00,2026-05-21 18:43:00,27.74,8.88,completed
SE-0004567,ST-015,2,2026-05-23 09:43:00,2026-05-23 10:32:00,25.64,8.2,aborted
SE-0007730,ST-001,3,2026-06-08 04:53:00,2026-06-08 05:24:00,18.75,6.0,completed
SE-0003016,ST-031,2,2026-05-15 23:44:00,2026-05-16 00:02:00,12.88,4.12,completed
SE-0006221,ST-014,2,2026-05-31 14:06:00,2026-05-31 15:05:00,26.24,8.4,completed
SE-0005229,ST-030,4,2026-05-26 03:07:00,2026-05-26 04:00:00,34.19,10.94,completed
SE-0006321,ST-041,2,2026-05-31 02:45:00,2026-05-31 03:13:00,5.44,1.74,completed
SE-0010691,ST-003,2,2026-06-23 20:56:00,2026-06-23 21:38:00,31.23,9.99,aborted
SE-0000222,ST-005,1,2026-05-02 03:50:00,2026-05-02 04:51:00,25.11,8.04,completed
SE-0009309,ST-037,1,2026-06-15 17:02:00,2026-06-15 17:33:00,21.41,6.85,completed
SE-0003776,ST-021,3,2026-05-19 18:52:00,2026-05-19 19:10:00,15.7,5.02,completed
SE-0000813,ST-036,4,2026-05-04 14:37:00,2026-05-04 15:29:00,31.04,9.93,completed
SE-0009054,ST-023,1,2026-06-14 23:17:00,2026-06-15 00:18:00,37.39,,completed
SE-0000362,ST-035,2,2026-05-02 02:50:00,2026-05-02 03:50:00,31.28,10.01,completed
SE-0010790,ST-023,1,2026-06-23 22:06:00,2026-06-23 23:02:00,42.01,13.44,completed
SE-0002777,ST-017,1,2026-05-14 16:50:00,2026-05-14 18:06:00,40670,13.01,completed
SE-0008124,ST-005,1,2026-06-10 22:43:00,2026-06-10 23:19:00,27.53,8.81,completed
SE-0011791,ST-023,1,2026-06-28 21:40:00,2026-06-28 22:50:00,32.81,10.5,completed
SE-0005927,ST-041,6,2026-05-29 19:04:00,2026-05-29 19:40:00,11.66,3.73,completed
SE-0009387,ST-007,2,2026-06-16 05:10:00,2026-06-16 05:40:00,19.31,6.18,completed
SE-0004913,ST-005,2,2026-05-25 10:14:00,2026-05-25 10:46:00,7.41,2.37,completed
SE-0010081,ST-033,1,2026-06-19 18:27:00,2026-06-19 18:44:00,10.96,3.51,completed
SE-0002704,ST-004,4,2026-05-14 21:44:00,2026-05-14 22:40:00,22.76,7.28,completed
SE-0008792,ST-015,1,2026-06-13 16:15:00,2026-06-13 16:40:00,12.64,4.04,completed
SE-0010885,ST-003,2,2026-06-24 05:25:00,2026-06-24 05:50:00,24.76,7.92,completed
SE-0000016,ST-004,2,2026-05-01 07:35:00,2026-05-01 08:00:00,9.32,2.98,completed
SE-0003120,ST-006,4,2026-05-16 20:10:00,2026-05-16 20:52:00,21.53,6.89,completed
SE-0011218,ST-027,1,2026-06-25 16:59:00,2026-06-25 18:12:00,46.66,14.93,completed
SE-0010289,ST-001,2,2026-06-21 09:40:00,2026-06-21 10:23:00,23.14,7.4,completed
SE-0005195,ST-023,2,2026-05-26 14:22:00,2026-05-26 14:46:00,9.19,2.94,completed
SE-0011220,ST-028,2,2026-06-25 14:08:00,2026-06-25 15:16:00,39.17,12.53,completed
SE-0010979,ST-022,6,2026-06-24 08:08:00,2026-06-24 08:36:00,17.69,5.66,completed
SE-0011567,ST-015,1,2026-06-27 22:47:00,2026-06-27 23:35:00,34.07,10.9,completed
SE-0004897,ST-002,2,2026-05-25 07:49:00,2026-05-25 09:08:00,28.79,9.21,completed
SE-0007727,ST-001,2,2026-06-08 15:36:00,2026-06-08 16:21:00,30.57,9.78,completed
SE-0000090,ST-018,6,2026-05-01 13:09:00,2026-05-01 14:23:00,58.43,18.7,completed
SE-0008230,ST-023,2,2026-06-10 22:50:00,2026-06-10 23:29:00,2.54,0.81,faulted
SE-0005302,ST-003,1,2026-05-27 03:39:00,2026-05-27 04:02:00,13.75,4.4,completed
SE-0005055,ST-037,2,2026-05-25 12:34:00,2026-05-25 13:38:00,40.98,13.11,completed
SE-0000765,ST-025,1,2026-05-04 03:41:00,2026-05-04 04:23:00,21.9,7.01,completed
SE-0003927,ST-014,4,2026-05-20 15:04:00,2026-05-20 15:44:00,2.16,0.69,completed
SE-0001128,ST-016,2,2026-05-06 12:30:00,2026-05-06 13:00:00,6.71,2.15,completed
SE-0011440,ST-036,4,2026-06-26 03:09:00,2026-06-26 03:45:00,12.73,4.07,completed
SE-0010011,ST-015,2,2026-06-19 01:11:00,2026-06-19 01:33:00,9.49,3.04,completed
SE-0011407,ST-025,2,2026-06-26 14:10:00,2026-06-26 14:34:00,14.98,4.79,completed
SE-0003791,ST-023,1,2026-05-19 21:56:00,2026-05-19 23:00:00,39.25,12.56,completed
SE-0007208,ST-016,2,2026-06-05 10:09:00,2026-06-05 10:28:00,13.47,4.31,completed
SE-0004837,ST-026,1,2026-05-24 07:02:00,2026-05-24 08:07:00,64.46,20.63,completed
SE-0009506,ST-033,2,2026-06-16 12:41:00,2026-06-16 13:00:00,11.01,3.52,completed
SE-0005782,ST-008,1,2026-05-29 10:11:00,2026-05-29 10:45:00,15.14,4.84,completed
SE-0009740,ST-001,4,2026-06-18 03:01:00,2026-06-18 03:33:00,13.39,4.28,completed
SE-0009792,ST-011,1,2026-06-18 10:25:00,2026-06-18 11:27:00,17.48,5.59,completed
SE-0007776,ST-010,1,2026-06-08 07:12:00,2026-06-08 07:48:00,22.93,7.34,completed
SE-0004061,ST-001,2,2026-05-21 02:32:00,2026-05-21 02:46:00,6.47,2.07,completed
SE-0011104,ST-004,4,2026-06-25 16:21:00,2026-06-25 17:19:00,20.5,6.56,completed
SE-0005648,ST-025,1,2026-05-28 04:10:00,2026-05-28 04:49:00,26.54,8.49,completed
SE-0010503,ST-004,4,2026-06-22 02:10:00,2026-06-22 02:43:00,15.49,4.96,completed
SE-0003092,ST-003,1,2026-05-16 21:56:00,2026-05-16 23:19:00,38.28,12.25,completed
SE-0005811,ST-014,5,2026-05-29 15:16:00,2026-05-29 15:40:00,13.78,4.41,completed
SE-0004482,ST-003,2,2026-05-23 04:18:00,2026-05-23 05:06:00,40.87,13.08,completed
SE-0007168,ST-009,1,2026-06-05 22:09:00,2026-06-05 22:58:00,16.95,5.42,completed
SE-0008639,ST-027,3,2026-06-12 13:10:00,2026-06-12 13:52:00,18.34,5.87,completed
SE-0009412,ST-013,2,2026-06-16 09:43:00,2026-06-16 10:57:00,55.41,17.73,completed
SE-0005939,ST-003,1,2026-05-30 23:39:00,2026-05-31 00:06:00,19.6,6.27,completed
SE-0000803,ST-033,2,2026-05-04 14:46:00,2026-05-04 16:07:00,45.58,14.59,completed
SE-0000914,ST-015,1,2026-05-05 07:42:00,2026-05-05 08:17:00,24.89,7.96,completed
SE-0001115,ST-015,2,2026-05-06 20:46:00,2026-05-06 21:25:00,32.51,10.4,completed
SE-0002904,ST-003,1,2026-05-15 11:56:00,2026-05-15 12:39:00,24.27,7.77,completed
SE-0007540,ST-003,2,2026-06-07 07:49:00,2026-06-07 08:41:00,20.73,6.63,completed
SE-0001308,ST-014,4,2026-05-07 02:16:00,2026-05-07 03:16:00,46.61,14.92,completed
SE-0003856,ST-040,2,2026-05-19 20:39:00,2026-05-19 21:33:00,43.71,13.99,completed
SE-0003498,ST-005,1,2026-05-18 07:36:00,2026-05-18 08:23:00,34.73,11.11,completed
SE-0011437,ST-035,2,2026-06-26 06:27:00,2026-06-26 06:43:00,10.1,3.23,completed
SE-0005438,ST-025,2,2026-05-27 10:12:00,2026-05-27 11:01:00,18.41,5.89,completed
SE-0010546,ST-014,3,2026-06-22 03:50:00,2026-06-22 04:14:00,12.68,4.06,completed
SE-0000786,ST-029,3,2026-05-04 09:22:00,2026-05-04 09:47:00,12.47,3.99,completed
SE-0010976,ST-020,2,2026-06-24 15:19:00,2026-06-24 16:04:00,26.98,8.63,completed
SE-0005052,ST-036,2,2026-05-25 17:55:00,2026-05-25 18:54:00,40.72,13.03,completed
SE-0006770,ST-008,2,2026-06-03 03:57:00,2026-06-03 04:25:00,19.91,6.37,completed
SE-0004190,ST-022,4,2026-05-21 09:33:00,2026-05-21 10:30:00,27.28,8.73,aborted
SE-0006448,ST-018,2,2026-06-01 17:23:00,2026-06-01 18:03:00,30.76,9.84,completed
SE-0001124,ST-016,1,2026-05-06 10:36:00,2026-05-06 11:33:00,2.14,0.68,completed
SE-0001966,ST-023,2,2026-05-10 20:29:00,2026-05-10 20:42:00,3.78,1.21,completed
SE-0001318,ST-015,1,2026-05-07 15:20:00,2026-05-07 15:50:00,9.23,2.95,completed
SE-0005881,ST-029,3,2026-05-29 02:17:00,2026-05-29 02:37:00,12.75,4.08,completed
SE-0011004,ST-025,2,2026-06-24 12:45:00,2026-06-24 12:59:00,4.49,1.44,completed
SE-0011299,ST-005,2,2026-06-26 21:21:00,2026-06-26 21:59:00,15.45,4.94,completed
SE-0010898,ST-005,1,2026-06-24 00:37:00,2026-06-24 01:16:00,29.55,9.46,completed
SE-0002897,ST-003,2,2026-05-15 16:47:00,2026-05-15 17:26:00,6.15,1.97,completed
SE-0003521,ST-008,2,2026-05-18 13:44:00,2026-05-18 14:30:00,35.44,11.34,completed
SE-0002534,ST-014,5,2026-05-13 06:18:00,2026-05-13 06:26:00,5.13,,completed
SE-0000966,ST-025,2,2026-05-05 02:42:00,2026-05-05 03:33:00,24.57,7.86,completed
SE-0004796,ST-022,2,2026-05-24 08:00:00,2026-05-24 08:23:00,17.64,5.64,completed
SE-0010473,ST-041,2,2026-06-21 14:26:00,2026-06-21 15:14:00,26.15,8.37,completed
SE-0004529,ST-010,1,2026-05-23 20:26:00,2026-05-23 21:05:00,24.03,7.69,completed
SE-0003084,ST-003,1,2026-05-16 14:33:00,2026-05-16 15:10:00,10.01,3.2,completed
SE-0007673,ST-029,3,2026-06-07 03:57:00,2026-06-07 04:43:00,21.11,6.76,completed
SE-0010773,ST-018,2,2026-06-23 05:21:00,2026-06-23 06:12:00,37.6,12.03,completed
SE-0012045,ST-037,4,2026-06-29 13:52:00,2026-06-29 14:09:00,10.06,3.22,completed
SE-0001883,ST-008,1,2026-05-10 03:38:00,2026-05-10 04:37:00,40.95,13.1,completed
SE-0011009,ST-025,1,2026-06-24 16:25:00,2026-06-24 17:22:00,51.49,16.48,completed
SE-0008549,ST-009,2,2026-06-12 10:46:00,2026-06-12 11:18:00,24.46,7.83,completed
SE-0009452,ST-019,1,2026-06-16 18:44:00,2026-06-16 18:54:00,3.08,0.99,completed
SE-0004860,ST-033,1,2026-05-24 19:02:00,2026-05-24 19:42:00,14.81,4.74,completed
SE-0006906,ST-037,1,2026-06-03 15:12:00,2026-06-03 16:04:00,25.98,8.31,completed
SE-0009246,ST-022,5,2026-06-15 14:05:00,2026-06-15 14:29:00,12.94,4.14,completed
SE-0008187,ST-016,1,2026-06-10 06:28:00,2026-06-10 07:13:00,17.79,5.69,completed
SE-0006351,ST-003,2,2026-06-01 15:55:00,2026-06-01 16:08:00,10.74,3.44,completed
SE-0006328,ST-041,3,2026-05-31 20:22:00,2026-05-31 21:03:00,29.71,9.51,completed
SE-0010565,ST-016,2,2026-06-22 14:58:00,2026-06-22 15:40:00,23.04,7.37,completed
SE-0000664,ST-012,1,2026-05-04 00:31:00,2026-05-04 00:59:00,17.31,,completed
SE-0003516,ST-006,3,2026-05-18 05:32:00,2026-05-18 06:31:00,48.67,15.57,completed
SE-0005107,ST-003,1,2026-05-26 21:23:00,2026-05-26 22:36:00,44.4,14.21,completed
SE-0003640,ST-039,3,2026-05-18 15:55:00,2026-05-18 16:30:00,20.97,6.71,completed
SE-0009666,ST-023,1,2026-06-17 12:33:00,2026-06-17 13:06:00,23.65,7.57,completed
SE-0005330,ST-006,5,2026-05-27 15:57:00,2026-05-27 16:42:00,21.91,7.01,completed
SE-0000760,ST-025,2,2026-05-04 22:00:00,2026-05-04 22:52:00,17.36,5.56,completed
SE-0006427,ST-015,2,2026-06-01 19:39:00,2026-06-01 20:09:00,17.04,5.45,completed
SE-0006045,ST-017,1,2026-05-30 01:04:00,2026-05-30 01:52:00,8029,2.57,completed
SE-0010985,ST-022,6,2026-06-24 02:03:00,2026-06-24 03:02:00,51.9,16.61,completed
SE-0008643,ST-029,4,2026-06-12 17:54:00,2026-06-12 18:37:00,31.4,10.05,completed
SE-0002162,ST-017,2,2026-05-11 16:41:00,2026-05-11 17:31:00,24930,7.98,completed
SE-0007327,ST-002,2,2026-06-06 14:01:00,2026-06-06 14:25:00,7.51,2.4,completed
SE-0006009,ST-014,4,2026-05-30 09:44:00,2026-05-30 09:59:00,8.22,2.63,completed
SE-0001689,ST-010,1,2026-05-09 22:15:00,2026-05-09 22:39:00,14.37,4.6,completed
SE-0001273,ST-006,3,2026-05-07 14:03:00,2026-05-07 14:52:00,34.8,11.14,completed
SE-0003246,ST-032,4,2026-05-16 16:19:00,2026-05-16 17:01:00,20.23,6.47,completed
SE-0007419,ST-021,1,2026-06-06 04:37:00,2026-06-06 05:35:00,42.83,13.71,completed
SE-0008891,ST-036,1,2026-06-13 23:31:00,2026-06-14 00:31:00,44.47,14.23,completed
SE-0005944,ST-003,1,2026-05-30 16:08:00,2026-05-30 17:29:00,33.12,10.6,completed
SE-0011732,ST-009,1,2026-06-28 06:50:00,2026-06-28 07:06:00,9.36,3.0,completed
SE-0011593,ST-022,6,2026-06-27 00:50:00,2026-06-27 01:51:00,47.66,15.25,completed
SE-0009234,ST-017,2,2026-06-15 02:25:00,2026-06-15 03:13:00,19160,6.13,completed
SE-0005528,ST-005,2,2026-05-28 04:21:00,2026-05-28 04:57:00,18.4,5.89,completed
SE-0007045,ST-024,1,2026-06-04 12:05:00,2026-06-04 12:51:00,28.0,8.96,completed
SE-0005058,ST-039,2,2026-05-25 07:15:00,2026-05-25 08:11:00,34.1,10.91,completed
SE-0001310,ST-015,2,2026-05-07 13:36:00,2026-05-07 14:20:00,10.78,3.45,completed
SE-0011512,ST-006,2,2026-06-27 13:55:00,2026-06-27 14:34:00,25.05,8.02,completed
SE-0011151,ST-014,5,2026-06-25 02:40:00,2026-06-25 02:46:00,4.24,1.36,completed
SE-0009199,ST-012,2,2026-06-15 10:13:00,2026-06-15 10:58:00,25.08,8.03,completed
SE-0009292,ST-033,2,2026-06-15 16:38:00,2026-06-15 17:07:00,10.58,3.39,completed
SE-0011056,ST-041,2,2026-06-24 22:02:00,2026-06-24 22:57:00,21.21,6.79,completed
SE-0002696,ST-003,1,2026-05-14 15:16:00,2026-05-14 15:57:00,25.16,,completed
SE-0011264,ST-041,6,2026-06-25 23:48:00,2026-06-26 00:14:00,18.88,6.04,completed
SE-0004464,ST-041,2,2026-05-22 03:31:00,2026-05-22 03:59:00,22.73,7.27,completed
SE-0011738,ST-012,2,2026-06-28 08:26:00,2026-06-28 09:25:00,26.11,8.36,completed
SE-0009045,ST-022,1,2026-06-14 07:09:00,2026-06-14 08:09:00,32.3,10.34,completed
SE-0011475,ST-002,2,2026-06-27 21:56:00,2026-06-27 22:56:00,23.31,7.46,completed
SE-0011568,ST-015,2,2026-06-27 04:15:00,2026-06-27 05:02:00,28.42,9.09,completed
SE-0000711,ST-017,1,2026-05-04 06:14:00,2026-05-04 06:55:00,19280,6.17,completed
SE-0005640,ST-023,2,2026-05-28 19:50:00,2026-05-28 19:56:00,1.5,0.48,completed
SE-0003690,ST-005,1,2026-05-19 07:22:00,2026-05-19 08:07:00,21.92,7.01,completed
SE-0008764,ST-009,2,2026-06-13 13:27:00,2026-06-13 14:49:00,39.99,12.8,completed
SE-0011311,ST-006,4,2026-06-26 06:18:00,2026-06-26 07:14:00,16.79,5.37,completed
SE-0004703,ST-002,1,2026-05-24 06:51:00,2026-05-24 07:53:00,24.54,,completed
SE-0001187,ST-025,1,2026-05-06 17:20:00,2026-05-06 17:56:00,6.56,2.1,completed
SE-0007584,ST-011,2,2026-06-07 17:21:00,2026-06-07 18:20:00,49.43,,completed
SE-0001872,ST-006,1,2026-05-10 03:42:00,2026-05-10 05:11:00,51.89,16.6,completed
SE-0006538,ST-002,1,2026-06-02 22:51:00,2026-06-02 23:37:00,28.6,9.15,completed
SE-0004198,ST-025,1,2026-05-21 23:43:00,2026-05-22 00:31:00,8.92,2.85,completed
SE-0004564,ST-015,1,2026-05-23 00:55:00,2026-05-23 01:23:00,29.53,9.45,completed
SE-0007256,ST-025,2,2026-06-05 10:59:00,2026-06-05 11:54:00,36.26,11.6,completed
SE-0003881,ST-002,2,2026-05-20 22:28:00,2026-05-20 23:21:00,27.46,8.79,completed
SE-0010633,ST-033,2,2026-06-22 06:06:00,2026-06-22 06:50:00,24.01,7.68,completed
SE-0004994,ST-019,1,2026-05-25 06:16:00,2026-05-25 07:13:00,14.26,,completed
SE-0004067,ST-001,1,2026-05-21 10:40:00,2026-05-21 11:08:00,13.57,4.34,completed
SE-0007479,ST-033,2,2026-06-06 11:26:00,2026-06-06 12:47:00,55.41,17.73,completed
SE-0001557,ST-017,1,2026-05-08 17:37:00,2026-05-08 18:14:00,15180,4.86,completed
SE-0000247,ST-010,1,2026-05-02 08:50:00,2026-05-02 09:28:00,26.87,8.6,completed
SE-0002970,ST-017,1,2026-05-15 11:17:00,2026-05-15 11:23:00,3140,1.0,completed
SE-0000755,ST-023,2,2026-05-04 03:33:00,2026-05-04 03:57:00,20.82,6.66,completed
SE-0009201,ST-013,2,2026-06-15 19:58:00,2026-06-15 20:19:00,12.75,4.08,completed
SE-0007959,ST-005,2,2026-06-09 05:48:00,2026-06-09 06:51:00,36.87,11.8,completed
SE-0007455,ST-025,2,2026-06-06 16:16:00,2026-06-06 17:02:00,11.57,3.7,completed
SE-0005664,ST-026,3,2026-05-28 17:45:00,2026-05-28 18:15:00,18.7,5.98,completed
SE-0001205,ST-033,2,2026-05-06 15:25:00,2026-05-06 15:31:00,3.9,1.25,completed
SE-0002046,ST-041,6,2026-05-10 16:10:00,2026-05-10 17:04:00,22.17,7.09,completed
SE-0000957,ST-023,2,2026-05-05 19:48:00,2026-05-05 19:54:00,4.12,1.32,completed
SE-0009347,ST-003,1,2026-06-16 07:08:00,2026-06-16 08:05:00,25.35,8.11,completed
SE-0011599,ST-023,2,2026-06-27 09:36:00,2026-06-27 10:27:00,8.93,2.86,faulted
SE-0009224,ST-015,1,2026-06-15 04:51:00,2026-06-15 04:57:00,3.57,1.14,completed
SE-0010327,ST-006,3,2026-06-21 13:13:00,2026-06-21 13:39:00,16.38,5.24,completed
SE-0003376,ST-015,1,2026-05-17 02:00:00,2026-05-17 02:52:00,39.66,12.69,completed
SE-0005961,ST-006,1,2026-05-30 19:01:00,2026-05-30 20:01:00,46.75,14.96,completed
SE-0011253,ST-038,2,2026-06-25 21:51:00,2026-06-25 22:53:00,47.31,15.14,completed
SE-0000881,ST-008,1,2026-05-05 14:34:00,2026-05-05 15:45:00,46.43,14.86,completed
SE-0003437,ST-033,2,2026-05-17 14:24:00,2026-05-17 15:27:00,24.02,7.69,completed
SE-0001786,ST-029,4,2026-05-09 19:06:00,2026-05-09 19:34:00,17.4,5.57,completed
SE-0009022,ST-017,1,2026-06-14 07:38:00,2026-06-14 07:56:00,13090,,completed
SE-0000904,ST-014,2,2026-05-05 15:46:00,2026-05-05 16:28:00,31.14,,completed
SE-0007855,ST-023,2,2026-06-08 02:40:00,2026-06-08 03:14:00,21.79,6.97,completed
SE-0008072,ST-034,2,2026-06-09 19:16:00,2026-06-09 20:01:00,30.9,9.89,completed
SE-0005437,ST-025,1,2026-05-27 13:51:00,2026-05-27 14:48:00,39.03,12.49,completed
SE-0005703,ST-037,1,2026-05-28 18:47:00,2026-05-28 19:19:00,27.76,8.88,completed
SE-0009420,ST-014,3,2026-06-16 04:05:00,2026-06-16 04:29:00,9.98,3.19,completed
SE-0011255,ST-039,2,2026-06-25 06:45:00,2026-06-25 07:55:00,60.2,,completed
SE-0011934,ST-014,4,2026-06-29 07:14:00,2026-06-29 07:52:00,26.78,8.57,completed
SE-0005242,ST-033,1,2026-05-26 01:03:00,2026-05-26 01:34:00,21.56,6.9,completed
SE-0007428,ST-022,5,2026-06-06 12:42:00,2026-06-06 13:18:00,23.71,7.59,completed
SE-0009909,ST-033,2,2026-06-18 04:06:00,2026-06-18 04:47:00,6.69,2.14,completed
SE-0004561,ST-015,1,2026-05-23 18:30:00,2026-05-23 18:41:00,6.54,2.09,completed
SE-0008295,ST-001,2,2026-06-11 06:14:00,2026-06-11 06:57:00,24.65,7.89,completed
SE-0010579,ST-017,1,2026-06-22 21:35:00,2026-06-22 22:00:00,12980,4.15,completed
SE-0007102,ST-039,4,2026-06-04 07:05:00,2026-06-04 07:58:00,36.12,11.56,completed
SE-0007266,ST-027,3,2026-06-05 11:01:00,2026-06-05 11:31:00,22.32,7.14,completed
SE-0010809,ST-025,1,2026-06-23 15:30:00,2026-06-23 16:06:00,21.02,6.73,completed
SE-0001668,ST-005,2,2026-05-09 05:23:00,2026-05-09 06:08:00,29.11,9.32,completed
SE-0000167,ST-035,1,2026-05-01 11:24:00,2026-05-01 11:41:00,7.75,2.48,completed
SE-0005739,ST-003,2,2026-05-29 15:32:00,2026-05-29 16:08:00,12.99,4.16,completed
SE-0001776,ST-025,1,2026-05-09 22:24:00,2026-05-09 22:56:00,17.11,5.48,completed
SE-0002377,ST-022,1,2026-05-12 18:03:00,2026-05-12 18:42:00,25.62,8.2,completed
SE-0012044,ST-037,3,2026-06-29 03:22:00,2026-06-29 04:37:00,39.28,12.57,completed
SE-0005497,ST-041,3,2026-05-27 11:27:00,2026-05-27 11:52:00,15.07,4.82,completed
SE-0010106,ST-041,3,2026-06-19 21:40:00,2026-06-19 22:05:00,20.57,6.58,completed
SE-0008900,ST-039,1,2026-06-13 13:48:00,2026-06-13 14:51:00,37.97,12.15,completed
SE-0005279,ST-041,5,2026-05-26 04:00:00,2026-05-26 04:48:00,34.29,10.97,completed
SE-0008377,ST-015,2,2026-06-11 07:43:00,2026-06-11 08:59:00,28.97,9.27,completed
SE-0000237,ST-008,2,2026-05-02 06:49:00,2026-05-02 07:24:00,18.13,5.8,completed
SE-0011497,ST-006,6,2026-06-27 11:53:00,2026-06-27 12:42:00,42.55,13.62,completed
SE-0000776,ST-026,3,2026-05-04 17:47:00,2026-05-04 18:21:00,7.85,,completed
SE-0000481,ST-016,2,2026-05-03 13:28:00,2026-05-03 13:37:00,5.29,1.69,completed
SE-0007519,ST-001,4,2026-06-07 11:05:00,2026-06-07 11:52:00,18.8,6.02,completed
SE-0007394,ST-015,2,2026-06-06 13:50:00,2026-06-06 14:33:00,22.7,7.26,completed
SE-0008125,ST-005,1,2026-06-10 11:57:00,2026-06-10 12:11:00,2.43,0.78,completed
SE-0002204,ST-025,2,2026-05-11 12:55:00,2026-05-11 14:33:00,88.4,28.29,completed
SE-0003314,ST-003,1,2026-05-17 19:34:00,2026-05-17 20:52:00,52.04,16.65,completed
SE-0003906,ST-006,1,2026-05-20 14:10:00,2026-05-20 15:00:00,27.66,8.85,completed
SE-0010163,ST-015,1,2026-06-20 22:04:00,2026-06-20 23:06:00,41.67,13.33,completed
SE-0007358,ST-006,4,2026-06-06 00:41:00,2026-06-06 01:26:00,22.21,7.11,completed
SE-0004092,ST-005,1,2026-05-21 05:25:00,2026-05-21 06:14:00,21.41,6.85,completed
SE-0001638,ST-041,6,2026-05-08 09:31:00,2026-05-08 10:00:00,14.31,4.58,completed
SE-0008283,ST-041,6,2026-06-10 20:26:00,2026-06-10 20:32:00,1.5,,completed
SE-0003388,ST-018,4,2026-05-17 05:42:00,2026-05-17 06:49:00,43.68,13.98,completed
SE-0009573,ST-005,1,2026-06-17 20:24:00,2026-06-17 21:07:00,14.05,4.5,completed
SE-0006131,ST-035,1,2026-05-30 05:23:00,2026-05-30 06:08:00,32.28,10.33,completed
SE-0001608,ST-029,3,2026-05-08 03:02:00,2026-05-08 03:31:00,15.85,5.07,completed
SE-0003398,ST-022,3,2026-05-17 20:48:00,2026-05-17 21:44:00,45.49,14.56,completed
SE-0003007,ST-025,1,2026-05-15 19:05:00,2026-05-15 19:20:00,7.59,,completed
SE-0003674,ST-003,1,2026-05-19 07:10:00,2026-05-19 08:03:00,18.58,5.95,completed
SE-0009516,ST-033,2,2026-06-16 17:14:00,2026-06-16 17:40:00,19.22,6.15,completed
SE-0007003,ST-015,1,2026-06-04 07:28:00,2026-06-04 08:28:00,41.65,13.33,completed
SE-0009179,ST-007,6,2026-06-15 06:04:00,2026-06-15 06:50:00,29.01,9.28,completed
SE-0009554,ST-003,1,2026-06-17 22:33:00,2026-06-17 23:03:00,24.45,7.82,completed
SE-0004924,ST-005,1,2026-05-25 09:41:00,2026-05-25 09:51:00,7.88,2.52,aborted
SE-0000555,ST-034,1,2026-05-03 05:37:00,2026-05-03 06:31:00,15.81,5.06,completed
SE-0004518,ST-007,6,2026-05-23 08:10:00,2026-05-23 09:21:00,38.0,12.16,completed
SE-0006818,ST-015,2,2026-06-03 09:24:00,2026-06-03 10:56:00,68.01,21.76,completed
SE-0002851,ST-034,1,2026-05-14 22:15:00,2026-05-14 22:50:00,11.62,3.72,completed
SE-0005263,ST-038,1,2026-05-26 00:46:00,2026-05-26 01:15:00,19.48,6.23,completed
SE-0011310,ST-006,5,2026-06-26 20:42:00,2026-06-26 21:38:00,35.39,11.32,completed
SE-0004865,ST-034,1,2026-05-24 16:36:00,2026-05-24 17:19:00,25.69,8.22,completed
SE-0001943,ST-017,1,2026-05-10 12:35:00,2026-05-10 13:38:00,23770,7.61,completed
SE-0004793,ST-022,2,2026-05-24 10:41:00,2026-05-24 11:52:00,42.61,13.64,completed
SE-0002299,ST-005,1,2026-05-12 19:47:00,2026-05-12 20:30:00,24.15,7.73,completed
SE-0004993,ST-018,1,2026-05-25 08:12:00,2026-05-25 08:52:00,18.02,5.77,completed
SE-0000558,ST-034,4,2026-05-03 23:40:00,2026-05-04 00:06:00,16.2,5.18,completed
SE-0008687,ST-041,4,2026-06-12 23:19:00,2026-06-13 00:07:00,17.83,5.71,completed
SE-0011211,ST-025,1,2026-06-25 13:35:00,2026-06-25 14:07:00,11.1,3.55,completed
SE-0004941,ST-008,2,2026-05-25 16:12:00,2026-05-25 16:57:00,25.69,8.22,completed
SE-0001464,ST-002,1,2026-05-08 03:48:00,2026-05-08 04:11:00,16.08,5.15,completed
SE-0011027,ST-031,2,2026-06-24 15:37:00,2026-06-24 16:05:00,18.52,5.93,completed
SE-0003658,ST-041,6,2026-05-18 03:15:00,2026-05-18 03:26:00,6.64,2.12,completed
SE-0003797,ST-023,1,2026-05-19 14:53:00,2026-05-19 15:17:00,15.32,4.9,completed
SE-0006866,ST-023,2,2026-06-03 10:55:00,2026-06-03 11:42:00,22.49,7.2,completed
SE-0002292,ST-005,1,2026-05-12 06:11:00,2026-05-12 07:15:00,27.65,8.85,completed
SE-0002960,ST-015,1,2026-05-15 18:51:00,2026-05-15 19:51:00,35.63,11.4,completed
SE-0010756,ST-015,2,2026-06-23 23:41:00,2026-06-24 00:52:00,27.54,8.81,completed
SE-0002366,ST-020,1,2026-05-12 19:40:00,2026-05-12 20:14:00,20.6,6.59,completed
SE-0007459,ST-027,2,2026-06-06 01:49:00,2026-06-06 02:42:00,18.77,6.01,completed
SE-0001513,ST-010,1,2026-05-08 04:03:00,2026-05-08 04:28:00,18.08,5.79,completed
SE-0008517,ST-002,1,2026-06-12 05:05:00,2026-06-12 05:52:00,32.44,10.38,completed
SE-0011288,ST-003,1,2026-06-26 06:15:00,2026-06-26 06:49:00,20.91,6.69,completed
SE-0000647,ST-008,2,2026-05-04 15:32:00,2026-05-04 16:24:00,30.75,9.84,completed
SE-0006055,ST-022,4,2026-05-30 09:22:00,2026-05-30 10:11:00,24.35,7.79,completed
SE-0003217,ST-023,2,2026-05-16 21:50:00,2026-05-16 22:03:00,8.44,2.7,completed
SE-0009838,ST-018,2,2026-06-18 23:31:00,2026-06-19 00:31:00,42.05,13.46,completed
SE-0001486,ST-006,6,2026-05-08 09:09:00,2026-05-08 09:27:00,9.1,2.91,completed
SE-0004670,ST-040,1,2026-05-23 02:59:00,2026-05-23 03:10:00,8.06,2.58,completed
SE-0003808,ST-025,2,2026-05-19 13:15:00,2026-05-19 13:54:00,19.75,6.32,completed
SE-0010544,ST-014,5,2026-06-22 19:47:00,2026-06-22 21:14:00,30.24,9.68,completed
SE-0000903,ST-014,3,2026-05-05 16:27:00,2026-05-05 17:00:00,9.72,3.11,completed
SE-0012014,ST-028,2,2026-06-29 08:38:00,2026-06-29 09:31:00,27.31,8.74,completed
SE-0011386,ST-022,6,2026-06-26 14:48:00,2026-06-26 16:03:00,54.47,17.43,completed
SE-0010620,ST-031,1,2026-06-22 12:34:00,2026-06-22 13:24:00,22.25,7.12,completed
SE-0001554,ST-016,2,2026-05-08 01:21:00,2026-05-08 02:04:00,19.86,6.36,completed
SE-0004824,ST-025,1,2026-05-24 09:37:00,2026-05-24 10:51:00,41.74,13.36,completed
SE-0008490,ST-040,2,2026-06-11 05:00:00,2026-06-11 05:10:00,5.26,1.68,completed
SE-0009035,ST-019,1,2026-06-14 02:44:00,2026-06-14 03:15:00,11.2,3.58,completed
SE-0011659,ST-041,3,2026-06-27 22:53:00,2026-06-27 22:59:00,3.48,1.11,completed
SE-0000438,ST-008,1,2026-05-03 03:52:00,2026-05-03 04:18:00,19.0,6.08,completed
SE-0011569,ST-015,2,2026-06-27 16:55:00,2026-06-27 17:33:00,22.19,7.1,completed
SE-0009947,ST-001,2,2026-06-19 04:00:00,2026-06-19 04:47:00,26.43,8.46,completed
SE-0007407,ST-017,2,2026-06-06 03:41:00,2026-06-06 04:40:00,29070,9.3,completed
SE-0002652,ST-039,1,2026-05-13 15:55:00,2026-05-13 16:33:00,26.51,8.48,completed
SE-0001906,ST-013,1,2026-05-10 12:57:00,2026-05-10 13:43:00,25.99,,completed
SE-0008298,ST-003,1,2026-06-11 14:19:00,2026-06-11 14:53:00,14.22,4.55,completed
SE-0006773,ST-009,1,2026-06-03 20:53:00,2026-06-03 21:34:00,25.89,8.28,completed
SE-0001647,ST-001,3,2026-05-09 06:22:00,2026-05-09 07:01:00,13.6,4.35,completed
SE-0008243,ST-028,2,2026-06-10 20:05:00,2026-06-10 21:00:00,35.99,11.52,completed
SE-0002207,ST-026,4,2026-05-11 03:58:00,2026-05-11 04:47:00,37.11,11.88,completed
SE-0011546,ST-013,2,2026-06-27 09:05:00,2026-06-27 10:12:00,29.15,9.33,completed
SE-0004643,ST-031,2,2026-05-23 10:50:00,2026-05-23 11:36:00,32.65,10.45,completed
SE-0010004,ST-012,2,2026-06-19 10:15:00,2026-06-19 10:38:00,20.09,6.43,completed
SE-0003395,ST-022,3,2026-05-17 07:46:00,2026-05-17 08:19:00,20.93,6.7,completed
SE-0002140,ST-014,5,2026-05-11 01:57:00,2026-05-11 03:10:00,18.23,5.83,completed
SE-0008069,ST-033,2,2026-06-09 03:30:00,2026-06-09 03:36:00,4.88,1.56,completed
SE-0006693,ST-033,1,2026-06-02 23:38:00,2026-06-03 00:04:00,9.87,3.16,completed
SE-0011785,ST-022,4,2026-06-28 15:24:00,2026-06-28 16:16:00,27.9,8.93,completed
SE-0008141,ST-008,1,2026-06-10 14:59:00,2026-06-10 15:30:00,21.84,,completed
SE-0000190,ST-001,1,2026-05-02 22:50:00,2026-05-02 23:49:00,36.86,11.8,completed
SE-0002793,ST-022,5,2026-05-14 02:01:00,2026-05-14 02:45:00,40.11,12.84,completed
SE-0010888,ST-003,1,2026-06-24 04:45:00,2026-06-24 05:13:00,18.75,6.0,completed
SE-0010827,ST-033,2,2026-06-23 01:27:00,2026-06-23 01:47:00,12.63,4.04,completed
SE-0011523,ST-009,1,2026-06-27 12:19:00,2026-06-27 13:08:00,22.77,7.29,completed
SE-0003544,ST-014,3,2026-05-18 00:38:00,2026-05-18 01:53:00,56.56,18.1,completed
SE-0010236,ST-033,1,2026-06-20 18:00:00,2026-06-20 18:44:00,33.28,10.65,completed
SE-0010725,ST-007,6,2026-06-23 08:12:00,2026-06-23 08:58:00,34.39,11.0,aborted
SE-0011245,ST-034,3,2026-06-25 03:11:00,2026-06-25 03:17:00,2.25,0.72,completed
SE-0009782,ST-008,1,2026-06-18 19:56:00,2026-06-18 20:40:00,9.72,3.11,completed
SE-0006879,ST-028,1,2026-06-03 00:58:00,2026-06-03 01:52:00,41.01,13.12,completed
SE-0001015,ST-040,2,2026-05-05 15:57:00,2026-05-05 16:35:00,23.08,7.39,completed
SE-0011389,ST-023,2,2026-06-26 21:56:00,2026-06-26 22:02:00,2.42,0.77,completed
SE-0009252,ST-023,2,2026-06-15 13:02:00,2026-06-15 13:51:00,34.47,11.03,completed
SE-0003034,ST-033,1,2026-05-15 12:50:00,2026-05-15 13:36:00,31.45,10.06,completed
SE-0010183,ST-017,2,2026-06-20 18:24:00,2026-06-20 19:33:00,32800,10.5,completed
SE-0009346,ST-003,2,2026-06-16 08:03:00,2026-06-16 08:09:00,3.79,1.21,completed
SE-0006057,ST-022,4,2026-05-30 20:49:00,2026-05-30 21:30:00,22.05,7.06,completed
SE-0010257,ST-038,1,2026-06-20 22:03:00,2026-06-20 23:04:00,35.22,11.27,completed
SE-0004157,ST-015,1,2026-05-21 04:09:00,2026-05-21 04:53:00,32.81,10.5,completed
SE-0008708,ST-003,1,2026-06-13 09:12:00,2026-06-13 09:55:00,19.26,6.16,completed
SE-0004754,ST-015,1,2026-05-24 00:57:00,2026-05-24 01:30:00,20.55,6.58,completed
SE-0002279,ST-003,1,2026-05-12 05:26:00,2026-05-12 06:10:00,18.73,5.99,completed
SE-0008190,ST-016,2,2026-06-10 08:00:00,2026-06-10 08:14:00,8.59,2.75,completed
SE-0010436,ST-029,2,2026-06-21 19:46:00,2026-06-21 20:48:00,44.48,14.23,completed
SE-0004566,ST-015,1,2026-05-23 05:33:00,2026-05-23 06:10:00,21.88,7.0,completed
SE-0002302,ST-006,3,2026-05-12 06:44:00,2026-05-12 07:05:00,9.93,3.18,completed
SE-0000609,ST-003,2,2026-05-04 14:26:00,2026-05-04 15:10:00,27.64,8.84,completed
SE-0010819,ST-029,1,2026-06-23 23:33:00,2026-06-24 00:20:00,26.36,8.44,completed
SE-0007050,ST-025,1,2026-06-04 22:58:00,2026-06-04 23:08:00,6.09,1.95,completed
SE-0002595,ST-025,1,2026-05-13 14:10:00,2026-05-13 15:07:00,23.52,7.53,completed
SE-0003999,ST-025,2,2026-05-20 21:41:00,2026-05-20 22:57:00,29.86,,completed
SE-0000918,ST-016,1,2026-05-05 23:42:00,2026-05-05 23:48:00,3.75,1.2,completed
SE-0010408,ST-022,3,2026-06-21 16:00:00,2026-06-21 16:41:00,29.82,9.54,completed
SE-0009904,ST-033,1,2026-06-18 06:38:00,2026-06-18 07:18:00,29.28,9.37,completed
SE-0004688,ST-001,4,2026-05-24 11:40:00,2026-05-24 12:02:00,10.72,3.43,completed
SE-0005861,ST-023,1,2026-05-29 21:00:00,2026-05-29 21:46:00,16.77,5.37,completed
SE-0005189,ST-022,3,2026-05-26 06:36:00,2026-05-26 07:17:00,25.31,8.1,completed
SE-0011688,ST-003,2,2026-06-28 15:53:00,2026-06-28 16:52:00,40.39,12.92,completed
SE-0001277,ST-007,5,2026-05-07 16:35:00,2026-05-07 17:17:00,25.44,8.14,completed
SE-0005350,ST-014,5,2026-05-27 07:15:00,2026-05-27 07:48:00,26.56,8.5,completed
SE-0007952,ST-003,2,2026-06-09 20:00:00,2026-06-09 20:33:00,20.49,6.56,completed
SE-0009109,ST-033,2,2026-06-14 06:39:00,2026-06-14 07:36:00,23.72,7.59,completed
SE-0000285,ST-018,1,2026-05-02 02:23:00,2026-05-02 02:56:00,21.97,7.03,completed
SE-0005675,ST-030,4,2026-05-28 06:14:00,2026-05-28 06:49:00,17.58,5.63,completed
SE-0003164,ST-014,2,2026-05-16 23:59:00,2026-05-17 00:49:00,24.38,,completed
SE-0008388,ST-017,2,2026-06-11 00:01:00,2026-06-11 01:00:00,36170,11.57,completed
SE-0006204,ST-010,2,2026-05-31 05:30:00,2026-05-31 06:13:00,39.56,12.66,completed
SE-0000815,ST-036,2,2026-05-04 13:31:00,2026-05-04 14:01:00,19.81,6.34,completed
SE-0007062,ST-027,2,2026-06-04 00:17:00,2026-06-04 01:22:00,44.99,14.4,completed
SE-0005429,ST-025,2,2026-05-27 12:35:00,2026-05-27 13:08:00,8.88,2.84,completed
SE-0005117,ST-005,2,2026-05-26 11:31:00,2026-05-26 12:16:00,20.87,6.68,completed
SE-0002616,ST-029,3,2026-05-13 15:11:00,2026-05-13 16:00:00,23.78,7.61,completed
SE-0002475,ST-003,2,2026-05-13 22:38:00,2026-05-13 23:08:00,21.59,6.91,completed
SE-0005602,ST-015,1,2026-05-28 09:19:00,2026-05-28 10:13:00,1.5,0.48,completed
SE-0007645,ST-023,2,2026-06-07 13:27:00,2026-06-07 14:11:00,25.03,8.01,completed
SE-0006007,ST-014,5,2026-05-30 21:38:00,2026-05-30 22:32:00,31.2,,completed
SE-0011943,ST-015,2,2026-06-29 04:21:00,2026-06-29 05:24:00,44.51,14.24,completed
SE-0007011,ST-015,1,2026-06-04 18:06:00,2026-06-04 19:00:00,38.76,12.4,completed
SE-0001995,ST-029,4,2026-05-10 16:32:00,2026-05-10 17:54:00,60.48,19.35,completed
SE-0004741,ST-010,2,2026-05-24 02:17:00,2026-05-24 03:15:00,42.65,13.65,completed
SE-0005216,ST-025,1,2026-05-26 00:17:00,2026-05-26 00:42:00,13.9,4.45,completed
SE-0001095,ST-012,1,2026-05-06 22:32:00,2026-05-06 23:38:00,25.57,8.18,completed
SE-0009842,ST-021,4,2026-06-18 23:20:00,2026-06-19 00:11:00,22.86,7.32,completed
SE-0011903,ST-008,1,2026-06-29 14:16:00,2026-06-29 15:09:00,20.18,6.46,completed
SE-0001637,ST-041,6,2026-05-08 08:14:00,2026-05-08 09:06:00,14.43,4.62,completed
SE-0003461,ST-041,4,2026-05-17 06:43:00,2026-05-17 07:35:00,20.75,6.64,completed
SE-0005754,ST-005,1,2026-05-29 12:14:00,2026-05-29 12:37:00,7.96,2.55,completed
SE-0004555,ST-015,1,2026-05-23 00:29:00,2026-05-23 01:24:00,38.87,12.44,completed
SE-0004523,ST-009,1,2026-05-23 08:47:00,2026-05-23 09:14:00,13.26,4.24,completed
SE-0002307,ST-006,5,2026-05-12 12:29:00,2026-05-12 13:17:00,26.02,8.33,completed
SE-0007795,ST-014,4,2026-06-08 11:55:00,2026-06-08 12:34:00,9.08,2.91,completed
SE-0006745,ST-004,2,2026-06-03 16:27:00,2026-06-03 17:00:00,30.5,9.76,completed
SE-0003507,ST-006,4,2026-05-18 21:04:00,2026-05-18 21:41:00,24.25,7.76,completed
SE-0009529,ST-041,5,2026-06-16 07:09:00,2026-06-16 08:00:00,29.52,9.45,completed
SE-0011135,ST-012,1,2026-06-25 00:27:00,2026-06-25 01:27:00,36.89,,completed
SE-0005288,ST-001,2,2026-05-27 04:22:00,2026-05-27 04:59:00,24.85,7.95,completed
SE-0007408,ST-017,2,2026-06-06 07:47:00,2026-06-06 08:10:00,17450,5.58,completed
SE-0002398,ST-025,1,2026-05-12 05:08:00,2026-05-12 05:58:00,30.73,,completed
SE-0010855,ST-038,3,2026-06-23 21:46:00,2026-06-23 22:54:00,60.64,19.4,completed
SE-0003011,ST-029,4,2026-05-15 21:13:00,2026-05-15 22:03:00,28.47,9.11,completed
SE-0005733,ST-003,2,2026-05-29 12:53:00,2026-05-29 13:46:00,34.57,11.06,completed
SE-0006440,ST-017,1,2026-06-01 02:06:00,2026-06-01 02:52:00,23940,7.66,completed
SE-0008821,ST-017,2,2026-06-13 05:38:00,2026-06-13 06:05:00,18810,6.02,completed
SE-0002705,ST-005,2,2026-05-14 09:24:00,2026-05-14 10:12:00,17.49,5.6,completed
SE-0002189,ST-023,1,2026-05-11 01:29:00,2026-05-11 02:03:00,11.0,3.52,completed
SE-0009409,ST-012,1,2026-06-16 21:34:00,2026-06-16 22:26:00,27.97,8.95,completed
SE-0003590,ST-023,1,2026-05-18 08:33:00,2026-05-18 09:12:00,13.77,4.41,faulted
SE-0008226,ST-023,1,2026-06-10 10:35:00,2026-06-10 11:34:00,25.92,8.29,completed
SE-0005390,ST-017,2,2026-05-27 01:47:00,2026-05-27 02:11:00,4440,1.42,completed
SE-0001752,ST-022,5,2026-05-09 11:05:00,2026-05-09 11:44:00,17.58,,completed
SE-0004146,ST-014,6,2026-05-21 00:12:00,2026-05-21 00:27:00,7.69,2.46,completed
SE-0004217,ST-033,2,2026-05-21 18:14:00,2026-05-21 18:47:00,21.01,6.72,completed
SE-0008795,ST-015,1,2026-06-13 08:21:00,2026-06-13 09:00:00,9.34,2.99,completed
SE-0001650,ST-002,1,2026-05-09 12:23:00,2026-05-09 12:52:00,16.37,5.24,completed
SE-0001584,ST-023,1,2026-05-08 16:26:00,2026-05-08 17:26:00,21.12,6.76,completed
SE-0001563,ST-020,2,2026-05-08 22:30:00,2026-05-08 23:38:00,30.88,9.88,completed
SE-0011787,ST-022,5,2026-06-28 22:23:00,2026-06-28 22:34:00,5.58,1.79,completed
SE-0006527,ST-041,3,2026-06-01 19:48:00,2026-06-01 20:35:00,27.09,8.67,aborted
SE-0007958,ST-005,1,2026-06-09 09:13:00,2026-06-09 10:17:00,28.47,9.11,completed
SE-0006403,ST-012,1,2026-06-01 00:03:00,2026-06-01 01:15:00,33.51,10.72,completed
SE-0006942,ST-003,2,2026-06-04 00:15:00,2026-06-04 01:00:00,23.72,7.59,completed
SE-0002411,ST-031,6,2026-05-12 10:23:00,2026-05-12 10:46:00,17.55,5.62,completed
SE-0000655,ST-009,2,2026-05-04 22:24:00,2026-05-04 23:08:00,36.38,11.64,completed
SE-0003748,ST-015,1,2026-05-19 01:42:00,2026-05-19 02:23:00,22.15,7.09,completed
SE-0011870,ST-001,3,2026-06-29 10:49:00,2026-06-29 11:18:00,13.63,4.36,completed
SE-0007513,ST-041,2,2026-06-06 15:21:00,2026-06-06 15:49:00,8.91,2.85,completed
SE-0008209,ST-020,2,2026-06-10 17:58:00,2026-06-10 18:55:00,28.26,9.04,completed
SE-0001416,ST-033,2,2026-05-07 23:23:00,2026-05-08 00:05:00,16.14,5.16,completed
SE-0007146,ST-005,1,2026-06-05 14:56:00,2026-06-05 15:40:00,18.95,6.06,completed
SE-0011589,ST-022,4,2026-06-27 22:10:00,2026-06-27 23:04:00,11.44,3.66,completed
SE-0007812,ST-015,1,2026-06-08 04:08:00,2026-06-08 04:33:00,9.55,3.06,completed
SE-0008543,ST-006,5,2026-06-12 16:41:00,2026-06-12 17:31:00,29.18,9.34,completed
SE-0010860,ST-041,4,2026-06-23 01:03:00,2026-06-23 01:14:00,8.21,2.63,completed
SE-0004633,ST-025,2,2026-05-23 06:17:00,2026-05-23 07:31:00,45.53,14.57,completed
SE-0009242,ST-020,2,2026-06-15 03:04:00,2026-06-15 03:32:00,12.09,,completed
SE-0007861,ST-023,2,2026-06-08 00:13:00,2026-06-08 00:57:00,28.5,9.12,completed
SE-0008068,ST-033,2,2026-06-09 15:49:00,2026-06-09 16:47:00,22.81,7.3,completed
SE-0003411,ST-025,1,2026-05-17 01:38:00,2026-05-17 02:22:00,28.55,9.14,completed
SE-0005316,ST-005,1,2026-05-27 14:11:00,2026-05-27 14:53:00,13.32,4.26,aborted
SE-0011414,ST-028,2,2026-06-26 16:19:00,2026-06-26 16:55:00,3.91,1.25,completed
SE-0008493,ST-041,4,2026-06-11 08:37:00,2026-06-11 08:58:00,5.5,1.76,completed
SE-0009378,ST-006,6,2026-06-16 04:37:00,2026-06-16 05:00:00,16.51,5.28,completed
SE-0002475,ST-003,2,2026-05-13 22:38:00,2026-05-13 23:08:00,21.59,6.91,completed
SE-0003309,ST-003,1,2026-05-17 02:39:00,2026-05-17 03:23:00,27.23,8.71,completed
SE-0007299,ST-037,2,2026-06-05 02:00:00,2026-06-05 02:48:00,21.23,6.79,completed
SE-0005597,ST-015,1,2026-05-28 03:37:00,2026-05-28 04:14:00,27.35,8.75,completed
SE-0010956,ST-015,2,2026-06-24 20:21:00,2026-06-24 21:07:00,25.42,8.13,completed
SE-0004132,ST-010,2,2026-05-21 20:14:00,2026-05-21 21:25:00,31.12,9.96,completed
SE-0001119,ST-015,1,2026-05-06 18:24:00,2026-05-06 18:30:00,4.45,1.42,completed
SE-0007568,ST-007,4,2026-06-07 19:05:00,2026-06-07 20:03:00,27.34,8.75,completed
SE-0008336,ST-006,1,2026-06-11 14:44:00,2026-06-11 15:27:00,27.19,8.7,completed
SE-0006192,ST-008,1,2026-05-31 21:16:00,2026-05-31 21:48:00,19.15,6.13,completed
SE-0011495,ST-005,1,2026-06-27 22:31:00,2026-06-27 23:44:00,30.34,9.71,completed
SE-0010500,ST-003,1,2026-06-22 14:43:00,2026-06-22 14:58:00,4.51,1.44,completed
SE-0005127,ST-006,1,2026-05-26 15:07:00,2026-05-26 15:24:00,14.06,,completed
SE-0003884,ST-003,1,2026-05-20 21:05:00,2026-05-20 21:40:00,23.14,7.4,completed
SE-0005190,ST-022,5,2026-05-26 23:23:00,2026-05-27 00:50:00,28.77,9.21,completed
SE-0003006,ST-025,2,2026-05-15 05:04:00,2026-05-15 05:21:00,9.12,2.92,completed
SE-0003276,ST-040,1,2026-05-16 03:58:00,2026-05-16 04:22:00,11.51,3.68,completed
SE-0002532,ST-014,6,2026-05-13 01:07:00,2026-05-13 02:04:00,39.58,12.67,completed
SE-0004097,ST-005,2,2026-05-21 01:55:00,2026-05-21 02:30:00,21.19,6.78,completed
SE-0002500,ST-006,4,2026-05-13 18:14:00,2026-05-13 19:01:00,34.77,11.13,completed
SE-0010955,ST-015,1,2026-06-24 23:21:00,2026-06-25 00:19:00,20.13,6.44,completed
SE-0000762,ST-025,2,2026-05-04 09:51:00,2026-05-04 10:59:00,40.88,13.08,completed
SE-0000482,ST-017,2,2026-05-03 04:57:00,2026-05-03 05:49:00,38520,12.33,completed
SE-0003387,ST-018,2,2026-05-17 17:53:00,2026-05-17 18:58:00,32.06,10.26,completed
SE-0011653,ST-037,1,2026-06-27 23:06:00,2026-06-27 23:58:00,38.22,12.23,completed
SE-0001621,ST-033,1,2026-05-08 17:03:00,2026-05-08 18:10:00,19.91,6.37,completed
SE-0007974,ST-009,1,2026-06-09 07:39:00,2026-06-09 08:39:00,28.04,8.97,completed
SE-0010409,ST-022,3,2026-06-21 12:11:00,2026-06-21 12:51:00,24.52,7.85,completed
SE-0001336,ST-017,2,2026-05-07 02:11:00,2026-05-07 02:45:00,26250,8.4,completed
SE-0011837,ST-034,1,2026-06-28 04:22:00,2026-06-28 04:58:00,18.98,6.07,completed
SE-0002444,ST-041,3,2026-05-12 11:57:00,2026-05-12 12:50:00,28.48,9.11,completed
SE-0005483,ST-036,2,2026-05-27 08:57:00,2026-05-27 09:27:00,11.5,3.68,aborted
SE-0007124,ST-002,2,2026-06-05 09:00:00,2026-06-05 09:46:00,22.77,7.29,completed
SE-0008710,ST-003,2,2026-06-13 18:40:00,2026-06-13 18:46:00,1.5,0.48,completed
SE-0011251,ST-036,1,2026-06-25 13:49:00,2026-06-25 14:51:00,34.02,10.89,completed
SE-0003779,ST-022,3,2026-05-19 08:54:00,2026-05-19 09:31:00,20.81,6.66,completed
SE-0004101,ST-005,1,2026-05-21 16:39:00,2026-05-21 17:18:00,22.66,7.25,completed
SE-0003996,ST-023,1,2026-05-20 02:50:00,2026-05-20 03:46:00,49.09,15.71,completed
SE-0007993,ST-014,3,2026-06-09 22:35:00,2026-06-09 23:12:00,29.32,9.38,completed
SE-0004704,ST-003,1,2026-05-24 13:05:00,2026-05-24 13:34:00,13.92,4.45,completed
SE-0006082,ST-025,2,2026-05-30 12:36:00,2026-05-30 13:13:00,19.08,6.11,completed
SE-0001325,ST-016,1,2026-05-07 05:39:00,2026-05-07 06:33:00,37.6,12.03,completed
SE-0007980,ST-010,2,2026-06-09 06:43:00,2026-06-09 07:10:00,7.65,2.45,completed
SE-0010779,ST-021,5,2026-06-23 22:37:00,2026-06-23 22:58:00,10.86,3.48,completed
SE-0008039,ST-023,2,2026-06-09 19:55:00,2026-06-09 20:42:00,30.77,9.85,completed
SE-0001041,ST-001,4,2026-05-06 22:23:00,2026-05-06 22:53:00,10.28,3.29,completed
SE-0000512,ST-022,6,2026-05-03 00:15:00,2026-05-03 00:42:00,11.93,3.82,completed
SE-0008179,ST-015,1,2026-06-10 16:36:00,2026-06-10 17:08:00,17.97,5.75,aborted
SE-0000832,ST-041,1,2026-05-04 15:00:00,2026-05-04 15:56:00,49.73,15.91,completed
SE-0011775,ST-017,1,2026-06-28 20:25:00,2026-06-28 21:40:00,20980,6.71,completed
SE-0000318,ST-025,2,2026-05-02 14:52:00,2026-05-02 15:26:00,23.25,7.44,completed
SE-0005991,ST-011,1,2026-05-30 07:42:00,2026-05-30 08:42:00,34.27,10.97,aborted
SE-0003166,ST-015,2,2026-05-16 22:25:00,2026-05-16 23:03:00,16.5,,aborted
SE-0009066,ST-024,2,2026-06-14 03:38:00,2026-06-14 04:30:00,25.42,8.13,completed
SE-0000067,ST-015,1,2026-05-01 13:24:00,2026-05-01 14:04:00,23.91,7.65,completed
SE-0008162,ST-013,2,2026-06-10 12:19:00,2026-06-10 12:25:00,3.2,1.02,completed
SE-0004830,ST-025,2,2026-05-24 17:47:00,2026-05-24 18:32:00,23.85,7.63,completed
SE-0002511,ST-009,1,2026-05-13 02:21:00,2026-05-13 03:25:00,11.16,3.57,completed
SE-0008399,ST-019,2,2026-06-11 05:38:00,2026-06-11 05:44:00,3.44,1.1,completed
SE-0006827,ST-015,1,2026-06-03 19:04:00,2026-06-03 19:32:00,8.96,2.87,completed
SE-0011918,ST-012,1,2026-06-29 11:27:00,2026-06-29 12:26:00,26.6,8.51,completed
SE-0005475,ST-034,2,2026-05-27 02:12:00,2026-05-27 02:58:00,18.41,5.89,completed
SE-0006434,ST-016,1,2026-06-01 08:33:00,2026-06-01 09:24:00,32.82,10.5,completed
SE-0005304,ST-004,3,2026-05-27 05:20:00,2026-05-27 06:04:00,23.91,7.65,completed
SE-0007287,ST-033,1,2026-06-05 16:19:00,2026-06-05 16:53:00,24.71,7.91,completed
SE-0008910,ST-041,2,2026-06-13 11:53:00,2026-06-13 12:33:00,20.07,6.42,completed
SE-0008011,ST-015,1,2026-06-09 00:35:00,2026-06-09 01:13:00,16.21,5.19,completed
SE-0006464,ST-023,1,2026-06-01 15:29:00,2026-06-01 16:12:00,36.99,11.84,completed
SE-0001791,ST-032,3,2026-05-09 15:52:00,2026-05-09 16:20:00,20.64,6.6,completed
SE-0011813,ST-025,2,2026-06-28 21:08:00,2026-06-28 21:37:00,15.9,5.09,completed
SE-0004612,ST-023,1,2026-05-23 08:48:00,2026-05-23 09:29:00,34.46,11.03,completed
SE-0002447,ST-041,2,2026-05-12 03:34:00,2026-05-12 04:35:00,32.56,10.42,completed
SE-0008700,ST-001,3,2026-06-13 15:44:00,2026-06-13 17:01:00,28.53,9.13,completed
SE-0009372,ST-006,3,2026-06-16 13:15:00,2026-06-16 13:33:00,9.01,2.88,completed
SE-0004867,ST-034,4,2026-05-24 11:05:00,2026-05-24 11:52:00,18.45,5.9,completed
SE-0003266,ST-035,2,2026-05-16 17:16:00,2026-05-16 18:31:00,35.36,11.32,completed
SE-0004241,ST-037,1,2026-05-21 02:20:00,2026-05-21 02:49:00,22.64,7.24,completed
SE-0001976,ST-025,2,2026-05-10 13:44:00,2026-05-10 14:08:00,11.54,3.69,completed
SE-0000243,ST-009,1,2026-05-02 13:50:00,2026-05-02 14:09:00,11.26,3.6,completed
SE-0007873,ST-025,2,2026-06-08 04:17:00,2026-06-08 04:46:00,16.47,5.27,completed
SE-0003356,ST-011,1,2026-05-17 08:42:00,2026-05-17 09:41:00,41.25,13.2,completed
SE-0004070,ST-001,4,2026-05-21 15:21:00,2026-05-21 15:53:00,12.59,4.03,completed
SE-0001389,ST-026,6,2026-05-07 13:43:00,2026-05-07 14:25:00,23.16,7.41,completed
SE-0007663,ST-025,2,2026-06-07 21:05:00,2026-06-07 21:42:00,13.73,4.39,completed
SE-0000699,ST-015,2,2026-05-04 23:46:00,2026-05-05 00:09:00,13.3,4.26,completed
SE-0003096,ST-003,2,2026-05-16 00:45:00,2026-05-16 01:12:00,13.75,4.4,completed
SE-0005838,ST-017,2,2026-05-29 07:12:00,2026-05-29 08:07:00,33810,10.82,completed
SE-0010303,ST-003,2,2026-06-21 10:05:00,2026-06-21 11:11:00,60.22,19.27,completed
SE-0010614,ST-026,6,2026-06-22 08:39:00,2026-06-22 09:21:00,27.12,,completed
SE-0010533,ST-012,1,2026-06-22 12:11:00,2026-06-22 12:17:00,2.97,0.95,completed
SE-0005893,ST-033,1,2026-05-29 08:31:00,2026-05-29 09:03:00,18.87,6.04,completed
SE-0008878,ST-032,3,2026-06-13 09:08:00,2026-06-13 09:51:00,28.27,9.05,completed
SE-0001434,ST-040,1,2026-05-07 10:00:00,2026-05-07 10:43:00,13.21,4.23,completed
SE-0011347,ST-014,5,2026-06-26 17:01:00,2026-06-26 18:01:00,16.69,5.34,completed
SE-0008103,ST-001,1,2026-06-10 21:13:00,2026-06-10 21:50:00,14.53,4.65,completed
SE-0007991,ST-014,1,2026-06-09 18:41:00,2026-06-09 19:28:00,17.51,5.6,completed
SE-0011544,ST-013,2,2026-06-27 21:28:00,2026-06-27 22:16:00,35.52,11.37,completed
SE-0004707,ST-003,1,2026-05-24 15:47:00,2026-05-24 16:39:00,36.21,11.59,completed
SE-0006819,ST-015,1,2026-06-03 14:40:00,2026-06-03 15:27:00,30.39,9.72,completed
SE-0007116,ST-001,1,2026-06-05 04:34:00,2026-06-05 05:20:00,14.16,4.53,completed
SE-0000708,ST-017,2,2026-05-04 09:05:00,2026-05-04 09:58:00,31470,10.07,completed
SE-0001301,ST-013,2,2026-05-07 03:14:00,2026-05-07 03:52:00,19.71,6.31,completed
SE-0011717,ST-006,5,2026-06-28 20:25:00,2026-06-28 20:58:00,29.1,9.31,completed
SE-0000683,ST-014,5,2026-05-04 15:00:00,2026-05-04 15:44:00,22.07,7.06,completed
SE-0009317,ST-041,2,2026-06-15 03:57:00,2026-06-15 04:39:00,22.45,7.18,completed
SE-0007682,ST-033,2,2026-06-07 11:30:00,2026-06-07 12:18:00,22.63,,completed
SE-0004355,ST-017,1,2026-05-22 14:51:00,2026-05-22 15:21:00,18000,5.76,completed
SE-0008262,ST-033,2,2026-06-10 03:48:00,2026-06-10 04:24:00,26.52,8.49,completed
SE-0006829,ST-015,2,2026-06-03 00:54:00,2026-06-03 01:24:00,15.95,,completed
SE-0004051,ST-041,2,2026-05-20 12:03:00,2026-05-20 12:22:00,4.23,1.35,completed
SE-0005565,ST-009,2,2026-05-28 10:25:00,2026-05-28 11:27:00,21.34,,completed
SE-0005942,ST-003,2,2026-05-30 02:01:00,2026-05-30 02:23:00,10.13,3.24,completed
SE-0009608,ST-012,1,2026-06-17 07:34:00,2026-06-17 08:44:00,48.23,15.43,completed
SE-0008629,ST-025,2,2026-06-12 01:33:00,2026-06-12 02:14:00,24.12,7.72,completed
SE-0005186,ST-022,1,2026-05-26 15:41:00,2026-05-26 16:09:00,4.9,1.57,completed
SE-0011098,ST-003,1,2026-06-25 04:26:00,2026-06-25 05:01:00,9.16,2.93,completed
SE-0005975,ST-008,2,2026-05-30 12:48:00,2026-05-30 13:18:00,12.66,4.05,completed
SE-0010875,ST-001,4,2026-06-24 10:54:00,2026-06-24 11:40:00,21.17,6.77,completed
SE-0001225,ST-041,6,2026-05-06 10:00:00,2026-05-06 10:59:00,35.27,11.29,completed
SE-0001587,ST-023,1,2026-05-08 22:22:00,2026-05-08 22:28:00,3.09,0.99,completed
SE-0011954,ST-015,2,2026-06-29 13:59:00,2026-06-29 14:40:00,25.32,8.1,completed
SE-0009200,ST-012,2,2026-06-15 00:58:00,2026-06-15 01:33:00,13.29,4.25,completed
SE-0000023,ST-005,1,2026-05-01 00:25:00,2026-05-01 00:56:00,26.19,8.38,completed
SE-0005037,ST-033,1,2026-05-25 18:19:00,2026-05-25 19:06:00,10.35,3.31,completed
SE-0009205,ST-014,4,2026-06-15 00:07:00,2026-06-15 00:33:00,19.19,6.14,completed
SE-0000534,ST-025,2,2026-05-03 12:26:00,2026-05-03 13:16:00,36.4,11.65,completed
SE-0011499,ST-006,4,2026-06-27 10:22:00,2026-06-27 10:58:00,26.31,8.42,completed
SE-0011425,ST-032,3,2026-06-26 17:07:00,2026-06-26 17:59:00,14.63,4.68,completed
SE-0002734,ST-010,1,2026-05-14 06:43:00,2026-05-14 07:41:00,27.67,8.85,completed
SE-0002659,ST-041,2,2026-05-13 16:57:00,2026-05-13 18:48:00,53.04,16.97,completed
SE-0002001,ST-031,3,2026-05-10 21:00:00,2026-05-10 21:38:00,1.5,0.48,completed
SE-0008122,ST-005,2,2026-06-10 04:20:00,2026-06-10 05:21:00,31.68,10.14,completed
SE-0009136,ST-041,6,2026-06-14 07:19:00,2026-06-14 08:06:00,28.33,9.07,completed
SE-0010801,ST-025,1,2026-06-23 05:57:00,2026-06-23 06:52:00,25.87,8.28,completed
SE-0000940,ST-019,1,2026-05-05 21:44:00,2026-05-05 22:52:00,35.85,11.47,completed
SE-0001334,ST-017,1,2026-05-07 01:06:00,2026-05-07 01:48:00,28130,9.0,completed
SE-0011915,ST-010,1,2026-06-29 12:56:00,2026-06-29 13:22:00,18.71,5.99,completed
SE-0011864,ST-001,3,2026-06-29 15:52:00,2026-06-29 16:37:00,22.24,,completed
SE-0008520,ST-003,2,2026-06-12 21:53:00,2026-06-12 22:28:00,18.61,5.96,completed
SE-0010532,ST-012,1,2026-06-22 01:37:00,2026-06-22 02:00:00,17.42,5.57,completed
SE-0007296,ST-036,1,2026-06-05 01:12:00,2026-06-05 02:23:00,31.43,10.06,completed
SE-0009920,ST-037,3,2026-06-18 00:46:00,2026-06-18 01:45:00,43.21,13.83,completed
SE-0005232,ST-032,2,2026-05-26 13:12:00,2026-05-26 13:38:00,16.11,5.16,completed
SE-0010935,ST-012,1,2026-06-24 04:21:00,2026-06-24 05:16:00,24.19,7.74,completed
SE-0001172,ST-023,2,2026-05-06 20:20:00,2026-05-06 20:51:00,4.99,1.6,faulted
SE-0011079,ST-001,3,2026-06-25 19:06:00,2026-06-25 20:03:00,24.38,7.8,completed
SE-0007013,ST-016,2,2026-06-04 01:46:00,2026-06-04 01:55:00,4.05,1.3,completed
SE-0008977,ST-011,1,2026-06-14 09:08:00,2026-06-14 09:50:00,11.88,,completed
SE-0009677,ST-025,1,2026-06-17 00:18:00,2026-06-17 00:50:00,19.26,6.16,completed
SE-0000493,ST-019,2,2026-05-03 00:49:00,2026-05-03 01:32:00,19.19,6.14,completed
SE-0002383,ST-023,1,2026-05-12 11:13:00,2026-05-12 12:03:00,25.07,8.02,completed
SE-0000370,ST-039,1,2026-05-02 04:01:00,2026-05-02 04:23:00,14.1,4.51,completed
SE-0006969,ST-008,1,2026-06-04 00:37:00,2026-06-04 01:46:00,36.21,11.59,aborted
SE-0007390,ST-015,1,2026-06-06 14:37:00,2026-06-06 14:58:00,11.7,3.74,completed
SE-0000672,ST-014,3,2026-05-04 10:35:00,2026-05-04 10:50:00,8.45,2.7,completed
SE-0010284,ST-001,1,2026-06-21 18:37:00,2026-06-21 18:51:00,8.46,2.71,completed
SE-0008366,ST-014,5,2026-06-11 17:57:00,2026-06-11 18:35:00,24.22,7.75,completed
SE-0007883,ST-029,3,2026-06-08 01:40:00,2026-06-08 02:18:00,9.29,2.97,completed
SE-0006622,ST-017,2,2026-06-02 21:00:00,2026-06-02 21:21:00,10480,3.35,completed
SE-0000852,ST-003,2,2026-05-05 18:17:00,2026-05-05 19:02:00,35.0,11.2,completed
SE-0003842,ST-034,2,2026-05-19 14:49:00,2026-05-19 15:29:00,21.45,,completed
SE-0010431,ST-027,2,2026-06-21 18:17:00,2026-06-21 19:04:00,20.68,6.62,completed
SE-0005973,ST-007,4,2026-05-30 03:53:00,2026-05-30 05:03:00,26.01,8.32,completed
SE-0002759,ST-015,2,2026-05-14 22:54:00,2026-05-14 23:26:00,16.97,5.43,completed
SE-0010200,ST-022,1,2026-06-20 18:40:00,2026-06-20 19:59:00,55.81,17.86,completed
SE-0006305,ST-036,1,2026-05-31 21:25:00,2026-05-31 22:00:00,19.38,,completed
SE-0009266,ST-025,1,2026-06-15 01:12:00,2026-06-15 01:39:00,15.79,5.05,completed
SE-0001708,ST-014,6,2026-05-09 21:47:00,2026-05-09 22:21:00,12.06,3.86,completed
SE-0003873,ST-001,4,2026-05-20 14:58:00,2026-05-20 15:35:00,20.11,6.44,completed
SE-0007052,ST-025,1,2026-06-04 20:51:00,2026-06-04 21:21:00,16.68,5.34,completed
SE-0005075,ST-042,5,2026-05-25 06:06:00,2026-05-25 06:36:00,8.12,2.6,completed
SE-0005259,ST-037,2,2026-05-26 10:07:00,2026-05-26 10:34:00,19.96,6.39,completed
SE-0002973,ST-017,2,2026-05-15 10:22:00,2026-05-15 11:29:00,45040,14.41,completed
SE-0007803,ST-015,2,2026-06-08 12:09:00,2026-06-08 13:14:00,15.23,4.87,completed
SE-0000184,ST-041,6,2026-05-01 01:24:00,2026-05-01 02:21:00,42.68,13.66,completed
SE-0008345,ST-009,2,2026-06-11 17:17:00,2026-06-11 17:29:00,6.57,2.1,completed
SE-0006752,ST-005,1,2026-06-03 08:32:00,2026-06-03 09:43:00,28.33,9.07,completed
SE-0011840,ST-035,1,2026-06-28 13:45:00,2026-06-28 14:15:00,24.38,7.8,completed
SE-0011615,ST-026,4,2026-06-27 03:42:00,2026-06-27 04:06:00,5.12,1.64,completed
SE-0006615,ST-016,1,2026-06-02 20:39:00,2026-06-02 21:27:00,30.69,,completed
SE-0011602,ST-023,1,2026-06-27 01:51:00,2026-06-27 02:31:00,14.09,4.51,completed
SE-0005209,ST-025,2,2026-05-26 18:40:00,2026-05-26 19:22:00,32.98,10.55,completed
SE-0003068,ST-001,1,2026-05-16 22:02:00,2026-05-16 22:11:00,3.14,1.0,completed
SE-0001489,ST-006,2,2026-05-08 04:32:00,2026-05-08 04:58:00,8.96,2.87,completed
SE-0000651,ST-009,1,2026-05-04 23:23:00,2026-05-05 00:21:00,43.93,14.06,completed
SE-0007850,ST-022,3,2026-06-08 09:52:00,2026-06-08 10:19:00,10.42,3.33,completed
SE-0008933,ST-003,2,2026-06-14 04:50:00,2026-06-14 05:13:00,11.32,3.62,completed
SE-0008881,ST-033,1,2026-06-13 09:42:00,2026-06-13 10:41:00,50.01,16.0,completed
SE-0001767,ST-024,2,2026-05-09 14:29:00,2026-05-09 15:02:00,15.32,,completed
SE-0007354,ST-006,5,2026-06-06 22:12:00,2026-06-06 22:52:00,15.65,5.01,completed
SE-0009888,ST-028,1,2026-06-18 03:52:00,2026-06-18 04:51:00,20.23,6.47,completed
SE-0000724,ST-019,6,2026-05-04 23:27:00,2026-05-04 23:59:00,10.83,3.47,completed
SE-0004452,ST-038,2,2026-05-22 23:58:00,2026-05-23 00:53:00,13.5,4.32,completed
SE-0000947,ST-022,1,2026-05-05 10:37:00,2026-05-05 11:32:00,22.45,7.18,completed
SE-0005712,ST-041,5,2026-05-28 14:34:00,2026-05-28 15:06:00,17.83,5.71,completed
SE-0002817,ST-024,1,2026-05-14 14:35:00,2026-05-14 15:20:00,13.27,,completed
SE-0000826,ST-041,5,2026-05-04 21:41:00,2026-05-04 22:28:00,24.86,7.96,completed
SE-0001573,ST-022,2,2026-05-08 14:22:00,2026-05-08 15:09:00,37.03,11.85,completed
SE-0010776,ST-019,1,2026-06-23 21:49:00,2026-06-23 22:25:00,17.83,5.71,completed
SE-0010239,ST-033,1,2026-06-20 20:20:00,2026-06-20 20:58:00,20.56,6.58,completed
SE-0000614,ST-003,1,2026-05-04 09:54:00,2026-05-04 10:00:00,1.85,0.59,completed
SE-0005853,ST-023,1,2026-05-29 18:14:00,2026-05-29 18:54:00,23.67,7.57,completed
SE-0007450,ST-025,2,2026-06-06 05:08:00,2026-06-06 05:19:00,9.88,3.16,completed
SE-0006934,ST-001,4,2026-06-04 18:38:00,2026-06-04 19:39:00,14.47,4.63,completed
SE-0001173,ST-024,1,2026-05-06 16:40:00,2026-05-06 17:16:00,13.88,4.44,completed
SE-0002662,ST-041,6,2026-05-13 01:45:00,2026-05-13 02:38:00,30.75,9.84,completed
SE-0008890,ST-035,1,2026-06-13 20:12:00,2026-06-13 20:35:00,10.84,3.47,completed
SE-0010312,ST-004,2,2026-06-21 04:05:00,2026-06-21 04:41:00,10.91,3.49,completed
SE-0001676,ST-006,3,2026-05-09 09:06:00,2026-05-09 09:34:00,6.5,2.08,completed
SE-0002147,ST-015,1,2026-05-11 11:47:00,2026-05-11 12:34:00,27.66,8.85,completed
SE-0002369,ST-022,5,2026-05-12 14:53:00,2026-05-12 15:31:00,28.25,9.04,completed
SE-0011856,ST-041,1,2026-06-28 05:14:00,2026-06-28 05:45:00,17.02,5.45,completed
SE-0003197,ST-022,1,2026-05-16 00:22:00,2026-05-16 00:35:00,4.2,1.34,completed
SE-0007588,ST-013,1,2026-06-07 12:59:00,2026-06-07 13:33:00,11.87,3.8,completed
SE-0000692,ST-015,1,2026-05-04 22:00:00,2026-05-04 23:04:00,47.63,15.24,completed
SE-0003761,ST-017,2,2026-05-19 21:19:00,2026-05-19 22:00:00,21220,6.79,completed
SE-0009950,ST-001,2,2026-06-19 03:59:00,2026-06-19 04:37:00,10.92,3.49,completed
SE-0002240,ST-035,2,2026-05-11 03:16:00,2026-05-11 03:25:00,2.28,0.73,completed
SE-0009992,ST-009,1,2026-06-19 01:25:00,2026-06-19 02:03:00,19.17,6.13,completed
SE-0007471,ST-031,3,2026-06-06 10:30:00,2026-06-06 11:16:00,17.42,5.57,completed
SE-0002496,ST-006,3,2026-05-13 04:38:00,2026-05-13 05:30:00,46.61,14.92,completed
SE-0001794,ST-033,1,2026-05-09 20:33:00,2026-05-09 21:13:00,23.91,7.65,completed
SE-0009210,ST-014,1,2026-06-15 06:44:00,2026-06-15 07:24:00,17.77,5.69,completed
SE-0004402,ST-025,1,2026-05-22 19:27:00,2026-05-22 20:04:00,23.7,7.58,completed
SE-0004856,ST-033,1,2026-05-24 07:29:00,2026-05-24 07:45:00,11.03,3.53,completed
SE-0005751,ST-004,1,2026-05-29 11:18:00,2026-05-29 12:10:00,37.84,12.11,completed
SE-0003628,ST-034,3,2026-05-18 10:12:00,2026-05-18 10:42:00,10.56,3.38,completed
SE-0011129,ST-009,1,2026-06-25 19:19:00,2026-06-25 19:31:00,8.83,2.83,completed
SE-0007140,ST-003,2,2026-06-05 23:25:00,2026-06-05 23:50:00,12.8,4.1,completed
SE-0000654,ST-009,2,2026-05-04 23:57:00,2026-05-05 00:03:00,3.23,1.03,completed
SE-0007369,ST-010,2,2026-06-06 11:33:00,2026-06-06 12:04:00,20.11,6.44,completed
SE-0003432,ST-031,1,2026-05-17 01:50:00,2026-05-17 01:57:00,4.67,1.49,completed
SE-0010925,ST-010,2,2026-06-24 14:44:00,2026-06-24 15:16:00,18.67,5.97,completed
SE-0007209,ST-016,2,2026-06-05 03:23:00,2026-06-05 04:05:00,16.04,5.13,completed
SE-0010462,ST-037,1,2026-06-21 18:53:00,2026-06-21 20:13:00,61.6,19.71,completed
SE-0005462,ST-033,1,2026-05-27 11:49:00,2026-05-27 12:32:00,27.89,8.92,completed
SE-0005502,ST-001,4,2026-05-28 00:22:00,2026-05-28 01:02:00,12.85,4.11,completed
SE-0005958,ST-005,2,2026-05-30 21:45:00,2026-05-30 22:10:00,11.16,3.57,completed
SE-0002422,ST-033,1,2026-05-12 13:36:00,2026-05-12 13:55:00,13.89,4.44,completed
SE-0005070,ST-041,2,2026-05-25 01:45:00,2026-05-25 02:27:00,10.57,3.38,completed
SE-0000731,ST-022,1,2026-05-04 03:21:00,2026-05-04 03:53:00,11.86,3.8,completed
SE-0009528,ST-041,4,2026-06-16 14:09:00,2026-06-16 15:08:00,30.2,9.66,completed
SE-0004487,ST-003,1,2026-05-23 12:27:00,2026-05-23 13:30:00,51.77,16.57,completed
SE-0005389,ST-017,2,2026-05-27 22:57:00,2026-05-27 23:39:00,14320,4.58,completed
SE-0011047,ST-036,4,2026-06-24 04:15:00,2026-06-24 05:14:00,20.65,6.61,completed
SE-0009644,ST-020,2,2026-06-17 04:24:00,2026-06-17 04:41:00,7.49,2.4,aborted
SE-0007130,ST-003,1,2026-06-05 05:58:00,2026-06-05 06:19:00,7.07,2.26,completed
SE-0007150,ST-005,2,2026-06-05 13:41:00,2026-06-05 14:28:00,40.1,12.83,completed
SE-0007492,ST-035,2,2026-06-06 15:00:00,2026-06-06 15:15:00,7.3,2.34,completed
SE-0002297,ST-005,2,2026-05-12 23:11:00,2026-05-12 23:36:00,19.57,6.26,completed
SE-0005875,ST-026,3,2026-05-29 17:41:00,2026-05-29 18:59:00,27.37,8.76,completed
SE-0009232,ST-016,2,2026-06-15 05:09:00,2026-06-15 05:46:00,19.85,6.35,completed
SE-0000891,ST-010,2,2026-05-05 05:49:00,2026-05-05 07:12:00,15.84,5.07,completed
SE-0008306,ST-003,1,2026-06-11 15:34:00,2026-06-11 16:15:00,12.41,3.97,completed
SE-0004491,ST-004,1,2026-05-23 16:53:00,2026-05-23 17:54:00,20.93,6.7,completed
SE-0011172,ST-017,1,2026-06-25 06:49:00,2026-06-25 07:31:00,34330,10.99,aborted
SE-0010274,ST-001,4,2026-06-21 20:28:00,2026-06-21 21:16:00,30.24,9.68,completed
SE-0001901,ST-011,1,2026-05-10 21:30:00,2026-05-10 22:48:00,29.37,9.4,completed
SE-0006799,ST-014,6,2026-06-03 20:58:00,2026-06-03 21:29:00,6.76,2.16,completed
SE-0008651,ST-032,1,2026-06-12 11:19:00,2026-06-12 11:53:00,23.51,7.52,completed
SE-0001358,ST-022,2,2026-05-07 08:43:00,2026-05-07 09:24:00,29.61,9.48,completed
SE-0002548,ST-015,1,2026-05-13 15:43:00,2026-05-13 16:17:00,22.97,7.35,completed
SE-0001488,ST-006,1,2026-05-08 15:59:00,2026-05-08 16:14:00,6.67,2.13,completed
SE-0008940,ST-003,2,2026-06-14 23:16:00,2026-06-15 00:08:00,51.61,16.52,completed
SE-0011051,ST-037,3,2026-06-24 20:13:00,2026-06-24 20:29:00,8.18,2.62,completed
SE-0008971,ST-010,1,2026-06-14 12:56:00,2026-06-14 13:47:00,30.15,9.65,completed
SE-0008229,ST-023,1,2026-06-10 05:02:00,2026-06-10 05:33:00,14.62,4.68,completed
SE-0010680,ST-002,2,2026-06-23 02:40:00,2026-06-23 03:26:00,28.15,9.01,completed
SE-0008845,ST-023,1,2026-06-13 11:23:00,2026-06-13 12:53:00,78.71,25.19,completed
SE-0011907,ST-009,2,2026-06-29 21:12:00,2026-06-29 22:05:00,30.11,,completed
SE-0006377,ST-006,5,2026-06-01 01:34:00,2026-06-01 02:21:00,37.43,11.98,completed
SE-0011761,ST-015,2,2026-06-28 22:57:00,2026-06-28 23:11:00,9.42,3.01,completed
SE-0008277,ST-041,6,2026-06-10 21:48:00,2026-06-10 22:41:00,15.65,5.01,completed
SE-0004121,ST-008,1,2026-05-21 11:57:00,2026-05-21 12:03:00,2.25,0.72,completed
SE-0004448,ST-036,4,2026-05-22 12:10:00,2026-05-22 13:05:00,39.99,12.8,completed
SE-0002061,ST-001,4,2026-05-11 07:51:00,2026-05-11 08:12:00,9.8,3.14,completed
SE-0008672,ST-039,1,2026-06-12 02:03:00,2026-06-12 02:52:00,21.16,6.77,completed
SE-0005014,ST-025,1,2026-05-25 14:18:00,2026-05-25 14:58:00,33.24,10.64,completed
SE-0002566,ST-017,1,2026-05-13 16:23:00,2026-05-13 16:33:00,5230,1.67,completed
SE-0002393,ST-025,1,2026-05-12 15:29:00,2026-05-12 16:38:00,51.13,16.36,completed
SE-0007117,ST-001,1,2026-06-05 14:19:00,2026-06-05 15:23:00,50.33,16.11,completed
SE-0003988,ST-023,1,2026-05-20 08:42:00,2026-05-20 09:23:00,6.39,2.04,completed
SE-0005156,ST-014,3,2026-05-26 13:11:00,2026-05-26 14:12:00,33.71,10.79,completed
SE-0004831,ST-025,1,2026-05-24 18:16:00,2026-05-24 18:54:00,9.59,3.07,completed
SE-0000746,ST-023,1,2026-05-04 10:48:00,2026-05-04 11:18:00,23.7,7.58,completed
SE-0003094,ST-003,1,2026-05-16 10:18:00,2026-05-16 10:55:00,19.45,6.22,completed
SE-0011998,ST-024,1,2026-06-29 02:53:00,2026-06-29 03:33:00,17.7,5.66,completed
SE-0002460,ST-001,4,2026-05-13 11:58:00,2026-05-13 12:29:00,11.18,3.58,completed
SE-0007500,ST-037,4,2026-06-06 18:15:00,2026-06-06 19:00:00,20.21,6.47,completed
SE-0006557,ST-006,6,2026-06-02 18:14:00,2026-06-02 18:57:00,29.79,9.53,completed
SE-0008571,ST-015,1,2026-06-12 12:50:00,2026-06-12 12:56:00,4.44,1.42,completed
SE-0006699,ST-035,2,2026-06-02 08:49:00,2026-06-02 09:31:00,21.07,6.74,completed
SE-0001861,ST-005,2,2026-05-10 21:46:00,2026-05-10 22:41:00,23.97,7.67,aborted
SE-0001259,ST-003,1,2026-05-07 01:03:00,2026-05-07 02:08:00,22.53,7.21,completed
SE-0010775,ST-018,3,2026-06-23 22:30:00,2026-06-23 23:19:00,27.51,8.8,completed
SE-0007580,ST-010,2,2026-06-07 09:45:00,2026-06-07 10:36:00,22.24,7.12,completed
SE-0001285,ST-009,2,2026-05-07 21:20:00,2026-05-07 21:50:00,26.76,8.56,completed
SE-0000083,ST-017,2,2026-05-01 02:44:00,2026-05-01 03:04:00,11510,,completed
SE-0003557,ST-016,2,2026-05-18 12:06:00,2026-05-18 12:33:00,13.27,4.25,completed
SE-0011906,ST-008,1,2026-06-29 23:52:00,2026-06-30 00:51:00,40.29,12.89,completed
SE-0005305,ST-004,1,2026-05-27 01:28:00,2026-05-27 02:09:00,15.25,4.88,completed
SE-0006423,ST-015,1,2026-06-01 17:10:00,2026-06-01 17:55:00,44.35,14.19,completed
SE-0009217,ST-015,2,2026-06-15 23:46:00,2026-06-16 00:22:00,15.04,4.81,completed
SE-0002744,ST-012,2,2026-05-14 14:20:00,2026-05-14 14:29:00,3.93,1.26,completed
SE-0000974,ST-027,3,2026-05-05 05:03:00,2026-05-05 05:45:00,26.27,8.41,completed
SE-0011835,ST-033,2,2026-06-28 18:24:00,2026-06-28 18:30:00,1.5,0.48,completed
SE-0009158,ST-005,2,2026-06-15 18:33:00,2026-06-15 19:01:00,5.45,1.74,completed
SE-0007469,ST-030,3,2026-06-06 01:56:00,2026-06-06 02:04:00,2.07,0.66,completed
SE-0006936,ST-002,1,2026-06-04 12:33:00,2026-06-04 13:36:00,41.97,13.43,completed
SE-0009897,ST-030,4,2026-06-18 14:49:00,2026-06-18 15:06:00,8.26,2.64,completed
SE-0004936,ST-007,6,2026-05-25 04:32:00,2026-05-25 05:08:00,14.48,4.63,completed
SE-0002991,ST-023,1,2026-05-15 13:23:00,2026-05-15 14:10:00,6.22,1.99,completed
SE-0007217,ST-017,1,2026-06-05 18:01:00,2026-06-05 18:39:00,27650,8.85,completed
SE-0011885,ST-005,1,2026-06-29 16:31:00,2026-06-29 17:44:00,24.9,7.97,completed
SE-0010842,ST-034,4,2026-06-23 01:33:00,2026-06-23 02:20:00,23.8,7.62,completed
SE-0004656,ST-034,2,2026-05-23 15:06:00,2026-05-23 16:07:00,28.09,8.99,completed
SE-0001927,ST-016,2,2026-05-10 10:45:00,2026-05-10 11:14:00,19.5,6.24,completed
SE-0010550,ST-014,5,2026-06-22 16:12:00,2026-06-22 16:52:00,33.11,10.6,completed
SE-0006062,ST-022,1,2026-05-30 20:53:00,2026-05-30 21:48:00,35.01,11.2,completed
SE-0004014,ST-029,3,2026-05-20 17:43:00,2026-05-20 18:14:00,20.17,6.45,completed
SE-0010232,ST-031,2,2026-06-20 15:46:00,2026-06-20 16:33:00,20.54,6.57,completed
SE-0006882,ST-029,3,2026-06-03 08:00:00,2026-06-03 08:22:00,10.23,3.27,completed
SE-0004199,ST-025,1,2026-05-21 12:56:00,2026-05-21 13:22:00,17.02,5.45,completed
SE-0011995,ST-023,2,2026-06-29 03:08:00,2026-06-29 03:35:00,14.04,4.49,completed
SE-0011676,ST-001,4,2026-06-28 20:33:00,2026-06-28 21:15:00,6.76,2.16,completed
SE-0001929,ST-017,2,2026-05-10 07:31:00,2026-05-10 07:50:00,10920,3.49,completed
SE-0011019,ST-029,1,2026-06-24 03:16:00,2026-06-24 04:28:00,45.95,,completed
SE-0008794,ST-015,1,2026-06-13 14:36:00,2026-06-13 15:02:00,9.17,2.93,completed
SE-0003238,ST-029,4,2026-05-16 12:22:00,2026-05-16 13:24:00,46.96,15.03,completed
SE-0010507,ST-005,2,2026-06-22 04:05:00,2026-06-22 05:20:00,70.47,22.55,completed
SE-0009383,ST-006,2,2026-06-16 23:39:00,2026-06-16 23:54:00,5.97,1.91,completed
SE-0006197,ST-009,1,2026-05-31 17:28:00,2026-05-31 18:19:00,37.22,11.91,completed
SE-0010936,ST-012,1,2026-06-24 17:26:00,2026-06-24 18:03:00,12.55,4.02,completed
SE-0009218,ST-015,2,2026-06-15 05:40:00,2026-06-15 05:54:00,5.09,1.63,completed
SE-0010572,ST-017,1,2026-06-22 09:46:00,2026-06-22 10:19:00,15270,4.89,completed
SE-0010218,ST-025,1,2026-06-20 06:42:00,2026-06-20 06:56:00,4.95,1.58,completed
SE-0004152,ST-014,6,2026-05-21 00:14:00,2026-05-21 01:24:00,32.2,10.3,completed
SE-0010642,ST-036,1,2026-06-22 04:32:00,2026-06-22 05:22:00,34.05,10.9,completed
SE-0008637,ST-025,1,2026-06-12 12:04:00,2026-06-12 12:59:00,18.73,5.99,completed
SE-0006494,ST-030,1,2026-06-01 07:40:00,2026-06-01 07:46:00,3.34,1.07,completed
SE-0004502,ST-005,1,2026-05-23 09:47:00,2026-05-23 10:27:00,25.14,8.04,completed
SE-0007702,ST-036,2,2026-06-07 15:02:00,2026-06-07 15:33:00,15.7,5.02,completed
SE-0007452,ST-025,2,2026-06-06 05:45:00,2026-06-06 06:33:00,27.67,8.85,completed
SE-0000783,ST-029,2,2026-05-04 03:49:00,2026-05-04 04:50:00,15.67,5.01,completed
SE-0005219,ST-025,2,2026-05-26 05:10:00,2026-05-26 05:47:00,10.73,3.43,completed
SE-0006800,ST-014,3,2026-06-03 16:57:00,2026-06-03 18:05:00,35.28,11.29,completed
SE-0011205,ST-025,2,2026-06-25 02:52:00,2026-06-25 03:05:00,6.84,2.19,completed
SE-0006674,ST-029,4,2026-06-02 20:26:00,2026-06-02 20:39:00,7.11,2.28,completed
SE-0003682,ST-003,2,2026-05-19 07:07:00,2026-05-19 07:39:00,10.61,3.4,completed
SE-0003763,ST-017,1,2026-05-19 18:27:00,2026-05-19 19:02:00,27980,8.95,completed
SE-0002371,ST-022,6,2026-05-12 14:38:00,2026-05-12 15:10:00,10.84,3.47,aborted
SE-0011160,ST-015,1,2026-06-25 00:03:00,2026-06-25 00:42:00,30.53,9.77,completed
SE-0005010,ST-025,1,2026-05-25 19:28:00,2026-05-25 20:28:00,45.96,14.71,completed
SE-0008386,ST-017,1,2026-06-11 20:19:00,2026-06-11 21:18:00,30820,9.86,aborted
SE-0003961,ST-019,1,2026-05-20 20:48:00,2026-05-20 21:27:00,21.96,,completed
SE-0002161,ST-017,2,2026-05-11 13:54:00,2026-05-11 14:02:00,3970,,completed
SE-0005548,ST-006,2,2026-05-28 17:01:00,2026-05-28 17:45:00,12.46,3.99,completed
SE-0001963,ST-023,2,2026-05-10 18:49:00,2026-05-10 19:46:00,5.94,1.9,faulted
SE-0004592,ST-022,2,2026-05-23 17:44:00,2026-05-23 18:41:00,20.8,6.66,completed
SE-0009471,ST-023,1,2026-06-16 16:10:00,2026-06-16 16:59:00,19.24,6.16,completed
SE-0002809,ST-023,2,2026-05-14 10:11:00,2026-05-14 11:06:00,27.16,8.69,completed
SE-0006124,ST-033,1,2026-05-30 11:47:00,2026-05-30 12:38:00,31.64,10.12,completed
SE-0003645,ST-041,6,2026-05-18 07:01:00,2026-05-18 07:41:00,18.86,6.04,completed
SE-0007440,ST-023,1,2026-06-06 22:24:00,2026-06-06 23:49:00,35.41,11.33,completed
SE-0005024,ST-028,1,2026-05-25 03:17:00,2026-05-25 04:15:00,38.54,12.33,completed
SE-0005726,ST-001,1,2026-05-29 07:52:00,2026-05-29 08:32:00,14.08,4.51,completed
SE-0009143,ST-001,4,2026-06-15 06:11:00,2026-06-15 06:44:00,14.6,4.67,aborted
SE-0005937,ST-002,2,2026-05-30 13:51:00,2026-05-30 14:13:00,16.01,5.12,completed
SE-0006302,ST-034,4,2026-05-31 04:38:00,2026-05-31 05:32:00,35.5,11.36,completed
SE-0006523,ST-040,1,2026-06-01 00:59:00,2026-06-01 01:35:00,21.92,7.01,completed
SE-0007898,ST-034,2,2026-06-08 12:07:00,2026-06-08 12:49:00,17.4,5.57,completed
SE-0005152,ST-014,3,2026-05-26 17:23:00,2026-05-26 18:06:00,26.33,8.43,completed
SE-0007281,ST-033,1,2026-06-05 10:33:00,2026-06-05 11:25:00,16.49,5.28,completed
SE-0002931,ST-008,1,2026-05-15 15:46:00,2026-05-15 16:32:00,32.5,10.4,completed
SE-0008414,ST-023,2,2026-06-11 01:18:00,2026-06-11 01:42:00,13.36,4.28,completed
SE-0007810,ST-015,2,2026-06-08 10:17:00,2026-06-08 10:59:00,9.92,3.17,aborted
SE-0011139,ST-013,1,2026-06-25 17:11:00,2026-06-25 18:15:00,37.31,11.94,completed
SE-0006362,ST-004,1,2026-06-01 18:59:00,2026-06-01 20:09:00,41.22,13.19,completed
SE-0009052,ST-022,2,2026-06-14 08:54:00,2026-06-14 09:28:00,11.29,3.61,completed
SE-0001096,ST-012,1,2026-05-06 10:19:00,2026-05-06 10:56:00,24.08,7.71,completed
SE-0007249,ST-023,2,2026-06-05 23:42:00,2026-06-05 23:59:00,9.99,3.2,completed
SE-0009274,ST-028,1,2026-06-15 14:57:00,2026-06-15 16:14:00,54.84,17.55,completed
SE-0005169,ST-016,2,2026-05-26 18:52:00,2026-05-26 19:29:00,15.55,4.98,aborted
SE-0008548,ST-008,1,2026-06-12 16:38:00,2026-06-12 17:30:00,23.89,7.64,completed
SE-0000293,ST-022,1,2026-05-02 18:22:00,2026-05-02 18:49:00,15.86,5.08,completed
SE-0011243,ST-033,1,2026-06-25 06:52:00,2026-06-25 07:40:00,20.06,6.42,completed
SE-0002596,ST-025,2,2026-05-13 01:11:00,2026-05-13 01:50:00,28.14,9.0,completed
SE-0000658,ST-010,1,2026-05-04 14:26:00,2026-05-04 15:08:00,28.54,9.13,completed
SE-0007869,ST-025,1,2026-06-08 21:19:00,2026-06-08 21:25:00,5.07,1.62,completed
SE-0005647,ST-025,1,2026-05-28 15:54:00,2026-05-28 16:53:00,42.96,13.75,completed
SE-0007010,ST-015,2,2026-06-04 10:47:00,2026-06-04 11:25:00,23.91,7.65,completed
SE-0005742,ST-003,2,2026-05-29 00:38:00,2026-05-29 01:26:00,29.77,9.53,completed
SE-0002285,ST-004,1,2026-05-12 12:55:00,2026-05-12 13:46:00,22.1,7.07,completed
SE-0002276,ST-003,1,2026-05-12 01:04:00,2026-05-12 01:55:00,32.98,10.55,completed
SE-0010154,ST-014,5,2026-06-20 11:11:00,2026-06-20 12:08:00,36.23,11.59,completed
SE-0002262,ST-001,4,2026-05-12 11:03:00,2026-05-12 11:44:00,13.86,4.44,completed
SE-0011873,ST-003,1,2026-06-29 23:59:00,2026-06-30 01:08:00,12.3,3.94,completed
SE-0003194,ST-022,3,2026-05-16 23:58:00,2026-05-17 01:06:00,35.12,11.24,completed
SE-0012021,ST-031,4,2026-06-29 11:46:00,2026-06-29 12:10:00,5.21,1.67,completed
SE-0007204,ST-015,2,2026-06-05 12:28:00,2026-06-05 12:56:00,17.95,,completed
SE-0002105,ST-006,2,2026-05-11 21:15:00,2026-05-11 21:54:00,37.2,11.9,completed
SE-0007104,ST-039,3,2026-06-04 11:41:00,2026-06-04 12:42:00,37.83,12.11,completed
SE-0010206,ST-023,2,2026-06-20 09:55:00,2026-06-20 10:35:00,34.44,11.02,completed
SE-0011752,ST-014,3,2026-06-28 10:32:00,2026-06-28 10:58:00,22.03,7.05,completed
SE-0006042,ST-017,1,2026-05-30 15:11:00,2026-05-30 15:56:00,14940,,completed
SE-0007894,ST-033,1,2026-06-08 22:20:00,2026-06-08 23:16:00,17.21,5.51,completed
SE-0006452,ST-021,6,2026-06-01 01:59:00,2026-06-01 02:45:00,17.23,5.51,completed
SE-0002568,ST-018,5,2026-05-13 02:19:00,2026-05-13 02:57:00,30.03,9.61,completed
SE-0001739,ST-020,1,2026-05-09 10:46:00,2026-05-09 11:44:00,22.33,7.15,completed
SE-0004352,ST-017,1,2026-05-22 00:48:00,2026-05-22 01:23:00,27610,8.84,completed
SE-0003768,ST-017,2,2026-05-19 16:15:00,2026-05-19 17:37:00,36600,11.71,completed
SE-0006820,ST-015,1,2026-06-03 04:34:00,2026-06-03 05:27:00,17.31,,completed
SE-0011851,ST-041,4,2026-06-28 01:01:00,2026-06-28 01:25:00,8.6,2.75,completed
SE-0011084,ST-002,2,2026-06-25 00:45:00,2026-06-25 01:19:00,15.13,4.84,completed
SE-0010044,ST-022,4,2026-06-19 15:51:00,2026-06-19 16:32:00,15.6,4.99,completed
SE-0000075,ST-016,1,2026-05-01 15:15:00,2026-05-01 16:00:00,32.25,10.32,completed
SE-0009338,ST-001,1,2026-06-16 15:01:00,2026-06-16 16:08:00,43.2,13.82,completed
SE-0002515,ST-010,1,2026-05-13 03:14:00,2026-05-13 03:42:00,18.85,6.03,completed
SE-0006000,ST-014,2,2026-05-30 08:18:00,2026-05-30 08:39:00,13.19,4.22,completed
SE-0006104,ST-032,4,2026-05-30 19:49:00,2026-05-30 20:29:00,29.45,9.42,completed
SE-0006669,ST-025,1,2026-06-02 03:26:00,2026-06-02 03:41:00,8.4,2.69,aborted
SE-0001213,ST-035,1,2026-05-06 09:47:00,2026-05-06 10:33:00,32.1,10.27,completed
SE-0010491,ST-001,4,2026-06-22 16:30:00,2026-06-22 17:42:00,56.6,18.11,completed
SE-0001072,ST-006,1,2026-05-06 17:23:00,2026-05-06 18:00:00,18.45,5.9,completed
SE-0007986,ST-012,1,2026-06-09 00:33:00,2026-06-09 01:21:00,27.46,8.79,completed
SE-0003627,ST-034,4,2026-05-18 05:48:00,2026-05-18 06:40:00,13.42,4.29,completed
SE-0006612,ST-015,2,2026-06-02 14:54:00,2026-06-02 15:48:00,37.78,,completed
SE-0000395,ST-001,2,2026-05-03 06:24:00,2026-05-03 06:37:00,4.08,1.31,completed
SE-0000844,ST-002,1,2026-05-05 21:47:00,2026-05-05 22:52:00,68.2,21.82,completed
SE-0003664,ST-001,3,2026-05-19 18:13:00,2026-05-19 18:48:00,16.65,5.33,completed
SE-0003858,ST-041,4,2026-05-19 13:49:00,2026-05-19 14:07:00,9.66,3.09,completed
SE-0005693,ST-034,3,2026-05-28 03:28:00,2026-05-28 03:52:00,9.86,3.16,completed
SE-0000238,ST-008,1,2026-05-02 15:53:00,2026-05-02 16:19:00,7.13,2.28,completed
SE-0011814,ST-025,2,2026-06-28 00:02:00,2026-06-28 00:53:00,15.58,4.99,completed
SE-0004794,ST-022,5,2026-05-24 00:40:00,2026-05-24 01:02:00,14.65,4.69,aborted
SE-0001209,ST-034,4,2026-05-06 12:43:00,2026-05-06 13:46:00,29.44,9.42,completed
SE-0001302,ST-013,2,2026-05-07 16:24:00,2026-05-07 17:14:00,25.99,8.32,completed
SE-0011317,ST-006,2,2026-06-26 09:40:00,2026-06-26 10:31:00,13.73,4.39,completed
SE-0009285,ST-031,1,2026-06-15 20:14:00,2026-06-15 21:23:00,50.77,,completed
SE-0007545,ST-005,2,2026-06-07 12:51:00,2026-06-07 13:40:00,20.6,6.59,completed
SE-0000284,ST-017,2,2026-05-02 11:14:00,2026-05-02 11:36:00,9550,3.06,completed
SE-0005764,ST-005,1,2026-05-29 13:58:00,2026-05-29 14:55:00,48.59,15.55,completed
SE-0005904,ST-034,3,2026-05-29 03:18:00,2026-05-29 04:11:00,33.89,10.84,completed
SE-0003112,ST-006,2,2026-05-16 17:58:00,2026-05-16 18:53:00,33.1,10.59,completed
SE-0008005,ST-015,1,2026-06-09 16:39:00,2026-06-09 17:25:00,14.33,4.59,completed
SE-0000737,ST-022,6,2026-05-04 09:19:00,2026-05-04 09:50:00,30.75,9.84,completed
SE-0010158,ST-015,2,2026-06-20 05:24:00,2026-06-20 06:07:00,17.44,5.58,completed
SE-0000956,ST-023,2,2026-05-05 01:44:00,2026-05-05 02:45:00,22.22,,aborted
SE-0007026,ST-017,1,2026-06-04 17:58:00,2026-06-04 18:39:00,19070,6.1,completed
SE-0000751,ST-023,2,2026-05-04 03:22:00,2026-05-04 04:25:00,18.4,5.89,completed
SE-0001062,ST-005,2,2026-05-06 19:35:00,2026-05-06 20:20:00,26.7,8.54,completed
SE-0000355,ST-033,2,2026-05-02 03:00:00,2026-05-02 03:28:00,13.06,4.18,completed
SE-0010323,ST-005,1,2026-06-21 14:43:00,2026-06-21 15:20:00,16.78,5.37,completed
SE-0008776,ST-010,1,2026-06-13 12:49:00,2026-06-13 13:45:00,39.46,12.63,completed
SE-0011498,ST-006,4,2026-06-27 14:11:00,2026-06-27 15:12:00,32.14,10.28,completed
SE-0002603,ST-025,2,2026-05-13 10:33:00,2026-05-13 11:36:00,47.07,15.06,completed
SE-0010258,ST-040,1,2026-06-20 18:11:00,2026-06-20 18:29:00,10.31,3.3,completed
SE-0010119,ST-001,1,2026-06-20 16:40:00,2026-06-20 17:21:00,28.96,9.27,completed
SE-0011432,ST-034,1,2026-06-26 18:10:00,2026-06-26 18:24:00,6.72,2.15,completed
SE-0011683,ST-002,1,2026-06-28 16:07:00,2026-06-28 17:01:00,29.3,9.38,completed
SE-0008395,ST-017,1,2026-06-11 05:01:00,2026-06-11 05:22:00,11070,3.54,completed
SE-0011626,ST-033,2,2026-06-27 10:23:00,2026-06-27 11:05:00,27.54,8.81,completed
SE-0011207,ST-025,2,2026-06-25 19:49:00,2026-06-25 20:22:00,22.99,7.36,completed
SE-0001919,ST-015,1,2026-05-10 17:18:00,2026-05-10 17:59:00,32.23,10.31,completed
SE-0008841,ST-022,3,2026-06-13 20:03:00,2026-06-13 20:58:00,37.03,11.85,completed
SE-0003635,ST-037,1,2026-05-18 10:57:00,2026-05-18 11:30:00,21.0,6.72,completed
SE-0008059,ST-028,1,2026-06-09 12:11:00,2026-06-09 12:23:00,6.86,2.2,completed
SE-0010702,ST-005,2,2026-06-23 11:52:00,2026-06-23 12:11:00,9.56,3.06,completed
SE-0003743,ST-014,5,2026-05-19 16:12:00,2026-05-19 17:42:00,69.36,22.2,completed
SE-0002412,ST-031,2,2026-05-12 23:25:00,2026-05-13 00:24:00,20.39,,completed
SE-0000130,ST-027,2,2026-05-01 11:19:00,2026-05-01 12:14:00,37.65,12.05,completed
SE-0003900,ST-006,2,2026-05-20 11:04:00,2026-05-20 12:00:00,23.61,7.56,completed
SE-0003471,ST-001,2,2026-05-18 01:15:00,2026-05-18 02:12:00,42.18,13.5,completed
SE-0006585,ST-010,2,2026-06-02 10:48:00,2026-06-02 11:29:00,23.19,7.42,completed
SE-0005936,ST-002,2,2026-05-30 22:56:00,2026-05-30 23:15:00,13.56,4.34,completed
SE-0010768,ST-017,2,2026-06-23 21:03:00,2026-06-23 21:48:00,34180,,completed
SE-0006092,ST-029,2,2026-05-30 03:23:00,2026-05-30 04:05:00,31.11,9.96,completed
SE-0008955,ST-006,2,2026-06-14 23:35:00,2026-06-15 00:30:00,22.39,7.16,completed
SE-0008993,ST-015,1,2026-06-14 03:45:00,2026-06-14 04:52:00,51.22,16.39,completed
SE-0002461,ST-001,1,2026-05-13 04:51:00,2026-05-13 05:37:00,29.34,9.39,completed
SE-0003150,ST-014,6,2026-05-16 07:55:00,2026-05-16 08:26:00,21.65,6.93,completed
SE-0009892,ST-029,4,2026-06-18 17:14:00,2026-06-18 17:40:00,8.47,2.71,aborted
SE-0001559,ST-018,5,2026-05-08 05:07:00,2026-05-08 05:34:00,9.2,2.94,completed
SE-0000463,ST-014,6,2026-05-03 03:07:00,2026-05-03 04:11:00,14.5,4.64,completed
SE-0008118,ST-004,4,2026-06-10 04:03:00,2026-06-10 04:52:00,21.84,6.99,completed
SE-0009264,ST-025,2,2026-06-15 07:01:00,2026-06-15 07:25:00,10.27,3.29,completed
SE-0004845,ST-029,2,2026-05-24 09:59:00,2026-05-24 10:44:00,27.23,8.71,completed
SE-0003983,ST-023,2,2026-05-20 22:13:00,2026-05-20 22:42:00,10.21,3.27,faulted
SE-0003280,ST-041,1,2026-05-16 13:54:00,2026-05-16 14:17:00,9.85,3.15,completed
SE-0008668,ST-037,1,2026-06-12 12:28:00,2026-06-12 12:56:00,18.42,5.89,completed
SE-0006133,ST-036,4,2026-05-30 23:51:00,2026-05-31 01:06:00,51.67,16.53,completed
SE-0000496,ST-020,1,2026-05-03 12:56:00,2026-05-03 13:13:00,10.28,3.29,completed
SE-0002976,ST-017,2,2026-05-15 21:15:00,2026-05-15 21:53:00,21620,6.92,completed
SE-0002586,ST-023,2,2026-05-13 06:25:00,2026-05-13 07:18:00,30.35,9.71,completed
SE-0008699,ST-001,3,2026-06-13 20:58:00,2026-06-13 21:43:00,22.35,7.15,completed
SE-0000457,ST-013,1,2026-05-03 02:34:00,2026-05-03 03:02:00,11.56,3.7,completed
SE-0008223,ST-023,2,2026-06-10 07:42:00,2026-06-10 08:34:00,27.0,8.64,completed
SE-0008573,ST-015,2,2026-06-12 14:49:00,2026-06-12 15:14:00,17.56,5.62,completed
SE-0007085,ST-033,1,2026-06-04 15:04:00,2026-06-04 15:45:00,33.9,10.85,completed
SE-0004684,ST-042,6,2026-05-23 07:25:00,2026-05-23 08:16:00,34.34,10.99,completed
SE-0004008,ST-027,1,2026-05-20 04:14:00,2026-05-20 04:50:00,13.94,4.46,completed
SE-0002459,ST-001,1,2026-05-13 06:43:00,2026-05-13 07:33:00,22.05,7.06,completed
SE-0009183,ST-008,1,2026-06-15 11:42:00,2026-06-15 12:21:00,22.08,7.07,completed
SE-0011720,ST-006,6,2026-06-28 15:06:00,2026-06-28 15:12:00,3.04,0.97,completed
SE-0001630,ST-037,3,2026-05-08 18:27:00,2026-05-08 19:23:00,47.39,15.16,completed
SE-0001811,ST-034,3,2026-05-09 08:54:00,2026-05-09 09:28:00,9.98,3.19,completed
SE-0001453,ST-001,2,2026-05-08 12:21:00,2026-05-08 13:06:00,11.18,3.58,completed
SE-0011611,ST-025,1,2026-06-27 01:32:00,2026-06-27 02:30:00,19.06,6.1,completed
SE-0006336,ST-001,3,2026-06-01 05:15:00,2026-06-01 05:30:00,8.74,2.8,completed
SE-0008556,ST-010,2,2026-06-12 03:25:00,2026-06-12 04:00:00,29.76,9.52,completed
SE-0001437,ST-041,3,2026-05-07 13:24:00,2026-05-07 13:54:00,12.39,3.96,completed
SE-0004013,ST-029,1,2026-05-20 12:14:00,2026-05-20 12:57:00,28.58,9.15,completed
SE-0005619,ST-018,1,2026-05-28 21:19:00,2026-05-28 22:42:00,70.97,22.71,completed
SE-0000451,ST-012,1,2026-05-03 15:17:00,2026-05-03 15:35:00,3.9,1.25,completed
SE-0007726,ST-001,4,2026-06-08 15:53:00,2026-06-08 16:09:00,12.52,4.01,completed
SE-0003648,ST-041,4,2026-05-18 05:09:00,2026-05-18 05:57:00,15.22,4.87,completed
SE-0002802,ST-023,1,2026-05-14 05:51:00,2026-05-14 06:46:00,22.34,7.15,completed
SE-0010152,ST-014,6,2026-06-20 21:36:00,2026-06-20 22:28:00,26.01,8.32,completed
SE-0002617,ST-029,3,2026-05-13 03:09:00,2026-05-13 03:42:00,26.89,8.6,completed
SE-0002136,ST-014,6,2026-05-11 00:46:00,2026-05-11 01:16:00,8.1,2.59,completed
SE-0005637,ST-023,1,2026-05-28 04:00:00,2026-05-28 04:40:00,16.19,5.18,completed
SE-0000200,ST-001,2,2026-05-02 07:53:00,2026-05-02 08:03:00,8.5,2.72,completed
SE-0009113,ST-034,1,2026-06-14 20:24:00,2026-06-14 20:42:00,8.41,2.69,completed
SE-0010523,ST-009,1,2026-06-22 18:19:00,2026-06-22 19:24:00,45.07,14.42,completed
SE-0010007,ST-014,6,2026-06-19 07:52:00,2026-06-19 08:31:00,15.86,,completed
SE-0003773,ST-020,2,2026-05-19 03:32:00,2026-05-19 04:33:00,51.02,16.33,completed
SE-0010528,ST-010,2,2026-06-22 10:58:00,2026-06-22 11:25:00,12.82,4.1,completed
SE-0000410,ST-003,1,2026-05-03 00:17:00,2026-05-03 00:44:00,12.66,4.05,completed
SE-0005977,ST-008,2,2026-05-30 14:26:00,2026-05-30 14:46:00,13.78,4.41,completed
SE-0010234,ST-032,1,2026-06-20 21:28:00,2026-06-20 22:08:00,14.52,4.65,completed
SE-0000152,ST-033,2,2026-05-01 07:20:00,2026-05-01 07:48:00,20.79,6.65,completed
SE-0009025,ST-017,1,2026-06-14 07:07:00,2026-06-14 08:22:00,38910,12.45,completed
SE-0011101,ST-003,1,2026-06-25 11:02:00,2026-06-25 11:24:00,18.06,5.78,completed
SE-0001881,ST-006,6,2026-05-10 16:15:00,2026-05-10 16:56:00,31.99,10.24,completed
SE-0005187,ST-022,1,2026-05-26 18:35:00,2026-05-26 19:36:00,48.91,15.65,completed
SE-0001810,ST-034,3,2026-05-09 21:14:00,2026-05-09 22:09:00,17.98,5.75,completed
SE-0000734,ST-022,3,2026-05-04 22:38:00,2026-05-04 23:30:00,33.48,10.71,completed
SE-0001392,ST-027,1,2026-05-07 04:30:00,2026-05-07 04:36:00,3.81,1.22,completed
SE-0001142,ST-018,4,2026-05-06 15:13:00,2026-05-06 16:07:00,18.2,5.82,completed
SE-0003275,ST-039,4,2026-05-16 07:55:00,2026-05-16 08:31:00,28.21,9.03,completed
SE-0011861,ST-001,4,2026-06-29 03:24:00,2026-06-29 04:13:00,31.72,10.15,completed
SE-0002641,ST-034,2,2026-05-13 01:42:00,2026-05-13 02:12:00,14.95,4.78,completed
SE-0010145,ST-009,2,2026-06-20 11:55:00,2026-06-20 12:45:00,11.81,3.78,completed
SE-0000102,ST-022,3,2026-05-01 00:55:00,2026-05-01 01:58:00,25.52,8.17,completed
SE-0006592,ST-014,3,2026-06-02 01:16:00,2026-06-02 01:52:00,8.71,2.79,completed
SE-0001645,ST-042,4,2026-05-08 20:41:00,2026-05-08 22:01:00,27.67,8.85,completed
SE-0006525,ST-041,3,2026-06-01 10:18:00,2026-06-01 10:52:00,18.58,5.95,completed
SE-0002051,ST-041,2,2026-05-10 10:39:00,2026-05-10 11:15:00,21.82,6.98,completed
SE-0006774,ST-009,2,2026-06-03 05:15:00,2026-06-03 06:02:00,35.45,11.34,completed
SE-0010420,ST-025,2,2026-06-21 03:31:00,2026-06-21 04:49:00,48.41,15.49,completed
SE-0008349,ST-010,1,2026-06-11 00:01:00,2026-06-11 00:45:00,3.68,1.18,completed
SE-0002166,ST-018,1,2026-05-11 08:16:00,2026-05-11 08:45:00,14.9,4.77,completed
SE-0000298,ST-022,6,2026-05-02 09:34:00,2026-05-02 10:26:00,36.88,11.8,completed
SE-0009257,ST-025,1,2026-06-15 20:41:00,2026-06-15 21:17:00,15.94,,completed
SE-0011764,ST-016,2,2026-06-28 12:49:00,2026-06-28 13:54:00,40.39,12.92,completed
SE-0001751,ST-022,4,2026-05-09 14:08:00,2026-05-09 15:11:00,30.03,,completed
SE-0003206,ST-023,1,2026-05-16 14:07:00,2026-05-16 14:40:00,22.77,7.29,completed
SE-0004818,ST-025,2,2026-05-24 11:38:00,2026-05-24 12:22:00,27.59,8.83,completed
SE-0003046,ST-037,4,2026-05-15 23:20:00,2026-05-15 23:58:00,28.57,,completed
SE-0010529,ST-010,1,2026-06-22 23:38:00,2026-06-23 00:14:00,20.09,6.43,completed
SE-0009930,ST-041,5,2026-06-18 13:51:00,2026-06-18 14:40:00,36.25,11.6,completed
SE-0008540,ST-005,2,2026-06-12 22:55:00,2026-06-12 23:27:00,22.02,7.05,completed
SE-0006298,ST-033,1,2026-05-31 18:03:00,2026-05-31 19:07:00,26.17,8.37,completed
SE-0004284,ST-004,2,2026-05-22 11:05:00,2026-05-22 11:36:00,21.71,6.95,completed
SE-0005506,ST-001,3,2026-05-28 14:27:00,2026-05-28 14:47:00,16.89,5.4,completed
SE-0002016,ST-034,2,2026-05-10 12:39:00,2026-05-10 13:27:00,39.63,12.68,completed
SE-0005652,ST-025,1,2026-05-28 03:34:00,2026-05-28 04:27:00,28.58,9.15,completed
SE-0008838,ST-022,6,2026-06-13 00:54:00,2026-06-13 01:14:00,13.2,4.22,completed
SE-0002045,ST-041,1,2026-05-10 04:48:00,2026-05-10 05:40:00,30.02,9.61,completed
SE-0009342,ST-003,2,2026-06-16 11:34:00,2026-06-16 11:59:00,14.44,4.62,completed
SE-0005056,ST-037,1,2026-05-25 17:54:00,2026-05-25 18:44:00,38.04,12.17,completed
SE-0003877,ST-001,1,2026-05-20 16:16:00,2026-05-20 17:10:00,26.16,8.37,completed
SE-0007431,ST-023,2,2026-06-06 16:06:00,2026-06-06 16:34:00,11.68,3.74,completed
SE-0003945,ST-016,2,2026-05-20 19:30:00,2026-05-20 20:35:00,41.51,13.28,completed
SE-0006369,ST-005,1,2026-06-01 18:55:00,2026-06-01 19:35:00,19.43,6.22,completed
SE-0008856,ST-025,1,2026-06-13 20:43:00,2026-06-13 21:47:00,53.89,17.24,completed
SE-0004388,ST-023,1,2026-05-22 04:47:00,2026-05-22 05:22:00,20.49,6.56,completed
SE-0003689,ST-005,1,2026-05-19 13:51:00,2026-05-19 14:19:00,22.86,7.32,completed
SE-0006129,ST-034,2,2026-05-30 13:15:00,2026-05-30 13:51:00,24.55,7.86,completed
SE-0010729,ST-008,1,2026-06-23 00:48:00,2026-06-23 01:43:00,48.47,15.51,aborted
SE-0004537,ST-012,2,2026-05-23 15:02:00,2026-05-23 16:10:00,43.7,13.98,completed
SE-0008133,ST-006,3,2026-06-10 07:45:00,2026-06-10 08:25:00,17.47,5.59,completed
SE-0001299,ST-012,2,2026-05-07 12:21:00,2026-05-07 13:16:00,30.72,9.83,completed
SE-0001661,ST-005,2,2026-05-09 00:47:00,2026-05-09 01:39:00,26.03,8.33,completed
SE-0009393,ST-008,1,2026-06-16 05:43:00,2026-06-16 06:50:00,31.32,10.02,completed
SE-0011409,ST-025,2,2026-06-26 15:22:00,2026-06-26 15:48:00,15.23,4.87,aborted
SE-0004987,ST-017,2,2026-05-25 10:27:00,2026-05-25 11:17:00,15780,5.05,completed
SE-0007526,ST-001,4,2026-06-07 01:57:00,2026-06-07 02:29:00,12.92,4.13,completed
SE-0007840,ST-022,4,2026-06-08 02:01:00,2026-06-08 03:02:00,23.14,7.4,completed
SE-0001183,ST-025,1,2026-05-06 18:04:00,2026-05-06 18:15:00,5.6,,completed
SE-0010808,ST-025,1,2026-06-23 20:41:00,2026-06-23 21:27:00,40.21,,completed
SE-0008205,ST-018,4,2026-06-10 14:46:00,2026-06-10 15:27:00,21.9,7.01,completed
SE-0011007,ST-025,1,2026-06-24 06:54:00,2026-06-24 07:43:00,36.34,11.63,completed
SE-0002432,ST-035,2,2026-05-12 06:44:00,2026-05-12 07:37:00,21.93,7.02,completed
SE-0001539,ST-015,1,2026-05-08 07:58:00,2026-05-08 08:11:00,2.47,0.79,completed
SE-0004456,ST-040,2,2026-05-22 18:36:00,2026-05-22 18:45:00,4.7,1.5,completed
SE-0006367,ST-005,1,2026-06-01 14:36:00,2026-06-01 15:43:00,2.86,0.92,completed
SE-0012010,ST-026,6,2026-06-29 03:52:00,2026-06-29 04:28:00,15.92,5.09,completed
SE-0006177,ST-005,1,2026-05-31 20:37:00,2026-05-31 21:13:00,12.59,4.03,completed
SE-0006128,ST-034,2,2026-05-30 04:44:00,2026-05-30 05:33:00,37.82,12.1,completed
SE-0006361,ST-003,1,2026-06-01 01:00:00,2026-06-01 01:58:00,39.33,12.59,aborted
SE-0007205,ST-015,2,2026-06-05 07:46:00,2026-06-05 08:22:00,38.25,12.24,completed
SE-0009969,ST-004,3,2026-06-19 04:38:00,2026-06-19 05:20:00,23.11,7.4,completed
SE-0011162,ST-015,2,2026-06-25 03:38:00,2026-06-25 04:13:00,20.13,6.44,completed
SE-0000535,ST-025,2,2026-05-03 03:11:00,2026-05-03 03:55:00,16.95,5.42,completed
SE-0009191,ST-010,2,2026-06-15 21:12:00,2026-06-15 21:41:00,16.71,5.35,completed
SE-0008213,ST-022,4,2026-06-10 03:48:00,2026-06-10 04:20:00,12.2,,completed
SE-0005512,ST-002,1,2026-05-28 09:04:00,2026-05-28 09:38:00,9.26,2.96,completed
SE-0004202,ST-025,2,2026-05-21 08:39:00,2026-05-21 09:26:00,23.52,7.53,completed
SE-0008880,ST-033,2,2026-06-13 01:23:00,2026-06-13 01:58:00,10.07,3.22,completed
SE-0005710,ST-041,2,2026-05-28 18:04:00,2026-05-28 19:09:00,35.18,11.26,completed
SE-0008332,ST-006,4,2026-06-11 21:48:00,2026-06-11 22:00:00,4.77,1.53,aborted
SE-0007088,ST-034,1,2026-06-04 07:01:00,2026-06-04 07:49:00,21.32,6.82,completed
SE-0007285,ST-033,2,2026-06-05 10:53:00,2026-06-05 11:57:00,40.29,12.89,completed
SE-0004040,ST-038,3,2026-05-20 08:05:00,2026-05-20 08:53:00,27.01,8.64,completed
SE-0008410,ST-022,5,2026-06-11 10:09:00,2026-06-11 10:54:00,24.89,7.96,completed
SE-0001704,ST-014,2,2026-05-09 20:33:00,2026-05-09 20:53:00,9.0,2.88,completed
SE-0008979,ST-012,1,2026-06-14 10:47:00,2026-06-14 11:42:00,39.47,12.63,completed
SE-0009840,ST-019,3,2026-06-18 16:29:00,2026-06-18 17:20:00,33.27,10.65,completed
SE-0009674,ST-025,1,2026-06-17 16:08:00,2026-06-17 16:42:00,15.86,5.08,completed
SE-0002318,ST-008,1,2026-05-12 04:15:00,2026-05-12 04:44:00,14.19,,completed
SE-0009260,ST-025,1,2026-06-15 22:56:00,2026-06-15 23:41:00,32.75,10.48,completed
SE-0009650,ST-022,6,2026-06-17 20:59:00,2026-06-17 21:32:00,15.08,,completed
SE-0003409,ST-025,2,2026-05-17 06:37:00,2026-05-17 07:06:00,23.08,7.39,completed
SE-0000631,ST-005,1,2026-05-04 04:19:00,2026-05-04 05:16:00,28.06,8.98,completed
SE-0003790,ST-022,6,2026-05-19 15:20:00,2026-05-19 16:29:00,38.28,12.25,completed
SE-0004799,ST-022,6,2026-05-24 08:06:00,2026-05-24 09:23:00,42.41,13.57,completed
SE-0006776,ST-009,2,2026-06-03 07:03:00,2026-06-03 07:33:00,13.12,4.2,completed
SE-0008827,ST-019,2,2026-06-13 10:03:00,2026-06-13 10:35:00,11.18,3.58,completed
SE-0005785,ST-009,1,2026-05-29 15:45:00,2026-05-29 16:27:00,11.32,3.62,completed
SE-0003371,ST-015,2,2026-05-17 21:49:00,2026-05-17 22:33:00,32.14,10.28,completed
SE-0011013,ST-026,6,2026-06-24 15:18:00,2026-06-24 15:58:00,13.81,4.42,completed
SE-0001591,ST-023,1,2026-05-08 00:22:00,2026-05-08 01:10:00,15.29,4.89,completed
SE-0002360,ST-017,2,2026-05-12 00:37:00,2026-05-12 01:07:00,23960,7.67,completed
SE-0002294,ST-005,2,2026-05-12 22:05:00,2026-05-12 23:16:00,18.61,5.96,completed
SE-0008593,ST-017,1,2026-06-12 12:40:00,2026-06-12 13:53:00,40410,12.93,completed
SE-0008980,ST-012,1,2026-06-14 11:04:00,2026-06-14 11:39:00,14.63,4.68,completed
SE-0007087,ST-033,2,2026-06-04 01:09:00,2026-06-04 01:54:00,35.94,11.5,completed
SE-0011745,ST-014,3,2026-06-28 12:44:00,2026-06-28 13:21:00,27.96,8.95,completed
SE-0007793,ST-014,4,2026-06-08 08:50:00,2026-06-08 09:29:00,15.61,5.0,completed
SE-0008542,ST-006,1,2026-06-12 17:52:00,2026-06-12 18:12:00,12.3,3.94,completed
SE-0011474,ST-002,2,2026-06-27 18:46:00,2026-06-27 19:55:00,3.32,1.06,completed
SE-0010282,ST-001,4,2026-06-21 12:23:00,2026-06-21 12:53:00,13.1,4.19,completed
SE-0005428,ST-025,1,2026-05-27 16:31:00,2026-05-27 17:21:00,22.96,7.35,aborted
SE-0010242,ST-033,2,2026-06-20 13:56:00,2026-06-20 14:49:00,28.68,9.18,completed
SE-0000446,ST-009,1,2026-05-03 13:28:00,2026-05-03 14:22:00,25.65,8.21,completed
SE-0010843,ST-034,1,2026-06-23 19:01:00,2026-06-23 19:07:00,2.03,0.65,completed
SE-0002462,ST-001,2,2026-05-13 06:22:00,2026-05-13 07:02:00,20.81,6.66,completed
SE-0009559,ST-003,1,2026-06-17 04:42:00,2026-06-17 05:34:00,52.49,16.8,completed
SE-0008658,ST-034,1,2026-06-12 05:56:00,2026-06-12 06:02:00,3.78,,completed
SE-0004076,ST-003,1,2026-05-21 07:14:00,2026-05-21 07:36:00,9.06,2.9,completed
SE-0000944,ST-021,5,2026-05-05 13:57:00,2026-05-05 14:22:00,21.85,6.99,completed
SE-0010637,ST-033,2,2026-06-22 16:10:00,2026-06-22 16:39:00,9.08,2.91,completed
SE-0001886,ST-008,1,2026-05-10 00:09:00,2026-05-10 00:47:00,13.34,4.27,completed
SE-0004912,ST-005,1,2026-05-25 10:48:00,2026-05-25 11:50:00,35.68,11.42,completed
SE-0006929,ST-001,4,2026-06-04 07:12:00,2026-06-04 07:53:00,32.04,10.25,completed
SE-0007870,ST-025,1,2026-06-08 09:37:00,2026-06-08 10:01:00,13.35,4.27,completed
SE-0006144,ST-041,1,2026-05-30 22:27:00,2026-05-30 23:25:00,37.31,11.94,completed
SE-0003534,ST-012,2,2026-05-18 14:41:00,2026-05-18 15:08:00,13.05,4.18,completed
SE-0008624,ST-023,2,2026-06-12 22:00:00,2026-06-12 22:27:00,8.62,2.76,completed
SE-0002803,ST-023,2,2026-05-14 03:10:00,2026-05-14 03:16:00,2.6,0.83,aborted
SE-0004373,ST-022,1,2026-05-22 23:12:00,2026-05-22 23:52:00,30.16,9.65,completed
SE-0009953,ST-002,2,2026-06-19 00:26:00,2026-06-19 01:17:00,17.86,5.72,completed
SE-0001019,ST-041,4,2026-05-05 02:41:00,2026-05-05 03:39:00,39.96,12.79,completed
SE-0011496,ST-006,3,2026-06-27 05:17:00,2026-06-27 05:53:00,26.48,8.47,completed
SE-0002218,ST-032,1,2026-05-11 23:20:00,2026-05-11 23:31:00,7.68,2.46,completed
SE-0003731,ST-010,2,2026-05-19 08:02:00,2026-05-19 09:00:00,31.8,10.18,completed
SE-0000040,ST-010,2,2026-05-01 03:52:00,2026-05-01 04:56:00,22.66,7.25,completed
SE-0005374,ST-015,1,2026-05-27 00:50:00,2026-05-27 01:21:00,23.57,7.54,completed
SE-0001030,ST-001,4,2026-05-06 22:30:00,2026-05-06 23:33:00,27.91,8.93,completed
SE-0009807,ST-014,2,2026-06-18 01:29:00,2026-06-18 02:38:00,51.06,16.34,completed
SE-0003350,ST-010,2,2026-05-17 10:32:00,2026-05-17 10:40:00,3.47,1.11,completed
SE-0007934,ST-001,1,2026-06-09 21:27:00,2026-06-09 22:14:00,22.28,7.13,completed
SE-0003632,ST-035,1,2026-05-18 12:31:00,2026-05-18 13:31:00,33.06,10.58,completed
SE-0002028,ST-036,2,2026-05-10 13:25:00,2026-05-10 14:08:00,34.11,10.92,completed
SE-0007789,ST-014,1,2026-06-08 06:40:00,2026-06-08 07:32:00,30.77,9.85,completed
SE-0007491,ST-034,2,2026-06-06 05:34:00,2026-06-06 06:12:00,13.59,4.35,completed
SE-0009894,ST-029,3,2026-06-18 16:19:00,2026-06-18 17:14:00,40.1,12.83,completed
SE-0004075,ST-003,1,2026-05-21 11:40:00,2026-05-21 12:30:00,23.5,7.52,completed
SE-0000314,ST-025,1,2026-05-02 21:10:00,2026-05-02 22:02:00,29.7,9.5,completed
SE-0010874,ST-001,2,2026-06-24 18:49:00,2026-06-24 19:38:00,36.44,11.66,completed
SE-0001703,ST-014,4,2026-05-09 17:53:00,2026-05-09 18:48:00,32.5,10.4,completed
SE-0010477,ST-001,4,2026-06-22 08:53:00,2026-06-22 09:26:00,16.01,5.12,completed
SE-0004171,ST-017,2,2026-05-21 20:26:00,2026-05-21 21:20:00,24140,7.72,completed
SE-0009354,ST-005,1,2026-06-16 22:34:00,2026-06-16 23:20:00,21.23,,completed
SE-0005651,ST-025,1,2026-05-28 19:34:00,2026-05-28 20:22:00,22.73,7.27,completed
SE-0010914,ST-006,5,2026-06-24 19:06:00,2026-06-24 19:56:00,30.99,9.92,completed
SE-0011694,ST-003,1,2026-06-28 14:11:00,2026-06-28 14:55:00,27.91,8.93,completed
SE-0003134,ST-010,1,2026-05-16 23:22:00,2026-05-16 23:53:00,11.65,3.73,completed
SE-0005650,ST-025,1,2026-05-28 16:21:00,2026-05-28 17:22:00,22.25,7.12,completed
SE-0001133,ST-017,2,2026-05-06 23:47:00,2026-05-07 00:11:00,6960,2.23,completed
SE-0000509,ST-022,3,2026-05-03 07:56:00,2026-05-03 09:15:00,34.25,10.96,completed
SE-0008155,ST-011,1,2026-06-10 23:07:00,2026-06-10 23:17:00,1.14,0.36,faulted
SE-0007857,ST-023,2,2026-06-08 03:29:00,2026-06-08 04:08:00,2.92,0.93,completed
SE-0008297,ST-002,1,2026-06-11 08:28:00,2026-06-11 09:55:00,62.49,20.0,completed
SE-0001366,ST-023,1,2026-05-07 02:28:00,2026-05-07 03:21:00,18.57,5.94,completed
SE-0003683,ST-004,1,2026-05-19 23:47:00,2026-05-20 00:17:00,14.12,4.52,completed
SE-0007457,ST-025,1,2026-06-06 05:42:00,2026-06-06 06:41:00,10.36,3.32,completed
SE-0010446,ST-033,1,2026-06-21 13:22:00,2026-06-21 14:05:00,18.28,5.85,completed
SE-0002095,ST-005,1,2026-05-11 01:31:00,2026-05-11 02:18:00,31.86,10.2,completed
SE-0001601,ST-026,6,2026-05-08 01:18:00,2026-05-08 01:51:00,21.62,6.92,completed
SE-0008357,ST-012,2,2026-06-11 14:16:00,2026-06-11 14:47:00,11.93,3.82,completed
SE-0001517,ST-012,2,2026-05-08 02:01:00,2026-05-08 02:23:00,8.14,2.6,completed
SE-0001185,ST-025,1,2026-05-06 19:45:00,2026-05-06 20:56:00,24.54,7.85,completed
SE-0003829,ST-031,3,2026-05-19 14:20:00,2026-05-19 15:11:00,30.06,9.62,completed
SE-0011871,ST-002,2,2026-06-29 01:26:00,2026-06-29 01:48:00,9.64,3.08,completed
SE-0009101,ST-031,4,2026-06-14 00:53:00,2026-06-14 01:27:00,24.4,7.81,completed
SE-0001551,ST-016,2,2026-05-08 10:16:00,2026-05-08 11:08:00,25.96,,completed
SE-0003823,ST-029,3,2026-05-19 01:53:00,2026-05-19 02:33:00,11.69,3.74,completed
SE-0001377,ST-024,2,2026-05-07 13:29:00,2026-05-07 14:03:00,11.37,3.64,completed
SE-0000533,ST-025,1,2026-05-03 15:59:00,2026-05-03 16:13:00,5.65,1.81,aborted
SE-0006863,ST-023,1,2026-06-03 03:26:00,2026-06-03 03:50:00,16.56,,completed
SE-0006658,ST-024,2,2026-06-02 08:06:00,2026-06-02 08:32:00,18.89,6.04,completed
SE-0005120,ST-005,1,2026-05-26 14:45:00,2026-05-26 15:20:00,18.4,5.89,completed
SE-0005990,ST-011,1,2026-05-30 15:16:00,2026-05-30 15:53:00,24.27,7.77,completed
SE-0010071,ST-027,1,2026-06-19 10:22:00,2026-06-19 10:39:00,12.03,3.85,completed
SE-0010352,ST-012,2,2026-06-21 07:08:00,2026-06-21 07:15:00,3.76,1.2,completed
SE-0007634,ST-022,4,2026-06-07 22:14:00,2026-06-07 22:58:00,8.31,2.66,completed
SE-0005128,ST-006,3,2026-05-26 11:19:00,2026-05-26 11:55:00,23.8,7.62,completed
SE-0006196,ST-009,2,2026-05-31 18:22:00,2026-05-31 19:23:00,17.58,5.63,completed
SE-0009943,ST-001,1,2026-06-19 13:47:00,2026-06-19 14:33:00,23.3,7.46,completed
SE-0003508,ST-006,4,2026-05-18 20:46:00,2026-05-18 21:29:00,29.97,9.59,completed
SE-0000515,ST-023,1,2026-05-03 00:35:00,2026-05-03 01:40:00,44.03,14.09,completed
SE-0005426,ST-025,2,2026-05-27 10:15:00,2026-05-27 10:54:00,13.55,4.34,completed
SE-0003214,ST-023,2,2026-05-16 19:58:00,2026-05-16 20:06:00,5.4,1.73,completed
SE-0008222,ST-023,1,2026-06-10 04:08:00,2026-06-10 04:54:00,27.99,8.96,completed
SE-0010873,ST-001,2,2026-06-24 20:08:00,2026-06-24 21:00:00,42.68,13.66,completed
SE-0008000,ST-015,1,2026-06-09 08:52:00,2026-06-09 09:39:00,27.44,,completed
SE-0011320,ST-008,2,2026-06-26 18:00:00,2026-06-26 18:56:00,13.61,4.36,completed
SE-0003428,ST-030,6,2026-05-17 22:57:00,2026-05-18 00:01:00,41.76,13.36,completed
SE-0000855,ST-003,2,2026-05-05 13:15:00,2026-05-05 13:32:00,7.99,2.56,completed
SE-0000929,ST-017,2,2026-05-05 05:11:00,2026-05-05 05:37:00,8050,2.58,completed
SE-0003028,ST-033,1,2026-05-15 19:31:00,2026-05-15 20:26:00,29.3,9.38,completed
SE-0007992,ST-014,2,2026-06-09 06:52:00,2026-06-09 07:36:00,13.96,4.47,completed
SE-0005836,ST-017,2,2026-05-29 19:26:00,2026-05-29 20:05:00,22910,7.33,completed
SE-0010439,ST-030,2,2026-06-21 11:17:00,2026-06-21 12:10:00,28.3,9.06,completed
SE-0009304,ST-036,1,2026-06-15 03:19:00,2026-06-15 04:10:00,14.78,4.73,completed
SE-0004379,ST-023,1,2026-05-22 14:23:00,2026-05-22 15:22:00,34.54,11.05,completed
SE-0011349,ST-015,2,2026-06-26 19:54:00,2026-06-26 20:49:00,29.22,9.35,completed
SE-0011483,ST-003,2,2026-06-27 19:22:00,2026-06-27 19:52:00,8.01,2.56,completed
SE-0000697,ST-015,2,2026-05-04 21:01:00,2026-05-04 21:54:00,14.48,4.63,completed
SE-0005119,ST-005,2,2026-05-26 02:33:00,2026-05-26 02:49:00,10.35,3.31,completed
SE-0003909,ST-007,3,2026-05-20 00:19:00,2026-05-20 01:06:00,28.16,,completed
SE-0005474,ST-034,1,2026-05-27 08:52:00,2026-05-27 09:03:00,4.17,1.33,completed
SE-0001147,ST-021,6,2026-05-06 02:04:00,2026-05-06 02:54:00,16.51,5.28,completed
SE-0001575,ST-022,3,2026-05-08 00:09:00,2026-05-08 01:12:00,41.26,13.2,completed
SE-0011548,ST-014,4,2026-06-27 16:04:00,2026-06-27 16:46:00,17.76,5.68,completed
SE-0003670,ST-002,1,2026-05-19 20:25:00,2026-05-19 21:12:00,28.59,9.15,completed
SE-0008500,ST-041,5,2026-06-11 04:39:00,2026-06-11 05:25:00,27.29,8.73,completed
SE-0009758,ST-005,1,2026-06-18 07:28:00,2026-06-18 07:47:00,12.85,4.11,completed
SE-0011990,ST-023,2,2026-06-29 21:46:00,2026-06-29 22:34:00,24.74,7.92,completed
SE-0002681,ST-001,3,2026-05-14 13:10:00,2026-05-14 14:04:00,16.18,5.18,completed
SE-0010537,ST-014,5,2026-06-22 13:07:00,2026-06-22 13:30:00,14.28,4.57,completed
SE-0007627,ST-022,5,2026-06-07 07:22:00,2026-06-07 08:07:00,27.47,8.79,completed
SE-0005201,ST-023,2,2026-05-26 00:34:00,2026-05-26 01:28:00,32.28,10.33,completed
SE-0010095,ST-039,2,2026-06-19 05:39:00,2026-06-19 06:23:00,7.91,2.53,completed
SE-0010531,ST-011,1,2026-06-22 04:09:00,2026-06-22 05:05:00,4.11,1.32,faulted
SE-0002431,ST-035,1,2026-05-12 03:27:00,2026-05-12 04:10:00,20.36,6.52,completed
SE-0002509,ST-009,1,2026-05-13 19:49:00,2026-05-13 20:51:00,36.89,11.8,completed
SE-0011242,ST-033,2,2026-06-25 02:45:00,2026-06-25 03:25:00,32.73,10.47,completed
SE-0007421,ST-022,3,2026-06-06 09:51:00,2026-06-06 11:03:00,37.92,12.13,completed
SE-0002581,ST-022,1,2026-05-13 23:08:00,2026-05-13 23:31:00,9.7,,completed
SE-0010024,ST-017,1,2026-06-19 16:24:00,2026-06-19 16:57:00,13740,4.4,completed
SE-0011757,ST-015,2,2026-06-28 21:41:00,2026-06-28 22:25:00,19.14,6.12,completed
SE-0003956,ST-017,1,2026-05-20 13:18:00,2026-05-20 14:06:00,38440,12.3,aborted
SE-0012053,ST-041,6,2026-06-29 13:05:00,2026-06-29 13:52:00,31.76,10.16,completed
SE-0009270,ST-027,4,2026-06-15 11:50:00,2026-06-15 12:38:00,8.28,2.65,completed
SE-0004305,ST-008,2,2026-05-22 00:12:00,2026-05-22 01:07:00,25.32,8.1,completed
SE-0005332,ST-008,1,2026-05-27 09:58:00,2026-05-27 10:48:00,4.79,1.53,aborted
SE-0003717,ST-008,2,2026-05-19 21:28:00,2026-05-19 22:17:00,27.83,8.91,completed
SE-0002069,ST-001,3,2026-05-11 11:58:00,2026-05-11 12:29:00,21.26,6.8,completed
SE-0003293,ST-041,3,2026-05-16 16:30:00,2026-05-16 17:06:00,14.24,4.56,completed
SE-0002471,ST-003,2,2026-05-13 01:03:00,2026-05-13 01:22:00,10.22,,completed
SE-0001131,ST-017,1,2026-05-06 20:20:00,2026-05-06 20:53:00,25220,8.07,completed
SE-0006621,ST-016,1,2026-06-02 01:46:00,2026-06-02 02:19:00,26.26,8.4,completed
SE-0010461,ST-036,3,2026-06-21 22:03:00,2026-06-21 22:49:00,30.79,9.85,completed
SE-0009727,ST-041,4,2026-06-17 23:05:00,2026-06-18 00:03:00,24.82,7.94,completed
SE-0002314,ST-008,2,2026-05-12 04:01:00,2026-05-12 04:29:00,16.39,5.24,aborted
SE-0000195,ST-001,1,2026-05-02 03:44:00,2026-05-02 04:38:00,30.16,9.65,completed
SE-0008858,ST-025,1,2026-06-13 19:18:00,2026-06-13 20:14:00,30.07,9.62,completed
SE-0003700,ST-006,6,2026-05-19 05:42:00,2026-05-19 06:49:00,38.01,12.16,completed
SE-0009560,ST-003,1,2026-06-17 21:02:00,2026-06-17 21:45:00,17.68,5.66,completed
SE-0008729,ST-005,2,2026-06-13 20:49:00,2026-06-13 21:45:00,33.7,10.78,completed
SE-0004339,ST-015,1,2026-05-22 15:12:00,2026-05-22 15:49:00,19.81,6.34,completed
SE-0004827,ST-025,2,2026-05-24 07:21:00,2026-05-24 08:31:00,43.83,14.03,completed
SE-0008433,ST-025,2,2026-06-11 23:39:00,2026-06-12 00:10:00,21.35,6.83,aborted
SE-0008526,ST-003,1,2026-06-12 15:48:00,2026-06-12 16:24:00,28.07,8.98,completed
SE-0001968,ST-023,1,2026-05-10 05:47:00,2026-05-10 06:04:00,9.83,3.15,completed
SE-0008359,ST-012,1,2026-06-11 16:42:00,2026-06-11 17:15:00,12.79,4.09,completed
SE-0005743,ST-003,1,2026-05-29 22:42:00,2026-05-29 23:08:00,18.1,5.79,completed
SE-0007950,ST-003,1,2026-06-09 09:29:00,2026-06-09 10:20:00,24.06,7.7,aborted
SE-0009373,ST-006,2,2026-06-16 01:49:00,2026-06-16 02:04:00,11.1,3.55,completed
SE-0009784,ST-009,1,2026-06-18 12:46:00,2026-06-18 13:48:00,51.54,16.49,completed
SE-0004504,ST-005,1,2026-05-23 21:01:00,2026-05-23 21:43:00,13.75,4.4,completed
SE-0007553,ST-005,2,2026-06-07 20:10:00,2026-06-07 20:20:00,4.22,1.35,completed
SE-0009451,ST-018,3,2026-06-16 13:08:00,2026-06-16 14:14:00,30.33,9.71,completed
SE-0001189,ST-026,4,2026-05-06 12:22:00,2026-05-06 13:09:00,20.75,,completed
SE-0001932,ST-017,1,2026-05-10 08:26:00,2026-05-10 09:18:00,16610,5.32,completed
SE-0008254,ST-033,2,2026-06-10 05:30:00,2026-06-10 06:22:00,17.35,5.55,completed
SE-0009358,ST-005,1,2026-06-16 12:37:00,2026-06-16 13:20:00,26.84,8.59,completed
SE-0006439,ST-017,2,2026-06-01 21:07:00,2026-06-01 21:41:00,16400,5.25,completed
SE-0011931,ST-014,5,2026-06-29 02:39:00,2026-06-29 03:02:00,25.12,8.04,completed
SE-0007734,ST-001,4,2026-06-08 03:30:00,2026-06-08 04:41:00,43.95,14.06,completed
SE-0001987,ST-026,6,2026-05-10 01:18:00,2026-05-10 02:09:00,31.79,10.17,completed
SE-0001933,ST-017,1,2026-05-10 11:51:00,2026-05-10 12:39:00,16940,5.42,completed
SE-0009893,ST-029,1,2026-06-18 22:39:00,2026-06-18 23:35:00,28.28,9.05,completed
SE-0008314,ST-005,1,2026-06-11 12:48:00,2026-06-11 13:39:00,20.07,6.42,completed
SE-0000500,ST-022,1,2026-05-03 15:57:00,2026-05-03 16:43:00,36.06,11.54,completed
SE-0011799,ST-023,2,2026-06-28 17:59:00,2026-06-28 18:38:00,19.55,6.26,completed
SE-0010165,ST-015,2,2026-06-20 03:35:00,2026-06-20 04:13:00,23.66,7.57,completed
SE-0006277,ST-025,1,2026-05-31 15:04:00,2026-05-31 15:35:00,4.71,1.51,completed
SE-0009646,ST-022,4,2026-06-17 14:29:00,2026-06-17 15:17:00,9.97,3.19,completed
SE-0005031,ST-031,2,2026-05-25 10:34:00,2026-05-25 11:14:00,14.82,4.74,completed
SE-0003284,ST-041,6,2026-05-16 01:08:00,2026-05-16 01:14:00,3.27,1.05,completed
SE-0003676,ST-003,2,2026-05-19 15:18:00,2026-05-19 16:07:00,28.32,9.06,completed
SE-0000628,ST-005,2,2026-05-04 07:18:00,2026-05-04 08:02:00,33.34,10.67,completed
SE-0007932,ST-001,2,2026-06-09 21:19:00,2026-06-09 22:15:00,49.48,15.83,completed
SE-0005029,ST-030,3,2026-05-25 07:31:00,2026-05-25 07:37:00,4.31,1.38,completed
SE-0009673,ST-025,2,2026-06-17 15:02:00,2026-06-17 15:48:00,20.54,6.57,completed
SE-0011395,ST-024,2,2026-06-26 09:32:00,2026-06-26 10:04:00,11.34,3.63,completed
SE-0002317,ST-008,1,2026-05-12 07:38:00,2026-05-12 08:25:00,27.69,8.86,completed
SE-0006626,ST-017,1,2026-06-02 21:47:00,2026-06-02 22:14:00,18540,5.93,completed
SE-0010159,ST-015,2,2026-06-20 02:21:00,2026-06-20 02:34:00,10.99,3.52,completed
SE-0010124,ST-003,1,2026-06-20 11:42:00,2026-06-20 12:14:00,16.92,5.41,aborted
SE-0006662,ST-025,1,2026-06-02 19:34:00,2026-06-02 20:08:00,20.5,6.56,completed
SE-0003010,ST-029,4,2026-05-15 06:12:00,2026-05-15 07:09:00,28.54,9.13,completed
SE-0004053,ST-041,6,2026-05-20 12:53:00,2026-05-20 13:35:00,26.8,8.58,completed
SE-0009885,ST-026,2,2026-06-18 05:01:00,2026-06-18 05:42:00,20.61,6.6,completed
SE-0009629,ST-016,2,2026-06-17 08:56:00,2026-06-17 09:43:00,35.0,,completed
SE-0005842,ST-018,3,2026-05-29 06:23:00,2026-05-29 07:46:00,56.79,18.17,completed
SE-0003049,ST-039,1,2026-05-15 08:58:00,2026-05-15 09:41:00,10.51,3.36,completed
SE-0004925,ST-005,1,2026-05-25 22:04:00,2026-05-25 22:59:00,36.51,11.68,completed
SE-0010438,ST-029,1,2026-06-21 08:31:00,2026-06-21 08:49:00,7.63,2.44,completed
SE-0010687,ST-003,1,2026-06-23 17:19:00,2026-06-23 18:13:00,35.6,11.39,completed
SE-0009172,ST-006,6,2026-06-15 21:11:00,2026-06-15 21:41:00,15.6,4.99,completed
SE-0009538,ST-001,4,2026-06-17 13:47:00,2026-06-17 15:04:00,29.7,9.5,completed
SE-0003281,ST-041,3,2026-05-16 01:55:00,2026-05-16 02:41:00,26.62,8.52,completed
SE-0000051,ST-013,2,2026-05-01 09:31:00,2026-05-01 10:27:00,49.22,15.75,completed
SE-0007432,ST-023,1,2026-06-06 18:47:00,2026-06-06 19:14:00,16.5,5.28,completed
SE-0009005,ST-015,2,2026-06-14 11:59:00,2026-06-14 13:11:00,57.65,18.45,completed
SE-0009708,ST-033,2,2026-06-17 20:22:00,2026-06-17 21:26:00,11.13,3.56,completed
SE-0000287,ST-021,5,2026-05-02 16:20:00,2026-05-02 17:09:00,29.73,9.51,completed
SE-0001538,ST-015,2,2026-05-08 08:53:00,2026-05-08 10:06:00,53.87,17.24,completed
SE-0007213,ST-017,2,2026-06-05 05:55:00,2026-06-05 06:38:00,26650,8.53,completed
SE-0006559,ST-006,3,2026-06-02 06:14:00,2026-06-02 07:09:00,29.58,9.47,aborted
SE-0010733,ST-009,1,2026-06-23 04:17:00,2026-06-23 05:17:00,33.73,10.79,completed
SE-0000469,ST-015,1,2026-05-03 00:01:00,2026-05-03 00:51:00,19.22,6.15,completed
SE-0010194,ST-022,4,2026-06-20 12:24:00,2026-06-20 12:39:00,12.28,3.93,completed
SE-0010021,ST-017,2,2026-06-19 03:24:00,2026-06-19 04:11:00,19260,6.16,completed
SE-0002186,ST-023,2,2026-05-11 12:58:00,2026-05-11 14:02:00,32.92,10.53,completed
SE-0003140,ST-011,1,2026-05-16 07:59:00,2026-05-16 08:40:00,37.34,11.95,completed
SE-0003340,ST-006,5,2026-05-17 10:05:00,2026-05-17 10:44:00,36.0,11.52,completed
SE-0009975,ST-005,1,2026-06-19 04:21:00,2026-06-19 05:10:00,14.9,4.77,completed
SE-0006029,ST-016,1,2026-05-30 20:27:00,2026-05-30 21:23:00,17.88,5.72,completed
SE-0003538,ST-013,1,2026-05-18 06:51:00,2026-05-18 07:23:00,20.5,6.56,completed
SE-0005336,ST-009,2,2026-05-27 12:07:00,2026-05-27 13:09:00,14.82,4.74,completed
SE-0008872,ST-030,1,2026-06-13 19:09:00,2026-06-13 19:48:00,20.78,6.65,completed
SE-0002200,ST-025,1,2026-05-11 01:08:00,2026-05-11 02:04:00,25.65,8.21,completed
SE-0007925,ST-042,6,2026-06-08 17:21:00,2026-06-08 17:39:00,11.16,3.57,aborted
SE-0004478,ST-002,1,2026-05-23 03:35:00,2026-05-23 04:08:00,15.67,5.01,completed
SE-0007156,ST-006,4,2026-06-05 03:11:00,2026-06-05 04:09:00,33.22,10.63,completed
SE-0005045,ST-033,1,2026-05-25 10:20:00,2026-05-25 11:44:00,46.41,14.85,completed
SE-0008094,ST-001,1,2026-06-10 09:47:00,2026-06-10 11:03:00,34.35,,completed
SE-0009394,ST-009,2,2026-06-16 03:34:00,2026-06-16 04:12:00,26.03,8.33,completed
SE-0005985,ST-010,1,2026-05-30 06:55:00,2026-05-30 07:41:00,23.54,7.53,completed
SE-0011562,ST-015,1,2026-06-27 15:11:00,2026-06-27 15:56:00,24.2,7.74,completed
SE-0000506,ST-022,5,2026-05-03 06:35:00,2026-05-03 07:24:00,23.95,7.66,completed
SE-0004743,ST-012,2,2026-05-24 21:35:00,2026-05-24 22:27:00,33.68,10.78,aborted
SE-0001565,ST-021,5,2026-05-08 10:58:00,2026-05-08 11:50:00,41.82,13.38,completed
SE-0001200,ST-031,2,2026-05-06 19:47:00,2026-05-06 20:38:00,23.61,7.56,completed
SE-0002655,ST-040,1,2026-05-13 17:29:00,2026-05-13 18:26:00,31.39,10.04,completed
SE-0000322,ST-025,2,2026-05-02 15:11:00,2026-05-02 16:11:00,26.8,8.58,completed
SE-0008882,ST-033,2,2026-06-13 06:24:00,2026-06-13 07:39:00,44.97,14.39,completed
SE-0005889,ST-032,1,2026-05-29 12:58:00,2026-05-29 13:49:00,37.65,12.05,completed
SE-0000022,ST-005,2,2026-05-01 23:29:00,2026-05-02 00:16:00,26.71,8.55,completed
SE-0005731,ST-003,1,2026-05-29 20:07:00,2026-05-29 20:52:00,43.16,13.81,completed
SE-0008350,ST-010,1,2026-06-11 12:11:00,2026-06-11 12:39:00,10.89,3.48,completed
SE-0007786,ST-013,1,2026-06-08 20:12:00,2026-06-08 21:35:00,36.41,11.65,completed
SE-0007964,ST-006,6,2026-06-09 11:40:00,2026-06-09 12:10:00,18.34,5.87,completed
SE-0001177,ST-025,2,2026-05-06 18:37:00,2026-05-06 19:33:00,30.01,9.6,completed
SE-0000412,ST-004,4,2026-05-03 06:00:00,2026-05-03 06:25:00,11.23,3.59,completed
SE-0009903,ST-033,2,2026-06-18 06:31:00,2026-06-18 07:18:00,26.52,8.49,completed
SE-0009295,ST-033,1,2026-06-15 16:35:00,2026-06-15 17:16:00,23.33,7.47,completed
SE-0008368,ST-014,1,2026-06-11 21:11:00,2026-06-11 22:03:00,40.96,13.11,completed
SE-0008422,ST-023,1,2026-06-11 23:27:00,2026-06-12 00:17:00,39.98,12.79,completed
SE-0010447,ST-033,1,2026-06-21 21:59:00,2026-06-21 22:14:00,8.16,2.61,completed
SE-0009231,ST-016,1,2026-06-15 21:22:00,2026-06-15 22:10:00,25.31,8.1,completed
SE-0009401,ST-010,1,2026-06-16 23:54:00,2026-06-17 00:26:00,6.45,2.06,completed
SE-0009937,ST-041,2,2026-06-18 18:27:00,2026-06-18 19:14:00,10.25,3.28,completed
SE-0005273,ST-041,2,2026-05-26 00:06:00,2026-05-26 01:00:00,16.57,5.3,completed
SE-0011373,ST-020,1,2026-06-26 13:27:00,2026-06-26 13:35:00,4.44,1.42,completed
SE-0006109,ST-033,1,2026-05-30 03:57:00,2026-05-30 04:12:00,7.0,2.24,completed
SE-0003207,ST-023,2,2026-05-16 14:05:00,2026-05-16 14:58:00,57.57,18.42,completed
SE-0007171,ST-010,2,2026-06-05 23:31:00,2026-06-06 00:23:00,31.38,10.04,completed
SE-0008706,ST-002,2,2026-06-13 16:45:00,2026-06-13 17:42:00,26.6,8.51,completed
SE-0000240,ST-008,2,2026-05-02 06:50:00,2026-05-02 07:44:00,47.1,15.07,completed
SE-0005673,ST-030,5,2026-05-28 10:26:00,2026-05-28 11:21:00,23.19,7.42,completed
SE-0000021,ST-005,2,2026-05-01 10:54:00,2026-05-01 11:44:00,19.9,6.37,completed
SE-0005585,ST-014,5,2026-05-28 23:12:00,2026-05-28 23:55:00,16.66,5.33,completed
SE-0001847,ST-003,2,2026-05-10 13:53:00,2026-05-10 14:27:00,21.87,7.0,completed
SE-0007377,ST-012,2,2026-06-06 16:38:00,2026-06-06 17:11:00,12.62,4.04,completed
SE-0006483,ST-025,2,2026-06-01 08:39:00,2026-06-01 08:57:00,8.13,2.6,completed
SE-0009705,ST-033,1,2026-06-17 13:14:00,2026-06-17 13:41:00,25.96,8.31,completed
SE-0001160,ST-022,5,2026-05-06 19:14:00,2026-05-06 20:18:00,35.12,11.24,completed
SE-0008082,ST-041,5,2026-06-09 02:17:00,2026-06-09 02:36:00,13.05,4.18,completed
SE-0008156,ST-011,2,2026-06-10 13:36:00,2026-06-10 14:24:00,35.34,11.31,completed
SE-0004457,ST-041,6,2026-05-22 17:13:00,2026-05-22 18:00:00,22.11,7.08,completed
SE-0009154,ST-003,1,2026-06-15 22:29:00,2026-06-15 23:01:00,10.85,3.47,completed
SE-0011921,ST-013,1,2026-06-29 22:39:00,2026-06-29 23:10:00,7.26,,completed
SE-0005067,ST-041,1,2026-05-25 00:51:00,2026-05-25 01:20:00,21.56,6.9,completed
SE-0000999,ST-033,1,2026-05-05 09:40:00,2026-05-05 10:27:00,34.97,11.19,completed
SE-0006737,ST-003,2,2026-06-03 18:38:00,2026-06-03 18:54:00,10.61,3.4,completed
SE-0007670,ST-028,2,2026-06-07 04:36:00,2026-06-07 05:09:00,5.66,1.81,completed
SE-0006814,ST-015,2,2026-06-03 09:19:00,2026-06-03 09:41:00,12.51,4.0,completed
SE-0008986,ST-014,4,2026-06-14 03:58:00,2026-06-14 04:31:00,19.85,6.35,completed
SE-0007060,ST-026,2,2026-06-04 07:02:00,2026-06-04 07:09:00,4.02,1.29,completed
SE-0009079,ST-025,1,2026-06-14 03:13:00,2026-06-14 04:06:00,30.76,9.84,completed
SE-0009825,ST-016,2,2026-06-18 13:42:00,2026-06-18 14:33:00,30.43,9.74,completed
SE-0006558,ST-006,1,2026-06-02 07:29:00,2026-06-02 08:24:00,25.27,8.09,completed
SE-0007344,ST-005,2,2026-06-06 10:56:00,2026-06-06 11:24:00,23.69,7.58,completed
SE-0007330,ST-003,2,2026-06-06 07:51:00,2026-06-06 08:51:00,31.34,10.03,completed
SE-0009060,ST-023,2,2026-06-14 02:02:00,2026-06-14 02:54:00,27.68,8.86,completed
SE-0008487,ST-039,4,2026-06-11 14:50:00,2026-06-11 15:50:00,41.88,13.4,completed
SE-0006899,ST-034,1,2026-06-03 08:05:00,2026-06-03 08:44:00,16.72,5.35,completed
SE-0007904,ST-036,3,2026-06-08 14:29:00,2026-06-08 15:25:00,25.02,8.01,completed
SE-0005476,ST-034,3,2026-05-27 22:35:00,2026-05-27 23:14:00,31.45,10.06,completed
SE-0000088,ST-018,4,2026-05-01 21:54:00,2026-05-01 22:20:00,12.22,3.91,completed
SE-0010716,ST-006,1,2026-06-23 08:36:00,2026-06-23 09:25:00,14.43,4.62,completed
SE-0007909,ST-039,4,2026-06-08 05:52:00,2026-06-08 06:11:00,13.41,4.29,completed
SE-0000561,ST-035,1,2026-05-03 19:22:00,2026-05-03 19:49:00,11.24,3.6,completed
SE-0000262,ST-015,2,2026-05-02 07:34:00,2026-05-02 07:55:00,17.11,5.48,aborted
SE-0003426,ST-029,3,2026-05-17 21:06:00,2026-05-17 22:13:00,22.83,7.31,completed
SE-0001493,ST-006,5,2026-05-08 17:36:00,2026-05-08 18:23:00,23.75,7.6,completed
SE-0005133,ST-009,1,2026-05-26 10:46:00,2026-05-26 11:27:00,16.43,5.26,completed
SE-0001141,ST-017,2,2026-05-06 13:45:00,2026-05-06 14:50:00,39210,12.55,completed
SE-0002380,ST-023,2,2026-05-12 11:47:00,2026-05-12 12:33:00,37.53,12.01,completed
SE-0001065,ST-005,1,2026-05-06 21:40:00,2026-05-06 22:18:00,28.1,8.99,completed
SE-0002550,ST-015,1,2026-05-13 04:47:00,2026-05-13 05:53:00,55.87,17.88,completed
SE-0011116,ST-006,4,2026-06-25 09:21:00,2026-06-25 10:31:00,43.88,14.04,completed
SE-0004033,ST-034,4,2026-05-20 02:01:00,2026-05-20 02:54:00,34.78,11.13,completed
SE-0000985,ST-031,6,2026-05-05 08:49:00,2026-05-05 09:32:00,34.76,11.12,completed
SE-0002470,ST-003,1,2026-05-13 18:45:00,2026-05-13 19:58:00,41.24,13.2,completed
SE-0010881,ST-001,4,2026-06-24 19:07:00,2026-06-24 19:27:00,14.02,4.49,completed
SE-0011110,ST-005,2,2026-06-25 22:59:00,2026-06-25 23:37:00,15.94,5.1,completed
SE-0003679,ST-003,1,2026-05-19 03:21:00,2026-05-19 04:21:00,29.76,9.52,completed
SE-0007516,ST-041,4,2026-06-06 12:56:00,2026-06-06 13:34:00,18.7,5.98,completed
SE-0005087,ST-001,3,2026-05-26 10:06:00,2026-05-26 10:40:00,21.47,6.87,completed
SE-0004020,ST-032,4,2026-05-20 03:28:00,2026-05-20 04:10:00,25.12,,completed
SE-0009486,ST-025,1,2026-06-16 11:42:00,2026-06-16 12:33:00,35.55,11.38,completed
SE-0010365,ST-014,6,2026-06-21 15:54:00,2026-06-21 16:38:00,30.49,9.76,completed
SE-0003290,ST-041,1,2026-05-16 13:29:00,2026-05-16 14:03:00,19.4,6.21,completed
SE-0008677,ST-041,5,2026-06-12 21:51:00,2026-06-12 22:33:00,29.69,9.5,completed
SE-0009602,ST-011,1,2026-06-17 00:26:00,2026-06-17 01:08:00,25.02,8.01,completed
SE-0002613,ST-029,4,2026-05-13 17:56:00,2026-05-13 18:02:00,3.62,1.16,completed
SE-0005564,ST-009,2,2026-05-28 23:08:00,2026-05-28 23:36:00,10.81,3.46,completed
SE-0008901,ST-040,2,2026-06-13 04:02:00,2026-06-13 04:51:00,28.59,9.15,completed
SE-0000471,ST-015,1,2026-05-03 22:08:00,2026-05-03 22:26:00,12.15,3.89,completed
SE-0009015,ST-017,1,2026-06-14 13:05:00,2026-06-14 13:14:00,3890,1.24,completed
SE-0005596,ST-015,1,2026-05-28 18:06:00,2026-05-28 18:43:00,19.77,6.33,completed
SE-0006683,ST-033,2,2026-06-02 18:18:00,2026-06-02 18:27:00,4.89,1.56,completed
SE-0004889,ST-001,4,2026-05-25 09:16:00,2026-05-25 09:38:00,7.67,2.45,completed
SE-0005902,ST-034,1,2026-05-29 03:39:00,2026-05-29 04:49:00,32.23,10.31,aborted
SE-0003417,ST-025,2,2026-05-17 01:39:00,2026-05-17 02:33:00,47.4,15.17,completed
SE-0004663,ST-037,4,2026-05-23 17:21:00,2026-05-23 17:58:00,35.42,11.33,completed
SE-0007653,ST-024,2,2026-06-07 18:54:00,2026-06-07 20:04:00,41.11,13.16,completed
SE-0005590,ST-014,6,2026-05-28 06:34:00,2026-05-28 07:07:00,12.99,4.16,completed
SE-0000315,ST-025,2,2026-05-02 01:27:00,2026-05-02 02:12:00,13.43,4.3,completed
SE-0007507,ST-041,1,2026-06-06 00:50:00,2026-06-06 01:17:00,13.55,4.34,completed
SE-0009149,ST-003,1,2026-06-15 01:32:00,2026-06-15 02:14:00,23.84,7.63,completed
SE-0007555,ST-005,2,2026-06-07 18:48:00,2026-06-07 19:25:00,22.88,7.32,completed
SE-0006951,ST-005,1,2026-06-04 15:27:00,2026-06-04 16:06:00,17.78,5.69,completed
SE-0005618,ST-017,1,2026-05-28 18:37:00,2026-05-28 19:38:00,37030,11.85,completed
SE-0005236,ST-033,1,2026-05-26 09:29:00,2026-05-26 09:35:00,1.56,0.5,completed
SE-0007383,ST-014,2,2026-06-06 08:58:00,2026-06-06 09:04:00,2.14,0.68,completed
SE-0008817,ST-017,2,2026-06-13 00:49:00,2026-06-13 01:24:00,9090,2.91,completed
SE-0007438,ST-023,2,2026-06-06 22:31:00,2026-06-06 22:53:00,14.38,4.6,completed
SE-0006570,ST-008,2,2026-06-02 08:03:00,2026-06-02 08:22:00,17.24,5.52,completed
SE-0007411,ST-017,2,2026-06-06 04:10:00,2026-06-06 04:49:00,14190,4.54,completed
SE-0004580,ST-017,2,2026-05-23 13:45:00,2026-05-23 14:24:00,17500,5.6,completed
SE-0003555,ST-016,1,2026-05-18 18:21:00,2026-05-18 19:12:00,35.95,11.5,completed
SE-0000508,ST-022,3,2026-05-03 00:08:00,2026-05-03 00:46:00,25.14,8.04,completed
SE-0010207,ST-023,2,2026-06-20 07:44:00,2026-06-20 08:49:00,40.71,13.03,completed
SE-0007665,ST-025,1,2026-06-07 17:50:00,2026-06-07 18:18:00,13.7,4.38,completed
SE-0009134,ST-041,6,2026-06-14 18:17:00,2026-06-14 19:25:00,47.38,15.16,completed
SE-0011784,ST-021,6,2026-06-28 22:23:00,2026-06-28 23:08:00,23.7,7.58,completed
SE-0005511,ST-002,1,2026-05-28 12:00:00,2026-05-28 12:47:00,11.31,3.62,completed
SE-0005890,ST-032,3,2026-05-29 22:54:00,2026-05-29 23:00:00,3.52,1.13,completed
SE-0000333,ST-029,2,2026-05-02 10:32:00,2026-05-02 10:56:00,6.49,2.08,completed
SE-0009594,ST-009,2,2026-06-17 23:17:00,2026-06-17 23:41:00,10.02,3.21,completed
SE-0001002,ST-034,4,2026-05-05 18:04:00,2026-05-05 18:46:00,17.45,5.58,completed
SE-0001671,ST-006,4,2026-05-09 23:37:00,2026-05-10 00:03:00,12.9,4.13,completed
SE-0011573,ST-016,2,2026-06-27 11:29:00,2026-06-27 12:18:00,34.06,10.9,completed
SE-0000814,ST-036,2,2026-05-04 14:53:00,2026-05-04 15:34:00,34.28,10.97,completed
SE-0006847,ST-020,2,2026-06-03 19:17:00,2026-06-03 19:56:00,31.96,10.23,completed
SE-0001667,ST-005,2,2026-05-09 16:05:00,2026-05-09 16:49:00,18.77,6.01,completed
SE-0006801,ST-014,6,2026-06-03 08:01:00,2026-06-03 08:53:00,14.68,4.7,completed
SE-0005311,ST-005,1,2026-05-27 11:40:00,2026-05-27 12:01:00,14.17,4.53,completed
SE-0009305,ST-036,4,2026-06-15 17:49:00,2026-06-15 18:19:00,17.76,5.68,completed
SE-0008325,ST-006,4,2026-06-11 23:19:00,2026-06-12 00:23:00,25.27,8.09,completed
SE-0008117,ST-004,3,2026-06-10 01:25:00,2026-06-10 02:16:00,31.4,10.05,completed
SE-0010815,ST-029,1,2026-06-23 23:33:00,2026-06-24 00:21:00,30.85,9.87,completed
SE-0004131,ST-010,2,2026-05-21 03:39:00,2026-05-21 04:21:00,19.02,6.09,completed
SE-0001679,ST-007,5,2026-05-09 03:56:00,2026-05-09 04:44:00,42.59,13.63,completed
SE-0001405,ST-032,4,2026-05-07 09:40:00,2026-05-07 10:08:00,18.67,,completed
SE-0008523,ST-003,2,2026-06-12 02:28:00,2026-06-12 03:04:00,12.1,3.87,completed
SE-0001126,ST-016,2,2026-05-06 10:50:00,2026-05-06 11:17:00,14.06,4.5,completed
SE-0007577,ST-010,1,2026-06-07 11:42:00,2026-06-07 12:35:00,16.26,,completed
SE-0005753,ST-004,2,2026-05-29 16:20:00,2026-05-29 16:34:00,8.02,2.57,completed
SE-0005019,ST-026,2,2026-05-25 03:56:00,2026-05-25 04:35:00,31.16,9.97,completed
SE-0006112,ST-033,1,2026-05-30 18:46:00,2026-05-30 19:27:00,24.05,7.7,completed
SE-0006450,ST-019,4,2026-06-01 10:43:00,2026-06-01 11:52:00,22.96,7.35,completed
SE-0000598,ST-001,3,2026-05-04 11:10:00,2026-05-04 12:05:00,22.72,,completed
SE-0005272,ST-041,2,2026-05-26 13:14:00,2026-05-26 13:59:00,23.28,7.45,completed
SE-0007785,ST-013,2,2026-06-08 13:07:00,2026-06-08 13:54:00,27.27,8.73,completed
SE-0007913,ST-041,4,2026-06-08 03:46:00,2026-06-08 04:12:00,14.47,4.63,completed
SE-0011163,ST-015,1,2026-06-25 20:07:00,2026-06-25 20:42:00,23.47,7.51,completed
SE-0005260,ST-037,1,2026-05-26 16:16:00,2026-05-26 16:40:00,11.72,3.75,completed
SE-0009772,ST-006,3,2026-06-18 05:32:00,2026-06-18 06:22:00,21.71,6.95,completed
SE-0001494,ST-006,4,2026-05-08 18:33:00,2026-05-08 18:46:00,8.07,2.58,completed
SE-0009190,ST-010,2,2026-06-15 21:27:00,2026-06-15 22:24:00,25.53,,completed
SE-0008428,ST-025,2,2026-06-11 01:56:00,2026-06-11 02:54:00,32.13,10.28,completed
SE-0002624,ST-032,2,2026-05-13 07:32:00,2026-05-13 08:04:00,11.37,3.64,completed
SE-0008267,ST-036,2,2026-06-10 01:36:00,2026-06-10 02:02:00,9.61,3.08,completed
SE-0003815,ST-027,4,2026-05-19 17:39:00,2026-05-19 18:39:00,36.17,,completed
SE-0011506,ST-006,1,2026-06-27 21:02:00,2026-06-27 21:28:00,8.94,2.86,completed
SE-0002754,ST-014,5,2026-05-14 07:16:00,2026-05-14 07:51:00,11.06,3.54,completed
SE-0003733,ST-012,2,2026-05-19 19:25:00,2026-05-19 20:09:00,29.39,,completed
SE-0009574,ST-005,1,2026-06-17 14:09:00,2026-06-17 14:54:00,19.45,6.22,completed
SE-0005608,ST-016,1,2026-05-28 17:42:00,2026-05-28 18:17:00,18.32,,completed
SE-0003230,ST-025,2,2026-05-16 15:24:00,2026-05-16 15:51:00,14.83,4.75,completed
SE-0005466,ST-033,2,2026-05-27 14:43:00,2026-05-27 15:09:00,21.8,6.98,completed
SE-0002963,ST-015,1,2026-05-15 14:45:00,2026-05-15 15:16:00,18.13,5.8,completed
SE-0000542,ST-029,3,2026-05-03 13:53:00,2026-05-03 14:39:00,32.33,10.35,completed
SE-0009459,ST-022,1,2026-06-16 22:33:00,2026-06-16 23:04:00,30.27,9.69,aborted
SE-0003149,ST-014,5,2026-05-16 05:50:00,2026-05-16 06:40:00,10.81,3.46,completed
SE-0006976,ST-010,2,2026-06-04 19:17:00,2026-06-04 20:22:00,50.83,16.27,completed
SE-0011203,ST-023,1,2026-06-25 06:59:00,2026-06-25 07:44:00,23.84,7.63,completed
SE-0007641,ST-023,1,2026-06-07 11:47:00,2026-06-07 12:26:00,22.95,7.34,completed
SE-0008935,ST-003,1,2026-06-14 15:04:00,2026-06-14 15:59:00,29.53,9.45,completed
SE-0002834,ST-029,1,2026-05-14 13:40:00,2026-05-14 14:47:00,32.43,10.38,completed
SE-0004362,ST-020,1,2026-05-22 17:06:00,2026-05-22 18:03:00,26.31,8.42,completed
SE-0009130,ST-041,4,2026-06-14 02:17:00,2026-06-14 03:11:00,43.51,13.92,completed
SE-0000833,ST-041,3,2026-05-04 18:23:00,2026-05-04 18:54:00,19.9,6.37,completed
SE-0011130,ST-010,1,2026-06-25 21:20:00,2026-06-25 21:40:00,14.35,4.59,completed
SE-0001151,ST-022,6,2026-05-06 22:38:00,2026-05-06 23:17:00,29.6,9.47,completed
SE-0004235,ST-034,2,2026-05-21 08:50:00,2026-05-21 09:59:00,23.18,7.42,completed
SE-0009390,ST-008,1,2026-06-16 15:15:00,2026-06-16 16:04:00,32.76,10.48,completed
SE-0007346,ST-005,2,2026-06-06 14:50:00,2026-06-06 15:21:00,7.59,2.43,completed
SE-0006824,ST-015,2,2026-06-03 17:54:00,2026-06-03 18:51:00,27.35,8.75,completed
SE-0000264,ST-015,1,2026-05-02 23:37:00,2026-05-03 00:22:00,28.28,9.05,completed
SE-0003646,ST-041,5,2026-05-18 09:52:00,2026-05-18 10:31:00,9.46,3.03,completed
SE-0004602,ST-022,2,2026-05-23 09:34:00,2026-05-23 10:25:00,11.66,3.73,completed
SE-0003036,ST-034,4,2026-05-15 20:55:00,2026-05-15 21:45:00,33.28,10.65,completed
SE-0007332,ST-003,2,2026-06-06 15:02:00,2026-06-06 15:56:00,25.45,8.14,completed
SE-0004275,ST-003,2,2026-05-22 10:49:00,2026-05-22 11:56:00,34.99,11.2,completed
SE-0002562,ST-017,1,2026-05-13 06:12:00,2026-05-13 06:25:00,6870,,completed
SE-0006273,ST-025,2,2026-05-31 03:25:00,2026-05-31 04:27:00,28.21,9.03,completed
SE-0001287,ST-009,1,2026-05-07 04:41:00,2026-05-07 05:32:00,24.82,7.94,completed
SE-0007177,ST-012,1,2026-06-05 19:42:00,2026-06-05 20:22:00,32.65,10.45,completed
SE-0006959,ST-006,1,2026-06-04 03:57:00,2026-06-04 04:46:00,9.4,3.01,completed
SE-0011834,ST-033,2,2026-06-28 20:37:00,2026-06-28 21:25:00,30.13,9.64,completed
SE-0008175,ST-015,1,2026-06-10 23:04:00,2026-06-10 23:52:00,17.79,5.69,completed
SE-0011368,ST-017,2,2026-06-26 17:23:00,2026-06-26 18:17:00,16129,5.16,completed
SE-0011844,ST-037,2,2026-06-28 23:17:00,2026-06-28 23:57:00,31.66,10.13,completed
SE-0011171,ST-016,1,2026-06-25 18:36:00,2026-06-25 18:49:00,6.96,2.23,completed
SE-0007587,ST-013,1,2026-06-07 11:41:00,2026-06-07 12:17:00,17.56,5.62,completed
SE-0001759,ST-023,1,2026-05-09 18:09:00,2026-05-09 19:17:00,41.05,13.14,completed
SE-0003449,ST-037,3,2026-05-17 22:04:00,2026-05-17 22:10:00,2.15,0.69,completed
SE-0004613,ST-023,1,2026-05-23 13:31:00,2026-05-23 14:24:00,34.59,11.07,completed
SE-0006016,ST-014,5,2026-05-30 16:16:00,2026-05-30 17:11:00,29.68,9.5,completed
SE-0012016,ST-028,2,2026-06-29 11:13:00,2026-06-29 12:13:00,27.53,8.81,completed
SE-0006174,ST-005,1,2026-05-31 08:51:00,2026-05-31 09:48:00,36.34,,completed
SE-0008150,ST-010,2,2026-06-10 18:24:00,2026-06-10 19:45:00,61.16,19.57,completed
SE-0010173,ST-016,1,2026-06-20 17:09:00,2026-06-20 18:21:00,49.74,15.92,completed
SE-0007806,ST-015,2,2026-06-08 01:10:00,2026-06-08 02:05:00,39.53,12.65,completed
SE-0011277,ST-003,2,2026-06-26 10:42:00,2026-06-26 11:39:00,48.89,15.64,completed
SE-0010025,ST-017,1,2026-06-19 16:16:00,2026-06-19 16:29:00,6460,2.07,completed
SE-0003770,ST-018,5,2026-05-19 15:01:00,2026-05-19 15:38:00,28.97,9.27,completed
SE-0007214,ST-017,2,2026-06-05 05:12:00,2026-06-05 06:19:00,24890,7.96,completed
SE-0004527,ST-009,2,2026-05-23 10:07:00,2026-05-23 10:34:00,18.0,5.76,completed
SE-0007376,ST-012,1,2026-06-06 18:16:00,2026-06-06 18:51:00,21.38,6.84,completed
SE-0006437,ST-017,1,2026-06-01 03:23:00,2026-06-01 04:16:00,30950,9.9,completed
SE-0011032,ST-033,2,2026-06-24 17:35:00,2026-06-24 17:51:00,8.68,2.78,completed
SE-0000434,ST-007,2,2026-05-03 11:22:00,2026-05-03 11:42:00,14.28,4.57,completed
SE-0001162,ST-023,1,2026-05-06 09:13:00,2026-05-06 09:56:00,5.55,1.78,completed
SE-0001983,ST-025,1,2026-05-10 23:56:00,2026-05-11 00:42:00,21.29,6.81,completed
SE-0006138,ST-040,2,2026-05-30 16:31:00,2026-05-30 17:03:00,23.26,7.44,completed
SE-0007685,ST-033,1,2026-06-07 03:04:00,2026-06-07 03:35:00,17.67,5.65,completed
SE-0002484,ST-005,2,2026-05-13 02:02:00,2026-05-13 03:15:00,60.51,19.36,completed
SE-0004588,ST-022,3,2026-05-23 20:47:00,2026-05-23 21:33:00,32.34,10.35,completed
SE-0005951,ST-005,2,2026-05-30 09:04:00,2026-05-30 09:46:00,26.75,8.56,completed
SE-0006911,ST-038,3,2026-06-03 10:02:00,2026-06-03 10:37:00,16.98,5.43,completed
SE-0009779,ST-008,1,2026-06-18 18:40:00,2026-06-18 19:40:00,37.7,12.06,completed
SE-0000568,ST-039,1,2026-05-03 22:25:00,2026-05-03 23:31:00,36.96,11.83,completed
SE-0003132,ST-009,1,2026-05-16 02:22:00,2026-05-16 03:30:00,24.38,7.8,completed
SE-0006184,ST-006,4,2026-05-31 15:27:00,2026-05-31 16:20:00,21.22,6.79,completed
SE-0005913,ST-039,3,2026-05-29 09:29:00,2026-05-29 10:28:00,45.81,14.66,completed
SE-0002907,ST-005,2,2026-05-15 08:31:00,2026-05-15 09:01:00,16.77,5.37,completed
SE-0006677,ST-029,1,2026-06-02 11:19:00,2026-06-02 11:50:00,18.85,6.03,completed
SE-0010580,ST-018,5,2026-06-22 06:36:00,2026-06-22 06:48:00,6.49,,completed
SE-0003456,ST-041,2,2026-05-17 20:55:00,2026-05-17 21:52:00,37.25,11.92,completed
SE-0011640,ST-033,2,2026-06-27 16:09:00,2026-06-27 16:56:00,37.61,12.04,completed
SE-0005066,ST-041,1,2026-05-25 14:26:00,2026-05-25 15:07:00,18.54,5.93,completed
SE-0011545,ST-013,2,2026-06-27 12:54:00,2026-06-27 13:06:00,10.79,3.45,completed
SE-0007747,ST-003,1,2026-06-08 05:54:00,2026-06-08 06:58:00,38.68,12.38,completed
SE-0011507,ST-006,2,2026-06-27 20:14:00,2026-06-27 20:52:00,21.08,6.75,completed
SE-0000795,ST-033,1,2026-05-04 00:53:00,2026-05-04 01:43:00,8.93,2.86,completed
SE-0006582,ST-010,1,2026-06-02 14:09:00,2026-06-02 14:15:00,3.26,1.04,completed
SE-0006065,ST-023,1,2026-05-30 06:00:00,2026-05-30 06:20:00,10.81,3.46,completed
SE-0006116,ST-033,2,2026-05-30 02:23:00,2026-05-30 03:22:00,59.87,19.16,completed
SE-0009369,ST-006,4,2026-06-16 09:54:00,2026-06-16 10:32:00,16.98,5.43,completed
SE-0002329,ST-010,1,2026-05-12 00:45:00,2026-05-12 01:44:00,32.73,10.47,completed
SE-0009003,ST-015,2,2026-06-14 14:22:00,2026-06-14 15:25:00,15.91,,completed
SE-0000429,ST-006,4,2026-05-03 18:57:00,2026-05-03 19:27:00,9.8,,completed
SE-0006661,ST-025,2,2026-06-02 03:40:00,2026-06-02 04:03:00,16.98,5.43,completed
SE-0009431,ST-015,1,2026-06-16 05:59:00,2026-06-16 06:05:00,3.85,1.23,completed
SE-0010042,ST-022,3,2026-06-19 17:48:00,2026-06-19 17:54:00,2.24,0.72,completed
SE-0003307,ST-002,1,2026-05-17 20:07:00,2026-05-17 20:46:00,20.84,6.67,completed
SE-0006380,ST-006,6,2026-06-01 16:34:00,2026-06-01 17:31:00,32.9,10.53,completed
SE-0007391,ST-015,1,2026-06-06 06:47:00,2026-06-06 07:17:00,24.28,7.77,completed
SE-0000350,ST-033,1,2026-05-02 03:15:00,2026-05-02 03:35:00,12.53,,completed
SE-0008415,ST-023,1,2026-06-11 12:30:00,2026-06-11 13:07:00,18.56,5.94,completed
SE-0010741,ST-012,2,2026-06-23 15:05:00,2026-06-23 15:21:00,6.04,1.93,completed
SE-0006838,ST-017,1,2026-06-03 12:29:00,2026-06-03 12:59:00,22110,7.08,completed
SE-0009860,ST-023,2,2026-06-18 05:35:00,2026-06-18 06:34:00,59.29,18.97,aborted
SE-0011212,ST-025,2,2026-06-25 05:50:00,2026-06-25 06:40:00,20.02,6.41,completed
SE-0004435,ST-034,1,2026-05-22 14:17:00,2026-05-22 15:23:00,51.68,16.54,completed
SE-0000865,ST-005,2,2026-05-05 16:12:00,2026-05-05 16:44:00,27.42,8.77,completed
SE-0008505,ST-042,4,2026-06-11 22:01:00,2026-06-11 22:22:00,12.52,4.01,completed
SE-0007241,ST-023,2,2026-06-05 13:18:00,2026-06-05 14:20:00,20.27,6.49,completed
SE-0006157,ST-002,2,2026-05-31 11:07:00,2026-05-31 12:25:00,61.59,19.71,completed
SE-0007831,ST-017,1,2026-06-08 11:46:00,2026-06-08 12:16:00,14100,4.51,completed
SE-0009551,ST-003,1,2026-06-17 14:12:00,2026-06-17 14:34:00,15.65,5.01,completed
SE-0007314,ST-041,6,2026-06-05 08:08:00,2026-06-05 08:52:00,21.75,6.96,completed
SE-0008165,ST-014,5,2026-06-10 03:38:00,2026-06-10 03:44:00,1.77,0.57,completed
SE-0010351,ST-011,2,2026-06-21 04:18:00,2026-06-21 05:01:00,32.62,10.44,completed
SE-0011147,ST-014,1,2026-06-25 09:28:00,2026-06-25 09:53:00,17.43,5.58,completed
SE-0011832,ST-033,2,2026-06-28 07:03:00,2026-06-28 07:35:00,24.17,7.73,completed
SE-0002251,ST-041,2,2026-05-11 17:14:00,2026-05-11 18:13:00,34.91,11.17,completed
SE-0009775,ST-006,6,2026-06-18 04:16:00,2026-06-18 04:44:00,12.08,3.87,completed
SE-0010574,ST-017,1,2026-06-22 14:29:00,2026-06-22 15:20:00,29810,9.54,completed
SE-0003845,ST-034,4,2026-05-19 00:11:00,2026-05-19 00:39:00,16.68,5.34,completed
SE-0008307,ST-003,1,2026-06-11 04:31:00,2026-06-11 05:04:00,9.99,3.2,completed
SE-0002986,ST-022,2,2026-05-15 17:25:00,2026-05-15 18:10:00,16.31,5.22,completed
SE-0000818,ST-038,2,2026-05-04 04:47:00,2026-05-04 05:46:00,28.47,9.11,completed
SE-0006093,ST-029,3,2026-05-30 00:09:00,2026-05-30 00:44:00,24.27,7.77,completed
SE-0006008,ST-014,3,2026-05-30 14:54:00,2026-05-30 15:22:00,22.43,7.18,completed
SE-0005210,ST-025,2,2026-05-26 08:58:00,2026-05-26 09:34:00,17.97,5.75,completed
SE-0003716,ST-007,2,2026-05-19 14:28:00,2026-05-19 15:18:00,37.39,11.96,completed
SE-0000252,ST-012,1,2026-05-02 11:26:00,2026-05-02 11:33:00,1.5,0.48,completed
SE-0003176,ST-017,2,2026-05-16 15:28:00,2026-05-16 16:10:00,22490,,completed
SE-0000424,ST-006,1,2026-05-03 16:17:00,2026-05-03 17:44:00,73.33,23.47,completed
SE-0009949,ST-001,3,2026-06-19 18:44:00,2026-06-19 19:41:00,40.21,12.87,completed
SE-0008393,ST-017,1,2026-06-11 14:59:00,2026-06-11 15:27:00,14970,4.79,completed
SE-0003357,ST-012,1,2026-05-17 01:07:00,2026-05-17 01:44:00,22.95,7.34,completed
SE-0010526,ST-010,1,2026-06-22 16:28:00,2026-06-22 16:51:00,16.47,5.27,completed
SE-0002716,ST-006,3,2026-05-14 10:46:00,2026-05-14 11:30:00,23.79,7.61,completed
SE-0011839,ST-034,1,2026-06-28 06:13:00,2026-06-28 06:56:00,28.81,9.22,completed
SE-0012033,ST-034,3,2026-06-29 21:45:00,2026-06-29 22:48:00,5.48,1.75,completed
SE-0006037,ST-017,2,2026-05-30 20:19:00,2026-05-30 20:47:00,15720,5.03,completed
SE-0000358,ST-034,4,2026-05-02 16:38:00,2026-05-02 17:22:00,35.72,11.43,completed
SE-0003752,ST-015,2,2026-05-19 03:13:00,2026-05-19 03:55:00,14.99,4.8,completed
SE-0008392,ST-017,2,2026-06-11 20:58:00,2026-06-11 21:59:00,48170,15.41,completed
SE-0004672,ST-041,1,2026-05-23 15:49:00,2026-05-23 16:31:00,7.01,2.24,completed
SE-0000994,ST-033,2,2026-05-05 20:07:00,2026-05-05 20:58:00,21.69,6.94,completed
SE-0001359,ST-022,5,2026-05-07 01:49:00,2026-05-07 02:13:00,9.08,2.91,completed
SE-0001373,ST-023,2,2026-05-07 09:24:00,2026-05-07 10:32:00,35.49,11.36,completed
SE-0001391,ST-027,2,2026-05-07 12:40:00,2026-05-07 13:15:00,17.0,5.44,completed
SE-0008546,ST-008,2,2026-06-12 12:01:00,2026-06-12 13:08:00,34.84,11.15,completed
SE-0008274,ST-039,1,2026-06-10 12:14:00,2026-06-10 12:49:00,22.8,7.3,completed
SE-0004274,ST-003,2,2026-05-22 18:15:00,2026-05-22 19:00:00,25.52,8.17,completed
SE-0010186,ST-018,6,2026-06-20 13:36:00,2026-06-20 13:49:00,7.25,2.32,completed
SE-0000662,ST-011,1,2026-05-04 21:16:00,2026-05-04 21:36:00,15.4,4.93,completed
SE-0004019,ST-031,6,2026-05-20 16:34:00,2026-05-20 17:20:00,15.81,5.06,completed
SE-0011726,ST-008,1,2026-06-28 16:51:00,2026-06-28 17:54:00,26.65,8.53,completed
SE-0001156,ST-022,2,2026-05-06 20:00:00,2026-05-06 20:51:00,27.4,,completed
SE-0001713,ST-015,2,2026-05-09 15:26:00,2026-05-09 16:29:00,33.78,10.81,completed
SE-0002214,ST-031,3,2026-05-11 04:34:00,2026-05-11 04:55:00,13.9,4.45,completed
SE-0004597,ST-022,4,2026-05-23 19:05:00,2026-05-23 19:33:00,15.35,4.91,completed
SE-0001143,ST-019,6,2026-05-06 17:48:00,2026-05-06 18:39:00,27.69,8.86,completed
SE-0003522,ST-008,1,2026-05-18 13:06:00,2026-05-18 13:57:00,18.5,5.92,completed
SE-0007933,ST-001,4,2026-06-09 22:44:00,2026-06-09 22:58:00,7.36,2.36,completed
SE-0005945,ST-003,1,2026-05-30 00:00:00,2026-05-30 00:06:00,4.03,1.29,completed
SE-0001744,ST-022,1,2026-05-09 02:10:00,2026-05-09 02:58:00,22.17,7.09,completed
SE-0008416,ST-023,1,2026-06-11 19:22:00,2026-06-11 20:02:00,30.34,9.71,completed
SE-0000421,ST-005,1,2026-05-03 03:49:00,2026-05-03 05:02:00,31.79,10.17,completed
SE-0011669,ST-041,1,2026-06-27 18:06:00,2026-06-27 18:27:00,13.71,4.39,completed
SE-0001444,ST-041,1,2026-05-07 13:41:00,2026-05-07 14:30:00,39.98,12.79,completed
SE-0006846,ST-019,2,2026-06-03 23:29:00,2026-06-04 00:22:00,26.14,8.36,aborted
SE-0008100,ST-001,2,2026-06-10 14:53:00,2026-06-10 15:35:00,22.54,7.21,completed
SE-0006869,ST-025,1,2026-06-03 00:48:00,2026-06-03 01:26:00,30.45,9.74,completed
SE-0005918,ST-041,6,2026-05-29 09:53:00,2026-05-29 10:10:00,10.06,3.22,completed
SE-0003923,ST-013,2,2026-05-20 04:39:00,2026-05-20 05:01:00,15.8,5.06,completed
SE-0002368,ST-021,4,2026-05-12 08:40:00,2026-05-12 09:27:00,31.92,10.21,completed
SE-0005032,ST-031,3,2026-05-25 21:06:00,2026-05-25 21:34:00,17.24,5.52,completed
SE-0004130,ST-010,1,2026-05-21 13:42:00,2026-05-21 14:34:00,30.18,9.66,completed
SE-0010050,ST-023,1,2026-06-19 00:48:00,2026-06-19 01:28:00,11.13,3.56,completed
SE-0001975,ST-025,1,2026-05-10 22:35:00,2026-05-10 23:25:00,27.45,8.78,completed
SE-0006142,ST-041,5,2026-05-30 09:16:00,2026-05-30 09:52:00,28.5,9.12,completed
SE-0009804,ST-014,3,2026-06-18 12:13:00,2026-06-18 13:05:00,27.9,,completed
SE-0000800,ST-033,1,2026-05-04 08:15:00,2026-05-04 09:16:00,29.56,9.46,aborted
SE-0006156,ST-002,1,2026-05-31 21:34:00,2026-05-31 22:46:00,22.68,7.26,completed
SE-0001219,ST-037,2,2026-05-06 23:05:00,2026-05-06 23:32:00,11.5,3.68,completed
SE-0009549,ST-002,1,2026-06-17 15:39:00,2026-06-17 16:38:00,36.26,11.6,completed
SE-0004318,ST-012,1,2026-05-22 17:59:00,2026-05-22 18:21:00,15.36,4.92,aborted
SE-0004103,ST-005,1,2026-05-21 15:48:00,2026-05-21 16:35:00,40.17,12.85,completed
SE-0001354,ST-022,3,2026-05-07 08:23:00,2026-05-07 09:06:00,27.32,8.74,completed
SE-0000779,ST-027,2,2026-05-04 20:19:00,2026-05-04 20:59:00,29.2,9.34,completed
SE-0003766,ST-017,1,2026-05-19 12:16:00,2026-05-19 13:02:00,17460,5.59,completed
SE-0000620,ST-004,4,2026-05-04 08:14:00,2026-05-04 08:39:00,15.85,5.07,completed
SE-0006841,ST-017,1,2026-06-03 20:24:00,2026-06-03 21:50:00,55350,17.71,completed
SE-0008608,ST-022,5,2026-06-12 12:47:00,2026-06-12 13:33:00,31.15,,completed
SE-0010545,ST-014,4,2026-06-22 09:23:00,2026-06-22 10:08:00,23.3,7.46,aborted
SE-0001848,ST-003,2,2026-05-10 06:20:00,2026-05-10 06:59:00,17.83,5.71,completed
SE-0008742,ST-006,2,2026-06-13 14:49:00,2026-06-13 16:01:00,57.86,18.52,completed
SE-0004710,ST-003,2,2026-05-24 02:28:00,2026-05-24 02:59:00,11.23,,completed
SE-0000523,ST-025,2,2026-05-03 12:08:00,2026-05-03 12:31:00,15.97,5.11,completed
SE-0005212,ST-025,2,2026-05-26 04:15:00,2026-05-26 05:03:00,25.86,8.28,completed
SE-0011215,ST-026,3,2026-06-25 14:57:00,2026-06-25 15:39:00,31.08,9.95,completed
SE-0009272,ST-027,4,2026-06-15 21:05:00,2026-06-15 22:21:00,26.63,8.52,completed
SE-0006178,ST-006,5,2026-05-31 05:22:00,2026-05-31 06:21:00,33.3,10.66,completed
SE-0006347,ST-002,1,2026-06-01 14:51:00,2026-06-01 15:10:00,13.32,4.26,completed
SE-0006461,ST-022,2,2026-06-01 16:25:00,2026-06-01 17:25:00,13.99,4.48,completed
SE-0007348,ST-006,3,2026-06-06 12:49:00,2026-06-06 13:41:00,13.8,4.42,completed
SE-0008560,ST-010,1,2026-06-12 22:39:00,2026-06-12 23:07:00,15.86,5.08,completed
SE-0000164,ST-034,1,2026-05-01 00:23:00,2026-05-01 01:15:00,21.57,,completed
SE-0011682,ST-002,1,2026-06-28 20:52:00,2026-06-28 21:35:00,18.8,6.02,completed
SE-0011307,ST-006,1,2026-06-26 03:39:00,2026-06-26 04:12:00,23.45,7.5,completed
SE-0002235,ST-034,2,2026-05-11 14:02:00,2026-05-11 14:40:00,19.9,6.37,completed
SE-0007399,ST-016,1,2026-06-06 16:18:00,2026-06-06 17:04:00,23.68,7.58,completed
SE-0011273,ST-001,3,2026-06-26 18:43:00,2026-06-26 19:43:00,28.45,9.1,completed
SE-0006834,ST-017,1,2026-06-03 10:44:00,2026-06-03 11:23:00,11620,3.72,completed
SE-0003711,ST-006,5,2026-05-19 08:10:00,2026-05-19 08:44:00,18.84,6.03,completed
SE-0004325,ST-013,2,2026-05-22 09:11:00,2026-05-22 09:43:00,20.87,6.68,completed
SE-0003965,ST-021,3,2026-05-20 08:46:00,2026-05-20 09:59:00,23.47,7.51,completed
SE-0002530,ST-013,2,2026-05-13 02:36:00,2026-05-13 03:46:00,40.36,12.92,completed
SE-0008322,ST-006,6,2026-06-11 02:51:00,2026-06-11 03:08:00,11.56,3.7,completed
SE-0007970,ST-008,1,2026-06-09 17:45:00,2026-06-09 18:38:00,46.54,14.89,completed
SE-0011554,ST-014,6,2026-06-27 10:35:00,2026-06-27 11:13:00,21.86,7.0,completed
SE-0003561,ST-017,2,2026-05-18 20:00:00,2026-05-18 20:40:00,19160,6.13,completed
SE-0009711,ST-034,1,2026-06-17 19:42:00,2026-06-17 20:14:00,21.98,7.03,completed
SE-0010052,ST-023,1,2026-06-19 07:00:00,2026-06-19 07:34:00,12.75,4.08,completed
SE-0006319,ST-041,6,2026-05-31 19:44:00,2026-05-31 20:24:00,18.3,5.86,completed
SE-0004338,ST-015,2,2026-05-22 05:00:00,2026-05-22 05:33:00,21.78,6.97,completed
SE-0005116,ST-005,2,2026-05-26 06:39:00,2026-05-26 07:02:00,15.09,4.83,completed
SE-0011742,ST-013,1,2026-06-28 10:35:00,2026-06-28 11:45:00,43.34,13.87,completed
SE-0005326,ST-006,2,2026-05-27 21:43:00,2026-05-27 22:27:00,26.75,8.56,completed
SE-0010891,ST-003,2,2026-06-24 04:18:00,2026-06-24 04:57:00,25.51,8.16,completed
SE-0005882,ST-029,4,2026-05-29 04:43:00,2026-05-29 05:51:00,37.68,12.06,completed
SE-0006574,ST-008,2,2026-06-02 13:48:00,2026-06-02 14:15:00,16.4,5.25,completed
SE-0000649,ST-008,2,2026-05-04 23:40:00,2026-05-05 00:15:00,9.43,3.02,completed
SE-0009413,ST-013,1,2026-06-16 20:40:00,2026-06-16 21:32:00,33.37,10.68,completed
SE-0004843,ST-028,2,2026-05-24 10:50:00,2026-05-24 12:03:00,13.93,4.46,completed
SE-0004436,ST-034,3,2026-05-22 11:50:00,2026-05-22 11:57:00,4.53,1.45,completed
SE-0006907,ST-037,3,2026-06-03 23:06:00,2026-06-03 23:30:00,6.96,2.23,completed
SE-0001171,ST-023,1,2026-05-06 09:04:00,2026-05-06 09:36:00,19.98,6.39,completed
SE-0008302,ST-003,2,2026-06-11 11:21:00,2026-06-11 11:59:00,15.01,4.8,completed
SE-0008507,ST-001,1,2026-06-12 15:44:00,2026-06-12 15:51:00,4.23,1.35,completed
SE-0000489,ST-017,1,2026-05-03 17:56:00,2026-05-03 18:47:00,37970,12.15,completed
SE-0001032,ST-001,1,2026-05-06 14:44:00,2026-05-06 15:15:00,22.09,7.07,completed
SE-0002408,ST-028,2,2026-05-12 01:44:00,2026-05-12 02:39:00,30.64,9.8,completed
SE-0001718,ST-016,2,2026-05-09 19:43:00,2026-05-09 20:14:00,13.87,4.44,completed
SE-0003283,ST-041,5,2026-05-16 13:18:00,2026-05-16 14:05:00,24.89,7.96,completed
SE-0003828,ST-031,4,2026-05-19 00:54:00,2026-05-19 01:58:00,43.21,13.83,completed
SE-0002304,ST-006,2,2026-05-12 09:43:00,2026-05-12 10:20:00,20.27,6.49,completed
SE-0002768,ST-015,2,2026-05-14 03:31:00,2026-05-14 04:33:00,23.78,7.61,completed
SE-0007884,ST-029,2,2026-06-08 19:57:00,2026-06-08 20:43:00,16.12,5.16,completed
SE-0005298,ST-003,1,2026-05-27 08:47:00,2026-05-27 09:12:00,13.25,4.24,completed
SE-0000804,ST-033,1,2026-05-04 23:43:00,2026-05-05 00:25:00,37.14,11.88,completed
SE-0004745,ST-013,2,2026-05-24 02:19:00,2026-05-24 03:12:00,28.06,8.98,aborted
SE-0004189,ST-022,5,2026-05-21 17:58:00,2026-05-21 18:21:00,11.46,3.67,completed
SE-0006084,ST-025,2,2026-05-30 18:45:00,2026-05-30 19:29:00,31.76,10.16,completed
SE-0002856,ST-035,1,2026-05-14 22:44:00,2026-05-14 23:34:00,19.86,6.36,completed
SE-0010340,ST-008,2,2026-06-21 16:36:00,2026-06-21 16:59:00,11.88,3.8,completed
SE-0001155,ST-022,4,2026-05-06 13:56:00,2026-05-06 15:04:00,52.51,16.8,completed
SE-0001243,ST-001,2,2026-05-07 02:40:00,2026-05-07 03:16:00,25.98,8.31,completed
SE-0004009,ST-028,2,2026-05-20 15:23:00,2026-05-20 16:34:00,46.96,15.03,completed
SE-0003892,ST-004,4,2026-05-20 19:32:00,2026-05-20 19:48:00,7.94,2.54,completed
SE-0007134,ST-003,1,2026-06-05 22:35:00,2026-06-05 23:57:00,48.07,15.38,completed
SE-0004713,ST-003,1,2026-05-24 01:42:00,2026-05-24 01:59:00,6.14,1.96,completed
SE-0010724,ST-007,6,2026-06-23 03:26:00,2026-06-23 04:20:00,18.92,6.05,completed
SE-0000329,ST-027,4,2026-05-02 10:35:00,2026-05-02 11:19:00,24.1,7.71,completed
SE-0000886,ST-009,2,2026-05-05 08:22:00,2026-05-05 08:48:00,18.26,5.84,completed
SE-0003107,ST-005,2,2026-05-16 02:59:00,2026-05-16 04:06:00,55.28,,completed
SE-0007567,ST-007,5,2026-06-07 09:39:00,2026-06-07 10:21:00,12.4,3.97,completed
SE-0010330,ST-006,2,2026-06-21 13:36:00,2026-06-21 14:06:00,16.69,5.34,completed
SE-0002512,ST-009,1,2026-05-13 11:11:00,2026-05-13 11:45:00,22.71,7.27,completed
SE-0011570,ST-015,1,2026-06-27 00:12:00,2026-06-27 01:26:00,59.81,19.14,completed
SE-0010880,ST-001,3,2026-06-24 23:23:00,2026-06-25 00:18:00,21.4,,completed
SE-0001508,ST-010,1,2026-05-08 18:42:00,2026-05-08 19:41:00,4.99,1.6,completed
SE-0002571,ST-019,6,2026-05-13 21:21:00,2026-05-13 22:09:00,28.52,9.13,completed
SE-0009127,ST-039,2,2026-06-14 02:04:00,2026-06-14 02:32:00,17.65,5.65,completed
SE-0008564,ST-013,2,2026-06-12 04:16:00,2026-06-12 05:03:00,30.93,9.9,completed
SE-0010061,ST-025,1,2026-06-19 01:53:00,2026-06-19 02:05:00,6.57,2.1,completed
SE-0001725,ST-017,2,2026-05-09 22:46:00,2026-05-09 23:18:00,25760,8.24,completed
SE-0009145,ST-002,2,2026-06-15 03:30:00,2026-06-15 04:20:00,17.05,5.46,completed
SE-0000019,ST-005,1,2026-05-01 06:14:00,2026-05-01 06:52:00,19.07,6.1,completed
SE-0002618,ST-029,2,2026-05-13 17:23:00,2026-05-13 18:15:00,47.44,15.18,completed
SE-0002881,ST-041,5,2026-05-14 10:31:00,2026-05-14 10:50:00,13.38,4.28,completed
SE-0002082,ST-004,2,2026-05-11 07:15:00,2026-05-11 08:11:00,32.71,10.47,completed
SE-0011884,ST-005,1,2026-06-29 09:37:00,2026-06-29 10:17:00,24.81,7.94,completed
SE-0008108,ST-001,4,2026-06-10 16:03:00,2026-06-10 16:45:00,25.09,8.03,completed
SE-0008065,ST-031,1,2026-06-09 00:12:00,2026-06-09 01:06:00,38.81,12.42,completed
SE-0004887,ST-001,2,2026-05-25 07:50:00,2026-05-25 08:51:00,42.3,13.54,completed
SE-0007572,ST-009,1,2026-06-07 13:18:00,2026-06-07 13:44:00,9.29,2.97,completed
SE-0004896,ST-001,3,2026-05-25 14:51:00,2026-05-25 15:27:00,31.3,10.02,completed
SE-0003355,ST-011,1,2026-05-17 22:23:00,2026-05-17 23:14:00,47.01,15.04,completed
SE-0003158,ST-014,2,2026-05-16 07:20:00,2026-05-16 08:02:00,20.62,6.6,completed
SE-0006416,ST-014,6,2026-06-01 07:43:00,2026-06-01 08:26:00,6.17,1.97,aborted
SE-0000436,ST-008,1,2026-05-03 01:11:00,2026-05-03 01:50:00,25.98,8.31,completed
SE-0002799,ST-023,1,2026-05-14 06:45:00,2026-05-14 07:24:00,30.51,9.76,completed
SE-0008916,ST-001,4,2026-06-14 08:50:00,2026-06-14 09:54:00,58.93,18.86,completed
SE-0004315,ST-010,2,2026-05-22 04:15:00,2026-05-22 04:59:00,24.33,7.79,completed
SE-0010878,ST-001,4,2026-06-24 08:01:00,2026-06-24 08:56:00,42.04,13.45,completed
SE-0000706,ST-017,2,2026-05-04 13:19:00,2026-05-04 13:58:00,22260,7.12,completed
SE-0011693,ST-003,2,2026-06-28 07:34:00,2026-06-28 08:25:00,36.51,11.68,completed
SE-0004551,ST-014,3,2026-05-23 15:05:00,2026-05-23 16:11:00,33.88,10.84,completed
SE-0006611,ST-015,2,2026-06-02 15:36:00,2026-06-02 16:42:00,38.48,12.31,completed
SE-0001598,ST-025,1,2026-05-08 11:16:00,2026-05-08 11:24:00,1.65,0.53,completed
SE-0004501,ST-005,1,2026-05-23 00:42:00,2026-05-23 01:25:00,16.53,5.29,completed
SE-0004875,ST-037,4,2026-05-24 05:26:00,2026-05-24 06:07:00,30.96,9.91,completed
SE-0007199,ST-014,3,2026-06-05 05:44:00,2026-06-05 05:50:00,2.93,0.94,completed
SE-0005002,ST-022,2,2026-05-25 07:17:00,2026-05-25 08:21:00,29.34,9.39,completed
SE-0001649,ST-002,2,2026-05-09 10:43:00,2026-05-09 11:23:00,16.79,5.37,completed
SE-0005750,ST-003,2,2026-05-29 22:27:00,2026-05-29 22:57:00,15.18,4.86,completed
SE-0006396,ST-010,2,2026-06-01 22:40:00,2026-06-01 23:12:00,14.11,4.52,completed
SE-0006482,ST-025,2,2026-06-01 22:24:00,2026-06-01 23:27:00,37.35,11.95,completed
SE-0007378,ST-013,2,2026-06-06 04:22:00,2026-06-06 05:06:00,22.6,7.23,completed
SE-0004789,ST-020,1,2026-05-24 09:39:00,2026-05-24 10:42:00,46.38,14.84,completed
SE-0007183,ST-014,5,2026-06-05 05:12:00,2026-06-05 06:30:00,36.86,11.8,completed
SE-0000422,ST-005,1,2026-05-03 20:55:00,2026-05-03 22:07:00,54.34,17.39,completed
SE-0002805,ST-023,1,2026-05-14 21:31:00,2026-05-14 22:01:00,27.69,8.86,aborted
SE-0000594,ST-001,3,2026-05-04 14:25:00,2026-05-04 15:11:00,17.42,5.57,completed
SE-0009767,ST-006,3,2026-06-18 01:27:00,2026-06-18 02:10:00,16.78,5.37,completed
SE-0006753,ST-005,2,2026-06-03 12:52:00,2026-06-03 13:49:00,43.56,13.94,completed
SE-0010043,ST-022,3,2026-06-19 19:38:00,2026-06-19 19:49:00,6.05,1.94,completed
SE-0006921,ST-041,1,2026-06-03 15:23:00,2026-06-03 16:18:00,44.81,14.34,completed
SE-0006412,ST-014,6,2026-06-01 19:51:00,2026-06-01 21:10:00,36.73,11.75,completed
SE-0000875,ST-007,4,2026-05-05 07:45:00,2026-05-05 08:30:00,26.44,8.46,completed
SE-0003111,ST-006,5,2026-05-16 11:14:00,2026-05-16 11:40:00,15.26,4.88,completed
SE-0006972,ST-009,2,2026-06-04 01:31:00,2026-06-04 01:56:00,8.09,2.59,completed
SE-0008756,ST-006,5,2026-06-13 12:37:00,2026-06-13 14:05:00,71.93,23.02,completed
SE-0001235,ST-001,2,2026-05-07 08:48:00,2026-05-07 09:44:00,14.63,4.68,completed
SE-0010830,ST-033,1,2026-06-23 09:29:00,2026-06-23 09:55:00,15.2,4.86,completed
SE-0009934,ST-041,4,2026-06-18 08:16:00,2026-06-18 09:17:00,25.16,8.05,completed
SE-0007825,ST-017,1,2026-06-08 22:17:00,2026-06-08 23:26:00,38190,12.22,completed
SE-0011321,ST-008,2,2026-06-26 18:06:00,2026-06-26 18:35:00,11.07,3.54,completed
SE-0005554,ST-006,4,2026-05-28 23:37:00,2026-05-29 00:30:00,30.21,,completed
SE-0011877,ST-003,2,2026-06-29 13:27:00,2026-06-29 13:39:00,5.21,1.67,completed
SE-0004862,ST-033,2,2026-05-24 18:10:00,2026-05-24 19:08:00,31.32,10.02,completed
SE-0005101,ST-003,2,2026-05-26 05:29:00,2026-05-26 06:30:00,33.69,10.78,completed
SE-0008219,ST-022,1,2026-06-10 12:05:00,2026-06-10 13:03:00,52.18,16.7,completed
SE-0004570,ST-016,1,2026-05-23 18:42:00,2026-05-23 19:21:00,22.51,7.2,completed
SE-0001451,ST-001,2,2026-05-08 07:39:00,2026-05-08 07:49:00,6.18,1.98,completed
SE-0002336,ST-013,1,2026-05-12 13:05:00,2026-05-12 13:18:00,5.97,1.91,completed
SE-0007942,ST-003,1,2026-06-09 22:58:00,2026-06-09 23:25:00,10.28,3.29,completed
SE-0004899,ST-002,1,2026-05-25 13:51:00,2026-05-25 14:48:00,20.91,6.69,completed
SE-0005626,ST-021,3,2026-05-28 17:53:00,2026-05-28 18:05:00,5.2,1.66,completed
SE-0003464,ST-041,1,2026-05-17 06:42:00,2026-05-17 07:46:00,15.63,5.0,completed
SE-0010074,ST-028,1,2026-06-19 04:22:00,2026-06-19 04:49:00,14.19,4.54,completed
SE-0009407,ST-012,2,2026-06-16 19:50:00,2026-06-16 20:10:00,15.5,4.96,completed
SE-0007879,ST-027,4,2026-06-08 02:54:00,2026-06-08 03:41:00,46.52,14.89,completed
SE-0001428,ST-036,2,2026-05-07 01:37:00,2026-05-07 02:00:00,12.22,3.91,completed
SE-0004287,ST-005,2,2026-05-22 23:43:00,2026-05-23 00:20:00,18.32,5.86,completed
SE-0002772,ST-016,2,2026-05-14 20:44:00,2026-05-14 21:02:00,7.55,2.42,completed
SE-0006332,ST-001,2,2026-06-01 01:18:00,2026-06-01 01:57:00,24.16,7.73,completed
SE-0007426,ST-022,2,2026-06-06 17:29:00,2026-06-06 17:35:00,3.19,1.02,completed
SE-0002033,ST-039,1,2026-05-10 06:11:00,2026-05-10 06:58:00,12.62,4.04,completed
SE-0002430,ST-035,1,2026-05-12 16:55:00,2026-05-12 17:25:00,15.08,4.83,completed
SE-0003331,ST-006,2,2026-05-17 23:21:00,2026-05-17 23:55:00,18.83,6.03,completed
SE-0011502,ST-006,2,2026-06-27 06:23:00,2026-06-27 07:03:00,23.34,7.47,completed
SE-0004430,ST-033,2,2026-05-22 21:33:00,2026-05-22 21:51:00,10.56,3.38,completed
SE-0010378,ST-015,1,2026-06-21 09:13:00,2026-06-21 10:05:00,28.34,9.07,completed
SE-0002015,ST-033,1,2026-05-10 20:42:00,2026-05-10 21:06:00,14.93,,completed
SE-0010423,ST-025,2,2026-06-21 16:41:00,2026-06-21 17:13:00,12.52,4.01,completed
SE-0003932,ST-014,3,2026-05-20 15:22:00,2026-05-20 15:32:00,5.65,1.81,completed
SE-0000392,ST-001,2,2026-05-03 18:14:00,2026-05-03 18:50:00,20.66,6.61,completed
SE-0004169,ST-017,2,2026-05-21 19:33:00,2026-05-21 20:28:00,41300,13.22,completed
SE-0005849,ST-022,5,2026-05-29 21:59:00,2026-05-29 22:31:00,16.11,5.16,completed
SE-0004626,ST-025,2,2026-05-23 05:45:00,2026-05-23 06:32:00,23.08,7.39,completed
SE-0010475,ST-042,5,2026-06-21 16:18:00,2026-06-21 16:51:00,21.6,6.91,completed
SE-0007916,ST-041,4,2026-06-08 13:41:00,2026-06-08 14:32:00,31.67,10.13,completed
SE-0000142,ST-032,4,2026-05-01 13:40:00,2026-05-01 14:16:00,16.61,5.32,completed
SE-0010317,ST-005,1,2026-06-21 14:10:00,2026-06-21 14:59:00,11.11,3.56,completed
SE-0012040,ST-036,4,2026-06-29 05:04:00,2026-06-29 06:07:00,41.68,13.34,aborted
SE-0006418,ST-015,2,2026-06-01 18:04:00,2026-06-01 18:22:00,9.21,2.95,completed
SE-0008102,ST-001,3,2026-06-10 15:15:00,2026-06-10 15:55:00,29.59,9.47,completed
SE-0010939,ST-013,2,2026-06-24 00:10:00,2026-06-24 00:46:00,16.86,5.4,completed
SE-0008563,ST-012,1,2026-06-12 03:59:00,2026-06-12 05:09:00,36.34,11.63,completed
SE-0008681,ST-041,1,2026-06-12 22:25:00,2026-06-12 22:32:00,3.78,1.21,completed
SE-0011608,ST-025,2,2026-06-27 16:15:00,2026-06-27 16:47:00,21.42,6.85,completed
SE-0011413,ST-027,2,2026-06-26 19:43:00,2026-06-26 20:23:00,17.89,5.72,completed
SE-0010794,ST-023,1,2026-06-23 04:22:00,2026-06-23 05:03:00,22.49,7.2,completed
SE-0009074,ST-025,1,2026-06-14 21:43:00,2026-06-14 22:01:00,8.26,,completed
SE-0001780,ST-026,3,2026-05-09 11:26:00,2026-05-09 12:21:00,34.46,11.03,completed
SE-0005508,ST-001,4,2026-05-28 02:08:00,2026-05-28 03:12:00,17.23,5.51,completed
SE-0000120,ST-025,2,2026-05-01 19:28:00,2026-05-01 20:15:00,17.42,5.57,completed
SE-0000215,ST-005,1,2026-05-02 20:51:00,2026-05-02 21:42:00,27.15,8.69,completed
SE-0001408,ST-033,1,2026-05-07 04:03:00,2026-05-07 04:29:00,15.51,4.96,completed
SE-0008551,ST-009,1,2026-06-12 03:47:00,2026-06-12 04:45:00,43.19,13.82,completed
SE-0007159,ST-008,2,2026-06-05 20:12:00,2026-06-05 21:16:00,21.9,7.01,completed
SE-0010072,ST-027,4,2026-06-19 02:50:00,2026-06-19 03:42:00,19.37,6.2,completed
SE-0007107,ST-041,2,2026-06-04 05:16:00,2026-06-04 05:35:00,13.37,4.28,completed
SE-0003630,ST-035,1,2026-05-18 18:04:00,2026-05-18 18:22:00,9.32,2.98,completed
SE-0008129,ST-005,1,2026-06-10 12:48:00,2026-06-10 13:44:00,28.34,9.07,completed
SE-0003003,ST-024,2,2026-05-15 08:07:00,2026-05-15 08:59:00,19.54,6.25,completed
SE-0005142,ST-012,2,2026-05-26 20:36:00,2026-05-26 20:45:00,4.89,1.56,completed
SE-0002974,ST-017,1,2026-05-15 15:39:00,2026-05-15 15:57:00,15310,4.9,completed
SE-0000652,ST-009,2,2026-05-04 22:22:00,2026-05-04 22:54:00,15.1,4.83,completed
SE-0008589,ST-017,1,2026-06-12 18:42:00,2026-06-12 19:59:00,70030,22.41,completed
SE-0008761,ST-008,1,2026-06-13 05:42:00,2026-06-13 05:48:00,3.57,1.14,completed
SE-0006711,ST-039,3,2026-06-02 15:33:00,2026-06-02 16:45:00,49.74,15.92,completed
SE-0010616,ST-028,1,2026-06-22 21:29:00,2026-06-22 22:12:00,39.71,12.71,aborted
SE-0005338,ST-010,2,2026-05-27 06:58:00,2026-05-27 07:29:00,9.23,2.95,completed
SE-0011408,ST-025,1,2026-06-26 16:08:00,2026-06-26 17:15:00,21.01,6.72,completed
SE-0009345,ST-003,2,2026-06-16 01:08:00,2026-06-16 01:39:00,15.82,5.06,completed
SE-0007259,ST-025,2,2026-06-05 04:58:00,2026-06-05 05:21:00,15.85,5.07,completed
SE-0009081,ST-025,2,2026-06-14 17:05:00,2026-06-14 17:33:00,30.24,9.68,completed
SE-0010951,ST-015,1,2026-06-24 00:19:00,2026-06-24 01:39:00,24.77,7.93,completed
SE-0003181,ST-017,1,2026-05-16 18:07:00,2026-05-16 18:50:00,9320,2.98,completed
SE-0006960,ST-006,5,2026-06-04 20:20:00,2026-06-04 21:19:00,37.17,11.89,completed
SE-0006223,ST-015,2,2026-05-31 11:01:00,2026-05-31 11:43:00,23.26,7.44,completed
SE-0003278,ST-041,1,2026-05-16 00:00:00,2026-05-16 01:00:00,21.26,6.8,completed
SE-0009203,ST-014,2,2026-06-15 08:50:00,2026-06-15 09:23:00,23.79,7.61,completed
SE-0000071,ST-015,2,2026-05-01 17:21:00,2026-05-01 18:11:00,26.82,8.58,completed
SE-0009241,ST-020,1,2026-06-15 01:49:00,2026-06-15 02:01:00,5.84,1.87,completed
SE-0011202,ST-023,2,2026-06-25 09:41:00,2026-06-25 10:18:00,16.37,5.24,completed
SE-0010913,ST-006,3,2026-06-24 16:52:00,2026-06-24 17:20:00,20.78,6.65,completed
SE-0004617,ST-023,1,2026-05-23 09:53:00,2026-05-23 10:21:00,14.08,4.51,completed
SE-0007637,ST-022,2,2026-06-07 09:54:00,2026-06-07 10:42:00,10.36,3.32,completed
SE-0005932,ST-001,3,2026-05-30 22:15:00,2026-05-30 23:03:00,39.75,12.72,completed
SE-0004909,ST-004,2,2026-05-25 10:28:00,2026-05-25 10:34:00,2.01,0.64,completed
SE-0010849,ST-036,4,2026-06-23 09:38:00,2026-06-23 09:55:00,13.33,4.27,completed
SE-0004585,ST-019,3,2026-05-23 01:13:00,2026-05-23 02:22:00,50.78,16.25,completed
SE-0008604,ST-022,6,2026-06-12 12:15:00,2026-06-12 12:21:00,1.5,0.48,completed
SE-0004850,ST-031,6,2026-05-24 14:05:00,2026-05-24 14:44:00,19.26,6.16,completed
SE-0004232,ST-034,1,2026-05-21 04:20:00,2026-05-21 04:51:00,11.31,3.62,completed
SE-0010087,ST-034,2,2026-06-19 15:33:00,2026-06-19 16:45:00,35.06,11.22,completed
SE-0005522,ST-004,3,2026-05-28 02:06:00,2026-05-28 02:48:00,34.88,11.16,completed
SE-0007615,ST-018,1,2026-06-07 05:03:00,2026-06-07 05:52:00,16.39,5.24,completed
SE-0004185,ST-021,4,2026-05-21 11:07:00,2026-05-21 11:45:00,37.34,11.95,completed
SE-0005480,ST-035,1,2026-05-27 06:20:00,2026-05-27 07:36:00,53.17,17.01,completed
SE-0008666,ST-036,4,2026-06-12 06:44:00,2026-06-12 07:19:00,27.88,8.92,completed
SE-0002199,ST-025,1,2026-05-11 01:03:00,2026-05-11 01:22:00,15.77,5.05,completed
SE-0008705,ST-001,3,2026-06-13 20:09:00,2026-06-13 20:49:00,18.7,5.98,completed
SE-0002206,ST-025,2,2026-05-11 05:53:00,2026-05-11 06:18:00,13.3,4.26,completed
SE-0011685,ST-003,2,2026-06-28 04:53:00,2026-06-28 05:19:00,12.68,4.06,completed
SE-0006278,ST-025,2,2026-05-31 13:41:00,2026-05-31 14:05:00,17.24,5.52,completed
SE-0001867,ST-006,1,2026-05-10 09:06:00,2026-05-10 10:00:00,38.39,12.28,completed
SE-0004772,ST-016,2,2026-05-24 12:54:00,2026-05-24 13:50:00,46.53,14.89,completed
SE-0006224,ST-015,1,2026-05-31 16:03:00,2026-05-31 17:06:00,42.6,,completed
SE-0001859,ST-005,2,2026-05-10 21:09:00,2026-05-10 21:50:00,6.0,1.92,completed
SE-0003984,ST-023,2,2026-05-20 15:24:00,2026-05-20 16:02:00,15.74,5.04,completed
SE-0010014,ST-015,2,2026-06-19 12:27:00,2026-06-19 13:23:00,42.98,13.75,completed
SE-0009175,ST-006,2,2026-06-15 08:31:00,2026-06-15 08:50:00,8.95,2.86,completed
SE-0006409,ST-013,2,2026-06-01 03:45:00,2026-06-01 04:43:00,60.8,19.46,completed
SE-0008255,ST-033,1,2026-06-10 22:44:00,2026-06-10 23:00:00,9.26,2.96,completed
SE-0004177,ST-017,2,2026-05-21 11:32:00,2026-05-21 12:26:00,27920,8.93,completed
SE-0004960,ST-014,3,2026-05-25 14:48:00,2026-05-25 15:20:00,9.84,3.15,completed
SE-0004381,ST-023,2,2026-05-22 15:10:00,2026-05-22 15:44:00,13.27,4.25,completed
SE-0003592,ST-024,2,2026-05-18 11:46:00,2026-05-18 12:15:00,7.92,2.53,completed
SE-0009214,ST-015,2,2026-06-15 14:21:00,2026-06-15 14:43:00,9.43,3.02,aborted
SE-0002961,ST-015,2,2026-05-15 13:26:00,2026-05-15 13:55:00,15.09,4.83,completed
SE-0003042,ST-035,1,2026-05-15 22:20:00,2026-05-15 22:32:00,4.53,1.45,completed
SE-0004563,ST-015,2,2026-05-23 00:58:00,2026-05-23 01:23:00,19.65,6.29,completed
SE-0010443,ST-032,2,2026-06-21 12:10:00,2026-06-21 12:47:00,14.4,4.61,completed
SE-0000856,ST-003,2,2026-05-05 21:46:00,2026-05-05 22:14:00,8.09,2.59,completed
SE-0005221,ST-026,4,2026-05-26 13:41:00,2026-05-26 14:30:00,34.86,11.16,completed
SE-0009299,ST-034,1,2026-06-15 14:31:00,2026-06-15 15:25:00,38.87,12.44,completed
SE-0005469,ST-033,1,2026-05-27 03:37:00,2026-05-27 04:27:00,22.97,7.35,completed
SE-0007298,ST-037,2,2026-06-05 13:34:00,2026-06-05 14:35:00,23.1,7.39,completed
SE-0008547,ST-008,1,2026-06-12 07:01:00,2026-06-12 07:36:00,14.44,4.62,completed
SE-0008074,ST-034,2,2026-06-09 10:11:00,2026-06-09 10:35:00,12.53,4.01,completed
SE-0006186,ST-006,3,2026-05-31 08:52:00,2026-05-31 09:49:00,32.34,10.35,completed
SE-0008189,ST-016,2,2026-06-10 14:59:00,2026-06-10 15:05:00,3.36,1.08,completed
SE-0011999,ST-025,2,2026-06-29 03:49:00,2026-06-29 04:54:00,43.5,13.92,completed
SE-0011327,ST-009,1,2026-06-26 02:49:00,2026-06-26 03:28:00,26.28,8.41,completed
SE-0003596,ST-025,2,2026-05-18 10:49:00,2026-05-18 11:43:00,12.06,3.86,completed
SE-0009480,ST-025,1,2026-06-16 15:41:00,2026-06-16 16:36:00,32.21,10.31,completed
SE-0004689,ST-001,1,2026-05-24 13:53:00,2026-05-24 14:18:00,17.21,5.51,completed
SE-0006060,ST-022,5,2026-05-30 15:59:00,2026-05-30 16:05:00,3.01,0.96,completed
SE-0011071,ST-041,2,2026-06-24 10:54:00,2026-06-24 11:31:00,18.72,5.99,completed
SE-0008948,ST-005,1,2026-06-14 08:17:00,2026-06-14 09:12:00,16.06,5.14,completed
SE-0011680,ST-001,2,2026-06-28 14:06:00,2026-06-28 14:12:00,3.72,1.19,completed
SE-0006393,ST-009,2,2026-06-01 22:31:00,2026-06-01 22:59:00,10.19,3.26,completed
SE-0001286,ST-009,1,2026-05-07 22:23:00,2026-05-07 22:54:00,21.39,6.84,completed
SE-0011576,ST-017,1,2026-06-27 13:28:00,2026-06-27 13:59:00,17540,5.61,completed
SE-0004657,ST-035,2,2026-05-23 09:12:00,2026-05-23 09:58:00,17.34,5.55,completed
SE-0009014,ST-016,1,2026-06-14 16:51:00,2026-06-14 17:40:00,48.68,15.58,completed
SE-0009388,ST-008,1,2026-06-16 17:07:00,2026-06-16 17:47:00,23.99,7.68,completed
SE-0004034,ST-034,4,2026-05-20 20:35:00,2026-05-20 21:35:00,36.29,11.61,completed
SE-0009878,ST-025,1,2026-06-18 10:23:00,2026-06-18 10:57:00,9.98,3.19,completed
SE-0003518,ST-008,2,2026-05-18 05:11:00,2026-05-18 05:29:00,9.05,2.9,completed
SE-0007546,ST-005,2,2026-06-07 13:16:00,2026-06-07 13:58:00,19.77,6.33,completed
SE-0000183,ST-041,5,2026-05-01 19:59:00,2026-05-01 20:36:00,13.01,4.16,completed
SE-0009695,ST-031,6,2026-06-17 08:47:00,2026-06-17 09:13:00,11.5,,completed
SE-0006688,ST-033,2,2026-06-02 20:03:00,2026-06-02 20:23:00,13.42,4.29,completed
SE-0004434,ST-034,3,2026-05-22 23:29:00,2026-05-23 00:16:00,22.39,7.16,completed
SE-0007488,ST-034,2,2026-06-06 17:42:00,2026-06-06 18:24:00,12.9,4.13,completed
SE-0007581,ST-010,1,2026-06-07 22:06:00,2026-06-07 22:39:00,25.24,8.08,completed
SE-0001998,ST-029,4,2026-05-10 07:00:00,2026-05-10 07:38:00,19.45,6.22,completed
SE-0002919,ST-006,4,2026-05-15 14:08:00,2026-05-15 14:53:00,27.77,8.89,completed
SE-0008961,ST-007,6,2026-06-14 02:07:00,2026-06-14 02:38:00,7.2,2.3,completed
SE-0001634,ST-040,1,2026-05-08 00:57:00,2026-05-08 01:42:00,27.01,8.64,completed
SE-0000827,ST-041,6,2026-05-04 18:23:00,2026-05-04 19:26:00,27.32,8.74,completed
SE-0002738,ST-010,2,2026-05-14 09:05:00,2026-05-14 09:11:00,3.42,1.09,completed
SE-0011005,ST-025,1,2026-06-24 05:23:00,2026-06-24 06:15:00,42.83,13.71,completed
SE-0010326,ST-005,1,2026-06-21 21:01:00,2026-06-21 21:29:00,15.16,4.85,completed
SE-0004892,ST-001,2,2026-05-25 18:14:00,2026-05-25 18:44:00,15.84,5.07,completed
SE-0007309,ST-041,1,2026-06-05 05:03:00,2026-06-05 05:37:00,20.94,,completed
SE-0006617,ST-016,2,2026-06-02 13:40:00,2026-06-02 14:27:00,32.32,10.34,completed
SE-0000666,ST-012,1,2026-05-04 16:03:00,2026-05-04 16:48:00,24.11,7.72,completed
SE-0004965,ST-014,2,2026-05-25 16:05:00,2026-05-25 16:23:00,9.28,2.97,completed
SE-0007160,ST-008,2,2026-06-05 13:41:00,2026-06-05 14:21:00,15.67,5.01,completed
SE-0007371,ST-010,1,2026-06-06 16:25:00,2026-06-06 17:04:00,25.48,8.15,completed
SE-0009091,ST-028,1,2026-06-14 07:27:00,2026-06-14 08:47:00,30.78,9.85,completed
SE-0008160,ST-012,1,2026-06-10 22:10:00,2026-06-10 22:18:00,5.2,1.66,completed
SE-0008480,ST-035,2,2026-06-11 08:10:00,2026-06-11 09:09:00,37.6,12.03,completed
SE-0002549,ST-015,2,2026-05-13 07:39:00,2026-05-13 08:21:00,21.64,6.92,completed
SE-0001344,ST-019,3,2026-05-07 08:35:00,2026-05-07 09:05:00,13.38,4.28,completed
SE-0010266,ST-041,3,2026-06-20 18:11:00,2026-06-20 18:17:00,1.71,0.55,completed
SE-0003477,ST-001,3,2026-05-18 16:42:00,2026-05-18 17:25:00,22.05,7.06,completed
SE-0011154,ST-014,6,2026-06-25 11:22:00,2026-06-25 12:28:00,16.11,5.16,completed
SE-0009780,ST-008,1,2026-06-18 21:57:00,2026-06-18 22:34:00,18.14,5.8,completed
SE-0002047,ST-041,6,2026-05-10 00:03:00,2026-05-10 01:05:00,25.13,8.04,completed
SE-0000521,ST-024,1,2026-05-03 17:16:00,2026-05-03 17:32:00,7.71,2.47,completed
SE-0003334,ST-006,5,2026-05-17 23:07:00,2026-05-17 23:57:00,17.39,5.56,completed
SE-0011266,ST-041,6,2026-06-25 20:45:00,2026-06-25 21:15:00,15.26,4.88,completed
SE-0011822,ST-029,2,2026-06-28 05:32:00,2026-06-28 06:02:00,17.52,5.61,completed
SE-0002848,ST-033,1,2026-05-14 20:21:00,2026-05-14 21:47:00,14.58,,completed
SE-0009456,ST-021,4,2026-06-16 10:46:00,2026-06-16 11:35:00,34.14,10.92,completed
SE-0007497,ST-036,2,2026-06-06 20:01:00,2026-06-06 20:07:00,1.5,0.48,completed
SE-0009707,ST-033,1,2026-06-17 19:22:00,2026-06-17 20:11:00,19.03,6.09,completed
SE-0005250,ST-034,2,2026-05-26 21:15:00,2026-05-26 21:55:00,30.5,9.76,completed
SE-0007336,ST-003,1,2026-06-06 09:29:00,2026-06-06 10:15:00,22.98,7.35,completed
SE-0001615,ST-031,4,2026-05-08 16:38:00,2026-05-08 16:57:00,6.7,2.14,completed
SE-0006614,ST-015,1,2026-06-02 18:08:00,2026-06-02 19:10:00,12.73,4.07,completed
SE-0000430,ST-006,1,2026-05-03 16:27:00,2026-05-03 17:17:00,23.86,7.64,completed
SE-0001482,ST-005,2,2026-05-08 08:37:00,2026-05-08 09:46:00,24.86,7.96,completed
SE-0006763,ST-006,1,2026-06-03 04:06:00,2026-06-03 04:56:00,35.66,11.41,completed
SE-0005852,ST-023,1,2026-05-29 23:36:00,2026-05-30 00:37:00,48.28,15.45,completed
SE-0004620,ST-024,2,2026-05-23 18:40:00,2026-05-23 19:43:00,7.81,2.5,completed
SE-0002175,ST-022,2,2026-05-11 10:18:00,2026-05-11 10:58:00,31.37,10.04,completed
SE-0008007,ST-015,1,2026-06-09 12:42:00,2026-06-09 13:14:00,14.01,4.48,completed
SE-0002944,ST-010,1,2026-05-15 01:07:00,2026-05-15 01:48:00,29.74,9.52,completed
SE-0003317,ST-003,1,2026-05-17 03:49:00,2026-05-17 04:12:00,14.54,4.65,completed
SE-0002359,ST-017,2,2026-05-12 10:39:00,2026-05-12 11:17:00,21330,6.83,completed
SE-0002859,ST-036,3,2026-05-14 02:45:00,2026-05-14 03:27:00,25.16,8.05,completed
SE-0007030,ST-017,1,2026-06-04 08:03:00,2026-06-04 09:03:00,21590,6.91,completed
SE-0003657,ST-041,2,2026-05-18 07:10:00,2026-05-18 08:37:00,22.05,7.06,completed
SE-0004471,ST-001,2,2026-05-23 04:16:00,2026-05-23 05:02:00,26.59,,completed
SE-0004387,ST-023,2,2026-05-22 05:54:00,2026-05-22 06:53:00,9.49,,faulted
SE-0003882,ST-003,2,2026-05-20 03:25:00,2026-05-20 03:58:00,23.69,7.58,completed
SE-0005322,ST-006,4,2026-05-27 10:41:00,2026-05-27 11:36:00,47.55,15.22,completed
SE-0000934,ST-017,2,2026-05-05 08:16:00,2026-05-05 09:18:00,29290,9.37,completed
SE-0008780,ST-011,1,2026-06-13 15:02:00,2026-06-13 15:43:00,16.08,5.15,completed
SE-0003609,ST-027,3,2026-05-18 02:05:00,2026-05-18 02:58:00,6.92,2.21,completed
SE-0005261,ST-037,1,2026-05-26 17:56:00,2026-05-26 19:02:00,32.76,10.48,aborted
SE-0010606,ST-024,2,2026-06-22 16:55:00,2026-06-22 17:19:00,14.13,4.52,completed
SE-0005294,ST-002,2,2026-05-27 06:10:00,2026-05-27 07:00:00,23.95,7.66,completed
SE-0003188,ST-021,4,2026-05-16 23:53:00,2026-05-17 00:02:00,1.5,0.48,completed
SE-0000604,ST-003,1,2026-05-04 09:01:00,2026-05-04 09:38:00,21.86,7.0,completed
SE-0010876,ST-001,2,2026-06-24 04:20:00,2026-06-24 04:59:00,24.91,,completed
SE-0006189,ST-006,2,2026-05-31 06:02:00,2026-05-31 06:53:00,21.41,6.85,completed
SE-0003806,ST-025,2,2026-05-19 16:26:00,2026-05-19 17:06:00,23.51,7.52,completed
SE-0006235,ST-016,1,2026-05-31 08:38:00,2026-05-31 09:07:00,9.68,3.1,completed
SE-0007128,ST-003,2,2026-06-05 07:27:00,2026-06-05 08:25:00,28.86,9.24,completed
SE-0008941,ST-004,2,2026-06-14 22:05:00,2026-06-14 23:15:00,42.86,13.72,completed
SE-0009534,ST-041,2,2026-06-16 12:58:00,2026-06-16 13:26:00,11.31,3.62,completed
SE-0011166,ST-016,2,2026-06-25 05:55:00,2026-06-25 06:35:00,24.53,7.85,completed
SE-0010374,ST-015,2,2026-06-21 17:32:00,2026-06-21 17:56:00,14.22,4.55,completed
SE-0003453,ST-041,1,2026-05-17 02:14:00,2026-05-17 02:51:00,18.33,5.87,completed
SE-0002611,ST-029,4,2026-05-13 20:18:00,2026-05-13 21:11:00,27.19,8.7,completed
SE-0002537,ST-014,1,2026-05-13 17:35:00,2026-05-13 18:03:00,17.56,5.62,completed
SE-0002172,ST-022,4,2026-05-11 18:47:00,2026-05-11 19:53:00,48.22,15.43,completed
SE-0009223,ST-015,1,2026-06-15 14:52:00,2026-06-15 15:59:00,1.5,0.48,completed
SE-0012007,ST-025,2,2026-06-29 05:41:00,2026-06-29 06:26:00,33.23,10.63,completed
SE-0011571,ST-015,2,2026-06-27 20:46:00,2026-06-27 21:43:00,34.51,11.04,completed
SE-0008917,ST-001,4,2026-06-14 14:57:00,2026-06-14 15:34:00,20.09,6.43,completed
SE-0003946,ST-016,2,2026-05-20 15:05:00,2026-05-20 15:33:00,13.75,4.4,completed
SE-0004370,ST-022,3,2026-05-22 11:52:00,2026-05-22 12:37:00,38.29,12.25,completed
SE-0002565,ST-017,1,2026-05-13 07:39:00,2026-05-13 08:36:00,29880,9.56,completed
SE-0010216,ST-025,1,2026-06-20 03:16:00,2026-06-20 03:53:00,13.71,4.39,completed
SE-0007770,ST-007,5,2026-06-08 00:08:00,2026-06-08 00:48:00,25.33,8.11,completed
SE-0003088,ST-003,2,2026-05-16 16:27:00,2026-05-16 16:42:00,13.4,4.29,completed
SE-0009349,ST-005,1,2026-06-16 16:44:00,2026-06-16 17:37:00,36.16,11.57,completed
SE-0006151,ST-001,1,2026-05-31 19:52:00,2026-05-31 20:32:00,19.18,6.14,completed
SE-0000374,ST-041,4,2026-05-02 01:53:00,2026-05-02 02:51:00,30.27,9.69,completed
SE-0003954,ST-017,1,2026-05-20 12:02:00,2026-05-20 12:49:00,18720,5.99,completed
SE-0010031,ST-018,4,2026-06-19 06:04:00,2026-06-19 06:40:00,30.43,9.74,completed
SE-0000169,ST-036,3,2026-05-01 20:37:00,2026-05-01 21:37:00,26.3,8.42,completed
SE-0005529,ST-005,2,2026-05-28 15:19:00,2026-05-28 16:05:00,18.81,,completed
SE-0011406,ST-025,2,2026-06-26 07:16:00,2026-06-26 08:19:00,33.15,10.61,completed
SE-0005020,ST-026,4,2026-05-25 13:32:00,2026-05-25 14:02:00,9.45,3.02,completed
SE-0009924,ST-039,2,2026-06-18 14:22:00,2026-06-18 15:00:00,25.11,8.04,completed
SE-0009357,ST-005,1,2026-06-16 19:28:00,2026-06-16 20:19:00,34.76,,completed
SE-0004133,ST-010,2,2026-05-21 06:17:00,2026-05-21 07:13:00,28.99,9.28,completed
SE-0009513,ST-033,1,2026-06-16 15:01:00,2026-06-16 15:45:00,26.78,,completed
SE-0008779,ST-011,2,2026-06-13 01:56:00,2026-06-13 03:18:00,56.74,18.16,completed
SE-0007002,ST-015,2,2026-06-04 15:44:00,2026-06-04 15:54:00,4.0,1.28,completed
SE-0009545,ST-001,3,2026-06-17 04:45:00,2026-06-17 05:42:00,16.97,5.43,completed
SE-0000621,ST-005,2,2026-05-04 11:19:00,2026-05-04 11:54:00,6.17,1.97,completed
SE-0006836,ST-017,1,2026-06-03 00:14:00,2026-06-03 01:04:00,45480,14.55,completed
SE-0007188,ST-014,5,2026-06-05 01:46:00,2026-06-05 02:33:00,15.52,4.97,completed
SE-0006481,ST-025,2,2026-06-01 11:43:00,2026-06-01 12:09:00,7.08,2.27,aborted
SE-0010079,ST-033,1,2026-06-19 17:41:00,2026-06-19 18:15:00,17.64,5.64,completed
SE-0003430,ST-031,3,2026-05-17 20:20:00,2026-05-17 21:11:00,30.93,9.9,completed
SE-0007417,ST-021,4,2026-06-06 12:54:00,2026-06-06 13:44:00,27.48,8.79,completed
SE-0005840,ST-017,1,2026-05-29 01:30:00,2026-05-29 02:12:00,20170,6.45,completed
SE-0001328,ST-016,1,2026-05-07 05:25:00,2026-05-07 06:14:00,28.12,9.0,completed
SE-0002142,ST-015,1,2026-05-11 03:05:00,2026-05-11 03:54:00,28.02,8.97,completed
SE-0002593,ST-023,2,2026-05-13 13:26:00,2026-05-13 14:28:00,3.39,1.08,faulted
SE-0004312,ST-009,1,2026-05-22 11:22:00,2026-05-22 12:14:00,33.65,10.77,completed
SE-0005488,ST-038,2,2026-05-27 02:01:00,2026-05-27 02:07:00,2.77,0.89,completed
SE-0006468,ST-023,1,2026-06-01 14:28:00,2026-06-01 15:10:00,22.94,7.34,completed
SE-0005158,ST-015,1,2026-05-26 07:59:00,2026-05-26 08:47:00,23.17,7.41,completed
SE-0008863,ST-027,4,2026-06-13 12:36:00,2026-06-13 13:22:00,18.03,5.77,completed
SE-0009976,ST-005,1,2026-06-19 17:21:00,2026-06-19 17:51:00,16.92,5.41,completed
SE-0009971,ST-005,1,2026-06-19 23:34:00,2026-06-19 23:58:00,14.41,4.61,completed
SE-0010965,ST-017,1,2026-06-24 17:37:00,2026-06-24 18:21:00,25260,8.08,completed
SE-0000119,ST-025,1,2026-05-01 00:09:00,2026-05-01 00:56:00,46.31,14.82,completed
SE-0003487,ST-003,1,2026-05-18 01:38:00,2026-05-18 02:21:00,25.94,8.3,completed
SE-0002231,ST-033,2,2026-05-11 17:34:00,2026-05-11 18:32:00,33.38,,completed
SE-0007746,ST-003,1,2026-06-08 18:45:00,2026-06-08 19:36:00,19.4,6.21,completed
SE-0008902,ST-041,4,2026-06-13 23:47:00,2026-06-14 00:23:00,18.52,5.93,completed
SE-0004873,ST-036,3,2026-05-24 05:17:00,2026-05-24 06:09:00,21.97,7.03,completed
SE-0008503,ST-041,2,2026-06-11 09:26:00,2026-06-11 10:36:00,32.9,10.53,completed
SE-0004979,ST-016,1,2026-05-25 02:04:00,2026-05-25 02:31:00,18.18,5.82,completed
SE-0002392,ST-025,1,2026-05-12 03:02:00,2026-05-12 03:23:00,9.8,,completed
SE-0005878,ST-028,2,2026-05-29 11:51:00,2026-05-29 12:01:00,5.04,1.61,completed
SE-0005022,ST-027,3,2026-05-25 23:28:00,2026-05-26 00:03:00,14.93,4.78,completed
SE-0009294,ST-033,1,2026-06-15 01:44:00,2026-06-15 02:01:00,9.97,3.19,completed
SE-0008674,ST-040,1,2026-06-12 11:23:00,2026-06-12 11:56:00,15.01,4.8,completed
SE-0004210,ST-027,1,2026-05-21 17:57:00,2026-05-21 18:42:00,12.34,3.95,completed
SE-0003023,ST-033,1,2026-05-15 20:43:00,2026-05-15 21:31:00,37.56,12.02,completed
SE-0007295,ST-035,2,2026-06-05 22:55:00,2026-06-05 23:01:00,3.34,,completed
SE-0000703,ST-016,2,2026-05-04 19:49:00,2026-05-04 20:03:00,8.63,2.76,completed
SE-0007379,ST-013,2,2026-06-06 02:42:00,2026-06-06 03:35:00,7.63,2.44,aborted
SE-0004382,ST-023,1,2026-05-22 14:11:00,2026-05-22 15:15:00,35.59,11.39,completed
SE-0007947,ST-003,1,2026-06-09 21:30:00,2026-06-09 22:33:00,29.76,9.52,completed
SE-0002699,ST-003,2,2026-05-14 12:07:00,2026-05-14 12:54:00,38.95,12.46,completed
SE-0006768,ST-006,5,2026-06-03 05:13:00,2026-06-03 05:50:00,15.85,5.07,completed
SE-0001572,ST-022,4,2026-05-08 20:41:00,2026-05-08 21:02:00,9.63,3.08,completed
SE-0005253,ST-035,1,2026-05-26 09:15:00,2026-05-26 10:21:00,45.04,14.41,completed
SE-0010466,ST-040,2,2026-06-21 07:07:00,2026-06-21 08:01:00,32.34,10.35,completed
SE-0008685,ST-041,3,2026-06-12 22:16:00,2026-06-12 22:52:00,26.66,8.53,completed
SE-0002873,ST-041,6,2026-05-14 07:31:00,2026-05-14 08:02:00,21.32,6.82,completed
SE-0003863,ST-042,2,2026-05-19 12:52:00,2026-05-19 13:41:00,18.65,5.97,aborted
SE-0009124,ST-038,1,2026-06-14 03:45:00,2026-06-14 04:15:00,17.19,5.5,completed
SE-0004421,ST-033,1,2026-05-22 19:48:00,2026-05-22 20:34:00,18.94,6.06,completed
SE-0007020,ST-017,1,2026-06-04 20:06:00,2026-06-04 20:54:00,35950,11.5,completed
SE-0010394,ST-019,3,2026-06-21 14:19:00,2026-06-21 15:31:00,34.44,11.02,completed
SE-0004937,ST-008,1,2026-05-25 08:30:00,2026-05-25 09:18:00,26.03,8.33,completed
SE-0005460,ST-033,1,2026-05-27 04:40:00,2026-05-27 05:26:00,15.25,4.88,completed
SE-0004525,ST-009,1,2026-05-23 04:29:00,2026-05-23 05:57:00,50.17,16.05,completed
SE-0011319,ST-007,1,2026-06-26 01:24:00,2026-06-26 02:03:00,24.87,7.96,completed
SE-0010427,ST-025,2,2026-06-21 00:20:00,2026-06-21 01:36:00,13.54,4.33,completed
SE-0009023,ST-017,2,2026-06-14 09:33:00,2026-06-14 10:06:00,18390,5.88,completed
SE-0008464,ST-033,2,2026-06-11 02:30:00,2026-06-11 03:19:00,43.28,13.85,completed
SE-0005244,ST-033,1,2026-05-26 15:14:00,2026-05-26 16:03:00,25.38,8.12,completed
SE-0010019,ST-017,1,2026-06-19 01:30:00,2026-06-19 02:00:00,11380,3.64,completed
SE-0011895,ST-006,5,2026-06-29 22:31:00,2026-06-29 23:17:00,37.74,12.08,completed
SE-0002021,ST-034,2,2026-05-10 19:48:00,2026-05-10 20:54:00,36.84,11.79,completed
SE-0009886,ST-026,3,2026-06-18 13:45:00,2026-06-18 14:50:00,24.76,7.92,completed
SE-0011209,ST-025,1,2026-06-25 10:59:00,2026-06-25 11:41:00,17.47,5.59,completed
SE-0008158,ST-012,1,2026-06-10 09:27:00,2026-06-10 10:04:00,22.07,7.06,completed
SE-0007844,ST-022,4,2026-06-08 13:18:00,2026-06-08 13:24:00,3.63,1.16,completed
SE-0009613,ST-013,2,2026-06-17 09:10:00,2026-06-17 09:27:00,5.09,1.63,completed
SE-0004950,ST-011,1,2026-05-25 03:05:00,2026-05-25 03:18:00,5.57,1.78,completed
SE-0011638,ST-033,1,2026-06-27 13:26:00,2026-06-27 14:08:00,31.43,10.06,completed
SE-0002839,ST-030,5,2026-05-14 03:10:00,2026-05-14 04:00:00,26.16,8.37,completed
SE-0009375,ST-006,6,2026-06-16 12:23:00,2026-06-16 13:34:00,50.25,16.08,completed
SE-0004771,ST-016,2,2026-05-24 01:01:00,2026-05-24 01:36:00,18.46,5.91,completed
SE-0008423,ST-023,1,2026-06-11 11:36:00,2026-06-11 12:18:00,24.43,7.82,completed
SE-0005586,ST-014,4,2026-05-28 13:52:00,2026-05-28 14:39:00,23.33,7.47,completed
SE-0011482,ST-003,2,2026-06-27 13:30:00,2026-06-27 14:30:00,40.84,13.07,completed
SE-0009763,ST-005,2,2026-06-18 08:08:00,2026-06-18 09:02:00,30.68,9.82,completed
SE-0003705,ST-006,3,2026-05-19 22:07:00,2026-05-19 22:34:00,26.81,,completed
SE-0007389,ST-015,2,2026-06-06 23:53:00,2026-06-07 00:12:00,9.63,3.08,completed
SE-0000618,ST-004,1,2026-05-04 13:30:00,2026-05-04 14:09:00,20.35,6.51,completed
SE-0002037,ST-041,1,2026-05-10 20:52:00,2026-05-10 21:27:00,21.33,6.83,completed
SE-0008202,ST-017,2,2026-06-10 06:28:00,2026-06-10 07:08:00,26140,8.36,completed
SE-0006552,ST-005,2,2026-06-02 16:36:00,2026-06-02 17:06:00,13.22,4.23,completed
SE-0000168,ST-035,1,2026-05-01 04:30:00,2026-05-01 04:59:00,19.1,6.11,completed
SE-0002901,ST-003,1,2026-05-15 00:04:00,2026-05-15 00:28:00,14.95,4.78,completed
SE-0005320,ST-006,3,2026-05-27 01:05:00,2026-05-27 01:49:00,15.58,4.99,completed
SE-0008646,ST-029,1,2026-06-12 10:44:00,2026-06-12 11:56:00,34.52,11.05,completed
SE-0009908,ST-033,2,2026-06-18 00:53:00,2026-06-18 01:52:00,33.05,,completed
SE-0001594,ST-025,2,2026-05-08 13:36:00,2026-05-08 14:19:00,27.07,8.66,completed
SE-0006365,ST-005,1,2026-06-01 18:48:00,2026-06-01 19:35:00,19.63,6.28,completed
SE-0009482,ST-025,2,2026-06-16 16:49:00,2026-06-16 17:35:00,28.53,9.13,completed
SE-0010516,ST-006,2,2026-06-22 08:16:00,2026-06-22 08:46:00,24.49,7.84,completed
SE-0010697,ST-005,1,2026-06-23 14:26:00,2026-06-23 15:02:00,17.84,5.71,completed
SE-0005274,ST-041,4,2026-05-26 04:18:00,2026-05-26 04:34:00,8.95,2.86,completed
SE-0006071,ST-023,2,2026-05-30 01:02:00,2026-05-30 01:50:00,25.78,8.25,completed
SE-0002173,ST-022,2,2026-05-11 07:01:00,2026-05-11 07:55:00,31.1,9.95,completed
SE-0010692,ST-003,2,2026-06-23 22:51:00,2026-06-24 00:02:00,42.48,13.59,completed
SE-0000061,ST-015,1,2026-05-01 20:32:00,2026-05-01 20:56:00,19.87,6.36,completed
SE-0001267,ST-005,1,2026-05-07 10:42:00,2026-05-07 11:44:00,37.11,11.88,completed
SE-0000163,ST-034,1,2026-05-01 14:03:00,2026-05-01 14:38:00,24.68,7.9,completed
SE-0007328,ST-002,1,2026-06-06 09:18:00,2026-06-06 09:46:00,13.32,4.26,completed
SE-0009392,ST-008,1,2026-06-16 19:56:00,2026-06-16 20:24:00,14.29,4.57,completed
SE-0000799,ST-033,2,2026-05-04 00:22:00,2026-05-04 00:58:00,15.71,5.03,aborted
SE-0004207,ST-026,6,2026-05-21 14:38:00,2026-05-21 15:16:00,21.64,6.92,completed
SE-0003473,ST-001,2,2026-05-18 14:52:00,2026-05-18 15:54:00,29.88,9.56,completed
SE-0005237,ST-033,1,2026-05-26 01:47:00,2026-05-26 02:27:00,19.82,6.34,completed
SE-0006401,ST-011,2,2026-06-01 06:13:00,2026-06-01 06:23:00,6.85,2.19,completed
SE-0002451,ST-042,6,2026-05-12 18:07:00,2026-05-12 19:23:00,22.77,7.29,completed
SE-0001905,ST-013,1,2026-05-10 07:39:00,2026-05-10 08:38:00,27.0,8.64,completed
SE-0009827,ST-016,1,2026-06-18 15:23:00,2026-06-18 16:06:00,25.17,8.05,completed
SE-0002909,ST-005,2,2026-05-15 20:15:00,2026-05-15 21:10:00,30.05,9.62,completed
SE-0009605,ST-012,1,2026-06-17 23:21:00,2026-06-18 00:06:00,24.41,7.81,completed
SE-0011158,ST-014,1,2026-06-25 01:11:00,2026-06-25 01:35:00,12.93,4.14,completed
SE-0005824,ST-015,2,2026-05-29 16:35:00,2026-05-29 17:16:00,27.14,8.68,completed
SE-0009628,ST-016,1,2026-06-17 16:17:00,2026-06-17 17:09:00,14.29,4.57,completed
SE-0011377,ST-022,2,2026-06-26 02:45:00,2026-06-26 03:32:00,12.54,4.01,completed
SE-0011294,ST-004,4,2026-06-26 08:42:00,2026-06-26 09:30:00,21.37,6.84,completed
SE-0007740,ST-002,2,2026-06-08 14:00:00,2026-06-08 15:16:00,21.51,6.88,completed
SE-0000819,ST-038,1,2026-05-04 09:12:00,2026-05-04 10:06:00,30.45,9.74,completed
SE-0008465,ST-033,1,2026-06-11 15:08:00,2026-06-11 15:43:00,17.1,5.47,completed
SE-0004841,ST-028,2,2026-05-24 11:59:00,2026-05-24 12:27:00,14.88,4.76,completed
SE-0006667,ST-025,1,2026-06-02 19:11:00,2026-06-02 19:56:00,33.83,10.83,completed
SE-0004341,ST-015,1,2026-05-22 19:01:00,2026-05-22 19:33:00,19.19,6.14,completed
SE-0010090,ST-036,3,2026-06-19 09:06:00,2026-06-19 10:00:00,16.59,5.31,aborted
SE-0003678,ST-003,2,2026-05-19 05:57:00,2026-05-19 06:15:00,7.58,2.43,completed
SE-0010575,ST-017,1,2026-06-22 15:35:00,2026-06-22 16:10:00,23600,7.55,completed
SE-0011610,ST-025,1,2026-06-27 17:26:00,2026-06-27 18:20:00,37.53,,completed
SE-0000670,ST-013,2,2026-05-04 16:57:00,2026-05-04 17:58:00,43.24,13.84,completed
SE-0009225,ST-015,1,2026-06-15 06:52:00,2026-06-15 07:35:00,24.39,7.8,completed
SE-0005401,ST-021,1,2026-05-27 10:38:00,2026-05-27 10:58:00,9.93,3.18,completed
SE-0003920,ST-011,2,2026-05-20 03:28:00,2026-05-20 04:25:00,18.02,5.77,completed
SE-0003419,ST-027,4,2026-05-17 17:59:00,2026-05-17 19:28:00,31.14,9.96,completed
SE-0011236,ST-033,1,2026-06-25 15:40:00,2026-06-25 16:16:00,22.09,7.07,completed
SE-0011896,ST-006,5,2026-06-29 05:57:00,2026-06-29 06:13:00,13.12,4.2,completed
SE-0001891,ST-009,2,2026-05-10 04:31:00,2026-05-10 05:46:00,48.56,15.54,completed
SE-0003780,ST-022,4,2026-05-19 11:04:00,2026-05-19 11:53:00,30.75,9.84,completed
SE-0010984,ST-022,5,2026-06-24 14:35:00,2026-06-24 14:41:00,2.57,0.82,completed
SE-0005422,ST-023,2,2026-05-27 15:00:00,2026-05-27 15:47:00,31.8,10.18,completed
SE-0001969,ST-024,1,2026-05-10 21:06:00,2026-05-10 21:46:00,30.35,9.71,completed
SE-0004761,ST-015,1,2026-05-24 11:37:00,2026-05-24 12:14:00,30.49,9.76,completed
SE-0010231,ST-030,4,2026-06-20 23:23:00,2026-06-21 00:32:00,41.15,13.17,completed
SE-0005025,ST-028,2,2026-05-25 21:04:00,2026-05-25 21:54:00,27.05,8.66,completed
SE-0004595,ST-022,4,2026-05-23 22:21:00,2026-05-23 23:05:00,7.98,2.55,aborted
SE-0004226,ST-033,2,2026-05-21 03:14:00,2026-05-21 03:31:00,14.81,4.74,completed
SE-0006080,ST-025,2,2026-05-30 09:22:00,2026-05-30 09:54:00,6.48,2.07,completed
SE-0001977,ST-025,1,2026-05-10 05:24:00,2026-05-10 06:33:00,25.94,8.3,aborted
SE-0005541,ST-006,6,2026-05-28 05:17:00,2026-05-28 06:04:00,22.58,7.23,completed
SE-0000359,ST-034,4,2026-05-02 22:40:00,2026-05-02 23:45:00,36.55,11.7,completed
SE-0008587,ST-017,1,2026-06-12 18:45:00,2026-06-12 19:53:00,55590,17.79,completed
SE-0001953,ST-022,2,2026-05-10 04:38:00,2026-05-10 05:33:00,40.78,13.05,completed
SE-0003813,ST-026,6,2026-05-19 11:07:00,2026-05-19 11:54:00,30.79,,completed
SE-0000366,ST-037,1,2026-05-02 16:30:00,2026-05-02 17:26:00,32.48,10.39,completed
SE-0011547,ST-013,2,2026-06-27 05:13:00,2026-06-27 05:52:00,22.95,7.34,completed
SE-0005986,ST-010,2,2026-05-30 23:11:00,2026-05-30 23:17:00,2.02,0.65,completed
SE-0011909,ST-009,1,2026-06-29 21:37:00,2026-06-29 22:06:00,6.95,2.22,completed
SE-0003020,ST-033,1,2026-05-15 18:28:00,2026-05-15 19:12:00,15.39,4.92,completed
SE-0008698,ST-001,1,2026-06-13 22:01:00,2026-06-13 22:55:00,29.24,9.36,completed
SE-0010356,ST-012,1,2026-06-21 07:50:00,2026-06-21 08:47:00,24.76,7.92,completed
SE-0005313,ST-005,2,2026-05-27 02:27:00,2026-05-27 03:00:00,14.51,4.64,completed
SE-0011272,ST-001,4,2026-06-26 23:32:00,2026-06-26 23:51:00,8.71,2.79,completed
SE-0006636,ST-022,1,2026-06-02 00:55:00,2026-06-02 01:45:00,12.97,4.15,completed
SE-0000209,ST-003,2,2026-05-02 14:18:00,2026-05-02 15:03:00,29.09,,completed
SE-0002373,ST-022,4,2026-05-12 20:23:00,2026-05-12 21:28:00,21.47,6.87,completed
SE-0001655,ST-003,2,2026-05-09 10:28:00,2026-05-09 10:34:00,1.5,0.48,completed
SE-0007163,ST-008,2,2026-06-05 05:48:00,2026-06-05 06:10:00,11.6,3.71,completed
SE-0008091,ST-041,4,2026-06-09 17:03:00,2026-06-09 17:32:00,14.22,4.55,completed
SE-0004316,ST-010,2,2026-05-22 18:10:00,2026-05-22 18:40:00,7.55,2.42,completed
SE-0001900,ST-011,2,2026-05-10 16:37:00,2026-05-10 17:14:00,13.55,4.34,completed
SE-0010470,ST-041,6,2026-06-21 15:06:00,2026-06-21 15:42:00,13.03,4.17,completed
SE-0011415,ST-029,1,2026-06-26 19:52:00,2026-06-26 20:48:00,29.24,9.36,completed
SE-0000501,ST-022,1,2026-05-03 11:44:00,2026-05-03 12:25:00,40.68,13.02,completed
SE-0000015,ST-004,3,2026-05-01 12:48:00,2026-05-01 13:29:00,24.36,7.8,completed
SE-0012029,ST-033,2,2026-06-29 20:08:00,2026-06-29 21:09:00,39.59,12.67,completed
SE-0007790,ST-014,6,2026-06-08 18:16:00,2026-06-08 18:54:00,22.08,7.07,completed
SE-0001364,ST-023,1,2026-05-07 21:04:00,2026-05-07 21:14:00,7.26,2.32,completed
SE-0007710,ST-041,1,2026-06-07 12:32:00,2026-06-07 13:11:00,17.11,5.48,completed
SE-0001837,ST-001,4,2026-05-10 23:50:00,2026-05-11 00:31:00,27.4,8.77,completed
SE-0006243,ST-017,1,2026-05-31 01:57:00,2026-05-31 03:00:00,38490,12.32,completed
SE-0005807,ST-014,4,2026-05-29 05:01:00,2026-05-29 05:45:00,35.07,11.22,completed
SE-0004556,ST-015,2,2026-05-23 01:19:00,2026-05-23 01:57:00,27.22,,completed
SE-0006793,ST-014,4,2026-06-03 12:55:00,2026-06-03 13:22:00,18.78,6.01,completed
SE-0011223,ST-029,4,2026-06-25 17:29:00,2026-06-25 18:38:00,54.81,,completed
SE-0003867,ST-001,1,2026-05-20 18:24:00,2026-05-20 19:13:00,33.06,10.58,completed
SE-0000877,ST-007,1,2026-05-05 22:10:00,2026-05-05 23:20:00,19.64,6.28,completed
SE-0008373,ST-015,1,2026-06-11 06:45:00,2026-06-11 07:13:00,17.35,5.55,completed
SE-0008371,ST-015,2,2026-06-11 14:51:00,2026-06-11 15:52:00,22.12,7.08,completed
SE-0004810,ST-023,1,2026-05-24 13:54:00,2026-05-24 14:33:00,33.11,10.6,completed
SE-0005949,ST-005,2,2026-05-30 18:58:00,2026-05-30 19:52:00,33.41,10.69,completed
SE-0003614,ST-029,1,2026-05-18 05:38:00,2026-05-18 06:05:00,16.24,5.2,completed
SE-0008597,ST-018,6,2026-06-12 00:36:00,2026-06-12 01:30:00,23.53,7.53,completed
SE-0001613,ST-031,3,2026-05-08 01:00:00,2026-05-08 01:34:00,16.97,5.43,completed
SE-0009123,ST-037,3,2026-06-14 23:38:00,2026-06-15 00:12:00,13.86,4.44,completed
SE-0002088,ST-005,1,2026-05-11 16:32:00,2026-05-11 17:15:00,24.62,7.88,completed
SE-0011271,ST-001,2,2026-06-26 00:43:00,2026-06-26 01:14:00,18.63,5.96,completed
SE-0000592,ST-001,4,2026-05-04 20:48:00,2026-05-04 21:14:00,18.95,6.06,completed
SE-0009086,ST-026,4,2026-06-14 04:06:00,2026-06-14 05:03:00,14.44,4.62,completed
SE-0000491,ST-018,3,2026-05-03 00:12:00,2026-05-03 00:43:00,9.8,3.14,completed
SE-0008570,ST-015,2,2026-06-12 05:50:00,2026-06-12 06:29:00,21.13,6.76,completed
SE-0011424,ST-032,1,2026-06-26 07:06:00,2026-06-26 07:42:00,13.02,4.17,completed
SE-0011503,ST-006,1,2026-06-27 15:37:00,2026-06-27 16:15:00,21.41,6.85,completed
SE-0006307,ST-036,2,2026-05-31 16:42:00,2026-05-31 17:35:00,31.91,10.21,completed
SE-0000305,ST-023,1,2026-05-02 12:42:00,2026-05-02 13:06:00,19.77,6.33,completed
SE-0007524,ST-001,4,2026-06-07 09:26:00,2026-06-07 10:00:00,18.96,6.07,completed
SE-0007460,ST-027,2,2026-06-06 02:47:00,2026-06-06 03:54:00,35.19,11.26,completed
SE-0004584,ST-019,4,2026-05-23 21:35:00,2026-05-23 21:54:00,9.92,,completed
SE-0004031,ST-033,2,2026-05-20 14:29:00,2026-05-20 15:20:00,42.51,,completed
SE-0007871,ST-025,2,2026-06-08 05:06:00,2026-06-08 05:39:00,14.06,4.5,completed
SE-0003531,ST-011,2,2026-05-18 21:03:00,2026-05-18 21:11:00,4.72,1.51,completed
SE-0002656,ST-040,1,2026-05-13 08:30:00,2026-05-13 09:42:00,40.1,12.83,completed
SE-0010393,ST-019,5,2026-06-21 02:01:00,2026-06-21 02:41:00,15.47,4.95,completed
SE-0002403,ST-026,6,2026-05-12 11:43:00,2026-05-12 12:28:00,18.18,5.82,completed
SE-0003919,ST-010,1,2026-05-20 11:54:00,2026-05-20 12:33:00,16.82,5.38,completed
SE-0007057,ST-025,2,2026-06-04 01:44:00,2026-06-04 02:38:00,28.1,8.99,completed
SE-0000400,ST-002,2,2026-05-03 14:54:00,2026-05-03 15:34:00,14.73,4.71,completed
SE-0001622,ST-033,2,2026-05-08 16:11:00,2026-05-08 17:23:00,33.36,10.68,completed
SE-0000453,ST-012,2,2026-05-03 11:32:00,2026-05-03 12:06:00,17.02,5.45,completed
SE-0007115,ST-042,1,2026-06-04 16:26:00,2026-06-04 16:32:00,2.9,0.93,completed
SE-0000560,ST-035,2,2026-05-03 12:25:00,2026-05-03 12:47:00,11.75,3.76,completed
SE-0009684,ST-027,3,2026-06-17 10:44:00,2026-06-17 11:27:00,3.78,1.21,completed
SE-0006190,ST-007,2,2026-05-31 17:05:00,2026-05-31 18:16:00,51.4,16.45,completed
SE-0008335,ST-006,1,2026-06-11 00:09:00,2026-06-11 01:06:00,31.93,10.22,completed
SE-0004773,ST-017,2,2026-05-24 04:06:00,2026-05-24 04:57:00,13960,4.47,completed
SE-0009710,ST-033,1,2026-06-17 05:38:00,2026-06-17 06:19:00,14.0,4.48,completed
SE-0006975,ST-010,2,2026-06-04 23:07:00,2026-06-04 23:19:00,5.0,1.6,completed
SE-0010083,ST-034,2,2026-06-19 03:05:00,2026-06-19 03:46:00,18.8,6.02,completed
SE-0002002,ST-032,3,2026-05-10 18:49:00,2026-05-10 19:53:00,31.5,10.08,completed
SE-0000995,ST-033,2,2026-05-05 02:48:00,2026-05-05 03:15:00,21.26,6.8,completed
SE-0007895,ST-033,2,2026-06-08 18:50:00,2026-06-08 19:30:00,32.03,10.25,completed
SE-0008482,ST-036,4,2026-06-11 00:00:00,2026-06-11 00:34:00,23.09,7.39,completed
SE-0009313,ST-040,2,2026-06-15 16:05:00,2026-06-15 16:38:00,8.56,2.74,completed
SE-0003769,ST-017,2,2026-05-19 18:04:00,2026-05-19 18:37:00,12830,4.11,completed
SE-0009118,ST-036,3,2026-06-14 13:56:00,2026-06-14 15:18:00,17.5,5.6,completed
SE-0006395,ST-010,2,2026-06-01 12:24:00,2026-06-01 12:57:00,9.73,3.11,completed
SE-0005685,ST-033,1,2026-05-28 15:28:00,2026-05-28 16:26:00,42.89,,completed
SE-0003079,ST-001,2,2026-05-16 19:04:00,2026-05-16 19:59:00,15.11,4.84,completed
SE-0009017,ST-017,2,2026-06-14 17:50:00,2026-06-14 18:24:00,31260,10.0,completed
SE-0011206,ST-025,2,2026-06-25 15:41:00,2026-06-25 15:47:00,4.31,1.38,completed
SE-0007792,ST-014,4,2026-06-08 14:56:00,2026-06-08 15:45:00,32.34,10.35,completed
SE-0004087,ST-003,2,2026-05-21 16:04:00,2026-05-21 17:13:00,42.39,13.56,completed
SE-0007069,ST-029,3,2026-06-04 09:43:00,2026-06-04 10:06:00,8.8,2.82,completed
SE-0009040,ST-021,4,2026-06-14 09:53:00,2026-06-14 10:04:00,6.44,2.06,completed
SE-0011996,ST-023,1,2026-06-29 03:14:00,2026-06-29 04:19:00,48.32,15.46,completed
SE-0008816,ST-017,1,2026-06-13 20:19:00,2026-06-13 21:14:00,25430,8.14,completed
SE-0011282,ST-003,1,2026-06-26 13:58:00,2026-06-26 15:07:00,53.97,17.27,completed
SE-0011092,ST-003,1,2026-06-25 06:41:00,2026-06-25 07:01:00,7.31,,completed
SE-0001805,ST-033,1,2026-05-09 12:56:00,2026-05-09 13:28:00,18.96,,completed
SE-0007509,ST-041,5,2026-06-06 08:50:00,2026-06-06 09:37:00,27.56,,completed
SE-0009132,ST-041,2,2026-06-14 19:03:00,2026-06-14 19:48:00,10.17,3.25,completed
SE-0011012,ST-026,6,2026-06-24 21:18:00,2026-06-24 22:10:00,22.2,7.1,completed
SE-0007251,ST-023,1,2026-06-05 21:58:00,2026-06-05 22:28:00,15.79,5.05,completed
SE-0000846,ST-003,2,2026-05-05 22:27:00,2026-05-05 23:09:00,21.75,6.96,completed
SE-0009577,ST-006,6,2026-06-17 14:10:00,2026-06-17 15:20:00,41.17,13.17,completed
SE-0004413,ST-030,1,2026-05-22 05:25:00,2026-05-22 06:20:00,33.33,10.67,completed
SE-0011026,ST-031,6,2026-06-24 18:34:00,2026-06-24 19:07:00,10.74,3.44,completed
SE-0007640,ST-023,1,2026-06-07 10:28:00,2026-06-07 11:06:00,18.85,6.03,completed
SE-0007212,ST-017,2,2026-06-05 08:53:00,2026-06-05 09:47:00,19850,6.35,completed
SE-0006689,ST-033,2,2026-06-02 07:05:00,2026-06-02 07:46:00,17.55,5.62,completed
SE-0011701,ST-004,2,2026-06-28 19:44:00,2026-06-28 19:53:00,3.43,1.1,completed
SE-0007818,ST-017,1,2026-06-08 20:51:00,2026-06-08 22:00:00,43490,13.92,completed
SE-0011031,ST-033,2,2026-06-24 17:27:00,2026-06-24 18:11:00,18.69,5.98,completed
SE-0008022,ST-017,1,2026-06-09 05:20:00,2026-06-09 05:43:00,12200,3.9,completed
SE-0006310,ST-037,1,2026-05-31 06:41:00,2026-05-31 07:33:00,14.93,4.78,completed
SE-0001003,ST-034,1,2026-05-05 09:06:00,2026-05-05 10:20:00,53.15,17.01,completed
SE-0001614,ST-031,6,2026-05-08 21:52:00,2026-05-08 22:48:00,27.61,8.84,completed
SE-0009936,ST-041,2,2026-06-18 09:02:00,2026-06-18 09:57:00,33.27,10.65,completed
SE-0001996,ST-029,2,2026-05-10 13:45:00,2026-05-10 14:58:00,27.45,8.78,completed
SE-0008431,ST-025,2,2026-06-11 08:09:00,2026-06-11 08:47:00,13.0,,completed
SE-0000862,ST-005,2,2026-05-05 11:00:00,2026-05-05 11:54:00,11.93,3.82,completed
SE-0003109,ST-005,1,2026-05-16 09:18:00,2026-05-16 09:37:00,13.8,4.42,completed
SE-0010214,ST-024,2,2026-06-20 05:40:00,2026-06-20 06:28:00,34.89,11.16,completed
SE-0006039,ST-017,1,2026-05-30 03:48:00,2026-05-30 04:42:00,10050,3.22,completed
SE-0009020,ST-017,1,2026-06-14 13:16:00,2026-06-14 13:23:00,5560,1.78,completed
SE-0003351,ST-010,1,2026-05-17 01:04:00,2026-05-17 01:42:00,27.14,8.68,completed
SE-0005061,ST-040,2,2026-05-25 18:13:00,2026-05-25 18:37:00,20.2,6.46,completed
SE-0005444,ST-027,4,2026-05-27 03:43:00,2026-05-27 04:32:00,32.39,10.36,completed
SE-0002027,ST-036,1,2026-05-10 20:14:00,2026-05-10 20:44:00,27.47,8.79,completed
SE-0008664,ST-035,1,2026-06-12 20:09:00,2026-06-12 20:58:00,29.28,9.37,completed
SE-0002191,ST-024,1,2026-05-11 08:05:00,2026-05-11 08:58:00,36.9,11.81,completed
SE-0009637,ST-017,2,2026-06-17 12:13:00,2026-06-17 13:09:00,30490,9.76,completed
SE-0010734,ST-009,1,2026-06-23 14:49:00,2026-06-23 15:23:00,13.31,,completed
SE-0010886,ST-003,2,2026-06-24 21:11:00,2026-06-24 21:53:00,30.19,9.66,completed
SE-0005115,ST-005,2,2026-05-26 12:32:00,2026-05-26 13:40:00,23.13,7.4,completed
SE-0006470,ST-023,1,2026-06-01 01:00:00,2026-06-01 01:37:00,32.35,10.35,completed
SE-0003757,ST-016,1,2026-05-19 03:46:00,2026-05-19 04:52:00,39.44,12.62,completed
SE-0010432,ST-027,3,2026-06-21 18:47:00,2026-06-21 19:31:00,24.58,7.87,completed
SE-0005542,ST-006,2,2026-05-28 05:24:00,2026-05-28 06:20:00,13.44,4.3,completed
SE-0011796,ST-023,2,2026-06-28 21:34:00,2026-06-28 22:20:00,17.83,,completed
SE-0000455,ST-013,1,2026-05-03 05:23:00,2026-05-03 07:20:00,56.14,,completed
SE-0004786,ST-018,2,2026-05-24 14:22:00,2026-05-24 14:37:00,6.41,2.05,completed
SE-0006544,ST-003,2,2026-06-02 13:49:00,2026-06-02 14:29:00,28.72,9.19,completed
SE-0007000,ST-014,4,2026-06-04 08:01:00,2026-06-04 08:43:00,25.87,8.28,completed
SE-0004732,ST-006,6,2026-05-24 06:33:00,2026-05-24 07:48:00,50.18,16.06,completed
SE-0000487,ST-017,2,2026-05-03 03:20:00,2026-05-03 03:44:00,7700,2.46,completed
SE-0004752,ST-014,6,2026-05-24 07:31:00,2026-05-24 08:14:00,18.54,5.93,completed
SE-0010785,ST-022,3,2026-06-23 12:07:00,2026-06-23 12:38:00,18.63,5.96,completed
SE-0001606,ST-028,1,2026-05-08 14:24:00,2026-05-08 14:33:00,6.17,1.97,completed
SE-0007317,ST-041,3,2026-06-05 10:00:00,2026-06-05 10:06:00,2.28,0.73,completed
SE-0000260,ST-014,1,2026-05-02 00:47:00,2026-05-02 01:08:00,18.6,5.95,completed
SE-0000869,ST-005,1,2026-05-05 23:22:00,2026-05-06 00:19:00,25.55,8.18,completed
SE-0003992,ST-023,2,2026-05-20 14:28:00,2026-05-20 15:22:00,23.02,7.37,completed
SE-0001265,ST-005,2,2026-05-07 17:19:00,2026-05-07 17:25:00,3.3,1.06,completed
SE-0009622,ST-015,1,2026-06-17 21:20:00,2026-06-17 22:00:00,24.52,7.85,completed
SE-0006370,ST-005,1,2026-06-01 12:46:00,2026-06-01 13:27:00,25.45,8.14,completed
SE-0003947,ST-016,1,2026-05-20 10:15:00,2026-05-20 11:00:00,30.82,9.86,completed
SE-0001446,ST-041,5,2026-05-07 09:32:00,2026-05-07 10:32:00,12.49,4.0,completed
SE-0006575,ST-009,2,2026-06-02 00:09:00,2026-06-02 00:34:00,16.97,5.43,completed
SE-0008798,ST-015,1,2026-06-13 18:04:00,2026-06-13 18:40:00,21.91,7.01,completed
SE-0007099,ST-037,4,2026-06-04 04:43:00,2026-06-04 05:29:00,23.0,7.36,completed
SE-0011859,ST-001,3,2026-06-29 10:24:00,2026-06-29 10:58:00,25.77,8.25,aborted
SE-0001082,ST-008,2,2026-05-06 00:09:00,2026-05-06 01:13:00,38.31,,completed
SE-0004144,ST-013,2,2026-05-21 03:00:00,2026-05-21 03:17:00,13.26,4.24,completed
SE-0008106,ST-001,1,2026-06-10 10:05:00,2026-06-10 10:44:00,20.02,6.41,completed
SE-0010275,ST-001,3,2026-06-21 20:52:00,2026-06-21 21:22:00,19.49,6.24,completed
SE-0006252,ST-021,3,2026-05-31 22:51:00,2026-05-31 23:27:00,28.39,9.08,completed
SE-0007699,ST-035,2,2026-06-07 19:20:00,2026-06-07 20:23:00,44.18,14.14,completed
SE-0009155,ST-004,3,2026-06-15 04:54:00,2026-06-15 05:33:00,9.12,2.92,completed
SE-0006274,ST-025,1,2026-05-31 16:06:00,2026-05-31 16:56:00,12.38,3.96,completed
SE-0007696,ST-034,2,2026-06-07 09:16:00,2026-06-07 09:41:00,7.3,2.34,completed
SE-0011068,ST-041,2,2026-06-24 11:01:00,2026-06-24 11:33:00,25.83,8.27,completed
SE-0007603,ST-016,1,2026-06-07 20:17:00,2026-06-07 21:07:00,24.23,7.75,completed
SE-0001386,ST-025,2,2026-05-07 02:14:00,2026-05-07 03:08:00,20.55,6.58,completed
SE-0004611,ST-023,2,2026-05-23 00:36:00,2026-05-23 01:21:00,23.96,7.67,completed
SE-0002862,ST-038,1,2026-05-14 02:52:00,2026-05-14 03:28:00,25.97,8.31,completed
SE-0006372,ST-005,2,2026-06-01 01:56:00,2026-06-01 02:59:00,47.39,15.16,completed
SE-0011473,ST-001,4,2026-06-27 07:25:00,2026-06-27 07:50:00,13.33,4.27,completed
SE-0000432,ST-006,5,2026-05-03 07:27:00,2026-05-03 07:53:00,23.27,7.45,completed
SE-0009359,ST-005,1,2026-06-16 05:10:00,2026-06-16 06:11:00,40.9,13.09,completed
SE-0007558,ST-006,1,2026-06-07 22:21:00,2026-06-07 23:20:00,32.93,10.54,completed
SE-0003264,ST-035,1,2026-05-16 10:16:00,2026-05-16 11:15:00,32.94,10.54,completed
SE-0005057,ST-038,3,2026-05-25 17:30:00,2026-05-25 18:33:00,40.19,12.86,completed
SE-0006792,ST-013,1,2026-06-03 03:20:00,2026-06-03 04:26:00,27.75,8.88,completed
SE-0010908,ST-006,4,2026-06-24 05:20:00,2026-06-24 06:39:00,62.84,,completed
SE-0003832,ST-032,3,2026-05-19 01:51:00,2026-05-19 03:03:00,51.8,16.58,completed
SE-0010178,ST-017,1,2026-06-20 02:44:00,2026-06-20 03:32:00,34300,10.98,completed
SE-0005013,ST-025,1,2026-05-25 02:00:00,2026-05-25 02:46:00,21.37,6.84,completed
SE-0005629,ST-022,1,2026-05-28 05:30:00,2026-05-28 06:04:00,10.79,3.45,completed
SE-0010376,ST-015,1,2026-06-21 10:26:00,2026-06-21 10:55:00,19.05,6.1,completed
SE-0005791,ST-012,2,2026-05-29 06:46:00,2026-05-29 07:38:00,26.78,8.57,completed
SE-0001038,ST-001,3,2026-05-06 22:02:00,2026-05-06 22:50:00,17.69,5.66,completed
SE-0001033,ST-001,3,2026-05-06 08:25:00,2026-05-06 09:08:00,18.77,6.01,completed
SE-0007725,ST-001,3,2026-06-08 00:13:00,2026-06-08 01:03:00,21.1,6.75,completed
SE-0008049,ST-025,1,2026-06-09 15:45:00,2026-06-09 16:43:00,53.89,17.24,completed
SE-0011332,ST-010,1,2026-06-26 02:01:00,2026-06-26 03:04:00,38.16,12.21,completed
SE-0010496,ST-003,2,2026-06-22 19:38:00,2026-06-22 20:38:00,41.04,13.13,completed
SE-0002538,ST-014,1,2026-05-13 05:15:00,2026-05-13 06:14:00,36.85,11.79,completed
SE-0006587,ST-012,2,2026-06-02 15:00:00,2026-06-02 15:34:00,12.05,3.86,completed
SE-0002945,ST-011,1,2026-05-15 09:04:00,2026-05-15 10:22:00,50.44,16.14,completed
SE-0007672,ST-029,4,2026-06-07 09:11:00,2026-06-07 09:52:00,23.46,7.51,completed
SE-0011238,ST-033,1,2026-06-25 22:49:00,2026-06-25 23:16:00,18.83,6.03,completed
SE-0003359,ST-012,1,2026-05-17 14:10:00,2026-05-17 14:45:00,21.82,6.98,completed
SE-0008630,ST-025,2,2026-06-12 23:21:00,2026-06-13 00:07:00,25.77,8.25,completed
SE-0006108,ST-033,1,2026-05-30 09:22:00,2026-05-30 10:10:00,13.39,4.28,completed
SE-0004857,ST-033,1,2026-05-24 12:11:00,2026-05-24 12:45:00,32.98,10.55,completed
SE-0007427,ST-022,1,2026-06-06 16:46:00,2026-06-06 17:10:00,11.2,3.58,aborted
SE-0009809,ST-014,6,2026-06-18 16:14:00,2026-06-18 16:56:00,25.37,8.12,completed
SE-0004991,ST-017,2,2026-05-25 18:14:00,2026-05-25 18:33:00,13390,4.28,completed
SE-0003450,ST-039,2,2026-05-17 06:15:00,2026-05-17 06:53:00,22.41,7.17,aborted
SE-0005487,ST-038,3,2026-05-27 19:17:00,2026-05-27 19:46:00,12.65,4.05,completed
SE-0008553,ST-009,2,2026-06-12 03:09:00,2026-06-12 04:13:00,29.89,9.56,completed
SE-0001174,ST-025,2,2026-05-06 20:04:00,2026-05-06 20:42:00,23.54,7.53,completed
SE-0000585,ST-001,3,2026-05-04 01:57:00,2026-05-04 02:15:00,16.07,5.14,completed
SE-0007190,ST-014,5,2026-06-05 01:46:00,2026-06-05 02:23:00,11.48,3.67,completed
SE-0002487,ST-005,2,2026-05-13 12:41:00,2026-05-13 13:20:00,35.22,11.27,completed
SE-0009533,ST-041,1,2026-06-16 01:54:00,2026-06-16 02:48:00,4.51,1.44,completed
SE-0000597,ST-001,3,2026-05-04 12:51:00,2026-05-04 13:23:00,11.44,,completed
SE-0010839,ST-033,1,2026-06-23 01:34:00,2026-06-23 02:00:00,17.54,5.61,completed
SE-0010585,ST-022,5,2026-06-22 18:50:00,2026-06-22 20:13:00,55.54,,completed
SE-0010299,ST-003,2,2026-06-21 15:32:00,2026-06-21 16:20:00,23.55,7.54,completed
SE-0005354,ST-014,6,2026-05-27 22:40:00,2026-05-27 23:37:00,42.48,13.59,completed
SE-0007955,ST-004,4,2026-06-09 20:41:00,2026-06-09 21:30:00,26.36,8.44,completed
SE-0009024,ST-017,1,2026-06-14 11:04:00,2026-06-14 11:44:00,7760,2.48,completed
SE-0003225,ST-025,2,2026-05-16 17:05:00,2026-05-16 18:09:00,25.98,8.31,completed
SE-0010114,ST-001,1,2026-06-20 13:35:00,2026-06-20 14:39:00,16.59,5.31,completed
SE-0007139,ST-003,1,2026-06-05 02:14:00,2026-06-05 02:59:00,35.52,11.37,aborted
SE-0003612,ST-028,1,2026-05-18 07:12:00,2026-05-18 07:24:00,8.68,2.78,completed
SE-0010584,ST-021,2,2026-06-22 15:29:00,2026-06-22 16:18:00,46.01,14.72,completed
SE-0001360,ST-022,6,2026-05-07 12:59:00,2026-05-07 13:43:00,13.61,,completed
SE-0008819,ST-017,1,2026-06-13 02:06:00,2026-06-13 03:19:00,45180,14.46,completed
SE-0009517,ST-034,4,2026-06-16 02:44:00,2026-06-16 03:36:00,31.32,10.02,completed
SE-0007244,ST-023,2,2026-06-05 20:42:00,2026-06-05 22:01:00,46.55,14.9,completed
SE-0005859,ST-023,2,2026-05-29 12:39:00,2026-05-29 13:13:00,17.46,5.59,completed
SE-0000808,ST-034,3,2026-05-04 09:25:00,2026-05-04 10:21:00,9.85,3.15,completed
SE-0006624,ST-017,2,2026-06-02 05:59:00,2026-06-02 06:27:00,17290,5.53,completed
SE-0006035,ST-017,1,2026-05-30 21:46:00,2026-05-30 22:21:00,29320,9.38,completed
SE-0010366,ST-014,1,2026-06-21 14:33:00,2026-06-21 15:11:00,17.26,,completed
SE-0003995,ST-023,1,2026-05-20 11:45:00,2026-05-20 12:35:00,24.0,7.68,completed
SE-0006072,ST-023,2,2026-05-30 08:23:00,2026-05-30 09:31:00,42.07,13.46,completed
SE-0001707,ST-014,6,2026-05-09 03:42:00,2026-05-09 04:19:00,13.9,4.45,completed
SE-0008215,ST-022,5,2026-06-10 18:27:00,2026-06-10 19:18:00,24.31,7.78,completed
SE-0001039,ST-001,1,2026-05-06 18:16:00,2026-05-06 19:25:00,25.63,8.2,aborted
SE-0003836,ST-033,2,2026-05-19 04:12:00,2026-05-19 04:47:00,22.33,7.15,completed
SE-0006078,ST-025,1,2026-05-30 18:48:00,2026-05-30 19:21:00,26.15,8.37,completed
SE-0010658,ST-041,3,2026-06-22 03:55:00,2026-06-22 04:48:00,26.13,8.36,completed
SE-0003032,ST-033,2,2026-05-15 15:33:00,2026-05-15 16:33:00,27.06,8.66,completed
SE-0011776,ST-017,2,2026-06-28 08:46:00,2026-06-28 09:10:00,12370,3.96,completed
SE-0006166,ST-004,3,2026-05-31 07:45:00,2026-05-31 08:25:00,24.67,7.89,completed
SE-0003445,ST-036,3,2026-05-17 10:42:00,2026-05-17 11:41:00,49.91,15.97,completed
SE-0005555,ST-006,2,2026-05-28 16:21:00,2026-05-28 17:26:00,52.64,,aborted
SE-0002472,ST-003,1,2026-05-13 10:37:00,2026-05-13 11:08:00,19.1,6.11,completed
SE-0002310,ST-006,3,2026-05-12 22:37:00,2026-05-12 23:55:00,63.49,20.32,completed
SE-0001822,ST-040,2,2026-05-09 08:42:00,2026-05-09 09:20:00,21.63,6.92,completed
SE-0006637,ST-022,4,2026-06-02 03:19:00,2026-06-02 04:05:00,10.31,3.3,completed
SE-0002185,ST-023,1,2026-05-11 06:55:00,2026-05-11 07:43:00,31.73,10.15,completed
SE-0007337,ST-003,1,2026-06-06 22:52:00,2026-06-06 23:27:00,24.31,7.78,completed
SE-0005118,ST-005,1,2026-05-26 10:56:00,2026-05-26 11:29:00,26.45,8.46,completed
SE-0004163,ST-016,1,2026-05-21 07:53:00,2026-05-21 08:26:00,16.2,5.18,completed
SE-0004977,ST-016,2,2026-05-25 18:25:00,2026-05-25 19:15:00,34.86,11.16,completed
SE-0010750,ST-014,3,2026-06-23 14:53:00,2026-06-23 15:18:00,15.8,5.06,completed
SE-0003051,ST-040,1,2026-05-15 06:19:00,2026-05-15 07:00:00,21.82,6.98,completed
SE-0008895,ST-037,1,2026-06-13 07:36:00,2026-06-13 09:04:00,74.76,23.92,completed
SE-0010379,ST-015,2,2026-06-21 12:06:00,2026-06-21 13:00:00,32.02,10.25,completed
SE-0011817,ST-026,5,2026-06-28 12:20:00,2026-06-28 13:08:00,19.0,6.08,completed
SE-0010538,ST-014,6,2026-06-22 22:55:00,2026-06-22 23:26:00,22.25,7.12,completed
SE-0002625,ST-033,2,2026-05-13 08:52:00,2026-05-13 09:36:00,20.36,6.52,aborted
SE-0011360,ST-016,2,2026-06-26 16:00:00,2026-06-26 16:28:00,11.84,3.79,completed
SE-0011394,ST-023,2,2026-06-26 11:44:00,2026-06-26 12:26:00,9.07,,completed
SE-0011578,ST-017,1,2026-06-27 20:23:00,2026-06-27 20:41:00,13410,4.29,completed
SE-0005343,ST-012,2,2026-05-27 11:56:00,2026-05-27 12:31:00,26.87,8.6,completed
SE-0008678,ST-041,2,2026-06-12 10:02:00,2026-06-12 10:14:00,10.3,3.3,completed
SE-0002555,ST-016,2,2026-05-13 18:10:00,2026-05-13 19:07:00,33.01,10.56,completed
SE-0001054,ST-004,1,2026-05-06 06:58:00,2026-05-06 07:16:00,8.83,2.83,completed
SE-0007034,ST-018,1,2026-06-04 01:52:00,2026-06-04 02:36:00,29.74,,completed
SE-0007739,ST-001,4,2026-06-08 00:17:00,2026-06-08 01:07:00,20.51,6.56,completed
SE-0009322,ST-041,4,2026-06-15 00:01:00,2026-06-15 00:24:00,12.08,3.87,completed
SE-0010924,ST-009,2,2026-06-24 03:37:00,2026-06-24 04:37:00,29.12,9.32,completed
SE-0004927,ST-005,2,2026-05-25 12:09:00,2026-05-25 12:27:00,13.41,4.29,completed
SE-0008830,ST-020,1,2026-06-13 11:28:00,2026-06-13 11:58:00,19.02,6.09,completed
SE-0005415,ST-023,1,2026-05-27 12:22:00,2026-05-27 13:29:00,49.06,15.7,completed
SE-0003153,ST-014,5,2026-05-16 18:20:00,2026-05-16 19:11:00,28.73,9.19,completed
SE-0012035,ST-034,4,2026-06-29 23:59:00,2026-06-30 00:35:00,20.71,6.63,completed
SE-0004060,ST-001,4,2026-05-21 08:45:00,2026-05-21 09:07:00,16.52,5.29,aborted
SE-0003875,ST-001,1,2026-05-20 17:41:00,2026-05-20 18:34:00,18.57,5.94,completed
SE-0010141,ST-008,1,2026-06-20 11:06:00,2026-06-20 11:21:00,7.79,2.49,completed
SE-0010907,ST-006,4,2026-06-24 11:41:00,2026-06-24 12:48:00,53.79,17.21,completed
SE-0000830,ST-041,5,2026-05-04 23:34:00,2026-05-04 23:48:00,9.63,3.08,completed
SE-0004468,ST-042,2,2026-05-22 07:33:00,2026-05-22 08:04:00,23.11,7.4,completed
SE-0009219,ST-015,2,2026-06-15 05:06:00,2026-06-15 06:15:00,45.08,14.43,completed
SE-0002708,ST-005,1,2026-05-14 04:53:00,2026-05-14 05:16:00,11.63,3.72,completed
SE-0005283,ST-001,3,2026-05-27 02:07:00,2026-05-27 02:28:00,14.02,4.49,completed
SE-0012018,ST-029,4,2026-06-29 03:14:00,2026-06-29 03:51:00,14.8,4.74,completed
SE-0011185,ST-020,1,2026-06-25 13:27:00,2026-06-25 13:55:00,16.12,5.16,completed
SE-0009186,ST-009,1,2026-06-15 08:29:00,2026-06-15 09:29:00,31.63,10.12,completed
SE-0007453,ST-025,1,2026-06-06 04:44:00,2026-06-06 05:33:00,15.02,4.81,completed
SE-0005639,ST-023,1,2026-05-28 16:13:00,2026-05-28 17:04:00,39.26,12.56,completed
SE-0001697,ST-014,3,2026-05-09 00:27:00,2026-05-09 01:21:00,16.06,5.14,completed
SE-0010240,ST-033,2,2026-06-20 02:36:00,2026-06-20 03:19:00,21.18,6.78,completed
SE-0011134,ST-011,1,2026-06-25 23:11:00,2026-06-25 23:51:00,20.14,6.44,completed
SE-0008691,ST-041,1,2026-06-12 14:49:00,2026-06-12 15:22:00,18.48,5.91,completed
SE-0003894,ST-005,1,2026-05-20 02:18:00,2026-05-20 03:02:00,17.1,5.47,completed
SE-0004660,ST-035,1,2026-05-23 16:15:00,2026-05-23 17:06:00,32.01,10.24,completed
SE-0009802,ST-013,1,2026-06-18 19:54:00,2026-06-18 20:57:00,23.36,7.48,completed
SE-0002256,ST-041,5,2026-05-11 22:54:00,2026-05-11 23:49:00,24.1,7.71,completed
SE-0002701,ST-003,2,2026-05-14 23:06:00,2026-05-15 00:14:00,34.39,11.0,completed
SE-0011967,ST-017,2,2026-06-29 15:24:00,2026-06-29 16:16:00,21560,6.9,completed
SE-0002187,ST-023,2,2026-05-11 18:41:00,2026-05-11 19:17:00,22.74,7.28,completed
SE-0006251,ST-020,2,2026-05-31 02:51:00,2026-05-31 03:48:00,42.38,13.56,completed
SE-0006681,ST-031,6,2026-06-02 20:49:00,2026-06-02 21:19:00,20.14,6.44,completed
SE-0002503,ST-008,2,2026-05-13 03:40:00,2026-05-13 04:13:00,25.75,8.24,completed
SE-0000730,ST-022,4,2026-05-04 13:52:00,2026-05-04 14:54:00,13.8,4.42,completed
SE-0002542,ST-015,2,2026-05-13 07:32:00,2026-05-13 08:11:00,23.34,7.47,completed
SE-0002370,ST-022,2,2026-05-12 23:45:00,2026-05-13 00:12:00,16.24,5.2,completed
SE-0004032,ST-034,4,2026-05-20 02:33:00,2026-05-20 03:03:00,24.13,7.72,completed
SE-0002196,ST-025,2,2026-05-11 14:39:00,2026-05-11 15:20:00,17.14,5.48,completed
SE-0003427,ST-029,1,2026-05-17 00:20:00,2026-05-17 00:58:00,23.06,7.38,completed
SE-0007484,ST-034,4,2026-06-06 02:08:00,2026-06-06 02:23:00,9.54,3.05,completed
SE-0001241,ST-001,2,2026-05-07 21:32:00,2026-05-07 21:53:00,9.85,3.15,completed
SE-0010383,ST-016,2,2026-06-21 06:54:00,2026-06-21 07:48:00,22.23,7.11,completed
SE-0001439,ST-041,4,2026-05-07 15:43:00,2026-05-07 16:08:00,7.89,2.52,completed
SE-0002927,ST-007,5,2026-05-15 09:05:00,2026-05-15 09:45:00,34.87,11.16,completed
SE-0011697,ST-003,2,2026-06-28 21:07:00,2026-06-28 22:18:00,34.21,10.95,completed
SE-0003895,ST-005,2,2026-05-20 10:03:00,2026-05-20 10:11:00,3.06,0.98,completed
SE-0004481,ST-003,1,2026-05-23 18:03:00,2026-05-23 18:55:00,30.17,9.65,completed
SE-0005719,ST-041,2,2026-05-28 05:34:00,2026-05-28 06:18:00,34.42,11.01,completed
SE-0002853,ST-034,4,2026-05-14 02:00:00,2026-05-14 03:02:00,34.04,10.89,completed
SE-0009922,ST-037,2,2026-06-18 15:02:00,2026-06-18 15:47:00,27.44,8.78,completed
SE-0007274,ST-029,3,2026-06-05 00:33:00,2026-06-05 01:09:00,21.94,7.02,completed
SE-0005459,ST-033,1,2026-05-27 10:30:00,2026-05-27 11:46:00,42.45,13.58,completed
SE-0010097,ST-040,2,2026-06-19 18:01:00,2026-06-19 18:30:00,10.56,3.38,completed
SE-0001479,ST-005,2,2026-05-08 19:43:00,2026-05-08 20:28:00,5.28,1.69,completed
SE-0000797,ST-033,1,2026-05-04 19:02:00,2026-05-04 20:06:00,36.87,11.8,completed
SE-0003263,ST-034,2,2026-05-16 10:38:00,2026-05-16 11:23:00,9.37,3.0,completed
SE-0010857,ST-038,4,2026-06-23 03:14:00,2026-06-23 04:16:00,43.01,13.76,completed
SE-0000848,ST-003,1,2026-05-05 20:31:00,2026-05-05 20:56:00,16.63,5.32,completed
SE-0004609,ST-023,1,2026-05-23 19:21:00,2026-05-23 20:25:00,30.26,9.68,completed
SE-0008112,ST-003,2,2026-06-10 07:06:00,2026-06-10 07:49:00,17.07,5.46,completed
SE-0000151,ST-033,1,2026-05-01 14:37:00,2026-05-01 15:07:00,15.75,5.04,completed
SE-0005167,ST-015,2,2026-05-26 23:21:00,2026-05-26 23:59:00,23.41,7.49,completed
SE-0001401,ST-030,5,2026-05-07 18:38:00,2026-05-07 19:19:00,31.06,9.94,aborted
SE-0011142,ST-014,1,2026-06-25 13:18:00,2026-06-25 14:22:00,51.89,16.6,completed
SE-0011451,ST-041,3,2026-06-26 15:25:00,2026-06-26 16:07:00,24.21,7.75,completed
SE-0007721,ST-041,2,2026-06-07 20:14:00,2026-06-07 20:57:00,27.0,8.64,completed
SE-0008171,ST-014,5,2026-06-10 06:40:00,2026-06-10 07:07:00,13.15,4.21,completed
SE-0001272,ST-006,5,2026-05-07 12:17:00,2026-05-07 12:52:00,1.5,0.48,completed
SE-0006832,ST-016,1,2026-06-03 23:21:00,2026-06-04 00:46:00,13.25,4.24,completed
SE-0008233,ST-024,2,2026-06-10 06:37:00,2026-06-10 07:04:00,15.29,4.89,completed
SE-0011898,ST-006,2,2026-06-29 22:13:00,2026-06-29 23:16:00,47.93,15.34,completed
SE-0006070,ST-023,2,2026-05-30 12:43:00,2026-05-30 13:40:00,22.27,7.13,completed
SE-0005411,ST-022,1,2026-05-27 21:32:00,2026-05-27 22:20:00,42.84,13.71,completed
SE-0008689,ST-041,6,2026-06-12 08:05:00,2026-06-12 08:34:00,18.11,5.8,completed
SE-0001149,ST-022,5,2026-05-06 03:57:00,2026-05-06 04:32:00,28.15,9.01,completed
SE-0005349,ST-013,2,2026-05-27 20:46:00,2026-05-27 21:37:00,27.74,8.88,completed
SE-0008017,ST-017,2,2026-06-09 00:32:00,2026-06-09 01:08:00,21490,,completed
SE-0002800,ST-023,2,2026-05-14 19:47:00,2026-05-14 20:42:00,36.26,11.6,completed
SE-0009447,ST-017,2,2026-06-16 14:54:00,2026-06-16 15:22:00,21670,6.93,completed
SE-0004631,ST-025,2,2026-05-23 21:43:00,2026-05-23 21:54:00,4.43,1.42,completed
SE-0009250,ST-022,4,2026-06-15 17:47:00,2026-06-15 18:21:00,17.49,5.6,completed
SE-0000388,ST-001,4,2026-05-03 07:42:00,2026-05-03 08:49:00,27.2,8.7,completed
SE-0009661,ST-023,1,2026-06-17 09:12:00,2026-06-17 10:16:00,37.71,12.07,completed
SE-0000526,ST-025,1,2026-05-03 00:59:00,2026-05-03 01:43:00,20.25,6.48,completed
SE-0003702,ST-006,6,2026-05-19 09:22:00,2026-05-19 10:23:00,24.13,7.72,completed
SE-0006219,ST-014,2,2026-05-31 22:16:00,2026-05-31 22:52:00,19.39,6.2,completed
SE-0002633,ST-033,2,2026-05-13 12:13:00,2026-05-13 13:14:00,35.71,11.43,completed
SE-0002477,ST-004,4,2026-05-13 11:44:00,2026-05-13 12:25:00,29.52,9.45,completed
SE-0006896,ST-034,1,2026-06-03 04:26:00,2026-06-03 04:44:00,7.53,2.41,completed
SE-0010150,ST-013,2,2026-06-20 06:19:00,2026-06-20 07:39:00,58.15,18.61,completed
SE-0000936,ST-018,4,2026-05-05 00:38:00,2026-05-05 00:48:00,3.53,1.13,completed
SE-0009970,ST-004,2,2026-06-19 05:54:00,2026-06-19 06:39:00,21.34,6.83,completed
SE-0001347,ST-020,2,2026-05-07 02:23:00,2026-05-07 03:21:00,24.33,7.79,completed
SE-0011681,ST-002,1,2026-06-28 13:13:00,2026-06-28 13:50:00,26.54,8.49,completed
SE-0011642,ST-033,2,2026-06-27 05:49:00,2026-06-27 06:28:00,22.99,,completed
SE-0008636,ST-025,2,2026-06-12 02:05:00,2026-06-12 02:46:00,24.48,7.83,completed
SE-0002007,ST-033,1,2026-05-10 07:27:00,2026-05-10 07:57:00,22.72,7.27,completed
SE-0001300,ST-013,1,2026-05-07 03:21:00,2026-05-07 03:59:00,24.02,7.69,completed
SE-0005553,ST-006,4,2026-05-28 13:09:00,2026-05-28 14:34:00,51.04,16.33,completed
SE-0009146,ST-002,1,2026-06-15 16:32:00,2026-06-15 17:34:00,47.67,,completed
SE-0002425,ST-034,2,2026-05-12 03:47:00,2026-05-12 04:15:00,17.42,5.57,completed
SE-0006840,ST-017,2,2026-06-03 03:13:00,2026-06-03 03:35:00,13290,4.25,completed
SE-0000459,ST-014,6,2026-05-03 19:55:00,2026-05-03 20:46:00,40.19,12.86,completed
SE-0006398,ST-010,1,2026-06-01 10:11:00,2026-06-01 10:32:00,11.83,3.79,completed
SE-0006316,ST-041,6,2026-05-31 07:58:00,2026-05-31 08:18:00,9.12,2.92,completed
SE-0005456,ST-033,1,2026-05-27 06:45:00,2026-05-27 07:14:00,27.56,8.82,completed
SE-0011983,ST-022,4,2026-06-29 14:03:00,2026-06-29 14:40:00,20.04,6.41,completed
SE-0010811,ST-025,1,2026-06-23 05:08:00,2026-06-23 05:55:00,29.79,9.53,completed
SE-0000211,ST-003,1,2026-05-02 14:20:00,2026-05-02 15:14:00,13.16,,completed
SE-0002100,ST-006,3,2026-05-11 15:45:00,2026-05-11 16:44:00,23.49,,completed
SE-0012013,ST-028,2,2026-06-29 22:31:00,2026-06-29 23:03:00,14.08,,completed
SE-0007760,ST-006,1,2026-06-08 07:04:00,2026-06-08 07:25:00,8.91,2.85,completed
SE-0011241,ST-033,1,2026-06-25 08:41:00,2026-06-25 09:40:00,1.5,0.48,completed
SE-0001823,ST-040,1,2026-05-09 06:29:00,2026-05-09 07:14:00,29.62,9.48,completed
SE-0004962,ST-014,2,2026-05-25 20:58:00,2026-05-25 21:51:00,16.93,5.42,aborted
SE-0006861,ST-023,1,2026-06-03 22:10:00,2026-06-03 23:01:00,39.0,12.48,completed
SE-0004117,ST-006,6,2026-05-21 18:27:00,2026-05-21 19:17:00,33.91,10.85,completed
SE-0003330,ST-005,2,2026-05-17 17:25:00,2026-05-17 18:26:00,29.18,9.34,completed
SE-0011519,ST-008,2,2026-06-27 17:56:00,2026-06-27 18:26:00,5.64,1.8,completed
SE-0005660,ST-025,2,2026-05-28 12:46:00,2026-05-28 13:18:00,22.34,7.15,completed
SE-0002134,ST-014,3,2026-05-11 11:37:00,2026-05-11 12:26:00,15.59,4.99,completed
SE-0006456,ST-022,1,2026-06-01 17:40:00,2026-06-01 18:22:00,30.39,9.72,completed
SE-0004138,ST-012,2,2026-05-21 06:09:00,2026-05-21 06:53:00,12.39,3.96,completed
SE-0005520,ST-003,1,2026-05-28 05:13:00,2026-05-28 05:59:00,25.95,8.3,completed
SE-0001604,ST-028,1,2026-05-08 23:02:00,2026-05-08 23:27:00,10.67,3.41,completed
SE-0007402,ST-017,2,2026-06-06 05:41:00,2026-06-06 06:13:00,25290,8.09,aborted
SE-0011652,ST-036,1,2026-06-27 09:29:00,2026-06-27 10:10:00,14.4,4.61,completed
SE-0011293,ST-004,1,2026-06-26 02:52:00,2026-06-26 03:46:00,36.75,11.76,aborted
SE-0007988,ST-013,2,2026-06-09 11:07:00,2026-06-09 12:04:00,53.69,17.18,completed
SE-0000626,ST-005,2,2026-05-04 02:10:00,2026-05-04 03:00:00,24.86,7.96,completed
SE-0009569,ST-003,1,2026-06-17 12:09:00,2026-06-17 13:14:00,48.21,15.43,completed
SE-0008614,ST-022,4,2026-06-12 17:28:00,2026-06-12 17:55:00,15.77,5.05,completed
SE-0002167,ST-018,5,2026-05-11 01:22:00,2026-05-11 02:09:00,28.41,9.09,completed
SE-0005532,ST-005,2,2026-05-28 15:36:00,2026-05-28 15:58:00,10.06,3.22,completed
SE-0009961,ST-003,1,2026-06-19 12:03:00,2026-06-19 13:09:00,38.64,12.36,completed
SE-0005996,ST-012,1,2026-05-30 14:56:00,2026-05-30 15:26:00,20.6,6.59,completed
SE-0005125,ST-006,6,2026-05-26 18:08:00,2026-05-26 18:35:00,7.74,2.48,completed
SE-0008389,ST-017,1,2026-06-11 07:49:00,2026-06-11 08:22:00,29400,9.41,completed
SE-0005275,ST-041,2,2026-05-26 04:49:00,2026-05-26 05:25:00,17.86,5.72,completed
SE-0008877,ST-032,1,2026-06-13 04:41:00,2026-06-13 05:09:00,15.54,4.97,completed
SE-0002348,ST-014,1,2026-05-12 21:08:00,2026-05-12 22:11:00,31.48,10.07,completed
SE-0008696,ST-001,2,2026-06-13 05:29:00,2026-06-13 05:56:00,18.62,5.96,completed
SE-0006417,ST-015,1,2026-06-01 08:31:00,2026-06-01 09:08:00,24.33,7.79,completed
SE-0011780,ST-017,1,2026-06-28 15:20:00,2026-06-28 15:56:00,16630,5.32,completed
SE-0005677,ST-031,5,2026-05-28 21:39:00,2026-05-28 21:51:00,3.82,1.22,completed
SE-0007167,ST-009,2,2026-06-05 23:46:00,2026-06-06 00:34:00,36.73,11.75,completed
SE-0008365,ST-014,4,2026-06-11 01:46:00,2026-06-11 02:31:00,22.28,7.13,completed
SE-0001592,ST-024,1,2026-05-08 03:20:00,2026-05-08 03:40:00,11.23,3.59,completed
SE-0007864,ST-023,1,2026-06-08 09:31:00,2026-06-08 10:04:00,6.79,2.17,completed
SE-0001288,ST-009,1,2026-05-07 01:08:00,2026-05-07 02:00:00,21.39,6.84,completed
SE-0003800,ST-023,2,2026-05-19 10:12:00,2026-05-19 11:10:00,27.16,8.69,completed
SE-0004228,ST-033,1,2026-05-21 20:49:00,2026-05-21 21:23:00,10.49,3.36,completed
SE-0000748,ST-023,1,2026-05-04 19:50:00,2026-05-04 20:24:00,14.87,4.76,completed
SE-0003279,ST-041,1,2026-05-16 07:30:00,2026-05-16 08:11:00,11.88,3.8,completed
SE-0006828,ST-015,1,2026-06-03 03:24:00,2026-06-03 03:55:00,21.26,6.8,completed
SE-0011734,ST-010,2,2026-06-28 21:04:00,2026-06-28 21:46:00,22.47,7.19,completed
SE-0007292,ST-034,2,2026-06-05 03:50:00,2026-06-05 04:22:00,31.08,9.95,completed
SE-0003559,ST-016,1,2026-05-18 18:42:00,2026-05-18 19:35:00,27.19,8.7,completed
SE-0006790,ST-013,1,2026-06-03 05:19:00,2026-06-03 05:46:00,15.7,5.02,completed
SE-0006541,ST-003,1,2026-06-02 23:09:00,2026-06-03 00:11:00,28.17,9.01,completed
SE-0005368,ST-015,1,2026-05-27 02:57:00,2026-05-27 03:13:00,9.6,3.07,completed
SE-0005865,ST-024,2,2026-05-29 18:35:00,2026-05-29 19:47:00,25.56,8.18,completed
SE-0008959,ST-006,2,2026-06-14 13:00:00,2026-06-14 13:40:00,28.63,9.16,completed
SE-0001934,ST-017,2,2026-05-10 14:34:00,2026-05-10 14:54:00,5460,1.75,completed
SE-0004546,ST-014,4,2026-05-23 17:36:00,2026-05-23 18:41:00,36.0,11.52,completed
SE-0004080,ST-003,2,2026-05-21 04:22:00,2026-05-21 04:32:00,3.86,1.24,completed
SE-0000607,ST-003,1,2026-05-04 02:01:00,2026-05-04 02:23:00,17.3,5.54,completed
SE-0003322,ST-005,2,2026-05-17 09:55:00,2026-05-17 10:22:00,16.5,5.28,completed
SE-0009879,ST-025,2,2026-06-18 04:27:00,2026-06-18 04:42:00,7.01,2.24,completed
SE-0001448,ST-042,5,2026-05-07 07:57:00,2026-05-07 08:08:00,7.35,2.35,completed
SE-0011340,ST-012,1,2026-06-26 02:34:00,2026-06-26 03:08:00,19.85,6.35,completed
SE-0006726,ST-001,3,2026-06-03 16:28:00,2026-06-03 16:52:00,14.66,4.69,completed
SE-0003082,ST-002,1,2026-05-16 00:48:00,2026-05-16 01:45:00,14.33,4.59,completed
SE-0008073,ST-034,4,2026-06-09 14:28:00,2026-06-09 15:38:00,27.46,8.79,completed
SE-0007510,ST-041,5,2026-06-06 09:48:00,2026-06-06 11:00:00,37.83,12.11,completed
SE-0011208,ST-025,2,2026-06-25 05:47:00,2026-06-25 06:05:00,5.74,1.84,completed
SE-0004484,ST-003,2,2026-05-23 03:52:00,2026-05-23 04:17:00,8.8,2.82,completed
SE-0004708,ST-003,2,2026-05-24 10:08:00,2026-05-24 10:39:00,19.57,6.26,aborted
SE-0002635,ST-033,2,2026-05-13 03:04:00,2026-05-13 04:02:00,38.37,12.28,completed
SE-0001476,ST-005,1,2026-05-08 20:31:00,2026-05-08 20:49:00,6.81,,completed
SE-0006088,ST-026,2,2026-05-30 07:09:00,2026-05-30 07:45:00,20.83,6.67,completed
SE-0005931,ST-001,2,2026-05-30 12:12:00,2026-05-30 12:59:00,21.55,6.9,completed
SE-0005780,ST-008,2,2026-05-29 07:23:00,2026-05-29 08:05:00,33.08,10.59,completed
SE-0003501,ST-005,2,2026-05-18 20:34:00,2026-05-18 20:46:00,7.39,2.36,completed
SE-0006244,ST-017,2,2026-05-31 15:34:00,2026-05-31 16:27:00,24390,7.8,completed
SE-0000635,ST-006,6,2026-05-04 16:44:00,2026-05-04 17:15:00,31.4,10.05,completed
SE-0003053,ST-041,2,2026-05-15 12:04:00,2026-05-15 12:53:00,29.74,9.52,completed
SE-0007852,ST-022,6,2026-06-08 21:33:00,2026-06-08 21:56:00,8.38,2.68,completed
SE-0004265,ST-001,2,2026-05-22 07:41:00,2026-05-22 08:34:00,42.73,13.67,completed
SE-0005979,ST-009,1,2026-05-30 19:05:00,2026-05-30 19:25:00,10.48,3.35,completed
SE-0006986,ST-014,3,2026-06-04 00:43:00,2026-06-04 01:27:00,26.96,8.63,completed
SE-0008154,ST-010,2,2026-06-10 02:45:00,2026-06-10 03:43:00,41.81,13.38,completed
SE-0005607,ST-016,1,2026-05-28 17:29:00,2026-05-28 18:12:00,30.21,9.67,completed
SE-0001672,ST-006,1,2026-05-09 19:00:00,2026-05-09 19:40:00,20.19,6.46,completed
SE-0006775,ST-009,1,2026-06-03 06:33:00,2026-06-03 07:10:00,17.26,5.52,completed
SE-0003377,ST-015,1,2026-05-17 15:15:00,2026-05-17 15:42:00,9.1,2.91,completed
SE-0009396,ST-009,2,2026-06-16 19:37:00,2026-06-16 20:47:00,22.43,7.18,completed
SE-0009485,ST-025,2,2026-06-16 08:32:00,2026-06-16 09:06:00,16.43,5.26,completed
SE-0002936,ST-009,1,2026-05-15 10:11:00,2026-05-15 10:32:00,5.05,1.62,completed
SE-0011542,ST-012,1,2026-06-27 08:31:00,2026-06-27 09:17:00,21.82,6.98,completed
SE-0006106,ST-032,4,2026-05-30 08:38:00,2026-05-30 08:50:00,5.05,1.62,completed
SE-0004746,ST-013,1,2026-05-24 16:39:00,2026-05-24 17:22:00,28.32,9.06,completed
SE-0006158,ST-003,1,2026-05-31 12:17:00,2026-05-31 12:58:00,22.67,7.25,completed
SE-0006892,ST-033,2,2026-06-03 19:45:00,2026-06-03 20:26:00,30.06,9.62,completed
SE-0011826,ST-032,1,2026-06-28 01:27:00,2026-06-28 02:19:00,34.91,11.17,completed
SE-0004380,ST-023,2,2026-05-22 19:23:00,2026-05-22 19:57:00,9.98,3.19,completed
SE-0000805,ST-033,1,2026-05-04 13:49:00,2026-05-04 15:13:00,37.4,11.97,completed
SE-0009777,ST-008,1,2026-06-18 19:55:00,2026-06-18 20:53:00,35.27,11.29,completed
SE-0008256,ST-033,2,2026-06-10 07:44:00,2026-06-10 07:57:00,5.92,1.89,completed
SE-0010711,ST-006,2,2026-06-23 22:15:00,2026-06-23 23:24:00,51.46,,completed
SE-0007093,ST-034,4,2026-06-04 03:17:00,2026-06-04 04:25:00,44.17,14.13,completed
SE-0003378,ST-016,1,2026-05-17 18:58:00,2026-05-17 19:45:00,30.21,9.67,completed
SE-0009729,ST-041,5,2026-06-17 06:49:00,2026-06-17 07:13:00,17.96,5.75,completed
SE-0001441,ST-041,4,2026-05-07 07:01:00,2026-05-07 07:40:00,20.66,6.61,completed
SE-0004767,ST-015,2,2026-05-24 22:00:00,2026-05-24 22:38:00,20.94,6.7,completed
SE-0008466,ST-033,1,2026-06-11 14:01:00,2026-06-11 14:41:00,24.97,7.99,completed
SE-0001447,ST-041,2,2026-05-07 13:37:00,2026-05-07 14:11:00,20.75,6.64,completed
SE-0003370,ST-015,1,2026-05-17 17:00:00,2026-05-17 17:12:00,6.6,2.11,completed
SE-0006595,ST-014,2,2026-06-02 22:19:00,2026-06-02 22:51:00,15.8,5.06,completed
SE-0009836,ST-017,2,2026-06-18 06:39:00,2026-06-18 08:12:00,34570,11.06,completed
SE-0011980,ST-022,1,2026-06-29 22:55:00,2026-06-29 23:38:00,21.77,6.97,completed
SE-0008763,ST-008,1,2026-06-13 01:20:00,2026-06-13 02:09:00,7.72,2.47,completed
SE-0003604,ST-025,1,2026-05-18 16:28:00,2026-05-18 16:55:00,17.99,5.76,completed
SE-0006864,ST-023,2,2026-06-03 12:52:00,2026-06-03 13:15:00,13.77,4.41,completed
SE-0006245,ST-017,2,2026-05-31 12:58:00,2026-05-31 13:35:00,23760,7.6,completed
SE-0002567,ST-017,2,2026-05-13 00:29:00,2026-05-13 01:17:00,32049,10.26,completed
SE-0006400,ST-010,2,2026-06-01 11:37:00,2026-06-01 12:08:00,19.11,6.12,completed
SE-0001090,ST-010,2,2026-05-06 16:21:00,2026-05-06 16:40:00,9.14,2.92,completed
SE-0002619,ST-029,4,2026-05-13 02:58:00,2026-05-13 03:58:00,28.46,9.11,completed
SE-0009379,ST-006,4,2026-06-16 20:26:00,2026-06-16 21:00:00,17.65,5.65,completed
SE-0003552,ST-015,2,2026-05-18 12:29:00,2026-05-18 13:00:00,12.33,3.95,completed
SE-0003282,ST-041,1,2026-05-16 07:19:00,2026-05-16 07:40:00,12.83,4.11,completed
SE-0011771,ST-017,1,2026-06-28 23:43:00,2026-06-29 00:44:00,25980,,completed
SE-0008079,ST-038,1,2026-06-09 12:05:00,2026-06-09 12:49:00,22.26,7.12,completed
SE-0000757,ST-023,1,2026-05-04 12:28:00,2026-05-04 12:49:00,8.2,2.62,completed
SE-0007613,ST-017,2,2026-06-07 12:15:00,2026-06-07 13:14:00,42770,13.69,completed
SE-0002639,ST-033,1,2026-05-13 22:27:00,2026-05-13 23:16:00,34.03,10.89,completed
SE-0005953,ST-005,1,2026-05-30 11:53:00,2026-05-30 12:29:00,21.33,6.83,completed
SE-0011537,ST-012,2,2026-06-27 11:05:00,2026-06-27 12:06:00,35.38,11.32,completed
SE-0008139,ST-007,2,2026-06-10 02:49:00,2026-06-10 03:31:00,27.25,8.72,completed
SE-0004249,ST-041,1,2026-05-21 14:39:00,2026-05-21 16:01:00,54.6,17.47,completed
SE-0002841,ST-031,6,2026-05-14 02:09:00,2026-05-14 02:46:00,10.97,3.51,completed
SE-0007283,ST-033,1,2026-06-05 16:14:00,2026-06-05 16:29:00,6.11,1.96,completed
SE-0007242,ST-023,2,2026-06-05 19:34:00,2026-06-05 20:41:00,47.01,15.04,completed
SE-0003510,ST-006,5,2026-05-18 05:01:00,2026-05-18 06:05:00,34.82,11.14,completed
SE-0003771,ST-018,2,2026-05-19 19:17:00,2026-05-19 20:11:00,40.24,12.88,completed
SE-0008015,ST-017,2,2026-06-09 13:36:00,2026-06-09 13:59:00,11780,3.77,completed
SE-0004147,ST-014,6,2026-05-21 22:01:00,2026-05-21 22:34:00,28.35,,completed
SE-0006135,ST-037,2,2026-05-30 11:43:00,2026-05-30 12:50:00,39.33,12.59,completed
SE-0005185,ST-022,2,2026-05-26 13:47:00,2026-05-26 14:47:00,16.06,5.14,aborted
SE-0011088,ST-003,1,2026-06-25 13:20:00,2026-06-25 14:13:00,43.46,13.91,completed
SE-0000178,ST-041,5,2026-05-01 22:54:00,2026-05-01 23:52:00,23.92,7.65,completed
SE-0004386,ST-023,2,2026-05-22 15:47:00,2026-05-22 16:06:00,16.35,5.23,completed
SE-0006100,ST-031,6,2026-05-30 19:54:00,2026-05-30 20:12:00,8.18,2.62,completed
SE-0006594,ST-014,4,2026-06-02 04:00:00,2026-06-02 04:56:00,13.87,4.44,completed
SE-0002013,ST-033,2,2026-05-10 10:12:00,2026-05-10 10:31:00,9.37,,completed
SE-0000976,ST-028,1,2026-05-05 12:22:00,2026-05-05 13:03:00,30.95,9.9,completed
SE-0010348,ST-010,1,2026-06-21 10:59:00,2026-06-21 11:17:00,13.75,4.4,completed
SE-0002418,ST-033,2,2026-05-12 15:17:00,2026-05-12 15:43:00,23.22,7.43,completed
SE-0009072,ST-025,1,2026-06-14 02:44:00,2026-06-14 03:57:00,42.6,,completed
SE-0001521,ST-013,2,2026-05-08 10:57:00,2026-05-08 11:48:00,36.23,11.59,completed
SE-0000219,ST-005,2,2026-05-02 21:06:00,2026-05-02 22:17:00,49.1,15.71,completed
SE-0008451,ST-029,3,2026-06-11 17:42:00,2026-06-11 18:32:00,21.58,6.91,completed
SE-0007219,ST-017,1,2026-06-05 15:51:00,2026-06-05 16:25:00,11310,3.62,completed
SE-0007717,ST-041,5,2026-06-07 10:38:00,2026-06-07 11:50:00,45.84,14.67,completed
SE-0001103,ST-014,1,2026-05-06 07:48:00,2026-05-06 08:15:00,9.77,3.13,completed
SE-0005868,ST-025,2,2026-05-29 03:52:00,2026-05-29 04:40:00,29.43,9.42,completed
SE-0002540,ST-014,4,2026-05-13 06:32:00,2026-05-13 07:13:00,10.36,3.32,completed
SE-0007401,ST-016,2,2026-06-06 22:21:00,2026-06-06 23:24:00,33.0,10.56,completed
SE-0011195,ST-023,2,2026-06-25 10:04:00,2026-06-25 10:48:00,27.78,8.89,completed
SE-0008311,ST-005,1,2026-06-11 20:47:00,2026-06-11 21:37:00,31.67,10.13,completed
SE-0011842,ST-037,1,2026-06-28 10:15:00,2026-06-28 10:50:00,31.58,10.11,completed
SE-0006657,ST-024,1,2026-06-02 17:22:00,2026-06-02 18:00:00,15.94,5.1,aborted
SE-0005591,ST-014,3,2026-05-28 21:41:00,2026-05-28 22:20:00,20.52,6.57,completed
SE-0004404,ST-026,2,2026-05-22 22:45:00,2026-05-22 23:07:00,6.02,1.93,completed
SE-0000257,ST-014,1,2026-05-02 21:41:00,2026-05-02 21:53:00,10.28,3.29,completed
SE-0008953,ST-005,1,2026-06-14 01:13:00,2026-06-14 02:20:00,49.46,15.83,completed
SE-0000137,ST-029,2,2026-05-01 11:46:00,2026-05-01 12:21:00,17.7,5.66,completed
SE-0000030,ST-007,2,2026-05-01 04:43:00,2026-05-01 05:33:00,33.65,10.77,completed
SE-0008062,ST-030,5,2026-06-09 19:43:00,2026-06-09 20:05:00,17.24,5.52,completed
SE-0000290,ST-022,6,2026-05-02 02:33:00,2026-05-02 03:22:00,33.55,10.74,completed
SE-0010368,ST-014,6,2026-06-21 15:12:00,2026-06-21 15:53:00,27.17,8.69,completed
SE-0009769,ST-006,6,2026-06-18 06:31:00,2026-06-18 07:30:00,21.71,6.95,completed
SE-0009310,ST-038,3,2026-06-15 11:56:00,2026-06-15 12:56:00,62.47,19.99,completed
SE-0003649,ST-041,1,2026-05-18 04:22:00,2026-05-18 04:56:00,18.22,,completed
SE-0005771,ST-006,6,2026-05-29 02:40:00,2026-05-29 03:25:00,20.19,6.46,completed
SE-0008484,ST-037,2,2026-06-11 15:21:00,2026-06-11 15:27:00,1.56,0.5,completed
SE-0001215,ST-036,3,2026-05-06 04:20:00,2026-05-06 05:10:00,16.14,5.16,completed
SE-0011015,ST-028,2,2026-06-24 23:45:00,2026-06-25 00:35:00,35.84,11.47,completed
SE-0011328,ST-009,1,2026-06-26 21:45:00,2026-06-26 23:04:00,53.47,17.11,completed
SE-0005573,ST-012,1,2026-05-28 00:30:00,2026-05-28 01:23:00,21.52,6.89,completed
SE-0007329,ST-003,1,2026-06-06 04:10:00,2026-06-06 04:52:00,18.08,,completed
SE-0008771,ST-010,2,2026-06-13 06:29:00,2026-06-13 07:11:00,23.0,7.36,completed
SE-0000133,ST-028,2,2026-05-01 19:30:00,2026-05-01 20:16:00,31.34,10.03,completed
SE-0005097,ST-002,1,2026-05-26 06:26:00,2026-05-26 07:31:00,24.44,7.82,completed
SE-0002605,ST-025,2,2026-05-13 15:17:00,2026-05-13 15:46:00,15.94,5.1,completed
SE-0003567,ST-017,1,2026-05-18 16:27:00,2026-05-18 16:56:00,15470,4.95,completed
SE-0007877,ST-026,4,2026-06-08 22:59:00,2026-06-08 23:31:00,7.71,2.47,completed
SE-0005457,ST-033,2,2026-05-27 05:10:00,2026-05-27 05:33:00,11.17,3.57,completed
SE-0001724,ST-016,1,2026-05-09 06:14:00,2026-05-09 06:43:00,23.03,7.37,completed
SE-0005040,ST-033,1,2026-05-25 08:31:00,2026-05-25 08:37:00,3.63,,completed
SE-0000511,ST-022,5,2026-05-03 16:26:00,2026-05-03 17:19:00,12.23,3.91,completed
SE-0001112,ST-015,1,2026-05-06 00:15:00,2026-05-06 00:52:00,26.93,8.62,completed
SE-0006018,ST-014,4,2026-05-30 00:59:00,2026-05-30 01:05:00,2.07,0.66,completed
SE-0005140,ST-012,1,2026-05-26 19:09:00,2026-05-26 19:53:00,22.17,7.09,completed
SE-0009721,ST-038,2,2026-06-17 08:23:00,2026-06-17 08:48:00,11.48,3.67,completed
SE-0006963,ST-006,4,2026-06-04 11:08:00,2026-06-04 12:07:00,31.83,10.19,completed
SE-0003125,ST-008,1,2026-05-16 11:21:00,2026-05-16 11:50:00,15.48,4.95,completed
SE-0003908,ST-006,3,2026-05-20 10:47:00,2026-05-20 11:29:00,22.93,7.34,completed
SE-0011932,ST-014,2,2026-06-29 10:46:00,2026-06-29 11:25:00,20.37,6.52,completed
SE-0003907,ST-006,2,2026-05-20 00:44:00,2026-05-20 01:09:00,16.34,,completed
SE-0000996,ST-033,2,2026-05-05 22:28:00,2026-05-05 22:58:00,19.92,6.37,completed
SE-0009180,ST-007,4,2026-06-15 09:11:00,2026-06-15 10:26:00,36.02,11.53,completed
SE-0003039,ST-034,4,2026-05-15 17:06:00,2026-05-15 17:38:00,16.39,,completed
SE-0002149,ST-016,2,2026-05-11 13:48:00,2026-05-11 14:23:00,14.5,4.64,completed
SE-0001045,ST-003,2,2026-05-06 08:53:00,2026-05-06 09:36:00,28.12,9.0,aborted
SE-0006099,ST-030,4,2026-05-30 13:01:00,2026-05-30 13:59:00,44.03,14.09,completed
SE-0001295,ST-011,2,2026-05-07 18:04:00,2026-05-07 18:29:00,14.91,4.77,completed
SE-0006345,ST-002,1,2026-06-01 20:56:00,2026-06-01 21:56:00,31.74,10.16,completed
SE-0008320,ST-005,2,2026-06-11 10:41:00,2026-06-11 11:27:00,27.08,8.67,completed
SE-0002265,ST-001,4,2026-05-12 07:47:00,2026-05-12 08:36:00,20.91,6.69,completed
SE-0008149,ST-010,2,2026-06-10 08:40:00,2026-06-10 09:12:00,21.65,6.93,completed
SE-0004978,ST-016,2,2026-05-25 11:02:00,2026-05-25 12:10:00,25.13,8.04,completed
SE-0000114,ST-024,2,2026-05-01 18:15:00,2026-05-01 18:58:00,6.23,1.99,completed
SE-0006717,ST-041,3,2026-06-02 06:36:00,2026-06-02 06:49:00,8.14,2.6,completed
SE-0004281,ST-004,4,2026-05-22 12:41:00,2026-05-22 13:27:00,17.25,5.52,completed
SE-0006806,ST-014,4,2026-06-03 20:23:00,2026-06-03 20:29:00,2.0,0.64,completed
SE-0007480,ST-033,2,2026-06-06 05:14:00,2026-06-06 05:36:00,8.44,2.7,completed
SE-0007601,ST-016,2,2026-06-07 02:45:00,2026-06-07 04:05:00,34.98,11.19,completed
SE-0009364,ST-005,1,2026-06-16 19:58:00,2026-06-16 21:09:00,39.89,12.76,completed
SE-0004665,ST-037,3,2026-05-23 06:16:00,2026-05-23 07:02:00,26.82,8.58,completed
SE-0002328,ST-010,1,2026-05-12 09:22:00,2026-05-12 09:58:00,23.05,7.38,completed
SE-0005883,ST-029,2,2026-05-29 21:00:00,2026-05-29 22:01:00,17.96,5.75,completed
SE-0002261,ST-001,4,2026-05-12 13:51:00,2026-05-12 14:58:00,55.71,17.83,completed
SE-0008758,ST-007,1,2026-06-13 00:48:00,2026-06-13 02:03:00,39.96,12.79,completed
SE-0007602,ST-016,1,2026-06-07 23:44:00,2026-06-08 00:43:00,30.1,9.63,completed
SE-0003381,ST-016,2,2026-05-17 12:17:00,2026-05-17 12:55:00,12.08,3.87,completed
SE-0009652,ST-022,1,2026-06-17 13:25:00,2026-06-17 13:54:00,10.66,3.41,completed
SE-0005224,ST-027,4,2026-05-26 17:09:00,2026-05-26 17:53:00,16.13,5.16,completed
SE-0000214,ST-004,1,2026-05-02 09:46:00,2026-05-02 10:43:00,35.78,11.45,completed
SE-0008280,ST-041,5,2026-06-10 19:54:00,2026-06-10 20:44:00,29.39,9.4,aborted
SE-0010803,ST-025,1,2026-06-23 17:33:00,2026-06-23 17:54:00,5.14,1.64,completed
SE-0000696,ST-015,2,2026-05-04 23:22:00,2026-05-04 23:54:00,24.55,7.86,completed
SE-0000268,ST-015,1,2026-05-02 12:15:00,2026-05-02 12:28:00,6.48,2.07,completed
SE-0008781,ST-012,1,2026-06-13 04:02:00,2026-06-13 04:48:00,31.4,10.05,completed
SE-0011566,ST-015,2,2026-06-27 05:20:00,2026-06-27 05:58:00,35.55,11.38,completed
SE-0005940,ST-003,2,2026-05-30 20:20:00,2026-05-30 20:50:00,16.83,5.39,completed
SE-0000263,ST-015,2,2026-05-02 11:04:00,2026-05-02 11:56:00,45.4,14.53,completed
SE-0006565,ST-006,3,2026-06-02 04:22:00,2026-06-02 04:45:00,20.52,6.57,completed
SE-0008936,ST-003,2,2026-06-14 21:00:00,2026-06-14 21:57:00,27.35,8.75,completed
SE-0003050,ST-039,1,2026-05-15 21:13:00,2026-05-15 22:15:00,50.1,16.03,completed
SE-0011831,ST-033,2,2026-06-28 21:21:00,2026-06-28 22:21:00,43.52,13.93,completed
SE-0006506,ST-034,1,2026-06-01 07:44:00,2026-06-01 09:06:00,50.35,16.11,completed
SE-0011276,ST-002,2,2026-06-26 22:23:00,2026-06-26 22:49:00,14.75,4.72,completed
SE-0010696,ST-005,2,2026-06-23 02:21:00,2026-06-23 03:07:00,24.09,7.71,completed
SE-0011865,ST-001,3,2026-06-29 16:45:00,2026-06-29 16:57:00,5.27,1.69,completed
SE-0007605,ST-016,1,2026-06-07 11:47:00,2026-06-07 12:08:00,7.32,2.34,completed
SE-0002169,ST-020,2,2026-05-11 03:04:00,2026-05-11 03:46:00,29.36,9.4,completed
SE-0004206,ST-025,2,2026-05-21 04:59:00,2026-05-21 05:30:00,16.89,5.4,completed
SE-0001528,ST-014,2,2026-05-08 03:01:00,2026-05-08 03:38:00,7.6,2.43,completed
SE-0011724,ST-006,1,2026-06-28 21:20:00,2026-06-28 21:57:00,10.83,3.47,completed
SE-0002104,ST-006,2,2026-05-11 17:25:00,2026-05-11 17:44:00,3.19,1.02,completed
SE-0005352,ST-014,3,2026-05-27 21:48:00,2026-05-27 22:33:00,25.16,8.05,completed
SE-0010502,ST-003,1,2026-06-22 04:06:00,2026-06-22 04:31:00,11.81,,completed
SE-0008259,ST-033,1,2026-06-10 21:11:00,2026-06-10 21:31:00,11.65,3.73,completed
SE-0008824,ST-018,5,2026-06-13 20:14:00,2026-06-13 20:42:00,17.91,5.73,completed
SE-0006338,ST-001,3,2026-06-01 16:19:00,2026-06-01 17:00:00,10.0,3.2,completed
SE-0007078,ST-033,1,2026-06-04 12:32:00,2026-06-04 13:17:00,29.2,9.34,completed
SE-0005707,ST-040,2,2026-05-28 03:40:00,2026-05-28 03:50:00,6.65,2.13,completed
SE-0011687,ST-003,1,2026-06-28 21:47:00,2026-06-28 22:19:00,5.76,1.84,completed
SE-0001025,ST-041,4,2026-05-05 15:43:00,2026-05-05 16:22:00,12.87,4.12,completed
SE-0011769,ST-017,2,2026-06-28 08:23:00,2026-06-28 08:47:00,6860,2.2,completed
SE-0001814,ST-036,3,2026-05-09 04:42:00,2026-05-09 05:25:00,14.86,4.76,completed
SE-0005083,ST-001,3,2026-05-26 16:23:00,2026-05-26 17:05:00,23.57,7.54,completed
SE-0000983,ST-030,3,2026-05-05 10:44:00,2026-05-05 11:29:00,21.03,6.73,completed
SE-0004969,ST-015,2,2026-05-25 09:44:00,2026-05-25 10:20:00,20.5,6.56,completed
SE-0000162,ST-033,1,2026-05-01 09:05:00,2026-05-01 09:51:00,36.42,11.65,completed
SE-0006234,ST-015,2,2026-05-31 21:44:00,2026-05-31 22:10:00,15.47,4.95,completed
SE-0010626,ST-033,2,2026-06-22 19:36:00,2026-06-22 20:13:00,16.46,5.27,completed
SE-0005563,ST-009,1,2026-05-28 22:29:00,2026-05-28 23:00:00,10.45,3.34,completed
SE-0007092,ST-034,4,2026-06-04 14:35:00,2026-06-04 15:32:00,21.78,6.97,completed
SE-0007279,ST-031,1,2026-06-05 14:31:00,2026-06-05 15:36:00,24.12,7.72,completed
SE-0004475,ST-001,2,2026-05-23 07:11:00,2026-05-23 07:49:00,19.52,6.25,completed
SE-0006010,ST-014,1,2026-05-30 08:01:00,2026-05-30 08:42:00,25.35,8.11,completed
SE-0011709,ST-005,2,2026-06-28 10:24:00,2026-06-28 11:22:00,25.94,8.3,completed
SE-0008238,ST-025,2,2026-06-10 14:36:00,2026-06-10 15:31:00,11.89,3.8,completed
SE-0008759,ST-008,2,2026-06-13 14:46:00,2026-06-13 15:39:00,29.18,9.34,completed
SE-0006671,ST-026,4,2026-06-02 10:45:00,2026-06-02 11:11:00,9.29,2.97,completed
SE-0008753,ST-006,1,2026-06-13 21:35:00,2026-06-13 22:18:00,38.6,12.35,completed
SE-0002193,ST-024,1,2026-05-11 06:34:00,2026-05-11 07:31:00,30.89,9.88,completed
SE-0004765,ST-015,1,2026-05-24 21:31:00,2026-05-24 21:56:00,18.22,5.83,completed
SE-0002138,ST-014,3,2026-05-11 18:53:00,2026-05-11 19:20:00,16.38,5.24,completed
SE-0010182,ST-017,1,2026-06-20 12:20:00,2026-06-20 12:57:00,16640,5.32,completed
SE-0005930,ST-001,4,2026-05-30 06:44:00,2026-05-30 07:47:00,40.53,12.97,completed
SE-0002113,ST-006,6,2026-05-11 08:58:00,2026-05-11 09:51:00,28.63,9.16,completed
SE-0004750,ST-014,4,2026-05-24 17:07:00,2026-05-24 18:05:00,22.57,7.22,completed
SE-0001577,ST-023,2,2026-05-08 18:47:00,2026-05-08 19:08:00,12.21,3.91,completed
SE-0002339,ST-014,5,2026-05-12 05:47:00,2026-05-12 06:36:00,35.8,11.46,completed
SE-0007862,ST-023,1,2026-06-08 11:53:00,2026-06-08 12:50:00,20.44,6.54,completed
SE-0005417,ST-023,2,2026-05-27 18:05:00,2026-05-27 18:52:00,31.05,,completed
SE-0006555,ST-005,2,2026-06-02 05:30:00,2026-06-02 06:00:00,13.67,4.37,completed
SE-0007943,ST-003,2,2026-06-09 13:06:00,2026-06-09 14:20:00,40.17,12.85,completed
SE-0003143,ST-012,1,2026-05-16 16:05:00,2026-05-16 17:12:00,60.29,19.29,completed
SE-0000048,ST-013,1,2026-05-01 14:01:00,2026-05-01 14:51:00,23.29,7.45,completed
SE-0008876,ST-032,3,2026-06-13 06:37:00,2026-06-13 07:14:00,24.93,7.98,completed
SE-0004213,ST-029,4,2026-05-21 09:37:00,2026-05-21 10:29:00,18.41,5.89,completed
SE-0004728,ST-006,3,2026-05-24 22:47:00,2026-05-24 23:35:00,22.18,7.1,completed
SE-0006980,ST-010,1,2026-06-04 00:10:00,2026-06-04 01:19:00,31.97,10.23,completed
SE-0000771,ST-025,1,2026-05-04 00:48:00,2026-05-04 01:43:00,16.21,5.19,completed
SE-0000115,ST-025,2,2026-05-01 11:53:00,2026-05-01 12:38:00,16.0,5.12,completed
SE-0010958,ST-016,2,2026-06-24 13:59:00,2026-06-24 14:13:00,6.46,2.07,completed
SE-0000907,ST-014,6,2026-05-05 03:25:00,2026-05-05 03:50:00,14.23,4.55,completed
SE-0005970,ST-006,6,2026-05-30 01:45:00,2026-05-30 02:52:00,41.55,13.3,completed
SE-0001690,ST-010,2,2026-05-09 22:56:00,2026-05-09 23:26:00,18.67,5.97,completed
SE-0005035,ST-033,2,2026-05-25 20:11:00,2026-05-25 21:18:00,46.05,14.74,completed
SE-0001487,ST-006,2,2026-05-08 20:29:00,2026-05-08 21:48:00,40.65,13.01,completed
SE-0005774,ST-006,1,2026-05-29 01:05:00,2026-05-29 01:43:00,31.33,10.03,completed
SE-0008682,ST-041,5,2026-06-12 03:55:00,2026-06-12 04:01:00,4.06,1.3,completed
SE-0004331,ST-014,2,2026-05-22 01:12:00,2026-05-22 01:55:00,16.39,5.24,completed
SE-0006212,ST-014,6,2026-05-31 07:35:00,2026-05-31 08:24:00,16.37,5.24,completed
SE-0009494,ST-028,2,2026-06-16 15:00:00,2026-06-16 15:34:00,6.17,1.97,completed
SE-0000342,ST-031,3,2026-05-02 17:21:00,2026-05-02 17:40:00,7.31,2.34,completed
SE-0009408,ST-012,2,2026-06-16 16:39:00,2026-06-16 17:46:00,73.56,23.54,completed
SE-0002087,ST-004,3,2026-05-11 11:41:00,2026-05-11 12:34:00,29.28,9.37,completed
SE-0007018,ST-017,2,2026-06-04 02:29:00,2026-06-04 03:22:00,23130,7.4,completed
SE-0002640,ST-034,4,2026-05-13 04:01:00,2026-05-13 04:43:00,25.29,8.09,completed
SE-0004668,ST-039,3,2026-05-23 21:02:00,2026-05-23 21:13:00,4.19,1.34,completed
SE-0000630,ST-005,1,2026-05-04 12:24:00,2026-05-04 12:59:00,20.25,6.48,completed
SE-0003329,ST-005,2,2026-05-17 05:31:00,2026-05-17 06:21:00,24.42,7.81,completed
SE-0005747,ST-003,1,2026-05-29 21:21:00,2026-05-29 21:53:00,12.36,3.96,completed
SE-0011913,ST-010,1,2026-06-29 04:08:00,2026-06-29 04:53:00,18.31,5.86,completed
SE-0010048,ST-023,1,2026-06-19 01:27:00,2026-06-19 02:07:00,19.05,6.1,completed
SE-0002825,ST-025,1,2026-05-14 01:53:00,2026-05-14 02:41:00,24.93,7.98,completed
SE-0002203,ST-025,1,2026-05-11 03:52:00,2026-05-11 04:43:00,30.66,9.81,completed
SE-0004871,ST-035,1,2026-05-24 13:22:00,2026-05-24 14:00:00,23.39,7.48,completed
SE-0009760,ST-005,2,2026-06-18 04:10:00,2026-06-18 04:49:00,17.21,5.51,completed
SE-0002158,ST-017,1,2026-05-11 13:55:00,2026-05-11 14:11:00,4930,1.58,completed
SE-0003404,ST-023,1,2026-05-17 13:50:00,2026-05-17 14:46:00,40.28,12.89,completed
SE-0005509,ST-001,3,2026-05-28 18:09:00,2026-05-28 19:13:00,44.98,14.39,completed
SE-0002466,ST-002,2,2026-05-13 10:24:00,2026-05-13 10:54:00,17.28,5.53,completed
SE-0009282,ST-031,5,2026-06-15 22:02:00,2026-06-15 23:01:00,20.03,6.41,completed
SE-0003347,ST-009,2,2026-05-17 01:38:00,2026-05-17 02:05:00,18.57,5.94,completed
SE-0001027,ST-042,6,2026-05-05 00:17:00,2026-05-05 01:02:00,24.91,7.97,completed
SE-0005830,ST-017,1,2026-05-29 09:50:00,2026-05-29 10:24:00,18190,5.82,completed
SE-0005864,ST-023,1,2026-05-29 13:16:00,2026-05-29 13:51:00,31.89,10.2,completed
SE-0003178,ST-017,1,2026-05-16 02:57:00,2026-05-16 03:34:00,20980,6.71,completed
SE-0004641,ST-030,3,2026-05-23 13:38:00,2026-05-23 14:20:00,30.2,9.66,completed
SE-0010164,ST-015,1,2026-06-20 08:02:00,2026-06-20 08:46:00,13.49,4.32,completed
SE-0010695,ST-005,1,2026-06-23 15:55:00,2026-06-23 16:53:00,26.77,8.57,completed
SE-0010111,ST-001,4,2026-06-20 03:11:00,2026-06-20 03:17:00,3.49,1.12,completed
SE-0009395,ST-009,1,2026-06-16 12:44:00,2026-06-16 13:30:00,31.94,10.22,completed
SE-0005581,ST-014,5,2026-05-28 20:40:00,2026-05-28 21:28:00,33.11,,completed
SE-0003684,ST-004,4,2026-05-19 13:22:00,2026-05-19 14:07:00,31.97,10.23,completed
SE-0003814,ST-026,2,2026-05-19 13:32:00,2026-05-19 14:22:00,28.63,9.16,completed
SE-0009749,ST-003,2,2026-06-18 07:28:00,2026-06-18 07:34:00,3.54,1.13,completed
SE-0010682,ST-002,1,2026-06-23 08:00:00,2026-06-23 08:51:00,12.44,3.98,completed
SE-0010605,ST-023,1,2026-06-22 02:46:00,2026-06-22 03:19:00,29.06,9.3,completed
SE-0000702,ST-016,2,2026-05-04 15:38:00,2026-05-04 16:11:00,20.01,6.4,completed
SE-0001093,ST-011,2,2026-05-06 04:00:00,2026-05-06 04:39:00,17.02,5.45,completed
SE-0004135,ST-012,2,2026-05-21 18:20:00,2026-05-21 18:26:00,2.11,0.68,completed
SE-0001264,ST-005,1,2026-05-07 03:28:00,2026-05-07 04:28:00,43.16,13.81,completed
SE-0008852,ST-024,1,2026-06-13 04:25:00,2026-06-13 05:27:00,39.02,12.49,completed
SE-0007523,ST-001,2,2026-06-07 08:05:00,2026-06-07 08:11:00,6.46,2.07,completed
SE-0000611,ST-003,1,2026-05-04 04:39:00,2026-05-04 05:29:00,32.37,10.36,completed
SE-0011691,ST-003,2,2026-06-28 08:35:00,2026-06-28 08:49:00,10.09,,completed
SE-0008055,ST-025,1,2026-06-09 09:19:00,2026-06-09 10:16:00,37.15,11.89,completed
SE-0010411,ST-023,2,2026-06-21 20:19:00,2026-06-21 21:19:00,25.85,8.27,completed
SE-0003603,ST-025,2,2026-05-18 02:02:00,2026-05-18 02:42:00,2.79,0.89,completed
SE-0004180,ST-018,5,2026-05-21 01:07:00,2026-05-21 01:53:00,23.33,7.47,completed
SE-0008925,ST-002,1,2026-06-14 11:14:00,2026-06-14 11:34:00,2.17,0.69,completed
SE-0003190,ST-022,1,2026-05-16 02:10:00,2026-05-16 02:41:00,13.08,4.19,completed
SE-0005589,ST-014,2,2026-05-28 04:01:00,2026-05-28 04:31:00,14.8,4.74,completed
SE-0006784,ST-011,2,2026-06-03 11:52:00,2026-06-03 12:29:00,15.43,4.94,completed
SE-0003685,ST-004,4,2026-05-19 18:01:00,2026-05-19 18:40:00,12.87,4.12,completed
SE-0012049,ST-040,1,2026-06-29 00:35:00,2026-06-29 01:16:00,24.71,7.91,completed
SE-0001433,ST-040,1,2026-05-07 21:10:00,2026-05-07 21:53:00,16.46,5.27,completed
SE-0000831,ST-041,6,2026-05-04 14:50:00,2026-05-04 15:34:00,17.94,5.74,completed
SE-0006258,ST-022,2,2026-05-31 01:21:00,2026-05-31 01:44:00,6.49,2.08,completed
SE-0000972,ST-026,2,2026-05-05 23:34:00,2026-05-06 00:23:00,34.47,11.03,completed
SE-0003418,ST-026,4,2026-05-17 11:04:00,2026-05-17 11:48:00,18.02,5.77,completed
SE-0003506,ST-006,4,2026-05-18 11:59:00,2026-05-18 13:00:00,42.76,13.68,completed
SE-0004142,ST-012,2,2026-05-21 14:29:00,2026-05-21 15:30:00,54.3,,completed
SE-0006803,ST-014,4,2026-06-03 03:46:00,2026-06-03 04:18:00,12.26,3.92,completed
SE-0011369,ST-018,6,2026-06-26 07:43:00,2026-06-26 08:32:00,29.33,9.39,completed
SE-0000529,ST-025,2,2026-05-03 19:45:00,2026-05-03 20:16:00,28.1,8.99,completed
SE-0008438,ST-025,1,2026-06-11 12:37:00,2026-06-11 13:20:00,24.73,7.91,completed
SE-0003874,ST-001,4,2026-05-20 06:52:00,2026-05-20 07:22:00,12.01,3.84,completed
SE-0008932,ST-003,1,2026-06-14 01:23:00,2026-06-14 02:14:00,42.86,13.72,completed
SE-0009139,ST-001,1,2026-06-15 22:47:00,2026-06-15 23:22:00,19.7,6.3,completed
SE-0002824,ST-025,2,2026-05-14 12:29:00,2026-05-14 13:41:00,61.73,19.75,completed
SE-0004119,ST-007,2,2026-05-21 10:26:00,2026-05-21 11:03:00,26.9,8.61,completed
SE-0005395,ST-019,3,2026-05-27 18:37:00,2026-05-27 19:25:00,36.23,,completed
SE-0001785,ST-029,3,2026-05-09 13:18:00,2026-05-09 14:06:00,12.2,3.9,completed
SE-0008452,ST-029,4,2026-06-11 01:08:00,2026-06-11 02:11:00,39.37,,completed
SE-0008631,ST-025,2,2026-06-12 22:37:00,2026-06-12 23:35:00,27.28,8.73,completed
SE-0001362,ST-023,1,2026-05-07 02:07:00,2026-05-07 02:37:00,19.76,6.32,completed
SE-0011456,ST-041,6,2026-06-26 12:31:00,2026-06-26 12:58:00,21.53,6.89,completed
SE-0003562,ST-017,2,2026-05-18 23:58:00,2026-05-19 00:04:00,3400,1.09,completed
SE-0000975,ST-028,1,2026-05-05 11:12:00,2026-05-05 12:03:00,25.23,8.07,completed
SE-0002828,ST-027,4,2026-05-14 19:59:00,2026-05-14 20:05:00,3.26,1.04,aborted
SE-0006317,ST-041,1,2026-05-31 12:24:00,2026-05-31 13:24:00,34.23,,completed
SE-0010780,ST-021,5,2026-06-23 11:58:00,2026-06-23 12:04:00,3.06,0.98,completed
SE-0011460,ST-001,4,2026-06-27 16:34:00,2026-06-27 16:43:00,3.0,0.96,completed
SE-0003277,ST-040,2,2026-05-16 19:59:00,2026-05-16 20:45:00,30.83,9.87,completed
SE-0009220,ST-015,2,2026-06-15 06:00:00,2026-06-15 06:15:00,7.98,2.55,completed
SE-0009820,ST-015,2,2026-06-18 07:59:00,2026-06-18 08:11:00,2.2,0.7,completed
SE-0004396,ST-025,2,2026-05-22 05:00:00,2026-05-22 05:28:00,13.13,4.2,completed
SE-0010363,ST-014,1,2026-06-21 00:41:00,2026-06-21 01:24:00,17.98,5.75,completed
SE-0007867,ST-025,1,2026-06-08 11:25:00,2026-06-08 12:13:00,13.91,4.45,completed
SE-0000718,ST-017,2,2026-05-04 17:36:00,2026-05-04 18:48:00,50710,16.23,completed
SE-0005027,ST-029,3,2026-05-25 20:05:00,2026-05-25 20:16:00,1.5,,completed
SE-0007878,ST-026,3,2026-06-08 14:36:00,2026-06-08 15:16:00,17.61,5.64,completed
SE-0009039,ST-021,5,2026-06-14 14:07:00,2026-06-14 14:41:00,10.18,3.26,completed
SE-0010399,ST-022,1,2026-06-21 01:31:00,2026-06-21 02:49:00,60.11,19.24,completed
SE-0004572,ST-016,1,2026-05-23 11:38:00,2026-05-23 11:55:00,14.04,4.49,completed
SE-0011869,ST-001,1,2026-06-29 09:11:00,2026-06-29 10:01:00,22.02,7.05,completed
SE-0009157,ST-004,1,2026-06-15 00:39:00,2026-06-15 01:16:00,34.9,11.17,completed
SE-0002798,ST-022,2,2026-05-14 14:17:00,2026-05-14 14:25:00,4.67,1.49,completed
SE-0004997,ST-021,2,2026-05-25 15:27:00,2026-05-25 16:03:00,29.78,9.53,completed
SE-0000849,ST-003,1,2026-05-05 05:52:00,2026-05-05 06:29:00,20.85,6.67,completed
SE-0004510,ST-006,6,2026-05-23 06:27:00,2026-05-23 07:21:00,35.0,11.2,completed
SE-0004368,ST-022,4,2026-05-22 02:35:00,2026-05-22 03:14:00,23.34,7.47,completed
SE-0006296,ST-033,1,2026-05-31 09:26:00,2026-05-31 10:25:00,15.13,4.84,completed
SE-0006831,ST-016,2,2026-06-03 10:48:00,2026-06-03 11:32:00,16.2,5.18,completed
SE-0008375,ST-015,2,2026-06-11 01:37:00,2026-06-11 02:01:00,11.62,3.72,completed
SE-0001329,ST-016,1,2026-05-07 09:52:00,2026-05-07 11:00:00,49.16,15.73,completed
SE-0008071,ST-034,4,2026-06-09 03:37:00,2026-06-09 04:06:00,23.93,7.66,completed
SE-0002127,ST-012,2,2026-05-11 17:55:00,2026-05-11 18:16:00,2.22,,completed
SE-0006231,ST-015,1,2026-05-31 20:42:00,2026-05-31 20:56:00,5.87,1.88,completed
SE-0007273,ST-029,3,2026-06-05 15:54:00,2026-06-05 16:28:00,9.85,3.15,completed
SE-0003115,ST-006,4,2026-05-16 23:06:00,2026-05-17 00:11:00,59.19,18.94,completed
SE-0001800,ST-033,1,2026-05-09 13:38:00,2026-05-09 14:28:00,35.42,11.33,completed
SE-0009297,ST-034,3,2026-06-15 10:26:00,2026-06-15 11:23:00,41.56,13.3,completed
SE-0002690,ST-003,2,2026-05-14 04:26:00,2026-05-14 05:15:00,13.79,4.41,completed
SE-0004253,ST-041,3,2026-05-21 08:56:00,2026-05-21 09:38:00,20.58,6.59,completed
SE-0001161,ST-023,1,2026-05-06 15:50:00,2026-05-06 16:45:00,21.65,6.93,completed
SE-0009112,ST-034,4,2026-06-14 00:44:00,2026-06-14 01:25:00,23.54,7.53,completed
SE-0007303,ST-040,2,2026-06-05 11:31:00,2026-06-05 11:53:00,11.29,,completed
SE-0010073,ST-028,2,2026-06-19 12:36:00,2026-06-19 13:17:00,28.53,9.13,completed
SE-0007562,ST-006,3,2026-06-07 13:50:00,2026-06-07 14:41:00,11.75,3.76,completed
SE-0004658,ST-035,1,2026-05-23 19:06:00,2026-05-23 19:58:00,31.2,9.98,completed
SE-0010474,ST-041,2,2026-06-21 10:27:00,2026-06-21 11:03:00,13.56,4.34,completed
SE-0011006,ST-025,2,2026-06-24 15:27:00,2026-06-24 16:07:00,35.36,11.32,completed
SE-0009743,ST-001,1,2026-06-18 11:17:00,2026-06-18 11:58:00,29.27,9.37,completed
SE-0001692,ST-011,2,2026-05-09 23:53:00,2026-05-10 00:33:00,4.97,1.59,completed
SE-0004488,ST-003,2,2026-05-23 18:11:00,2026-05-23 19:09:00,35.54,11.37,completed
SE-0011971,ST-017,2,2026-06-29 05:08:00,2026-06-29 05:33:00,12010,3.84,completed
SE-0006578,ST-009,1,2026-06-02 09:24:00,2026-06-02 10:24:00,17.69,5.66,completed
SE-0004923,ST-005,2,2026-05-25 06:44:00,2026-05-25 07:22:00,14.32,4.58,completed
SE-0006780,ST-010,1,2026-06-03 17:25:00,2026-06-03 18:17:00,42.67,13.65,completed
SE-0005766,ST-005,1,2026-05-29 03:17:00,2026-05-29 03:45:00,9.05,2.9,completed
SE-0003405,ST-023,2,2026-05-17 10:51:00,2026-05-17 11:02:00,5.85,1.87,completed
SE-0008531,ST-004,2,2026-06-12 21:36:00,2026-06-12 21:44:00,4.71,1.51,completed
SE-0001561,ST-020,2,2026-05-08 02:11:00,2026-05-08 02:40:00,18.64,5.96,completed
SE-0009523,ST-037,2,2026-06-16 06:48:00,2026-06-16 07:27:00,21.66,6.93,completed
SE-0006011,ST-014,6,2026-05-30 00:02:00,2026-05-30 00:51:00,24.09,,completed
SE-0007765,ST-006,1,2026-06-08 00:23:00,2026-06-08 01:07:00,21.94,7.02,aborted
SE-0007539,ST-003,2,2026-06-07 19:46:00,2026-06-07 20:56:00,59.13,18.92,completed
SE-0005471,ST-033,2,2026-05-27 18:54:00,2026-05-27 19:47:00,22.25,7.12,completed
SE-0011927,ST-014,2,2026-06-29 03:02:00,2026-06-29 04:08:00,52.91,16.93,completed
SE-0003844,ST-034,1,2026-05-19 00:51:00,2026-05-19 01:39:00,21.13,6.76,completed
SE-0008711,ST-003,2,2026-06-13 12:49:00,2026-06-13 13:20:00,28.2,9.02,completed
SE-0005960,ST-005,2,2026-05-30 09:01:00,2026-05-30 09:45:00,28.5,9.12,completed
SE-0004127,ST-009,1,2026-05-21 11:43:00,2026-05-21 12:25:00,30.44,,completed
SE-0000427,ST-006,1,2026-05-03 01:32:00,2026-05-03 02:40:00,59.6,19.07,completed
SE-0004618,ST-023,1,2026-05-23 06:20:00,2026-05-23 06:34:00,5.98,1.91,completed
SE-0009915,ST-034,4,2026-06-18 09:15:00,2026-06-18 09:59:00,25.94,8.3,completed
SE-0011950,ST-015,1,2026-06-29 02:06:00,2026-06-29 02:28:00,4.66,1.49,completed
SE-0003128,ST-009,2,2026-05-16 12:08:00,2026-05-16 12:57:00,36.86,11.8,completed
SE-0004891,ST-001,3,2026-05-25 13:40:00,2026-05-25 14:21:00,24.53,,completed
SE-0007814,ST-015,2,2026-06-08 19:06:00,2026-06-08 19:58:00,29.23,9.35,completed
SE-0007528,ST-002,2,2026-06-07 06:36:00,2026-06-07 07:30:00,33.21,10.63,aborted
SE-0006048,ST-018,1,2026-05-30 19:17:00,2026-05-30 20:24:00,21.63,6.92,completed
SE-0009609,ST-012,1,2026-06-17 10:04:00,2026-06-17 10:38:00,12.22,3.91,completed
SE-0008341,ST-007,3,2026-06-11 00:23:00,2026-06-11 01:21:00,36.08,11.55,completed
SE-0000368,ST-038,2,2026-05-02 11:48:00,2026-05-02 12:41:00,15.92,5.09,completed
SE-0001461,ST-001,1,2026-05-08 23:44:00,2026-05-09 01:11:00,60.96,19.51,completed
SE-0000926,ST-017,1,2026-05-05 02:44:00,2026-05-05 03:40:00,29570,9.46,completed
SE-0003024,ST-033,1,2026-05-15 14:52:00,2026-05-15 15:26:00,23.59,7.55,completed
SE-0009497,ST-029,2,2026-06-16 09:10:00,2026-06-16 10:00:00,20.67,6.61,completed
SE-0011929,ST-014,4,2026-06-29 18:47:00,2026-06-29 19:29:00,32.5,10.4,completed
SE-0004442,ST-034,1,2026-05-22 08:23:00,2026-05-22 08:44:00,11.72,3.75,completed
SE-0003582,ST-022,3,2026-05-18 17:09:00,2026-05-18 17:59:00,22.35,7.15,completed
SE-0001920,ST-015,2,2026-05-10 12:28:00,2026-05-10 12:59:00,11.16,3.57,completed
SE-0002668,ST-001,4,2026-05-14 09:04:00,2026-05-14 10:29:00,52.96,16.95,completed
SE-0009639,ST-017,2,2026-06-17 22:27:00,2026-06-17 23:34:00,50180,,completed
SE-0007086,ST-033,1,2026-06-04 13:32:00,2026-06-04 14:24:00,45.03,14.41,completed
SE-0008767,ST-009,1,2026-06-13 02:46:00,2026-06-13 03:16:00,18.2,5.82,completed
SE-0009330,ST-001,2,2026-06-16 06:39:00,2026-06-16 07:06:00,14.86,4.76,completed
SE-0011010,ST-025,2,2026-06-24 12:55:00,2026-06-24 13:14:00,10.69,3.42,completed
SE-0011199,ST-023,1,2026-06-25 17:39:00,2026-06-25 18:05:00,14.13,4.52,completed
SE-0003210,ST-023,1,2026-05-16 19:12:00,2026-05-16 19:43:00,17.6,5.63,completed
SE-0002521,ST-011,1,2026-05-13 06:27:00,2026-05-13 07:14:00,4.65,1.49,faulted
SE-0006194,ST-008,1,2026-05-31 03:28:00,2026-05-31 04:18:00,26.6,8.51,completed
SE-0006943,ST-003,1,2026-06-04 08:33:00,2026-06-04 08:59:00,9.49,3.04,completed
SE-0000004,ST-001,2,2026-05-01 19:42:00,2026-05-01 20:40:00,31.94,10.22,completed
SE-0004403,ST-026,2,2026-05-22 03:43:00,2026-05-22 04:36:00,13.58,4.35,completed
SE-0009738,ST-001,2,2026-06-18 20:09:00,2026-06-18 20:40:00,29.63,9.48,completed
SE-0007430,ST-023,2,2026-06-06 05:46:00,2026-06-06 06:13:00,16.67,5.33,completed
SE-0001238,ST-001,4,2026-05-07 05:07:00,2026-05-07 06:15:00,11.83,3.79,completed
SE-0004489,ST-003,2,2026-05-23 06:48:00,2026-05-23 07:23:00,15.05,4.82,completed
SE-0009337,ST-001,4,2026-06-16 00:50:00,2026-06-16 01:35:00,14.42,4.61,completed
SE-0000624,ST-005,1,2026-05-04 05:31:00,2026-05-04 06:06:00,19.78,6.33,completed
SE-0001150,ST-022,1,2026-05-06 12:50:00,2026-05-06 13:36:00,6.51,2.08,completed
SE-0004088,ST-004,1,2026-05-21 07:48:00,2026-05-21 08:08:00,19.28,6.17,completed
SE-0004562,ST-015,1,2026-05-23 08:09:00,2026-05-23 08:42:00,21.03,6.73,completed
SE-0000416,ST-005,2,2026-05-03 02:41:00,2026-05-03 03:28:00,29.94,9.58,completed
SE-0011416,ST-029,4,2026-06-26 04:53:00,2026-06-26 04:59:00,3.23,1.03,completed
SE-0006266,ST-024,2,2026-05-31 15:01:00,2026-05-31 15:45:00,19.53,,completed
SE-0008855,ST-025,2,2026-06-13 09:18:00,2026-06-13 09:35:00,9.49,3.04,completed
SE-0000224,ST-005,1,2026-05-02 09:39:00,2026-05-02 10:31:00,26.19,8.38,completed
SE-0003913,ST-008,1,2026-05-20 12:25:00,2026-05-20 13:23:00,39.63,12.68,completed
SE-0006056,ST-022,3,2026-05-30 20:22:00,2026-05-30 21:18:00,35.42,11.33,completed
SE-0003987,ST-023,2,2026-05-20 02:34:00,2026-05-20 03:26:00,27.43,8.78,completed
SE-0012048,ST-039,1,2026-06-29 08:51:00,2026-06-29 09:44:00,20.65,,completed
SE-0011942,ST-015,2,2026-06-29 17:49:00,2026-06-29 18:28:00,17.95,5.74,completed
SE-0002588,ST-023,2,2026-05-13 20:21:00,2026-05-13 21:12:00,19.55,6.26,completed
SE-0001878,ST-006,3,2026-05-10 13:58:00,2026-05-10 14:40:00,11.59,3.71,completed
SE-0011420,ST-030,6,2026-06-26 07:30:00,2026-06-26 08:09:00,21.93,,completed
SE-0001498,ST-007,6,2026-05-08 07:12:00,2026-05-08 08:12:00,17.4,5.57,aborted
SE-0008275,ST-039,1,2026-06-10 13:15:00,2026-06-10 13:28:00,9.09,,completed
SE-0003015,ST-031,5,2026-05-15 16:25:00,2026-05-15 16:47:00,24.39,7.8,completed
SE-0011729,ST-009,1,2026-06-28 14:43:00,2026-06-28 15:09:00,16.81,5.38,completed
SE-0002983,ST-022,4,2026-05-15 15:19:00,2026-05-15 15:57:00,30.21,9.67,completed
SE-0006294,ST-033,1,2026-05-31 19:20:00,2026-05-31 20:35:00,48.69,15.58,completed
SE-0007397,ST-015,2,2026-06-06 15:37:00,2026-06-06 16:06:00,21.69,6.94,completed
SE-0005377,ST-015,1,2026-05-27 22:35:00,2026-05-27 22:52:00,10.44,3.34,completed
SE-0011670,ST-042,1,2026-06-27 13:17:00,2026-06-27 13:38:00,10.19,3.26,completed
SE-0007232,ST-022,3,2026-06-05 18:10:00,2026-06-05 18:53:00,33.48,10.71,completed
SE-0008497,ST-041,1,2026-06-11 21:41:00,2026-06-11 22:24:00,18.37,5.88,completed
SE-0004605,ST-022,4,2026-05-23 06:56:00,2026-05-23 07:33:00,26.52,8.49,completed
SE-0010508,ST-005,1,2026-06-22 07:40:00,2026-06-22 08:22:00,16.72,5.35,completed
SE-0007468,ST-029,3,2026-06-06 14:31:00,2026-06-06 15:19:00,52.56,16.82,completed
SE-0006635,ST-021,1,2026-06-02 20:48:00,2026-06-02 21:45:00,36.57,11.7,completed
SE-0007414,ST-018,1,2026-06-06 11:11:00,2026-06-06 12:00:00,27.52,8.81,completed
SE-0007166,ST-009,2,2026-06-05 21:56:00,2026-06-05 23:10:00,29.63,9.48,completed
SE-0007694,ST-034,4,2026-06-07 11:50:00,2026-06-07 12:33:00,38.24,12.24,completed
SE-0003807,ST-025,1,2026-05-19 13:35:00,2026-05-19 14:29:00,22.24,7.12,completed
SE-0001218,ST-036,2,2026-05-06 20:43:00,2026-05-06 20:59:00,7.83,2.51,completed
SE-0006981,ST-011,1,2026-06-04 17:54:00,2026-06-04 18:31:00,17.91,5.73,completed
SE-0012041,ST-036,3,2026-06-29 00:51:00,2026-06-29 00:59:00,5.39,1.72,completed
SE-0009828,ST-016,2,2026-06-18 22:40:00,2026-06-18 23:10:00,19.25,6.16,completed
SE-0003297,ST-001,4,2026-05-17 05:43:00,2026-05-17 06:11:00,18.84,6.03,completed
SE-0001058,ST-005,1,2026-05-06 01:45:00,2026-05-06 02:35:00,34.96,11.19,completed
SE-0001074,ST-006,3,2026-05-06 10:02:00,2026-05-06 10:35:00,19.06,6.1,completed
SE-0006284,ST-029,2,2026-05-31 16:25:00,2026-05-31 17:01:00,22.18,7.1,aborted
SE-0008832,ST-021,4,2026-06-13 18:40:00,2026-06-13 19:31:00,23.25,7.44,completed
SE-0000116,ST-025,2,2026-05-01 08:10:00,2026-05-01 08:36:00,21.29,6.81,completed
SE-0010948,ST-014,4,2026-06-24 07:10:00,2026-06-24 07:48:00,18.23,5.83,completed
SE-0001746,ST-022,4,2026-05-09 21:17:00,2026-05-09 22:04:00,16.16,5.17,completed
SE-0008067,ST-033,2,2026-06-09 10:17:00,2026-06-09 11:13:00,24.16,7.73,completed
SE-0001206,ST-034,3,2026-05-06 14:22:00,2026-05-06 15:34:00,41.27,,completed
SE-0007385,ST-015,1,2026-06-06 07:49:00,2026-06-06 08:30:00,11.71,3.75,completed
SE-0001452,ST-001,1,2026-05-08 07:40:00,2026-05-08 08:24:00,26.63,8.52,completed
SE-0003285,ST-041,4,2026-05-16 12:20:00,2026-05-16 12:33:00,8.48,2.71,completed
SE-0011353,ST-015,2,2026-06-26 17:29:00,2026-06-26 17:58:00,19.88,6.36,completed
SE-0009945,ST-001,2,2026-06-19 02:09:00,2026-06-19 02:48:00,27.84,8.91,completed
SE-0012052,ST-041,1,2026-06-29 00:40:00,2026-06-29 01:06:00,16.41,5.25,completed
SE-0001686,ST-009,2,2026-05-09 23:57:00,2026-05-10 00:41:00,40.55,12.98,completed
SE-0007660,ST-025,1,2026-06-07 15:12:00,2026-06-07 15:46:00,14.52,4.65,completed
SE-0005114,ST-005,2,2026-05-26 23:37:00,2026-05-27 00:18:00,20.76,6.64,completed
SE-0007113,ST-041,6,2026-06-04 03:31:00,2026-06-04 04:34:00,30.01,9.6,completed
SE-0008783,ST-012,2,2026-06-13 23:02:00,2026-06-13 23:39:00,16.37,5.24,completed
SE-0005098,ST-002,1,2026-05-26 23:23:00,2026-05-27 00:04:00,14.87,4.76,completed
SE-0004293,ST-006,3,2026-05-22 13:30:00,2026-05-22 13:44:00,11.94,3.82,completed
SE-0000546,ST-030,4,2026-05-03 20:38:00,2026-05-03 21:02:00,19.48,6.23,completed
SE-0001876,ST-006,1,2026-05-10 21:21:00,2026-05-10 22:32:00,31.63,10.12,completed
SE-0006811,ST-015,2,2026-06-03 22:43:00,2026-06-03 23:08:00,6.9,2.21,completed
SE-0010201,ST-022,4,2026-06-20 08:52:00,2026-06-20 10:05:00,27.6,8.83,completed
SE-0009038,ST-020,2,2026-06-14 18:56:00,2026-06-14 20:16:00,53.63,17.16,completed
SE-0008927,ST-003,2,2026-06-14 04:28:00,2026-06-14 05:01:00,19.66,6.29,aborted
SE-0011289,ST-003,2,2026-06-26 17:26:00,2026-06-26 17:46:00,6.77,2.17,completed
SE-0006913,ST-039,2,2026-06-03 08:26:00,2026-06-03 09:05:00,18.34,5.87,completed
SE-0004844,ST-029,4,2026-05-24 17:47:00,2026-05-24 18:59:00,64.49,20.64,completed
SE-0011606,ST-025,1,2026-06-27 11:47:00,2026-06-27 12:38:00,15.59,4.99,completed
SE-0001240,ST-001,2,2026-05-07 09:18:00,2026-05-07 10:17:00,33.78,10.81,completed
SE-0007669,ST-028,1,2026-06-07 18:15:00,2026-06-07 18:53:00,30.57,9.78,completed
SE-0004890,ST-001,4,2026-05-25 02:53:00,2026-05-25 03:26:00,25.41,8.13,completed
SE-0011082,ST-001,2,2026-06-25 23:37:00,2026-06-25 23:56:00,8.38,2.68,completed
SE-0008313,ST-005,1,2026-06-11 01:24:00,2026-06-11 02:17:00,22.49,7.2,completed
SE-0006623,ST-017,1,2026-06-02 14:05:00,2026-06-02 15:11:00,52410,16.77,completed
SE-0007576,ST-009,1,2026-06-07 18:34:00,2026-06-07 18:42:00,3.72,1.19,completed
SE-0004045,ST-040,1,2026-05-20 17:07:00,2026-05-20 17:26:00,8.29,2.65,completed
SE-0010652,ST-040,2,2026-06-22 17:54:00,2026-06-22 18:57:00,32.62,10.44,completed
SE-0005622,ST-020,1,2026-05-28 10:02:00,2026-05-28 11:02:00,43.24,13.84,completed
SE-0010140,ST-008,1,2026-06-20 02:12:00,2026-06-20 02:38:00,15.45,4.94,completed
SE-0001569,ST-022,1,2026-05-08 22:46:00,2026-05-08 23:05:00,2.14,0.68,completed
SE-0006783,ST-010,1,2026-06-03 12:54:00,2026-06-03 13:51:00,29.95,9.58,completed
SE-0002245,ST-038,1,2026-05-11 22:15:00,2026-05-11 22:38:00,10.19,3.26,completed
SE-0002694,ST-003,1,2026-05-14 22:43:00,2026-05-14 23:35:00,34.03,,completed
SE-0006120,ST-033,2,2026-05-30 05:30:00,2026-05-30 05:51:00,10.78,3.45,completed
SE-0005969,ST-006,6,2026-05-30 05:50:00,2026-05-30 06:37:00,16.5,5.28,completed
SE-0002281,ST-003,1,2026-05-12 07:13:00,2026-05-12 07:38:00,12.86,,completed
SE-0002518,ST-010,2,2026-05-13 02:20:00,2026-05-13 03:07:00,34.22,10.95,completed
SE-0009004,ST-015,1,2026-06-14 18:26:00,2026-06-14 19:19:00,14.47,4.63,completed
SE-0009655,ST-022,3,2026-06-17 08:15:00,2026-06-17 08:58:00,38.81,12.42,completed
SE-0011045,ST-035,2,2026-06-24 08:34:00,2026-06-24 09:31:00,16.15,5.17,completed
SE-0006673,ST-028,2,2026-06-02 05:18:00,2026-06-02 06:30:00,58.27,18.65,completed
SE-0006457,ST-022,5,2026-06-01 17:31:00,2026-06-01 18:20:00,28.48,9.11,completed
SE-0008999,ST-015,1,2026-06-14 03:38:00,2026-06-14 04:32:00,35.9,11.49,completed
SE-0007234,ST-022,4,2026-06-05 21:10:00,2026-06-05 21:57:00,25.78,8.25,completed
SE-0001094,ST-012,1,2026-05-06 05:10:00,2026-05-06 05:51:00,14.12,4.52,completed
SE-0001387,ST-025,2,2026-05-07 12:01:00,2026-05-07 12:31:00,18.55,5.94,completed
SE-0011452,ST-041,3,2026-06-26 13:18:00,2026-06-26 14:00:00,32.11,10.28,completed
SE-0011231,ST-032,3,2026-06-25 04:01:00,2026-06-25 05:04:00,35.3,11.3,completed
SE-0011306,ST-006,4,2026-06-26 03:10:00,2026-06-26 04:04:00,34.55,11.06,completed
SE-0010866,ST-041,3,2026-06-23 03:30:00,2026-06-23 03:53:00,15.63,5.0,completed
SE-0000056,ST-014,5,2026-05-01 03:44:00,2026-05-01 04:33:00,24.75,,completed
SE-0004397,ST-025,2,2026-05-22 04:54:00,2026-05-22 05:25:00,9.68,3.1,completed
SE-0005358,ST-014,5,2026-05-27 06:55:00,2026-05-27 07:40:00,23.98,7.67,completed
SE-0004408,ST-029,3,2026-05-22 21:39:00,2026-05-22 22:34:00,26.7,8.54,completed
SE-0003443,ST-034,3,2026-05-17 16:53:00,2026-05-17 17:49:00,31.1,9.95,completed
SE-0003746,ST-015,1,2026-05-19 07:32:00,2026-05-19 08:49:00,52.09,16.67,completed
SE-0002877,ST-041,4,2026-05-14 10:54:00,2026-05-14 11:37:00,26.09,8.35,completed
SE-0007617,ST-018,4,2026-06-07 12:27:00,2026-06-07 13:30:00,44.2,14.14,completed
SE-0011725,ST-008,2,2026-06-28 02:44:00,2026-06-28 03:54:00,42.47,13.59,completed
SE-0005154,ST-014,6,2026-05-26 07:46:00,2026-05-26 07:52:00,1.59,0.51,completed
SE-0004405,ST-027,3,2026-05-22 05:43:00,2026-05-22 06:26:00,18.38,5.88,completed
SE-0005310,ST-005,1,2026-05-27 21:40:00,2026-05-27 22:27:00,32.38,10.36,completed
SE-0005177,ST-017,1,2026-05-26 18:53:00,2026-05-26 20:14:00,44100,14.11,completed
SE-0001199,ST-031,2,2026-05-06 18:04:00,2026-05-06 19:06:00,42.56,13.62,completed
SE-0010882,ST-002,1,2026-06-24 05:52:00,2026-06-24 06:35:00,23.78,7.61,completed
SE-0002547,ST-015,1,2026-05-13 17:37:00,2026-05-13 18:29:00,30.9,9.89,completed
SE-0003623,ST-034,1,2026-05-18 04:23:00,2026-05-18 05:05:00,31.58,10.11,completed
SE-0007436,ST-023,1,2026-06-06 18:42:00,2026-06-06 19:15:00,14.7,,completed
SE-0008875,ST-031,2,2026-06-13 00:51:00,2026-06-13 02:08:00,30.28,9.69,completed
SE-0004114,ST-006,4,2026-05-21 05:00:00,2026-05-21 05:18:00,10.17,3.25,completed
SE-0002577,ST-022,4,2026-05-13 18:57:00,2026-05-13 19:23:00,3.94,1.26,aborted
SE-0005184,ST-021,4,2026-05-26 13:12:00,2026-05-26 13:50:00,10.72,3.43,completed
SE-0004085,ST-003,2,2026-05-21 23:04:00,2026-05-22 00:14:00,56.24,18.0,completed
SE-0006028,ST-016,2,2026-05-30 01:55:00,2026-05-30 02:23:00,9.26,2.96,completed
SE-0007158,ST-006,6,2026-06-05 20:59:00,2026-06-05 21:45:00,8.05,2.58,completed
SE-0005225,ST-028,1,2026-05-26 07:33:00,2026-05-26 07:58:00,10.4,3.33,completed
SE-0009405,ST-011,2,2026-06-16 01:26:00,2026-06-16 02:16:00,35.84,,completed
SE-0000242,ST-009,2,2026-05-02 13:50:00,2026-05-02 14:26:00,17.68,5.66,completed
SE-0005495,ST-041,6,2026-05-27 14:35:00,2026-05-27 14:57:00,15.02,4.81,completed
SE-0008603,ST-022,3,2026-06-12 07:20:00,2026-06-12 07:44:00,13.83,4.43,completed
SE-0010592,ST-022,6,2026-06-22 21:48:00,2026-06-22 22:09:00,8.93,2.86,completed
SE-0002914,ST-006,5,2026-05-15 22:33:00,2026-05-15 23:48:00,64.5,20.64,completed
SE-0011714,ST-006,2,2026-06-28 03:18:00,2026-06-28 04:13:00,27.07,,completed
SE-0009680,ST-025,1,2026-06-17 22:49:00,2026-06-17 22:55:00,3.14,1.0,completed
SE-0004038,ST-037,3,2026-05-20 14:27:00,2026-05-20 15:13:00,29.6,9.47,completed
SE-0008001,ST-015,1,2026-06-09 22:42:00,2026-06-09 23:54:00,30.51,9.76,completed
SE-0001908,ST-014,6,2026-05-10 08:25:00,2026-05-10 09:30:00,45.53,14.57,aborted
SE-0009907,ST-033,2,2026-06-18 21:16:00,2026-06-18 22:31:00,29.58,9.47,completed
SE-0009164,ST-005,1,2026-06-15 02:57:00,2026-06-15 03:29:00,12.39,3.96,completed
SE-0007661,ST-025,1,2026-06-07 09:02:00,2026-06-07 09:11:00,3.98,1.27,completed
SE-0007027,ST-017,2,2026-06-04 11:15:00,2026-06-04 11:29:00,9310,2.98,completed
SE-0000157,ST-033,1,2026-05-01 14:27:00,2026-05-01 15:01:00,1.5,0.48,completed
SE-0008599,ST-020,2,2026-06-12 09:45:00,2026-06-12 10:22:00,20.64,6.6,completed
SE-0012002,ST-025,2,2026-06-29 22:34:00,2026-06-29 23:08:00,19.37,6.2,completed
SE-0004938,ST-008,2,2026-05-25 09:27:00,2026-05-25 10:12:00,28.14,9.0,completed
SE-0001946,ST-020,2,2026-05-10 12:58:00,2026-05-10 13:47:00,25.58,8.19,completed
SE-0010456,ST-034,3,2026-06-21 01:41:00,2026-06-21 02:16:00,23.29,7.45,completed
SE-0001168,ST-023,1,2026-05-06 18:42:00,2026-05-06 19:34:00,15.49,4.96,completed
SE-0002498,ST-006,1,2026-05-13 17:41:00,2026-05-13 18:13:00,8.91,2.85,completed
SE-0003820,ST-029,4,2026-05-19 12:18:00,2026-05-19 13:02:00,13.93,4.46,completed
SE-0007910,ST-039,2,2026-06-08 02:35:00,2026-06-08 03:17:00,27.0,8.64,completed
SE-0010464,ST-039,3,2026-06-21 10:37:00,2026-06-21 11:02:00,8.52,2.73,completed
SE-0003667,ST-001,4,2026-05-19 14:42:00,2026-05-19 15:10:00,3.52,1.13,completed
SE-0001034,ST-001,3,2026-05-06 06:35:00,2026-05-06 07:03:00,13.84,4.43,completed
SE-0009643,ST-019,3,2026-06-17 03:49:00,2026-06-17 04:40:00,36.43,11.66,completed
SE-0003712,ST-006,6,2026-05-19 05:33:00,2026-05-19 06:25:00,32.18,10.3,completed
SE-0008883,ST-033,1,2026-06-13 16:39:00,2026-06-13 17:15:00,18.36,5.88,completed
SE-0004058,ST-001,1,2026-05-21 12:33:00,2026-05-21 12:52:00,5.82,1.86,aborted
SE-0011893,ST-006,4,2026-06-29 20:37:00,2026-06-29 21:36:00,34.64,11.08,completed
SE-0001462,ST-001,2,2026-05-08 18:18:00,2026-05-08 18:54:00,22.85,7.31,completed
SE-0005745,ST-003,2,2026-05-29 21:02:00,2026-05-29 21:08:00,4.29,1.37,completed
SE-0003514,ST-006,6,2026-05-18 13:48:00,2026-05-18 14:10:00,9.95,,completed
SE-0004139,ST-012,1,2026-05-21 20:41:00,2026-05-21 20:47:00,2.38,0.76,completed
SE-0001099,ST-013,2,2026-05-06 13:44:00,2026-05-06 14:23:00,24.95,7.98,completed
SE-0008333,ST-006,6,2026-06-11 21:09:00,2026-06-11 21:42:00,28.85,9.23,completed
SE-0011060,ST-041,6,2026-06-24 10:26:00,2026-06-24 10:32:00,3.93,1.26,completed
SE-0003958,ST-017,2,2026-05-20 17:45:00,2026-05-20 18:20:00,25010,8.0,completed
SE-0011429,ST-033,1,2026-06-26 21:36:00,2026-06-26 22:04:00,6.6,,completed
SE-0002097,ST-005,1,2026-05-11 05:05:00,2026-05-11 05:56:00,21.91,7.01,completed
SE-0002494,ST-006,5,2026-05-13 19:23:00,2026-05-13 20:28:00,17.51,5.6,completed
SE-0004150,ST-014,5,2026-05-21 11:34:00,2026-05-21 12:38:00,32.27,10.33,completed
SE-0003730,ST-010,1,2026-05-19 00:14:00,2026-05-19 01:14:00,42.79,13.69,completed
SE-0004861,ST-033,2,2026-05-24 13:22:00,2026-05-24 14:12:00,28.91,9.25,completed
SE-0008198,ST-017,2,2026-06-10 12:05:00,2026-06-10 12:42:00,10280,,completed
SE-0010057,ST-025,2,2026-06-19 06:58:00,2026-06-19 07:53:00,39.01,12.48,completed
SE-0010045,ST-023,2,2026-06-19 15:18:00,2026-06-19 16:14:00,21.46,6.87,completed
SE-0009852,ST-022,6,2026-06-18 15:28:00,2026-06-18 16:03:00,16.85,5.39,completed
SE-0008448,ST-028,1,2026-06-11 09:00:00,2026-06-11 09:34:00,23.48,7.51,completed
SE-0009068,ST-025,1,2026-06-14 02:52:00,2026-06-14 03:47:00,24.09,7.71,aborted
SE-0006837,ST-017,1,2026-06-03 18:01:00,2026-06-03 18:18:00,12670,4.05,completed
SE-0004046,ST-041,6,2026-05-20 20:05:00,2026-05-20 20:52:00,34.66,11.09,completed
SE-0006605,ST-015,1,2026-06-02 14:15:00,2026-06-02 14:31:00,10.61,3.4,completed
SE-0006970,ST-009,1,2026-06-04 19:10:00,2026-06-04 19:36:00,13.86,4.44,completed
SE-0010430,ST-026,3,2026-06-21 11:27:00,2026-06-21 12:07:00,15.5,4.96,completed
SE-0006733,ST-003,2,2026-06-03 05:34:00,2026-06-03 06:30:00,25.91,8.29,completed
SE-0005854,ST-023,1,2026-05-29 11:40:00,2026-05-29 12:32:00,35.42,11.33,completed
SE-0003066,ST-041,4,2026-05-15 19:56:00,2026-05-15 20:06:00,3.81,1.22,completed
SE-0008315,ST-005,1,2026-06-11 10:47:00,2026-06-11 11:45:00,32.33,10.35,completed
SE-0008344,ST-008,1,2026-06-11 04:18:00,2026-06-11 05:16:00,21.6,,completed
SE-0008655,ST-033,2,2026-06-12 06:11:00,2026-06-12 06:46:00,17.14,5.48,completed
SE-0008506,ST-042,4,2026-06-11 03:30:00,2026-06-11 04:10:00,28.53,9.13,completed
SE-0004419,ST-032,4,2026-05-22 00:24:00,2026-05-22 01:22:00,38.77,12.41,completed
SE-0011650,ST-036,1,2026-06-27 07:00:00,2026-06-27 08:04:00,25.96,,completed
SE-0007573,ST-009,1,2026-06-07 03:53:00,2026-06-07 04:16:00,7.77,2.49,completed
SE-0002985,ST-022,5,2026-05-15 15:08:00,2026-05-15 16:31:00,53.81,17.22,completed
SE-0011131,ST-010,2,2026-06-25 06:29:00,2026-06-25 06:39:00,3.51,1.12,completed
SE-0003228,ST-025,1,2026-05-16 05:58:00,2026-05-16 06:43:00,28.87,9.24,aborted
SE-0002911,ST-005,1,2026-05-15 19:33:00,2026-05-15 19:55:00,11.3,3.62,completed
SE-0001515,ST-011,1,2026-05-08 10:57:00,2026-05-08 11:41:00,15.83,5.07,faulted
SE-0006971,ST-009,2,2026-06-04 23:58:00,2026-06-05 00:41:00,31.24,10.0,completed
SE-0003796,ST-023,2,2026-05-19 23:15:00,2026-05-19 23:54:00,13.82,4.42,completed
SE-0007811,ST-015,1,2026-06-08 03:30:00,2026-06-08 04:07:00,19.28,6.17,completed
SE-0001355,ST-022,6,2026-05-07 21:48:00,2026-05-07 22:24:00,15.65,5.01,completed
SE-0001991,ST-028,1,2026-05-10 18:37:00,2026-05-10 19:06:00,11.09,3.55,completed
SE-0008588,ST-017,1,2026-06-12 23:00:00,2026-06-12 23:11:00,7510,2.4,completed
SE-0000502,ST-022,5,2026-05-03 05:41:00,2026-05-03 06:36:00,21.12,6.76,completed
SE-0009539,ST-001,1,2026-06-17 14:37:00,2026-06-17 15:06:00,24.06,7.7,completed
SE-0002895,ST-003,1,2026-05-15 16:23:00,2026-05-15 17:04:00,25.49,8.16,completed
SE-0007077,ST-033,2,2026-06-04 16:30:00,2026-06-04 17:12:00,28.66,9.17,completed
SE-0004116,ST-006,2,2026-05-21 01:52:00,2026-05-21 02:23:00,15.09,,completed
SE-0007152,ST-005,2,2026-06-05 21:11:00,2026-06-05 21:45:00,13.71,4.39,completed
SE-0005218,ST-025,1,2026-05-26 20:18:00,2026-05-26 20:24:00,3.25,1.04,completed
SE-0007807,ST-015,2,2026-06-08 21:40:00,2026-06-08 22:36:00,28.38,9.08,completed
SE-0009279,ST-029,3,2026-06-15 10:10:00,2026-06-15 10:45:00,23.34,7.47,completed
SE-0008565,ST-014,6,2026-06-12 23:10:00,2026-06-13 00:03:00,29.09,,completed
SE-0004309,ST-008,1,2026-05-22 02:02:00,2026-05-22 02:47:00,22.15,7.09,completed
SE-0003343,ST-008,2,2026-05-17 09:39:00,2026-05-17 10:05:00,14.17,4.53,completed
SE-0003885,ST-003,2,2026-05-20 20:10:00,2026-05-20 20:46:00,5.46,1.75,completed
SE-0002354,ST-015,1,2026-05-12 16:59:00,2026-05-12 17:47:00,26.7,8.54,completed
SE-0001321,ST-015,1,2026-05-07 07:09:00,2026-05-07 07:56:00,27.11,8.68,completed
SE-0008557,ST-010,1,2026-06-12 19:52:00,2026-06-12 20:23:00,23.69,7.58,completed
SE-0008400,ST-019,5,2026-06-11 21:29:00,2026-06-11 22:26:00,33.48,10.71,completed
SE-0007387,ST-015,2,2026-06-06 16:17:00,2026-06-06 17:14:00,34.44,11.02,completed
SE-0006507,ST-034,4,2026-06-01 23:34:00,2026-06-01 23:59:00,20.72,6.63,completed
SE-0000945,ST-022,6,2026-05-05 08:06:00,2026-05-05 08:54:00,27.1,8.67,completed
SE-0010831,ST-033,2,2026-06-23 05:24:00,2026-06-23 06:26:00,18.86,6.04,completed
SE-0007538,ST-003,1,2026-06-07 16:40:00,2026-06-07 17:24:00,34.06,10.9,completed
SE-0009959,ST-003,1,2026-06-19 19:17:00,2026-06-19 20:03:00,37.23,11.91,completed
SE-0003756,ST-015,2,2026-05-19 16:04:00,2026-05-19 16:39:00,8.42,2.69,completed
SE-0005001,ST-022,2,2026-05-25 04:53:00,2026-05-25 05:36:00,31.12,9.96,completed
SE-0010665,ST-041,5,2026-06-22 14:51:00,2026-06-22 15:26:00,19.43,6.22,completed
SE-0004598,ST-022,6,2026-05-23 12:06:00,2026-05-23 12:58:00,47.83,15.31,completed
SE-0006884,ST-029,2,2026-06-03 07:16:00,2026-06-03 07:57:00,22.18,7.1,completed
SE-0009277,ST-029,1,2026-06-15 12:53:00,2026-06-15 13:15:00,8.53,2.73,completed
SE-0010010,ST-014,4,2026-06-19 16:08:00,2026-06-19 16:14:00,1.63,0.52,completed
SE-0010398,ST-022,1,2026-06-21 07:03:00,2026-06-21 07:53:00,28.49,,completed
SE-0009587,ST-006,1,2026-06-17 15:45:00,2026-06-17 16:41:00,32.27,10.33,completed
SE-0007422,ST-022,2,2026-06-06 08:57:00,2026-06-06 09:08:00,8.2,2.62,aborted
SE-0006218,ST-014,1,2026-05-31 05:26:00,2026-05-31 05:48:00,6.4,,completed
SE-0003917,ST-009,2,2026-05-20 15:06:00,2026-05-20 16:23:00,67.45,21.58,completed
SE-0004477,ST-002,2,2026-05-23 17:37:00,2026-05-23 18:22:00,10.22,3.27,completed
SE-0003513,ST-006,5,2026-05-18 16:01:00,2026-05-18 16:31:00,23.66,7.57,completed
SE-0000003,ST-001,2,2026-05-01 21:01:00,2026-05-01 21:43:00,38.69,12.38,completed
SE-0006917,ST-041,5,2026-06-03 12:28:00,2026-06-03 13:26:00,23.52,7.53,completed
SE-0000499,ST-022,1,2026-05-03 11:32:00,2026-05-03 11:57:00,14.54,4.65,completed
SE-0003234,ST-028,1,2026-05-16 02:10:00,2026-05-16 02:47:00,24.73,7.91,completed
SE-0006270,ST-025,1,2026-05-31 06:48:00,2026-05-31 07:41:00,28.13,9.0,completed
SE-0007176,ST-012,2,2026-06-05 07:17:00,2026-06-05 08:11:00,32.63,10.44,completed
SE-0007456,ST-025,1,2026-06-06 07:25:00,2026-06-06 08:20:00,37.17,,completed
SE-0003151,ST-014,5,2026-05-16 14:02:00,2026-05-16 14:45:00,21.92,7.01,completed
SE-0009271,ST-027,2,2026-06-15 17:05:00,2026-06-15 17:50:00,28.09,8.99,completed
SE-0001290,ST-009,1,2026-05-07 09:04:00,2026-05-07 09:44:00,29.42,9.41,completed
SE-0011543,ST-012,1,2026-06-27 09:12:00,2026-06-27 09:49:00,17.66,5.65,aborted
SE-0008181,ST-015,1,2026-06-10 11:46:00,2026-06-10 12:22:00,16.93,5.42,completed
SE-0003942,ST-015,1,2026-05-20 03:31:00,2026-05-20 03:57:00,6.16,1.97,completed
SE-0008402,ST-020,2,2026-06-11 05:55:00,2026-06-11 06:43:00,15.97,5.11,completed
SE-0010092,ST-036,2,2026-06-19 10:15:00,2026-06-19 11:08:00,43.48,13.91,completed
SE-0008020,ST-017,1,2026-06-09 16:41:00,2026-06-09 17:43:00,45060,,completed
SE-0003332,ST-006,4,2026-05-17 22:19:00,2026-05-17 22:43:00,14.04,4.49,completed
SE-0010252,ST-037,1,2026-06-20 10:17:00,2026-06-20 11:38:00,69.37,22.2,completed
SE-0002164,ST-017,1,2026-05-11 02:08:00,2026-05-11 02:54:00,25690,8.22,completed
SE-0008650,ST-031,4,2026-06-12 09:36:00,2026-06-12 10:29:00,31.54,10.09,completed
SE-0005924,ST-041,6,2026-05-29 07:57:00,2026-05-29 08:22:00,9.34,2.99,completed
SE-0003527,ST-009,1,2026-05-18 08:12:00,2026-05-18 09:16:00,36.42,11.65,completed
SE-0005151,ST-014,6,2026-05-26 13:30:00,2026-05-26 14:10:00,32.78,10.49,completed
SE-0003400,ST-023,1,2026-05-17 16:04:00,2026-05-17 16:38:00,18.59,5.95,completed
SE-0009697,ST-032,4,2026-06-17 08:53:00,2026-06-17 09:10:00,9.88,3.16,completed
SE-0003167,ST-015,1,2026-05-16 20:14:00,2026-05-16 20:54:00,21.84,6.99,completed
SE-0008121,ST-005,1,2026-06-10 12:21:00,2026-06-10 12:54:00,12.19,3.9,completed
SE-0007752,ST-004,1,2026-06-08 10:48:00,2026-06-08 11:31:00,12.54,4.01,completed
SE-0007374,ST-012,1,2026-06-06 22:30:00,2026-06-07 00:00:00,58.13,,completed
SE-0001793,ST-033,1,2026-05-09 17:05:00,2026-05-09 17:37:00,12.07,3.86,completed
SE-0009899,ST-031,1,2026-06-18 02:51:00,2026-06-18 03:03:00,5.24,1.68,completed
SE-0000552,ST-033,2,2026-05-03 15:56:00,2026-05-03 16:21:00,5.22,1.67,completed
SE-0007395,ST-015,2,2026-06-06 09:59:00,2026-06-06 10:50:00,17.21,5.51,completed
SE-0007175,ST-012,1,2026-06-05 20:21:00,2026-06-05 20:49:00,18.01,5.76,completed
SE-0007493,ST-035,2,2026-06-06 13:10:00,2026-06-06 13:53:00,35.43,11.34,aborted
SE-0003869,ST-001,3,2026-05-20 04:04:00,2026-05-20 04:36:00,22.43,7.18,completed
SE-0000406,ST-003,1,2026-05-03 17:47:00,2026-05-03 18:13:00,5.63,1.8,completed
SE-0008212,ST-022,6,2026-06-10 05:23:00,2026-06-10 05:48:00,13.18,4.22,completed
SE-0010230,ST-030,2,2026-06-20 16:30:00,2026-06-20 16:43:00,7.43,2.38,completed
SE-0011374,ST-021,3,2026-06-26 14:20:00,2026-06-26 14:49:00,19.25,6.16,completed
SE-0007023,ST-017,1,2026-06-04 10:30:00,2026-06-04 11:30:00,41210,,completed
SE-0008239,ST-025,1,2026-06-10 05:37:00,2026-06-10 06:18:00,16.27,5.21,completed
SE-0007486,ST-034,3,2026-06-06 06:41:00,2026-06-06 07:37:00,24.4,7.81,completed
SE-0000270,ST-015,1,2026-05-02 04:32:00,2026-05-02 05:27:00,9.57,3.06,completed
SE-0008529,ST-003,1,2026-06-12 22:47:00,2026-06-12 23:28:00,22.3,7.14,completed
SE-0005834,ST-017,2,2026-05-29 16:29:00,2026-05-29 16:59:00,21440,6.86,completed
SE-0003831,ST-032,4,2026-05-19 22:37:00,2026-05-19 23:32:00,24.98,7.99,completed
SE-0001727,ST-017,2,2026-05-09 11:29:00,2026-05-09 12:21:00,45550,14.58,completed
SE-0001435,ST-041,6,2026-05-07 11:51:00,2026-05-07 12:33:00,27.89,8.92,completed
SE-0010647,ST-038,3,2026-06-22 10:56:00,2026-06-22 11:21:00,10.42,3.33,completed
SE-0005484,ST-036,2,2026-05-27 11:32:00,2026-05-27 11:54:00,13.51,4.32,completed
SE-0007996,ST-014,6,2026-06-09 06:30:00,2026-06-09 06:59:00,11.46,3.67,completed
SE-0005504,ST-001,2,2026-05-28 16:43:00,2026-05-28 17:13:00,3.74,1.2,completed
SE-0003488,ST-003,2,2026-05-18 22:49:00,2026-05-18 23:48:00,47.79,15.29,completed
SE-0006241,ST-017,2,2026-05-31 06:55:00,2026-05-31 07:19:00,8870,2.84,completed
SE-0007392,ST-015,1,2026-06-06 20:11:00,2026-06-06 21:18:00,32.25,10.32,completed
SE-0005141,ST-012,1,2026-05-26 04:30:00,2026-05-26 05:24:00,28.71,9.19,completed
SE-0001349,ST-022,1,2026-05-07 11:52:00,2026-05-07 12:36:00,37.53,12.01,completed
SE-0002648,ST-037,2,2026-05-13 07:46:00,2026-05-13 08:31:00,46.47,14.87,completed
SE-0008109,ST-002,2,2026-06-10 09:59:00,2026-06-10 11:03:00,35.83,11.47,completed
SE-0003695,ST-005,1,2026-05-19 09:06:00,2026-05-19 09:39:00,21.12,6.76,completed
SE-0004685,ST-001,4,2026-05-24 01:42:00,2026-05-24 02:19:00,23.3,7.46,completed
SE-0006521,ST-039,4,2026-06-01 06:52:00,2026-06-01 06:58:00,3.37,1.08,completed
SE-0002667,ST-001,1,2026-05-14 01:14:00,2026-05-14 01:49:00,24.21,7.75,completed
SE-0007275,ST-029,2,2026-06-05 12:30:00,2026-06-05 12:56:00,4.81,1.54,completed
SE-0003853,ST-036,1,2026-05-19 03:20:00,2026-05-19 03:55:00,19.84,6.35,completed
SE-0009194,ST-010,1,2026-06-15 06:13:00,2026-06-15 07:08:00,47.19,15.1,completed
SE-0009849,ST-022,3,2026-06-18 15:40:00,2026-06-18 16:23:00,14.86,4.76,completed
SE-0006471,ST-023,2,2026-06-01 14:28:00,2026-06-01 14:57:00,14.73,4.71,completed
SE-0003833,ST-033,2,2026-05-19 09:51:00,2026-05-19 10:48:00,32.96,10.55,completed
SE-0005588,ST-014,4,2026-05-28 07:31:00,2026-05-28 08:17:00,34.56,11.06,completed
SE-0011733,ST-010,1,2026-06-28 01:31:00,2026-06-28 02:28:00,33.59,10.75,completed
SE-0005179,ST-018,3,2026-05-26 20:25:00,2026-05-26 20:56:00,27.83,8.91,completed
SE-0003989,ST-023,2,2026-05-20 21:38:00,2026-05-20 22:16:00,24.16,7.73,completed
SE-0004610,ST-023,2,2026-05-23 20:50:00,2026-05-23 21:49:00,34.45,,completed
SE-0011352,ST-015,2,2026-06-26 23:21:00,2026-06-26 23:37:00,10.79,3.45,completed
SE-0004640,ST-029,2,2026-05-23 16:35:00,2026-05-23 17:34:00,28.93,9.26,completed
SE-0002467,ST-002,2,2026-05-13 06:11:00,2026-05-13 06:43:00,23.41,7.49,completed
SE-0008609,ST-022,4,2026-06-12 22:04:00,2026-06-12 23:01:00,29.22,9.35,completed
SE-0004901,ST-003,1,2026-05-25 23:57:00,2026-05-26 00:26:00,9.78,3.13,completed
SE-0010517,ST-007,3,2026-06-22 18:31:00,2026-06-22 19:38:00,30.75,9.84,completed
SE-0005947,ST-004,4,2026-05-30 02:45:00,2026-05-30 03:39:00,31.82,10.18,completed
SE-0008799,ST-015,1,2026-06-13 23:44:00,2026-06-14 00:09:00,7.46,2.39,completed
SE-0003265,ST-035,2,2026-05-16 18:00:00,2026-05-16 18:57:00,31.12,9.96,completed
SE-0002241,ST-036,2,2026-05-11 21:05:00,2026-05-11 21:31:00,22.5,7.2,completed
SE-0003251,ST-033,2,2026-05-16 09:19:00,2026-05-16 10:13:00,36.02,11.53,completed
SE-0008539,ST-005,2,2026-06-12 10:50:00,2026-06-12 11:26:00,22.63,7.24,completed
SE-0004472,ST-001,2,2026-05-23 06:25:00,2026-05-23 07:30:00,46.4,14.85,completed
SE-0000564,ST-037,1,2026-05-03 16:18:00,2026-05-03 16:58:00,22.58,7.23,completed
SE-0009621,ST-015,2,2026-06-17 02:21:00,2026-06-17 02:33:00,5.33,1.71,completed
SE-0004833,ST-025,2,2026-05-24 15:55:00,2026-05-24 16:38:00,20.19,6.46,completed
SE-0011984,ST-022,2,2026-06-29 23:10:00,2026-06-29 23:48:00,13.23,4.23,completed
SE-0009096,ST-029,3,2026-06-14 17:24:00,2026-06-14 17:49:00,15.91,5.09,aborted
SE-0011874,ST-003,2,2026-06-29 08:17:00,2026-06-29 09:32:00,47.81,15.3,completed
SE-0007111,ST-041,3,2026-06-04 09:37:00,2026-06-04 10:13:00,10.12,3.24,completed
SE-0009363,ST-005,2,2026-06-16 18:19:00,2026-06-16 19:28:00,23.38,7.48,completed
SE-0006442,ST-017,1,2026-06-01 23:19:00,2026-06-02 00:24:00,44510,14.24,completed
SE-0006716,ST-041,3,2026-06-02 03:43:00,2026-06-02 04:34:00,24.62,7.88,completed
SE-0001153,ST-022,2,2026-05-06 22:22:00,2026-05-06 22:42:00,9.73,3.11,completed
SE-0009826,ST-016,2,2026-06-18 02:46:00,2026-06-18 03:09:00,9.91,3.17,completed
SE-0006704,ST-036,1,2026-06-02 16:42:00,2026-06-02 17:43:00,33.42,10.69,completed
SE-0002865,ST-041,5,2026-05-14 19:34:00,2026-05-14 20:22:00,25.47,8.15,completed
SE-0010915,ST-007,6,2026-06-24 03:03:00,2026-06-24 03:41:00,26.96,8.63,completed
SE-0010802,ST-025,1,2026-06-23 20:29:00,2026-06-23 21:36:00,34.47,11.03,completed
SE-0008834,ST-022,1,2026-06-13 21:10:00,2026-06-13 21:34:00,16.61,5.32,completed
SE-0003201,ST-023,1,2026-05-16 02:27:00,2026-05-16 03:14:00,15.59,4.99,completed
SE-0002727,ST-009,2,2026-05-14 17:22:00,2026-05-14 18:17:00,37.87,12.12,completed
SE-0002221,ST-033,1,2026-05-11 22:26:00,2026-05-11 22:58:00,24.82,7.94,completed
SE-0007097,ST-036,3,2026-06-04 19:19:00,2026-06-04 19:43:00,4.31,1.38,completed
SE-0011286,ST-003,1,2026-06-26 05:31:00,2026-06-26 06:10:00,19.89,6.36,completed
SE-0006472,ST-023,2,2026-06-01 06:16:00,2026-06-01 06:40:00,16.8,5.38,completed
SE-0010684,ST-003,2,2026-06-23 02:31:00,2026-06-23 02:58:00,16.01,5.12,completed
SE-0009898,ST-030,6,2026-06-18 15:21:00,2026-06-18 15:46:00,7.26,2.32,completed
SE-0009173,ST-006,5,2026-06-15 13:40:00,2026-06-15 14:13:00,13.96,4.47,completed
SE-0011890,ST-006,1,2026-06-29 14:25:00,2026-06-29 15:02:00,17.45,5.58,completed
SE-0004181,ST-019,4,2026-05-21 02:02:00,2026-05-21 02:41:00,15.55,4.98,completed
SE-0003311,ST-003,1,2026-05-17 05:51:00,2026-05-17 06:29:00,21.85,6.99,completed
SE-0009008,ST-016,2,2026-06-14 02:55:00,2026-06-14 03:15:00,8.46,2.71,completed
SE-0011430,ST-033,1,2026-06-26 03:12:00,2026-06-26 03:59:00,37.15,11.89,completed
SE-0009856,ST-022,6,2026-06-18 00:34:00,2026-06-18 01:26:00,33.71,10.79,completed
SE-0001514,ST-011,2,2026-05-08 22:51:00,2026-05-08 23:24:00,17.63,5.64,completed
SE-0001715,ST-015,2,2026-05-09 14:25:00,2026-05-09 15:12:00,21.28,6.81,completed
SE-0010342,ST-009,1,2026-06-21 11:48:00,2026-06-21 12:35:00,25.37,8.12,completed
SE-0007393,ST-015,2,2026-06-06 12:49:00,2026-06-06 13:13:00,10.8,3.46,completed
SE-0006855,ST-022,4,2026-06-03 02:15:00,2026-06-03 02:55:00,18.47,5.91,completed
SE-0008289,ST-001,1,2026-06-11 21:34:00,2026-06-11 22:46:00,45.06,14.42,completed
SE-0011698,ST-004,3,2026-06-28 00:50:00,2026-06-28 02:00:00,21.61,6.92,completed
SE-0000160,ST-033,1,2026-05-01 10:58:00,2026-05-01 11:36:00,23.61,7.56,completed
SE-0010645,ST-037,1,2026-06-22 13:51:00,2026-06-22 14:23:00,13.54,4.33,completed
SE-0005094,ST-001,3,2026-05-26 07:04:00,2026-05-26 07:38:00,24.72,7.91,completed
SE-0007112,ST-041,6,2026-06-04 21:25:00,2026-06-04 22:21:00,54.02,17.29,completed
SE-0006560,ST-006,3,2026-06-02 15:56:00,2026-06-02 16:21:00,16.96,5.43,completed
SE-0008516,ST-001,4,2026-06-12 10:06:00,2026-06-12 11:09:00,26.2,8.38,completed
SE-0009818,ST-015,1,2026-06-18 23:32:00,2026-06-19 00:14:00,36.85,11.79,completed
SE-0010102,ST-041,5,2026-06-19 01:43:00,2026-06-19 02:18:00,10.59,3.39,aborted
SE-0000868,ST-005,1,2026-05-05 03:20:00,2026-05-05 04:32:00,42.23,13.51,completed
SE-0003816,ST-027,4,2026-05-19 17:30:00,2026-05-19 18:27:00,32.24,10.32,completed
SE-0011735,ST-010,2,2026-06-28 04:42:00,2026-06-28 05:12:00,15.86,5.08,completed
SE-0011058,ST-041,2,2026-06-24 13:37:00,2026-06-24 13:57:00,15.3,,completed
SE-0011112,ST-005,2,2026-06-25 10:54:00,2026-06-25 12:10:00,34.98,11.19,completed
SE-0009473,ST-023,1,2026-06-16 05:40:00,2026-06-16 05:46:00,6.41,2.05,completed
SE-0005078,ST-001,3,2026-05-26 13:19:00,2026-05-26 14:03:00,22.19,7.1,completed
SE-0007201,ST-015,2,2026-06-05 23:43:00,2026-06-06 00:14:00,21.33,6.83,completed
SE-0005015,ST-025,1,2026-05-25 09:22:00,2026-05-25 09:37:00,8.26,2.64,completed
SE-0011085,ST-002,2,2026-06-25 09:21:00,2026-06-25 09:53:00,31.21,9.99,completed
SE-0008362,ST-013,2,2026-06-11 19:08:00,2026-06-11 19:50:00,23.77,7.61,completed
SE-0007939,ST-001,2,2026-06-09 07:35:00,2026-06-09 08:48:00,55.0,17.6,completed
SE-0008047,ST-025,1,2026-06-09 14:12:00,2026-06-09 15:34:00,50.24,16.08,completed
SE-0005605,ST-015,2,2026-05-28 17:36:00,2026-05-28 17:55:00,12.34,3.95,completed
SE-0007198,ST-014,5,2026-06-05 17:00:00,2026-06-05 17:44:00,29.27,9.37,completed
SE-0011947,ST-015,2,2026-06-29 19:03:00,2026-06-29 19:49:00,20.52,6.57,completed
SE-0007832,ST-018,2,2026-06-08 14:27:00,2026-06-08 15:04:00,14.29,4.57,completed
SE-0008237,ST-025,1,2026-06-10 16:25:00,2026-06-10 16:39:00,11.69,3.74,completed
SE-0001916,ST-015,1,2026-05-10 14:06:00,2026-05-10 14:50:00,21.92,7.01,completed
SE-0011252,ST-037,2,2026-06-25 16:39:00,2026-06-25 17:39:00,42.59,13.63,completed
SE-0006957,ST-006,4,2026-06-04 06:04:00,2026-06-04 06:44:00,17.22,5.51,completed
SE-0007442,ST-023,2,2026-06-06 09:53:00,2026-06-06 10:37:00,21.25,,completed
SE-0004304,ST-008,2,2026-05-22 00:05:00,2026-05-22 00:43:00,26.21,8.39,completed
SE-0009303,ST-036,2,2026-06-15 09:05:00,2026-06-15 10:07:00,36.68,11.74,completed
SE-0003192,ST-022,3,2026-05-16 15:52:00,2026-05-16 16:39:00,13.8,4.42,completed
SE-0010717,ST-006,3,2026-06-23 08:06:00,2026-06-23 08:32:00,20.87,,completed
SE-0000389,ST-001,4,2026-05-03 15:16:00,2026-05-03 16:08:00,30.14,9.64,completed
SE-0001424,ST-035,2,2026-05-07 18:43:00,2026-05-07 19:24:00,22.62,7.24,completed
SE-0008524,ST-003,1,2026-06-12 09:40:00,2026-06-12 10:33:00,11.69,3.74,completed
SE-0004963,ST-014,1,2026-05-25 21:17:00,2026-05-25 22:18:00,33.65,10.77,completed
SE-0011627,ST-033,1,2026-06-27 05:46:00,2026-06-27 06:34:00,36.76,11.76,completed
SE-0005092,ST-001,4,2026-05-26 22:44:00,2026-05-26 23:30:00,20.87,6.68,completed
SE-0008717,ST-004,4,2026-06-13 03:46:00,2026-06-13 04:06:00,5.79,1.85,completed
SE-0007098,ST-036,1,2026-06-04 18:58:00,2026-06-04 19:33:00,28.46,9.11,completed
SE-0004366,ST-022,3,2026-05-22 03:20:00,2026-05-22 03:32:00,7.47,,completed
SE-0005450,ST-029,2,2026-05-27 13:49:00,2026-05-27 14:20:00,8.66,2.77,completed
SE-0008537,ST-005,2,2026-06-12 06:33:00,2026-06-12 07:02:00,18.8,6.02,completed
SE-0005832,ST-017,1,2026-05-29 21:13:00,2026-05-29 21:40:00,19540,6.25,completed
SE-0004300,ST-006,4,2026-05-22 17:46:00,2026-05-22 18:18:00,21.73,6.95,completed
SE-0000465,ST-014,4,2026-05-03 12:13:00,2026-05-03 12:52:00,24.17,7.73,completed
SE-0010478,ST-001,1,2026-06-22 14:27:00,2026-06-22 15:06:00,17.85,5.71,completed
SE-0001332,ST-017,2,2026-05-07 13:12:00,2026-05-07 13:38:00,12180,3.9,completed
SE-0001104,ST-014,4,2026-05-06 14:38:00,2026-05-06 15:46:00,49.09,15.71,completed
SE-0003941,ST-015,2,2026-05-20 18:30:00,2026-05-20 18:49:00,4.96,1.59,completed
SE-0004337,ST-014,5,2026-05-22 12:18:00,2026-05-22 12:38:00,9.1,2.91,completed
SE-0011991,ST-023,2,2026-06-29 11:55:00,2026-06-29 12:41:00,14.81,4.74,completed
SE-0001678,ST-006,1,2026-05-09 02:04:00,2026-05-09 02:42:00,17.56,5.62,completed
SE-0012039,ST-035,2,2026-06-29 07:56:00,2026-06-29 08:40:00,34.29,10.97,completed
SE-0009508,ST-033,2,2026-06-16 13:58:00,2026-06-16 14:41:00,30.02,9.61,completed
SE-0010453,ST-033,1,2026-06-21 23:37:00,2026-06-22 00:06:00,23.95,7.66,completed
SE-0008196,ST-017,1,2026-06-10 07:41:00,2026-06-10 08:17:00,13130,4.2,completed
SE-0001892,ST-009,2,2026-05-10 13:58:00,2026-05-10 14:30:00,20.84,6.67,completed
SE-0008287,ST-042,2,2026-06-10 15:24:00,2026-06-10 16:35:00,33.38,10.68,completed
SE-0011149,ST-014,1,2026-06-25 19:51:00,2026-06-25 20:57:00,35.87,11.48,completed
SE-0010611,ST-025,1,2026-06-22 02:54:00,2026-06-22 04:06:00,48.95,15.66,completed
SE-0009799,ST-012,2,2026-06-18 00:49:00,2026-06-18 01:22:00,17.83,5.71,completed
SE-0011023,ST-031,4,2026-06-24 18:49:00,2026-06-24 19:45:00,26.75,8.56,completed
SE-0009365,ST-005,1,2026-06-16 06:05:00,2026-06-16 06:28:00,13.26,4.24,completed
SE-0001519,ST-012,1,2026-05-08 02:01:00,2026-05-08 02:52:00,15.84,5.07,completed
SE-0005501,ST-042,3,2026-05-27 20:14:00,2026-05-27 20:42:00,16.06,5.14,completed
SE-0006075,ST-023,2,2026-05-30 05:21:00,2026-05-30 05:27:00,0.32,0.1,faulted
SE-0009833,ST-017,1,2026-06-18 09:10:00,2026-06-18 10:03:00,26990,8.64,completed
SE-0000641,ST-006,2,2026-05-04 06:26:00,2026-05-04 07:10:00,37.73,12.07,completed
SE-0000192,ST-001,4,2026-05-02 18:55:00,2026-05-02 19:26:00,10.56,3.38,completed
SE-0005051,ST-035,2,2026-05-25 01:01:00,2026-05-25 01:50:00,23.75,7.6,completed
SE-0006017,ST-014,4,2026-05-30 23:53:00,2026-05-31 00:58:00,32.02,,completed
SE-0001017,ST-041,4,2026-05-05 22:32:00,2026-05-05 23:27:00,17.21,5.51,completed
SE-0011858,ST-042,6,2026-06-28 05:38:00,2026-06-28 06:29:00,45.38,14.52,completed
SE-0009793,ST-012,1,2026-06-18 01:01:00,2026-06-18 01:43:00,21.25,6.8,completed
SE-0004515,ST-006,5,2026-05-23 17:07:00,2026-05-23 17:42:00,24.54,7.85,completed
SE-0008793,ST-015,2,2026-06-13 18:45:00,2026-06-13 19:30:00,26.39,8.44,completed
SE-0004859,ST-033,2,2026-05-24 04:26:00,2026-05-24 05:37:00,27.07,8.66,completed
SE-0006501,ST-033,2,2026-06-01 20:03:00,2026-06-01 20:47:00,15.86,5.08,completed
SE-0002309,ST-006,3,2026-05-12 18:52:00,2026-05-12 19:52:00,27.63,8.84,completed
SE-0002335,ST-012,2,2026-05-12 07:19:00,2026-05-12 07:49:00,14.93,4.78,aborted
SE-0005929,ST-001,3,2026-05-30 11:33:00,2026-05-30 12:20:00,19.82,6.34,completed
SE-0009296,ST-033,2,2026-06-15 13:17:00,2026-06-15 14:14:00,19.98,6.39,completed
SE-0000878,ST-008,2,2026-05-05 22:48:00,2026-05-05 23:43:00,30.09,9.63,completed
SE-0000396,ST-001,3,2026-05-03 22:55:00,2026-05-03 23:56:00,38.08,12.19,completed
SE-0004757,ST-015,2,2026-05-24 10:37:00,2026-05-24 11:22:00,24.18,7.74,completed
SE-0005822,ST-015,1,2026-05-29 21:08:00,2026-05-29 21:26:00,15.35,,completed
SE-0004545,ST-014,3,2026-05-23 19:06:00,2026-05-23 19:29:00,6.43,2.06,completed
SE-0005681,ST-033,2,2026-05-28 00:15:00,2026-05-28 00:59:00,3.22,1.03,completed
SE-0003070,ST-001,3,2026-05-16 21:39:00,2026-05-16 22:09:00,16.63,5.32,completed
SE-0007542,ST-003,1,2026-06-07 07:44:00,2026-06-07 07:57:00,11.48,3.67,completed
SE-0000544,ST-029,4,2026-05-03 13:35:00,2026-05-03 14:12:00,17.08,5.47,completed
SE-0011819,ST-029,2,2026-06-28 11:33:00,2026-06-28 12:08:00,17.36,5.56,completed
SE-0011515,ST-007,3,2026-06-27 19:31:00,2026-06-27 19:47:00,6.28,2.01,completed
SE-0000982,ST-029,4,2026-05-05 12:13:00,2026-05-05 12:39:00,11.09,3.55,completed
SE-0001289,ST-009,1,2026-05-07 15:33:00,2026-05-07 16:10:00,8.05,2.58,completed
SE-0000353,ST-033,2,2026-05-02 16:14:00,2026-05-02 16:41:00,17.92,5.73,completed
SE-0007114,ST-042,3,2026-06-04 22:11:00,2026-06-04 22:34:00,11.05,,completed
SE-0002143,ST-015,1,2026-05-11 06:21:00,2026-05-11 06:57:00,20.2,6.46,completed
SE-0001420,ST-034,2,2026-05-07 15:43:00,2026-05-07 16:52:00,23.86,7.64,completed
SE-0005662,ST-025,2,2026-05-28 11:12:00,2026-05-28 12:28:00,54.22,17.35,completed
SE-0006253,ST-022,6,2026-05-31 17:19:00,2026-05-31 17:53:00,23.75,7.6,aborted
SE-0002378,ST-023,1,2026-05-12 22:16:00,2026-05-12 22:36:00,11.82,3.78,completed
SE-0010560,ST-015,2,2026-06-22 11:29:00,2026-06-22 12:19:00,30.49,9.76,completed
SE-0000970,ST-025,2,2026-05-05 08:10:00,2026-05-05 09:09:00,24.94,,completed
SE-0005173,ST-017,2,2026-05-26 12:14:00,2026-05-26 12:25:00,8670,2.77,completed
SE-0009687,ST-028,1,2026-06-17 14:28:00,2026-06-17 15:30:00,40.61,13.0,completed
SE-0005491,ST-040,1,2026-05-27 19:35:00,2026-05-27 20:28:00,35.83,11.47,completed
SE-0004952,ST-012,2,2026-05-25 00:04:00,2026-05-25 00:27:00,1.5,0.48,completed
SE-0002906,ST-004,3,2026-05-15 13:20:00,2026-05-15 14:04:00,14.32,4.58,completed
SE-0004607,ST-022,3,2026-05-23 03:09:00,2026-05-23 03:38:00,17.95,5.74,completed
SE-0010421,ST-025,1,2026-06-21 02:48:00,2026-06-21 03:14:00,15.04,4.81,completed
SE-0001449,ST-001,1,2026-05-08 02:12:00,2026-05-08 02:45:00,24.74,,completed
SE-0007246,ST-023,2,2026-06-05 21:24:00,2026-06-05 21:58:00,9.72,3.11,completed
SE-0002376,ST-022,5,2026-05-12 11:00:00,2026-05-12 12:08:00,29.05,9.3,completed
SE-0004160,ST-015,2,2026-05-21 06:48:00,2026-05-21 07:20:00,17.09,5.47,completed
SE-0000766,ST-025,1,2026-05-04 05:17:00,2026-05-04 05:33:00,5.15,1.65,completed
SE-0011955,ST-015,1,2026-06-29 15:18:00,2026-06-29 16:06:00,26.4,8.45,completed
SE-0011371,ST-018,3,2026-06-26 18:27:00,2026-06-26 18:49:00,11.45,3.66,completed
SE-0008575,ST-015,1,2026-06-12 16:51:00,2026-06-12 17:22:00,24.65,7.89,completed
SE-0010566,ST-016,2,2026-06-22 07:12:00,2026-06-22 07:38:00,14.24,4.56,aborted
SE-0002903,ST-003,2,2026-05-15 00:09:00,2026-05-15 00:15:00,3.17,1.01,completed
SE-0001626,ST-035,2,2026-05-08 08:30:00,2026-05-08 09:18:00,17.79,5.69,completed
SE-0005817,ST-015,2,2026-05-29 07:42:00,2026-05-29 08:29:00,23.14,7.4,completed
SE-0003969,ST-022,3,2026-05-20 18:59:00,2026-05-20 19:30:00,19.34,6.19,completed
SE-0005063,ST-041,4,2026-05-25 12:17:00,2026-05-25 13:10:00,23.98,7.67,completed
SE-0008273,ST-038,2,2026-06-10 01:16:00,2026-06-10 02:03:00,26.25,8.4,completed
SE-0010459,ST-035,2,2026-06-21 13:21:00,2026-06-21 14:42:00,41.77,13.37,completed
SE-0000113,ST-023,1,2026-05-01 23:05:00,2026-05-01 23:17:00,2.66,0.85,completed
SE-0008041,ST-023,2,2026-06-09 22:43:00,2026-06-09 23:52:00,41.18,13.18,completed
SE-0006651,ST-023,2,2026-06-02 05:43:00,2026-06-02 06:30:00,32.49,10.4,completed
SE-0006735,ST-003,2,2026-06-03 20:50:00,2026-06-03 21:31:00,23.63,7.56,completed
SE-0004458,ST-041,4,2026-05-22 13:12:00,2026-05-22 13:57:00,24.17,7.73,completed
SE-0006941,ST-003,2,2026-06-04 23:23:00,2026-06-05 00:04:00,33.69,10.78,completed
SE-0008737,ST-006,3,2026-06-13 19:25:00,2026-06-13 19:51:00,11.31,3.62,completed
SE-0009952,ST-001,4,2026-06-19 06:31:00,2026-06-19 07:19:00,35.07,11.22,completed
SE-0000017,ST-004,2,2026-05-01 01:45:00,2026-05-01 02:24:00,17.5,5.6,completed
SE-0000351,ST-033,2,2026-05-02 10:59:00,2026-05-02 11:29:00,18.11,5.8,aborted
SE-0000922,ST-017,2,2026-05-05 04:40:00,2026-05-05 05:31:00,22630,7.24,completed
SE-0003745,ST-014,4,2026-05-19 16:29:00,2026-05-19 17:21:00,50.27,16.09,completed
SE-0009389,ST-008,1,2026-06-16 12:26:00,2026-06-16 13:09:00,23.19,7.42,completed
SE-0005089,ST-001,3,2026-05-26 03:20:00,2026-05-26 03:30:00,8.02,,completed
SE-0010704,ST-005,1,2026-06-23 09:18:00,2026-06-23 09:55:00,13.92,4.45,completed
SE-0005312,ST-005,2,2026-05-27 12:00:00,2026-05-27 12:25:00,21.24,6.8,aborted
SE-0009332,ST-001,4,2026-06-16 23:37:00,2026-06-17 00:09:00,20.58,6.59,completed
SE-0003113,ST-006,4,2026-05-16 09:14:00,2026-05-16 10:11:00,40.93,13.1,completed
SE-0002060,ST-001,3,2026-05-11 12:04:00,2026-05-11 12:34:00,10.8,3.46,completed
SE-0007187,ST-014,2,2026-06-05 07:24:00,2026-06-05 08:02:00,10.22,3.27,completed
SE-0003935,ST-015,1,2026-05-20 20:06:00,2026-05-20 20:47:00,20.66,6.61,completed
SE-0004558,ST-015,2,2026-05-23 04:22:00,2026-05-23 04:47:00,14.7,4.7,completed
SE-0007306,ST-041,2,2026-06-05 00:48:00,2026-06-05 01:23:00,21.98,7.03,completed
SE-0001454,ST-001,4,2026-05-08 06:04:00,2026-05-08 07:34:00,47.65,,completed
SE-0007684,ST-033,1,2026-06-07 15:45:00,2026-06-07 16:38:00,21.97,7.03,completed
SE-0004428,ST-033,2,2026-05-22 02:11:00,2026-05-22 02:43:00,14.29,4.57,completed
SE-0007536,ST-003,2,2026-06-07 17:09:00,2026-06-07 17:59:00,38.59,12.35,completed
SE-0009249,ST-022,5,2026-06-15 20:30:00,2026-06-15 20:52:00,16.15,5.17,completed
SE-0001972,ST-025,1,2026-05-10 00:19:00,2026-05-10 00:25:00,1.5,0.48,completed
SE-0005150,ST-014,3,2026-05-26 10:56:00,2026-05-26 11:45:00,35.56,11.38,completed
SE-0007822,ST-017,2,2026-06-08 11:51:00,2026-06-08 12:27:00,20940,6.7,completed
SE-0002188,ST-023,2,2026-05-11 10:19:00,2026-05-11 11:25:00,20.16,6.45,completed
SE-0000582,ST-042,5,2026-05-03 14:26:00,2026-05-03 15:32:00,44.1,14.11,completed
SE-0010719,ST-006,2,2026-06-23 11:02:00,2026-06-23 11:17:00,4.99,1.6,completed
SE-0000967,ST-025,1,2026-05-05 17:41:00,2026-05-05 18:22:00,24.49,7.84,completed
SE-0002885,ST-001,2,2026-05-15 14:01:00,2026-05-15 14:30:00,13.1,4.19,completed
SE-0002553,ST-015,1,2026-05-13 11:53:00,2026-05-13 12:28:00,23.46,7.51,completed
SE-0011647,ST-034,4,2026-06-27 02:07:00,2026-06-27 02:54:00,24.09,7.71,completed
SE-0003546,ST-014,4,2026-05-18 21:26:00,2026-05-18 21:58:00,18.53,5.93,completed
SE-0009972,ST-005,2,2026-06-19 03:06:00,2026-06-19 03:46:00,23.85,7.63,completed
SE-0005638,ST-023,1,2026-05-28 02:51:00,2026-05-28 03:00:00,1.57,0.5,faulted
SE-0000599,ST-001,4,2026-05-04 02:23:00,2026-05-04 02:56:00,9.57,3.06,completed
SE-0002399,ST-025,2,2026-05-12 04:45:00,2026-05-12 05:15:00,19.55,6.26,completed
SE-0009598,ST-010,1,2026-06-17 16:20:00,2026-06-17 17:01:00,17.39,5.56,completed
SE-0004295,ST-006,4,2026-05-22 20:29:00,2026-05-22 20:55:00,18.39,5.88,completed
SE-0006520,ST-039,3,2026-06-01 12:02:00,2026-06-01 12:55:00,11.98,3.83,aborted
SE-0007908,ST-037,1,2026-06-08 00:39:00,2026-06-08 01:00:00,9.57,3.06,completed
SE-0007044,ST-022,6,2026-06-04 09:04:00,2026-06-04 10:07:00,34.85,11.15,completed
SE-0005194,ST-022,6,2026-05-26 15:20:00,2026-05-26 16:13:00,25.39,8.12,completed
SE-0006291,ST-031,6,2026-05-31 08:06:00,2026-05-31 08:48:00,18.08,5.79,completed
SE-0010006,ST-013,2,2026-06-19 19:14:00,2026-06-19 19:50:00,21.07,6.74,completed
SE-0009788,ST-010,2,2026-06-18 17:05:00,2026-06-18 17:31:00,7.7,2.46,completed
SE-0002023,ST-035,2,2026-05-10 09:26:00,2026-05-10 10:31:00,14.83,4.75,completed
SE-0000117,ST-025,2,2026-05-01 07:05:00,2026-05-01 07:25:00,14.38,4.6,completed
SE-0011109,ST-005,2,2026-06-25 01:17:00,2026-06-25 01:45:00,19.58,6.27,completed
SE-0008207,ST-019,6,2026-06-10 22:53:00,2026-06-10 23:54:00,31.35,10.03,completed
SE-0009116,ST-035,2,2026-06-14 18:35:00,2026-06-14 18:52:00,12.55,4.02,completed
SE-0009978,ST-005,1,2026-06-19 15:08:00,2026-06-19 16:13:00,60.31,19.3,completed
SE-0004449,ST-037,1,2026-05-22 16:51:00,2026-05-22 17:44:00,29.0,9.28,completed
SE-0008558,ST-010,2,2026-06-12 13:55:00,2026-06-12 14:20:00,9.83,,completed
SE-0008471,ST-033,2,2026-06-11 19:30:00,2026-06-11 20:18:00,46.53,14.89,completed
SE-0006903,ST-036,1,2026-06-03 11:00:00,2026-06-03 12:03:00,28.98,9.27,completed
SE-0005574,ST-012,1,2026-05-28 00:47:00,2026-05-28 01:36:00,53.12,17.0,completed
SE-0006962,ST-006,3,2026-06-04 21:16:00,2026-06-04 21:41:00,13.92,4.45,completed
SE-0003775,ST-021,3,2026-05-19 19:18:00,2026-05-19 20:09:00,34.26,10.96,completed
SE-0011820,ST-029,3,2026-06-28 17:18:00,2026-06-28 17:44:00,20.65,6.61,completed
SE-0000694,ST-015,1,2026-05-04 03:06:00,2026-05-04 03:48:00,19.6,6.27,completed
SE-0011505,ST-006,2,2026-06-27 22:48:00,2026-06-27 23:31:00,12.1,3.87,completed
SE-0001602,ST-027,1,2026-05-08 04:42:00,2026-05-08 05:50:00,34.85,11.15,completed
SE-0001305,ST-014,2,2026-05-07 05:07:00,2026-05-07 05:45:00,22.55,7.22,completed
SE-0001370,ST-023,2,2026-05-07 06:34:00,2026-05-07 07:01:00,17.27,5.53,completed
SE-0002855,ST-035,2,2026-05-14 06:17:00,2026-05-14 06:55:00,8.05,2.58,completed
SE-0006758,ST-006,4,2026-06-03 06:05:00,2026-06-03 06:15:00,6.58,,completed
SE-0004989,ST-017,2,2026-05-25 17:59:00,2026-05-25 18:42:00,32340,10.35,completed
SE-0000989,ST-032,2,2026-05-05 11:57:00,2026-05-05 12:54:00,32.13,10.28,completed
SE-0007290,ST-034,1,2026-06-05 12:40:00,2026-06-05 13:39:00,33.29,10.65,completed
SE-0000409,ST-003,2,2026-05-03 14:44:00,2026-05-03 15:46:00,30.31,9.7,completed
SE-0000749,ST-023,1,2026-05-04 07:12:00,2026-05-04 08:04:00,33.66,10.77,completed
SE-0004980,ST-017,2,2026-05-25 05:54:00,2026-05-25 06:38:00,23640,7.56,completed
SE-0006059,ST-022,4,2026-05-30 04:27:00,2026-05-30 05:22:00,32.53,10.41,completed
SE-0007511,ST-041,3,2026-06-06 01:21:00,2026-06-06 01:43:00,13.54,4.33,completed
SE-0000010,ST-003,1,2026-05-01 23:54:00,2026-05-02 00:32:00,13.13,4.2,completed
SE-0005473,ST-033,1,2026-05-27 22:01:00,2026-05-27 22:38:00,24.74,7.92,completed
SE-0003809,ST-025,2,2026-05-19 13:27:00,2026-05-19 13:49:00,15.12,4.84,completed
SE-0005331,ST-007,3,2026-05-27 12:57:00,2026-05-27 13:36:00,15.88,5.08,completed
SE-0010666,ST-042,6,2026-06-22 10:53:00,2026-06-22 11:29:00,23.79,7.61,completed
SE-0002760,ST-015,2,2026-05-14 07:41:00,2026-05-14 08:07:00,11.04,3.53,completed
SE-0002326,ST-009,1,2026-05-12 13:38:00,2026-05-12 14:15:00,18.96,,completed
SE-0009681,ST-025,2,2026-06-17 12:03:00,2026-06-17 12:34:00,25.76,8.24,completed
SE-0006044,ST-017,1,2026-05-30 07:39:00,2026-05-30 08:08:00,19550,6.26,aborted
SE-0010354,ST-012,2,2026-06-21 21:42:00,2026-06-21 22:45:00,32.61,10.44,completed
SE-0006122,ST-033,1,2026-05-30 23:57:00,2026-05-31 00:29:00,1.5,0.48,completed
SE-0007305,ST-041,5,2026-06-05 00:59:00,2026-06-05 01:59:00,40.63,13.0,completed
SE-0000921,ST-016,2,2026-05-05 05:56:00,2026-05-05 06:46:00,27.4,,completed
SE-0001367,ST-023,2,2026-05-07 13:45:00,2026-05-07 14:22:00,23.29,7.45,completed
SE-0002457,ST-001,4,2026-05-13 03:04:00,2026-05-13 03:51:00,28.39,9.08,completed
SE-0010980,ST-022,3,2026-06-24 08:39:00,2026-06-24 09:18:00,29.25,,completed
SE-0009863,ST-023,2,2026-06-18 06:48:00,2026-06-18 07:18:00,14.86,4.76,completed
SE-0003545,ST-014,1,2026-05-18 22:49:00,2026-05-18 23:08:00,11.36,3.64,completed
SE-0007437,ST-023,2,2026-06-06 08:06:00,2026-06-06 08:34:00,2.64,0.84,aborted
SE-0008590,ST-017,2,2026-06-12 17:32:00,2026-06-12 18:05:00,25550,8.18,completed
SE-0004095,ST-005,2,2026-05-21 05:28:00,2026-05-21 05:53:00,8.42,,completed
SE-0010161,ST-015,2,2026-06-20 11:34:00,2026-06-20 12:29:00,37.56,12.02,completed
SE-0010758,ST-015,2,2026-06-23 15:34:00,2026-06-23 15:57:00,10.93,3.5,completed
SE-0010947,ST-014,4,2026-06-24 15:11:00,2026-06-24 16:31:00,65.27,20.89,completed
SE-0009197,ST-012,1,2026-06-15 00:56:00,2026-06-15 01:37:00,5.01,1.6,completed
SE-0003688,ST-005,2,2026-05-19 08:52:00,2026-05-19 09:37:00,12.75,4.08,completed
SE-0001252,ST-003,1,2026-05-07 02:31:00,2026-05-07 03:02:00,20.52,6.57,completed
SE-0008786,ST-014,3,2026-06-13 15:35:00,2026-06-13 16:04:00,15.49,4.96,completed
SE-0006992,ST-014,3,2026-06-04 11:24:00,2026-06-04 11:49:00,9.04,2.89,completed
SE-0002170,ST-021,3,2026-05-11 21:28:00,2026-05-11 22:18:00,33.66,10.77,completed
SE-0010033,ST-021,6,2026-06-19 10:56:00,2026-06-19 11:24:00,8.73,2.79,completed
SE-0008667,ST-036,4,2026-06-12 18:09:00,2026-06-12 18:57:00,23.97,7.67,completed
SE-0011397,ST-025,1,2026-06-26 10:14:00,2026-06-26 10:35:00,12.02,,completed
SE-0006012,ST-014,1,2026-05-30 16:16:00,2026-05-30 16:34:00,7.96,2.55,completed
SE-0011645,ST-034,1,2026-06-27 02:53:00,2026-06-27 04:08:00,42.28,13.53,completed
SE-0006540,ST-003,1,2026-06-02 07:42:00,2026-06-02 07:55:00,5.88,1.88,completed
SE-0011174,ST-017,1,2026-06-25 02:31:00,2026-06-25 03:29:00,31770,10.17,completed
SE-0011666,ST-041,1,2026-06-27 06:35:00,2026-06-27 07:19:00,39.65,12.69,completed
SE-0004872,ST-036,2,2026-05-24 17:31:00,2026-05-24 17:58:00,20.28,6.49,completed
SE-0010703,ST-005,1,2026-06-23 15:22:00,2026-06-23 15:41:00,15.41,4.93,completed
SE-0005206,ST-024,2,2026-05-26 13:05:00,2026-05-26 14:01:00,21.59,6.91,completed
SE-0011442,ST-036,1,2026-06-26 13:16:00,2026-06-26 14:05:00,26.19,,completed
SE-0002847,ST-033,1,2026-05-14 00:03:00,2026-05-14 00:48:00,22.28,,completed
SE-0005174,ST-017,1,2026-05-26 06:35:00,2026-05-26 07:08:00,13770,4.41,completed
SE-0010883,ST-003,2,2026-06-24 20:49:00,2026-06-24 21:15:00,20.89,6.68,completed
SE-0006891,ST-033,2,2026-06-03 21:03:00,2026-06-03 21:20:00,11.03,3.53,completed
SE-0010540,ST-014,1,2026-06-22 20:09:00,2026-06-22 20:46:00,17.29,5.53,completed
SE-0007624,ST-022,3,2026-06-07 00:13:00,2026-06-07 00:21:00,5.33,1.71,completed
SE-0005905,ST-034,4,2026-05-29 12:45:00,2026-05-29 13:21:00,15.81,5.06,completed
SE-0000138,ST-029,3,2026-05-01 06:30:00,2026-05-01 07:06:00,18.27,5.85,completed
SE-0007799,ST-015,1,2026-06-08 00:30:00,2026-06-08 01:05:00,18.2,5.82,completed
SE-0003027,ST-033,2,2026-05-15 01:34:00,2026-05-15 02:38:00,26.41,8.45,completed
SE-0001502,ST-009,1,2026-05-08 18:13:00,2026-05-08 18:55:00,24.55,7.86,completed
SE-0002273,ST-003,1,2026-05-12 21:44:00,2026-05-12 22:25:00,12.91,4.13,completed
SE-0009466,ST-022,1,2026-06-16 19:33:00,2026-06-16 19:56:00,10.59,3.39,completed
SE-0002583,ST-022,3,2026-05-13 17:38:00,2026-05-13 17:57:00,11.53,3.69,completed
SE-0000472,ST-015,1,2026-05-03 01:57:00,2026-05-03 02:54:00,31.23,9.99,completed
SE-0005746,ST-003,2,2026-05-29 12:21:00,2026-05-29 12:55:00,21.0,6.72,completed
SE-0001292,ST-010,1,2026-05-07 09:54:00,2026-05-07 10:47:00,12.19,3.9,completed
SE-0004112,ST-006,2,2026-05-21 07:39:00,2026-05-21 08:22:00,28.98,9.27,completed
SE-0010721,ST-006,1,2026-06-23 01:21:00,2026-06-23 01:47:00,19.0,6.08,completed
SE-0007987,ST-012,2,2026-06-09 18:33:00,2026-06-09 19:02:00,15.4,4.93,aborted
SE-0008996,ST-015,2,2026-06-14 08:01:00,2026-06-14 08:21:00,10.08,3.23,completed
SE-0003447,ST-036,4,2026-05-17 16:14:00,2026-05-17 16:59:00,25.8,8.26,completed
SE-0006357,ST-003,1,2026-06-01 16:18:00,2026-06-01 17:02:00,24.6,7.87,completed
SE-0007161,ST-008,2,2026-06-05 22:15:00,2026-06-05 22:48:00,15.25,4.88,completed
SE-0004649,ST-033,2,2026-05-23 15:27:00,2026-05-23 16:15:00,43.38,13.88,completed
SE-0006566,ST-006,6,2026-06-02 11:14:00,2026-06-02 12:02:00,28.16,9.01,aborted
SE-0010846,ST-035,2,2026-06-23 04:21:00,2026-06-23 05:14:00,42.37,13.56,completed
SE-0004945,ST-009,1,2026-05-25 21:05:00,2026-05-25 21:53:00,29.33,9.39,completed
SE-0011444,ST-037,3,2026-06-26 12:31:00,2026-06-26 13:36:00,19.27,6.17,completed
SE-0009839,ST-019,4,2026-06-18 09:54:00,2026-06-18 10:08:00,1.71,0.55,completed
SE-0005327,ST-006,3,2026-05-27 09:19:00,2026-05-27 10:23:00,41.52,13.29,completed
SE-0010281,ST-001,1,2026-06-21 06:11:00,2026-06-21 06:43:00,13.2,4.22,completed
SE-0003072,ST-001,4,2026-05-16 10:09:00,2026-05-16 10:47:00,24.87,7.96,completed
SE-0010429,ST-025,1,2026-06-21 02:39:00,2026-06-21 03:07:00,21.29,6.81,completed
SE-0011975,ST-020,2,2026-06-29 08:35:00,2026-06-29 09:47:00,43.24,13.84,completed
SE-0008894,ST-037,2,2026-06-13 06:53:00,2026-06-13 07:38:00,23.06,7.38,completed
SE-0010921,ST-008,1,2026-06-24 04:13:00,2026-06-24 05:11:00,33.94,10.86,completed
SE-0011388,ST-022,6,2026-06-26 02:28:00,2026-06-26 03:04:00,28.87,9.24,completed
SE-0006119,ST-033,1,2026-05-30 21:49:00,2026-05-30 22:51:00,28.12,9.0,completed
SE-0001227,ST-041,3,2026-05-06 22:54:00,2026-05-06 23:06:00,6.51,2.08,completed
SE-0004740,ST-010,1,2026-05-24 04:25:00,2026-05-24 05:28:00,24.89,7.96,completed
SE-0007103,ST-039,4,2026-06-04 18:48:00,2026-06-04 19:13:00,20.08,6.43,completed
SE-0005276,ST-041,2,2026-05-26 15:09:00,2026-05-26 15:26:00,13.26,4.24,completed
SE-0000583,ST-001,2,2026-05-04 23:33:00,2026-05-05 00:17:00,21.12,6.76,completed
SE-0007741,ST-002,2,2026-06-08 07:16:00,2026-06-08 07:49:00,17.66,,completed
SE-0002878,ST-041,4,2026-05-14 05:18:00,2026-05-14 05:24:00,2.45,0.78,completed
SE-0009316,ST-041,6,2026-06-15 01:55:00,2026-06-15 02:31:00,12.31,,completed
SE-0008364,ST-014,6,2026-06-11 01:52:00,2026-06-11 02:24:00,12.22,3.91,completed
SE-0009823,ST-015,1,2026-06-18 22:25:00,2026-06-18 22:56:00,16.88,5.4,completed
SE-0011477,ST-003,1,2026-06-27 01:39:00,2026-06-27 02:36:00,36.59,11.71,completed
SE-0003057,ST-041,5,2026-05-15 17:37:00,2026-05-15 18:24:00,15.94,5.1,completed
SE-0005841,ST-017,1,2026-05-29 04:48:00,2026-05-29 05:35:00,21880,7.0,completed
SE-0001031,ST-001,3,2026-05-06 10:54:00,2026-05-06 11:53:00,20.12,6.44,completed
SE-0009902,ST-032,4,2026-06-18 20:34:00,2026-06-18 21:17:00,31.81,10.18,completed
SE-0003321,ST-005,1,2026-05-17 02:16:00,2026-05-17 02:59:00,13.64,4.36,completed
SE-0010213,ST-024,1,2026-06-20 17:00:00,2026-06-20 17:19:00,7.76,2.48,completed
SE-0009877,ST-025,2,2026-06-18 04:24:00,2026-06-18 04:30:00,2.35,0.75,completed
SE-0008406,ST-022,5,2026-06-11 01:47:00,2026-06-11 02:39:00,40.81,13.06,completed
SE-0008138,ST-006,1,2026-06-10 05:41:00,2026-06-10 06:31:00,22.86,,completed
SE-0006036,ST-017,1,2026-05-30 02:08:00,2026-05-30 02:50:00,26670,8.53,completed
SE-0006061,ST-022,2,2026-05-30 15:54:00,2026-05-30 16:35:00,15.97,5.11,completed
SE-0000046,ST-013,2,2026-05-01 18:41:00,2026-05-01 19:11:00,22.73,7.27,completed
SE-0000311,ST-023,1,2026-05-02 13:30:00,2026-05-02 14:48:00,45.42,,completed
SE-0003470,ST-001,2,2026-05-18 03:50:00,2026-05-18 04:13:00,11.24,3.6,completed
SE-0006350,ST-003,1,2026-06-01 07:47:00,2026-06-01 08:29:00,26.27,8.41,completed
SE-0008702,ST-001,1,2026-06-13 00:37:00,2026-06-13 01:03:00,5.28,1.69,completed
SE-0007971,ST-008,2,2026-06-09 21:40:00,2026-06-09 22:32:00,17.4,5.57,completed
SE-0004975,ST-016,1,2026-05-25 08:44:00,2026-05-25 09:02:00,9.88,3.16,completed
SE-0005787,ST-009,2,2026-05-29 10:21:00,2026-05-29 10:47:00,27.54,8.81,aborted
SE-0007236,ST-022,5,2026-06-05 07:19:00,2026-06-05 07:27:00,2.2,,completed
SE-0004422,ST-033,1,2026-05-22 13:01:00,2026-05-22 13:07:00,4.19,1.34,completed
SE-0006249,ST-018,6,2026-05-31 14:18:00,2026-05-31 14:56:00,30.67,9.81,completed
SE-0009202,ST-013,1,2026-06-15 13:20:00,2026-06-15 13:46:00,15.11,4.84,completed
SE-0005697,ST-035,1,2026-05-28 02:53:00,2026-05-28 03:25:00,22.73,7.27,completed
SE-0010235,ST-032,2,2026-06-20 18:24:00,2026-06-20 18:48:00,5.91,1.89,completed
SE-0004167,ST-016,2,2026-05-21 15:25:00,2026-05-21 15:50:00,22.92,7.33,completed
SE-0011070,ST-041,6,2026-06-24 09:17:00,2026-06-24 09:23:00,2.56,0.82,completed
SE-0003611,ST-028,1,2026-05-18 13:48:00,2026-05-18 14:44:00,32.25,10.32,completed
SE-0009771,ST-006,2,2026-06-18 17:36:00,2026-06-18 18:04:00,14.68,4.7,completed
SE-0011470,ST-001,3,2026-06-27 03:14:00,2026-06-27 03:32:00,9.64,3.08,completed
SE-0010795,ST-023,1,2026-06-23 07:04:00,2026-06-23 07:34:00,4.76,1.52,faulted
SE-0007151,ST-005,1,2026-06-05 23:35:00,2026-06-05 23:56:00,9.47,3.03,completed
SE-0001663,ST-005,2,2026-05-09 05:41:00,2026-05-09 06:46:00,31.55,10.1,completed
SE-0002423,ST-034,1,2026-05-12 09:57:00,2026-05-12 10:35:00,18.61,5.96,completed
SE-0011201,ST-023,2,2026-06-25 14:51:00,2026-06-25 15:51:00,19.88,6.36,completed
SE-0008097,ST-001,1,2026-06-10 23:41:00,2026-06-11 00:06:00,13.33,4.27,completed
SE-0000686,ST-014,1,2026-05-04 22:01:00,2026-05-04 22:58:00,20.14,6.44,completed
SE-0002322,ST-009,2,2026-05-12 20:02:00,2026-05-12 20:25:00,9.21,,completed
SE-0000343,ST-032,3,2026-05-02 06:23:00,2026-05-02 06:50:00,18.62,5.96,completed
SE-0006200,ST-010,1,2026-05-31 00:17:00,2026-05-31 00:51:00,20.54,6.57,completed
SE-0001471,ST-003,2,2026-05-08 18:38:00,2026-05-08 19:32:00,32.62,10.44,completed
SE-0009007,ST-016,1,2026-06-14 02:34:00,2026-06-14 03:42:00,40.17,12.85,completed
SE-0005792,ST-012,1,2026-05-29 01:16:00,2026-05-29 01:40:00,14.59,4.67,completed
SE-0006755,ST-005,2,2026-06-03 20:57:00,2026-06-03 21:26:00,14.03,4.49,completed
SE-0009453,ST-020,2,2026-06-16 15:51:00,2026-06-16 15:57:00,3.23,1.03,completed
SE-0009167,ST-006,1,2026-06-15 10:47:00,2026-06-15 11:37:00,43.63,13.96,completed
SE-0008282,ST-041,2,2026-06-10 00:25:00,2026-06-10 00:58:00,20.06,6.42,completed
SE-0011595,ST-022,6,2026-06-27 09:00:00,2026-06-27 09:50:00,20.26,6.48,aborted
SE-0007409,ST-017,1,2026-06-06 06:54:00,2026-06-06 07:28:00,14740,4.72,completed
SE-0007604,ST-016,2,2026-06-07 06:31:00,2026-06-07 07:01:00,22.58,7.23,completed
SE-0002747,ST-013,2,2026-05-14 08:31:00,2026-05-14 09:19:00,16.54,5.29,completed
SE-0008354,ST-012,2,2026-06-11 08:44:00,2026-06-11 09:52:00,80.95,25.9,completed
SE-0004465,ST-041,4,2026-05-22 05:17:00,2026-05-22 05:46:00,13.08,4.19,completed
SE-0010829,ST-033,2,2026-06-23 18:24:00,2026-06-23 19:17:00,58.84,18.83,completed
SE-0004999,ST-022,1,2026-05-25 12:55:00,2026-05-25 13:19:00,13.82,4.42,completed
SE-0009064,ST-023,2,2026-06-14 20:40:00,2026-06-14 21:28:00,25.65,8.21,completed
SE-0004497,ST-005,1,2026-05-23 23:05:00,2026-05-23 23:34:00,7.99,2.56,completed
SE-0010588,ST-022,5,2026-06-22 01:29:00,2026-06-22 02:18:00,44.14,14.12,completed
SE-0003772,ST-019,4,2026-05-19 21:33:00,2026-05-19 22:23:00,13.22,4.23,completed
SE-0004461,ST-041,2,2026-05-22 10:06:00,2026-05-22 10:38:00,30.39,9.72,completed
SE-0002835,ST-029,3,2026-05-14 08:56:00,2026-05-14 09:42:00,35.4,11.33,completed
SE-0007066,ST-028,1,2026-06-04 04:30:00,2026-06-04 04:57:00,14.71,4.71,completed
SE-0009403,ST-010,2,2026-06-16 18:12:00,2026-06-16 19:13:00,43.14,13.8,completed
SE-0007579,ST-010,1,2026-06-07 01:11:00,2026-06-07 01:50:00,19.68,6.3,completed
SE-0007662,ST-025,1,2026-06-07 23:56:00,2026-06-08 00:26:00,8.39,2.68,completed
SE-0007565,ST-006,6,2026-06-07 21:55:00,2026-06-07 22:08:00,9.77,3.13,completed
SE-0001607,ST-029,1,2026-05-08 09:59:00,2026-05-08 10:37:00,27.8,8.9,completed
SE-0008920,ST-001,4,2026-06-14 17:25:00,2026-06-14 17:44:00,14.34,4.59,completed
SE-0010297,ST-003,2,2026-06-21 17:57:00,2026-06-21 18:30:00,29.91,9.57,completed
SE-0006616,ST-016,1,2026-06-02 08:41:00,2026-06-02 09:30:00,16.97,5.43,completed
SE-0001922,ST-016,2,2026-05-10 09:59:00,2026-05-10 10:57:00,38.24,,completed
SE-0010793,ST-023,2,2026-06-23 00:45:00,2026-06-23 01:30:00,29.7,9.5,completed
SE-0006206,ST-011,2,2026-05-31 02:33:00,2026-05-31 03:00:00,18.72,5.99,completed
SE-0003524,ST-009,1,2026-05-18 17:59:00,2026-05-18 18:47:00,45.01,14.4,completed
SE-0008148,ST-009,2,2026-06-10 12:12:00,2026-06-10 12:23:00,4.24,1.36,completed
SE-0010068,ST-026,2,2026-06-19 03:01:00,2026-06-19 03:52:00,33.89,10.84,completed
SE-0008495,ST-041,6,2026-06-11 07:30:00,2026-06-11 08:15:00,13.89,4.44,completed
SE-0007593,ST-015,2,2026-06-07 07:00:00,2026-06-07 08:16:00,37.3,11.94,completed
SE-0001237,ST-001,1,2026-05-07 03:45:00,2026-05-07 04:17:00,18.23,5.83,completed
SE-0007937,ST-001,3,2026-06-09 13:55:00,2026-06-09 14:06:00,11.31,3.62,completed
SE-0002918,ST-006,2,2026-05-15 08:19:00,2026-05-15 08:26:00,4.42,1.41,completed
SE-0008301,ST-003,2,2026-06-11 22:40:00,2026-06-11 23:01:00,17.57,5.62,completed
SE-0000132,ST-028,2,2026-05-01 19:52:00,2026-05-01 20:35:00,37.22,,completed
SE-0011111,ST-005,1,2026-06-25 12:49:00,2026-06-25 13:39:00,45.4,14.53,completed
SE-0005430,ST-025,1,2026-05-27 11:08:00,2026-05-27 11:37:00,18.84,6.03,completed
SE-0002407,ST-028,1,2026-05-12 18:39:00,2026-05-12 19:05:00,18.29,5.85,aborted
SE-0001048,ST-003,1,2026-05-06 20:41:00,2026-05-06 21:26:00,18.62,5.96,completed
SE-0003968,ST-022,3,2026-05-20 13:05:00,2026-05-20 13:59:00,34.7,11.1,completed
SE-0010542,ST-014,6,2026-06-22 05:07:00,2026-06-22 05:43:00,9.31,2.98,completed
SE-0000181,ST-041,3,2026-05-01 07:03:00,2026-05-01 07:16:00,10.01,3.2,completed
SE-0003663,ST-001,2,2026-05-19 14:50:00,2026-05-19 15:42:00,38.93,12.46,completed
SE-0001248,ST-002,1,2026-05-07 14:19:00,2026-05-07 14:58:00,27.48,8.79,completed
SE-0001865,ST-005,2,2026-05-10 05:42:00,2026-05-10 06:49:00,38.52,12.33,completed
SE-0002514,ST-010,2,2026-05-13 20:04:00,2026-05-13 20:40:00,27.23,8.71,completed
SE-0008934,ST-003,1,2026-06-14 06:11:00,2026-06-14 07:10:00,29.93,,completed
SE-0005708,ST-040,2,2026-05-28 22:45:00,2026-05-28 23:14:00,23.06,7.38,completed
SE-0004123,ST-008,1,2026-05-21 18:29:00,2026-05-21 19:06:00,20.56,6.58,completed
SE-0002719,ST-006,4,2026-05-14 12:31:00,2026-05-14 12:52:00,10.07,3.22,completed
SE-0003868,ST-001,3,2026-05-20 08:49:00,2026-05-20 09:31:00,19.84,6.35,completed
SE-0008538,ST-005,1,2026-06-12 06:40:00,2026-06-12 06:54:00,6.65,2.13,completed
SE-0011910,ST-009,1,2026-06-29 19:30:00,2026-06-29 19:58:00,18.09,5.79,completed
SE-0009184,ST-008,1,2026-06-15 06:40:00,2026-06-15 07:03:00,12.84,4.11,completed
SE-0004931,ST-006,2,2026-05-25 02:20:00,2026-05-25 02:40:00,9.4,3.01,completed
SE-0000369,ST-039,4,2026-05-02 16:07:00,2026-05-02 16:54:00,30.2,9.66,completed
SE-0008640,ST-027,2,2026-06-12 15:37:00,2026-06-12 16:48:00,21.57,6.9,completed
SE-0002420,ST-033,2,2026-05-12 18:16:00,2026-05-12 18:50:00,14.67,4.69,completed
SE-0011076,ST-001,1,2026-06-25 18:00:00,2026-06-25 19:10:00,31.45,10.06,aborted
SE-0009436,ST-016,2,2026-06-16 10:22:00,2026-06-16 10:38:00,4.3,1.38,completed
SE-0000324,ST-025,2,2026-05-02 05:24:00,2026-05-02 05:45:00,12.74,,completed
SE-0009433,ST-015,2,2026-06-16 09:42:00,2026-06-16 10:22:00,18.25,5.84,completed
SE-0007941,ST-002,2,2026-06-09 01:20:00,2026-06-09 01:40:00,19.82,6.34,completed
SE-0009958,ST-003,1,2026-06-19 18:18:00,2026-06-19 18:53:00,17.21,5.51,completed
SE-0006613,ST-015,1,2026-06-02 00:15:00,2026-06-02 00:42:00,14.24,4.56,completed
SE-0006256,ST-022,6,2026-05-31 17:52:00,2026-05-31 18:44:00,22.45,7.18,completed
SE-0001897,ST-010,1,2026-05-10 00:25:00,2026-05-10 01:38:00,21.15,6.77,completed
SE-0008879,ST-033,2,2026-06-13 03:14:00,2026-06-13 03:20:00,2.98,0.95,completed
SE-0004278,ST-003,2,2026-05-22 08:31:00,2026-05-22 09:11:00,15.57,4.98,completed
SE-0005233,ST-032,3,2026-05-26 08:11:00,2026-05-26 08:37:00,19.7,6.3,completed
SE-0002717,ST-006,2,2026-05-14 18:57:00,2026-05-14 19:45:00,28.92,9.25,completed
SE-0007780,ST-011,1,2026-06-08 15:20:00,2026-06-08 16:14:00,39.68,12.7,completed
SE-0000933,ST-017,1,2026-05-05 06:59:00,2026-05-05 07:31:00,22570,7.22,completed
SE-0004450,ST-037,1,2026-05-22 22:47:00,2026-05-22 23:38:00,13.83,4.43,completed
SE-0011663,ST-041,5,2026-06-27 21:08:00,2026-06-27 21:49:00,32.19,10.3,completed
SE-0011189,ST-022,2,2026-06-25 05:55:00,2026-06-25 06:17:00,13.68,4.38,completed
SE-0001616,ST-032,4,2026-05-08 02:48:00,2026-05-08 03:08:00,10.72,3.43,completed
SE-0010353,ST-012,1,2026-06-21 14:52:00,2026-06-21 15:07:00,7.37,2.36,completed
SE-0008086,ST-041,3,2026-06-09 12:54:00,2026-06-09 13:12:00,12.88,4.12,completed
SE-0006217,ST-014,6,2026-05-31 15:28:00,2026-05-31 15:36:00,4.89,1.56,completed
SE-0003594,ST-025,2,2026-05-18 06:44:00,2026-05-18 07:36:00,21.63,6.92,completed
SE-0006684,ST-033,1,2026-06-02 21:33:00,2026-06-02 22:26:00,26.82,8.58,completed
SE-0001211,ST-034,1,2026-05-06 15:52:00,2026-05-06 16:27:00,12.28,3.93,completed
SE-0002830,ST-028,2,2026-05-14 03:51:00,2026-05-14 04:45:00,38.97,12.47,completed
SE-0002048,ST-041,6,2026-05-10 06:28:00,2026-05-10 07:17:00,20.74,6.64,completed
SE-0002463,ST-001,1,2026-05-13 19:22:00,2026-05-13 20:05:00,15.76,,completed
SE-0005138,ST-011,1,2026-05-26 04:04:00,2026-05-26 04:53:00,31.93,10.22,completed
SE-0006988,ST-014,6,2026-06-04 20:07:00,2026-06-04 20:28:00,11.28,3.61,completed
SE-0007170,ST-010,1,2026-06-05 20:49:00,2026-06-05 21:20:00,23.25,7.44,completed
SE-0011806,ST-025,2,2026-06-28 14:46:00,2026-06-28 15:30:00,11.8,3.78,completed
SE-0011723,ST-006,3,2026-06-28 15:15:00,2026-06-28 16:04:00,30.62,9.8,aborted
SE-0005821,ST-015,1,2026-05-29 11:05:00,2026-05-29 11:42:00,28.12,,completed
SE-0010661,ST-041,2,2026-06-22 18:15:00,2026-06-22 18:48:00,24.32,7.78,completed
SE-0005282,ST-001,1,2026-05-27 12:28:00,2026-05-27 13:08:00,30.88,9.88,completed
SE-0010688,ST-003,1,2026-06-23 14:30:00,2026-06-23 14:38:00,4.02,1.29,completed
SE-0010563,ST-016,2,2026-06-22 16:00:00,2026-06-22 16:51:00,20.29,6.49,completed
SE-0002570,ST-019,3,2026-05-13 08:06:00,2026-05-13 08:58:00,22.97,7.35,completed
SE-0011090,ST-003,1,2026-06-25 06:26:00,2026-06-25 07:07:00,22.56,7.22,completed
SE-0011930,ST-014,4,2026-06-29 01:41:00,2026-06-29 02:29:00,19.28,6.17,completed
SE-0003328,ST-005,2,2026-05-17 14:11:00,2026-05-17 14:31:00,11.14,3.56,completed
SE-0000894,ST-012,1,2026-05-05 23:57:00,2026-05-06 01:17:00,64.09,20.51,completed
SE-0005873,ST-025,2,2026-05-29 03:43:00,2026-05-29 04:47:00,42.04,13.45,completed
SE-0004105,ST-006,5,2026-05-21 04:57:00,2026-05-21 05:39:00,39.17,12.53,completed
SE-0000695,ST-015,2,2026-05-04 10:11:00,2026-05-04 11:10:00,45.71,14.63,completed
SE-0008163,ST-013,1,2026-06-10 02:22:00,2026-06-10 03:10:00,15.1,4.83,completed
SE-0004266,ST-001,3,2026-05-22 02:35:00,2026-05-22 03:20:00,21.16,6.77,completed
SE-0011786,ST-022,1,2026-06-28 18:46:00,2026-06-28 19:33:00,31.31,10.02,completed
SE-0006191,ST-008,1,2026-05-31 08:15:00,2026-05-31 09:03:00,17.01,5.44,completed
SE-0010458,ST-035,1,2026-06-21 23:18:00,2026-06-22 00:04:00,29.03,9.29,completed
SE-0006908,ST-037,1,2026-06-03 19:33:00,2026-06-03 20:22:00,22.19,7.1,completed
SE-0010404,ST-022,6,2026-06-21 13:33:00,2026-06-21 13:52:00,11.58,3.71,completed
SE-0003826,ST-030,4,2026-05-19 01:49:00,2026-05-19 02:32:00,14.13,4.52,completed
SE-0000365,ST-037,3,2026-05-02 15:39:00,2026-05-02 16:11:00,18.06,5.78,completed
SE-0005738,ST-003,2,2026-05-29 09:25:00,2026-05-29 10:06:00,34.4,11.01,completed
SE-0011509,ST-006,2,2026-06-27 10:49:00,2026-06-27 11:53:00,30.95,9.9,completed
SE-0001795,ST-033,2,2026-05-09 14:41:00,2026-05-09 15:23:00,24.97,7.99,completed
SE-0008294,ST-001,4,2026-06-11 10:02:00,2026-06-11 10:10:00,2.84,0.91,completed
SE-0002506,ST-008,2,2026-05-13 10:31:00,2026-05-13 11:05:00,29.28,9.37,completed
SE-0000612,ST-003,2,2026-05-04 13:21:00,2026-05-04 14:36:00,73.94,,completed
SE-0006997,ST-014,5,2026-06-04 01:59:00,2026-06-04 02:57:00,37.51,12.0,completed
SE-0006363,ST-004,1,2026-06-01 10:32:00,2026-06-01 11:43:00,33.16,10.61,completed
SE-0003728,ST-009,2,2026-05-19 21:25:00,2026-05-19 22:13:00,26.48,8.47,completed
SE-0008081,ST-040,2,2026-06-09 05:41:00,2026-06-09 06:19:00,20.23,6.47,completed
SE-0002094,ST-005,2,2026-05-11 12:29:00,2026-05-11 12:42:00,4.73,1.51,completed
SE-0001917,ST-015,2,2026-05-10 22:24:00,2026-05-10 22:52:00,18.23,5.83,completed
SE-0001562,ST-020,2,2026-05-08 01:09:00,2026-05-08 01:48:00,22.54,7.21,completed
SE-0011620,ST-029,4,2026-06-27 08:03:00,2026-06-27 08:54:00,27.57,8.82,completed
SE-0001229,ST-041,2,2026-05-06 08:46:00,2026-05-06 09:17:00,18.74,6.0,completed
SE-0000853,ST-003,2,2026-05-05 18:16:00,2026-05-05 19:27:00,32.1,10.27,completed
SE-0007886,ST-030,1,2026-06-08 02:42:00,2026-06-08 02:56:00,7.44,2.38,completed
SE-0008131,ST-006,1,2026-06-10 17:53:00,2026-06-10 18:56:00,31.44,10.06,completed
SE-0009509,ST-033,2,2026-06-16 20:42:00,2026-06-16 21:19:00,26.55,8.5,completed
SE-0005449,ST-029,4,2026-05-27 11:15:00,2026-05-27 12:26:00,36.03,11.53,completed
SE-0006789,ST-012,1,2026-06-03 07:36:00,2026-06-03 08:24:00,18.97,6.07,completed
SE-0007759,ST-006,6,2026-06-08 04:12:00,2026-06-08 04:35:00,9.06,2.9,completed
SE-0005786,ST-009,2,2026-05-29 06:53:00,2026-05-29 07:28:00,18.14,,completed
SE-0011396,ST-025,1,2026-06-26 17:03:00,2026-06-26 18:22:00,66.7,21.34,completed
SE-0002783,ST-019,6,2026-05-14 04:00:00,2026-05-14 04:44:00,24.51,7.84,completed
SE-0012028,ST-033,2,2026-06-29 20:48:00,2026-06-29 21:20:00,8.86,2.84,completed
SE-0004125,ST-008,2,2026-05-21 17:32:00,2026-05-21 18:24:00,39.87,12.76,completed
SE-0009631,ST-017,1,2026-06-17 11:46:00,2026-06-17 13:08:00,77390,24.76,completed
SE-0011487,ST-005,1,2026-06-27 20:02:00,2026-06-27 21:04:00,35.45,11.34,completed
SE-0007368,ST-010,2,2026-06-06 00:53:00,2026-06-06 01:48:00,12.84,4.11,completed
SE-0011532,ST-010,1,2026-06-27 08:23:00,2026-06-27 09:06:00,23.97,7.67,aborted
SE-0010244,ST-033,1,2026-06-20 13:23:00,2026-06-20 14:41:00,42.44,13.58,completed
SE-0006947,ST-004,2,2026-06-04 04:50:00,2026-06-04 05:46:00,17.9,,completed
SE-0007410,ST-017,1,2026-06-06 17:30:00,2026-06-06 18:09:00,16940,5.42,completed
SE-0002978,ST-019,4,2026-05-15 18:02:00,2026-05-15 18:51:00,37.52,12.01,completed
SE-0008703,ST-001,3,2026-06-13 10:49:00,2026-06-13 11:17:00,13.24,4.24,completed
SE-0003163,ST-014,6,2026-05-16 19:14:00,2026-05-16 19:46:00,16.46,5.27,aborted
SE-0009027,ST-017,1,2026-06-14 12:21:00,2026-06-14 12:42:00,10660,3.41,aborted
SE-0000291,ST-022,5,2026-05-02 01:06:00,2026-05-02 01:18:00,11.03,3.53,completed
SE-0005147,ST-014,6,2026-05-26 14:51:00,2026-05-26 15:28:00,28.17,9.01,completed
SE-0002040,ST-041,6,2026-05-10 18:09:00,2026-05-10 18:29:00,18.5,5.92,completed
SE-0009207,ST-014,3,2026-06-15 22:25:00,2026-06-15 23:14:00,20.18,6.46,completed
SE-0001298,ST-012,2,2026-05-07 21:42:00,2026-05-07 21:57:00,9.05,2.9,completed
SE-0000445,ST-009,2,2026-05-03 03:44:00,2026-05-03 04:39:00,31.68,10.14,completed
SE-0001191,ST-027,4,2026-05-06 08:33:00,2026-05-06 09:27:00,44.7,14.3,completed
SE-0002860,ST-036,1,2026-05-14 14:45:00,2026-05-14 15:44:00,48.31,15.46,completed
SE-0001629,ST-037,4,2026-05-08 10:49:00,2026-05-08 11:14:00,19.18,6.14,completed
SE-0011607,ST-025,2,2026-06-27 02:18:00,2026-06-27 02:37:00,12.19,3.9,completed
SE-0000969,ST-025,2,2026-05-05 19:51:00,2026-05-05 20:30:00,19.03,6.09,completed
SE-0010832,ST-033,2,2026-06-23 11:21:00,2026-06-23 12:03:00,25.65,8.21,completed
SE-0008300,ST-003,2,2026-06-11 04:01:00,2026-06-11 05:18:00,44.15,14.13,completed
SE-0005611,ST-016,1,2026-05-28 23:28:00,2026-05-29 00:08:00,29.7,9.5,completed
SE-0011635,ST-033,2,2026-06-27 11:20:00,2026-06-27 11:50:00,17.08,5.47,completed
SE-0006724,ST-041,6,2026-06-02 01:55:00,2026-06-02 02:27:00,11.65,3.73,completed
SE-0010945,ST-014,3,2026-06-24 13:51:00,2026-06-24 14:33:00,18.2,,completed
SE-0012024,ST-033,2,2026-06-29 15:47:00,2026-06-29 16:28:00,19.05,6.1,completed
SE-0006148,ST-001,4,2026-05-31 15:05:00,2026-05-31 15:29:00,14.92,4.77,completed
SE-0000179,ST-041,1,2026-05-01 15:32:00,2026-05-01 16:12:00,22.56,7.22,completed
SE-0000073,ST-016,1,2026-05-01 18:35:00,2026-05-01 19:02:00,17.94,,completed
SE-0002892,ST-002,1,2026-05-15 17:37:00,2026-05-15 18:21:00,30.36,9.72,completed
SE-0008468,ST-033,1,2026-06-11 21:49:00,2026-06-11 22:08:00,13.99,4.48,completed
SE-0001787,ST-029,1,2026-05-09 20:38:00,2026-05-09 21:07:00,12.98,4.15,completed
SE-0006407,ST-012,1,2026-06-01 11:58:00,2026-06-01 12:04:00,3.93,1.26,completed
SE-0000031,ST-008,1,2026-05-01 13:01:00,2026-05-01 13:31:00,15.54,4.97,completed
SE-0006710,ST-038,2,2026-06-02 08:14:00,2026-06-02 08:43:00,15.33,4.91,completed
SE-0006701,ST-036,2,2026-06-02 05:01:00,2026-06-02 05:11:00,6.42,2.05,completed
SE-0007110,ST-041,4,2026-06-04 15:39:00,2026-06-04 16:42:00,28.79,9.21,completed
SE-0007179,ST-012,1,2026-06-05 00:06:00,2026-06-05 00:42:00,18.78,6.01,completed
SE-0006723,ST-041,1,2026-06-02 18:28:00,2026-06-02 19:38:00,46.11,14.76,completed
SE-0011637,ST-033,1,2026-06-27 09:49:00,2026-06-27 11:32:00,56.61,18.12,completed
SE-0007732,ST-001,3,2026-06-08 15:09:00,2026-06-08 16:14:00,43.71,13.99,completed
SE-0009669,ST-025,1,2026-06-17 09:32:00,2026-06-17 10:14:00,28.01,8.96,completed
SE-0008491,ST-041,3,2026-06-11 04:37:00,2026-06-11 05:22:00,22.28,7.13,completed
SE-0007264,ST-026,6,2026-06-05 07:10:00,2026-06-05 07:48:00,24.21,7.75,completed
SE-0006797,ST-014,6,2026-06-03 22:43:00,2026-06-03 23:39:00,31.95,10.22,completed
SE-0001140,ST-017,2,2026-05-06 04:46:00,2026-05-06 05:34:00,14060,4.5,completed
SE-0011760,ST-015,2,2026-06-28 13:39:00,2026-06-28 14:09:00,14.03,4.49,completed
SE-0005846,ST-020,2,2026-05-29 08:18:00,2026-05-29 08:47:00,11.43,3.66,completed
SE-0005105,ST-003,2,2026-05-26 09:28:00,2026-05-26 10:10:00,20.75,6.64,completed
SE-0008964,ST-008,1,2026-06-14 19:28:00,2026-06-14 19:53:00,13.16,4.21,completed
SE-0005806,ST-014,6,2026-05-29 21:18:00,2026-05-29 22:11:00,35.42,11.33,aborted
SE-0004915,ST-005,2,2026-05-25 14:11:00,2026-05-25 14:33:00,19.12,6.12,completed
SE-0007522,ST-001,4,2026-06-07 16:06:00,2026-06-07 17:03:00,25.96,8.31,completed
SE-0011794,ST-023,2,2026-06-28 04:29:00,2026-06-28 04:46:00,9.7,3.1,completed
SE-0005578,ST-013,1,2026-05-28 02:08:00,2026-05-28 02:56:00,23.86,7.64,completed
SE-0003889,ST-003,2,2026-05-20 16:41:00,2026-05-20 17:34:00,37.58,12.03,completed
SE-0009269,ST-026,6,2026-06-15 21:29:00,2026-06-15 21:49:00,17.03,5.45,completed
SE-0005812,ST-014,4,2026-05-29 11:00:00,2026-05-29 12:04:00,38.33,12.27,completed
SE-0007773,ST-008,1,2026-06-08 15:24:00,2026-06-08 16:09:00,30.98,9.91,completed
SE-0008264,ST-034,3,2026-06-10 11:23:00,2026-06-10 11:43:00,10.62,3.4,completed
SE-0000810,ST-035,1,2026-05-04 12:40:00,2026-05-04 13:28:00,29.28,9.37,completed
SE-0009675,ST-025,2,2026-06-17 14:19:00,2026-06-17 16:09:00,53.28,17.05,completed
SE-0002195,ST-025,1,2026-05-11 13:36:00,2026-05-11 14:04:00,9.35,2.99,completed
SE-0000744,ST-023,2,2026-05-04 07:32:00,2026-05-04 08:45:00,14.54,4.65,completed
SE-0000733,ST-022,5,2026-05-04 13:33:00,2026-05-04 14:52:00,68.48,21.91,completed
SE-0007628,ST-022,3,2026-06-07 15:11:00,2026-06-07 15:21:00,3.17,1.01,completed
SE-0003928,ST-014,6,2026-05-20 11:24:00,2026-05-20 11:51:00,18.68,5.98,completed
SE-0007016,ST-017,2,2026-06-04 01:59:00,2026-06-04 02:44:00,24280,7.77,completed
SE-0010288,ST-001,3,2026-06-21 10:56:00,2026-06-21 11:36:00,31.31,10.02,completed
SE-0002814,ST-023,1,2026-05-14 15:30:00,2026-05-14 15:51:00,4.29,1.37,completed
SE-0001729,ST-017,2,2026-05-09 21:32:00,2026-05-09 22:19:00,39600,,completed
SE-0008397,ST-017,1,2026-06-11 15:23:00,2026-06-11 16:25:00,40010,,completed
SE-0002843,ST-031,6,2026-05-14 13:45:00,2026-05-14 13:59:00,6.7,2.14,completed
SE-0008051,ST-025,1,2026-06-09 14:07:00,2026-06-09 14:49:00,19.54,6.25,completed
SE-0008446,ST-028,2,2026-06-11 19:27:00,2026-06-11 19:57:00,20.04,6.41,completed
SE-0002093,ST-005,2,2026-05-11 13:51:00,2026-05-11 14:41:00,20.26,6.48,completed
SE-0007038,ST-020,1,2026-06-04 19:08:00,2026-06-04 20:19:00,40.49,12.96,completed
SE-0002495,ST-006,5,2026-05-13 22:51:00,2026-05-13 22:59:00,2.01,0.64,completed
SE-0005804,ST-014,4,2026-05-29 14:40:00,2026-05-29 15:31:00,30.26,9.68,completed
SE-0012005,ST-025,2,2026-06-29 13:28:00,2026-06-29 14:11:00,25.65,8.21,completed
SE-0008938,ST-003,2,2026-06-14 10:24:00,2026-06-14 11:07:00,40.89,13.08,completed
SE-0008695,ST-001,4,2026-06-13 00:58:00,2026-06-13 01:47:00,38.92,12.45,completed
SE-0008988,ST-014,1,2026-06-14 12:50:00,2026-06-14 13:57:00,15.73,5.03,completed
SE-0002687,ST-002,1,2026-05-14 17:27:00,2026-05-14 18:06:00,25.59,,completed
SE-0006374,ST-006,5,2026-06-01 19:58:00,2026-06-01 20:33:00,17.33,5.55,completed
SE-0001757,ST-023,2,2026-05-09 06:31:00,2026-05-09 07:21:00,30.75,9.84,completed
SE-0009012,ST-016,2,2026-06-14 15:08:00,2026-06-14 15:59:00,31.23,9.99,completed
SE-0004734,ST-008,2,2026-05-24 22:13:00,2026-05-24 22:39:00,14.41,4.61,completed
SE-0012051,ST-041,4,2026-06-29 20:45:00,2026-06-29 21:20:00,13.38,4.28,completed
SE-0000050,ST-013,1,2026-05-01 16:52:00,2026-05-01 17:13:00,14.5,4.64,completed
SE-0010648,ST-038,3,2026-06-22 06:32:00,2026-06-22 07:15:00,22.11,7.08,completed
SE-0003013,ST-029,1,2026-05-15 13:28:00,2026-05-15 14:39:00,36.67,11.73,completed
SE-0006413,ST-014,3,2026-06-01 17:47:00,2026-06-01 18:11:00,10.7,3.42,completed
SE-0011849,ST-040,2,2026-06-28 21:09:00,2026-06-28 22:22:00,38.22,12.23,completed
SE-0002516,ST-010,2,2026-05-13 17:09:00,2026-05-13 18:03:00,30.39,9.72,completed
SE-0007949,ST-003,1,2026-06-09 23:28:00,2026-06-10 00:26:00,40.86,13.08,completed
SE-0010699,ST-005,2,2026-06-23 03:00:00,2026-06-23 04:13:00,48.61,15.56,completed
SE-0008598,ST-019,5,2026-06-12 06:58:00,2026-06-12 07:30:00,11.39,3.64,completed
SE-0001450,ST-001,1,2026-05-08 08:14:00,2026-05-08 08:43:00,22.26,7.12,completed
SE-0010283,ST-001,4,2026-06-21 21:38:00,2026-06-21 22:25:00,26.85,8.59,completed
SE-0003393,ST-021,1,2026-05-17 21:13:00,2026-05-17 21:50:00,16.49,5.28,completed
SE-0003059,ST-041,4,2026-05-15 18:12:00,2026-05-15 18:25:00,4.8,1.54,completed
SE-0003699,ST-006,6,2026-05-19 23:55:00,2026-05-20 00:46:00,45.62,,completed
SE-0011792,ST-023,2,2026-06-28 14:37:00,2026-06-28 14:51:00,9.84,3.15,completed
SE-0001390,ST-026,5,2026-05-07 05:55:00,2026-05-07 06:36:00,26.47,8.47,completed
SE-0006013,ST-014,1,2026-05-30 23:24:00,2026-05-31 00:02:00,12.98,4.15,completed
SE-0005099,ST-003,2,2026-05-26 06:05:00,2026-05-26 06:46:00,24.76,7.92,completed
SE-0007349,ST-006,1,2026-06-06 07:51:00,2026-06-06 08:53:00,30.61,9.8,completed
SE-0010660,ST-041,3,2026-06-22 01:20:00,2026-06-22 01:49:00,12.72,4.07,completed
SE-0010812,ST-027,3,2026-06-23 15:04:00,2026-06-23 15:43:00,21.54,6.89,completed
SE-0010016,ST-015,1,2026-06-19 08:13:00,2026-06-19 08:31:00,15.1,4.83,completed
SE-0002234,ST-034,2,2026-05-11 07:31:00,2026-05-11 08:08:00,10.23,3.27,completed
SE-0009626,ST-015,2,2026-06-17 14:18:00,2026-06-17 14:24:00,1.5,0.48,completed
SE-0001255,ST-003,1,2026-05-07 13:03:00,2026-05-07 13:58:00,29.57,9.46,completed
SE-0009846,ST-022,1,2026-06-18 00:47:00,2026-06-18 00:55:00,3.55,1.14,completed
SE-0011639,ST-033,2,2026-06-27 13:04:00,2026-06-27 13:54:00,34.44,11.02,completed
SE-0011331,ST-010,2,2026-06-26 06:43:00,2026-06-26 07:29:00,23.69,7.58,completed
SE-0002483,ST-005,1,2026-05-13 12:00:00,2026-05-13 12:35:00,7.3,2.34,completed
SE-0007008,ST-015,1,2026-06-04 11:52:00,2026-06-04 12:40:00,43.49,13.92,completed
SE-0000060,ST-014,6,2026-05-01 20:31:00,2026-05-01 20:52:00,12.59,4.03,completed
SE-0010760,ST-015,2,2026-06-23 21:16:00,2026-06-23 21:52:00,7.96,2.55,completed
SE-0005073,ST-041,6,2026-05-25 17:50:00,2026-05-25 18:45:00,33.97,10.87,completed
SE-0011662,ST-041,1,2026-06-27 18:28:00,2026-06-27 19:16:00,24.5,,completed
SE-0005709,ST-040,1,2026-05-28 03:03:00,2026-05-28 03:46:00,25.18,,completed
SE-0008561,ST-011,1,2026-06-12 08:45:00,2026-06-12 09:05:00,8.33,2.67,completed
SE-0010485,ST-001,4,2026-06-22 19:35:00,2026-06-22 20:27:00,12.03,3.85,completed
SE-0000595,ST-001,1,2026-05-04 08:20:00,2026-05-04 08:49:00,19.54,6.25,completed
SE-0010967,ST-017,1,2026-06-24 20:22:00,2026-06-24 20:50:00,17310,5.54,completed
SE-0000394,ST-001,3,2026-05-03 12:53:00,2026-05-03 13:55:00,37.15,11.89,completed
SE-0005857,ST-023,2,2026-05-29 03:10:00,2026-05-29 04:32:00,47.88,15.32,completed
SE-0007965,ST-006,6,2026-06-09 13:05:00,2026-06-09 14:10:00,45.41,14.53,completed
SE-0003601,ST-025,2,2026-05-18 18:53:00,2026-05-18 19:05:00,7.14,2.28,completed
SE-0010277,ST-001,4,2026-06-21 23:48:00,2026-06-22 00:37:00,23.64,7.56,aborted
SE-0010434,ST-028,1,2026-06-21 07:40:00,2026-06-21 08:23:00,33.96,10.87,completed
SE-0005431,ST-025,1,2026-05-27 22:55:00,2026-05-27 23:53:00,28.71,9.19,completed
SE-0009198,ST-012,2,2026-06-15 19:55:00,2026-06-15 20:32:00,1.5,0.48,completed
SE-0011193,ST-022,6,2026-06-25 04:16:00,2026-06-25 05:09:00,27.4,8.77,completed
SE-0008595,ST-017,2,2026-06-12 15:07:00,2026-06-12 15:16:00,4350,1.39,completed
SE-0004431,ST-033,1,2026-05-22 06:24:00,2026-05-22 07:25:00,56.06,17.94,completed
SE-0004976,ST-016,1,2026-05-25 11:35:00,2026-05-25 12:05:00,24.72,7.91,completed
SE-0010187,ST-019,6,2026-06-20 02:22:00,2026-06-20 02:55:00,23.62,7.56,completed
SE-0005499,ST-041,4,2026-05-27 11:20:00,2026-05-27 11:57:00,14.15,4.53,completed
SE-0006205,ST-010,2,2026-05-31 21:47:00,2026-05-31 22:20:00,19.09,6.11,completed
SE-0003300,ST-001,2,2026-05-17 14:29:00,2026-05-17 15:36:00,25.76,8.24,completed
SE-0009076,ST-025,1,2026-06-14 21:20:00,2026-06-14 22:19:00,15.29,4.89,completed
SE-0010280,ST-001,2,2026-06-21 17:21:00,2026-06-21 18:49:00,43.68,13.98,completed
SE-0004531,ST-010,2,2026-05-23 11:30:00,2026-05-23 11:55:00,18.4,5.89,completed
SE-0003783,ST-022,3,2026-05-19 16:39:00,2026-05-19 17:14:00,15.01,4.8,completed
SE-0011367,ST-017,2,2026-06-26 03:01:00,2026-06-26 03:24:00,18350,5.87,completed
SE-0001731,ST-017,2,2026-05-09 17:24:00,2026-05-09 18:10:00,32049,10.26,completed
SE-0007505,ST-040,2,2026-06-06 01:59:00,2026-06-06 02:25:00,15.0,4.8,completed
SE-0006810,ST-015,2,2026-06-03 03:08:00,2026-06-03 03:31:00,12.32,3.94,completed
SE-0001278,ST-007,1,2026-05-07 03:51:00,2026-05-07 05:11:00,21.08,6.75,completed
SE-0000574,ST-041,3,2026-05-03 18:46:00,2026-05-03 19:38:00,33.44,10.7,completed
SE-0000312,ST-024,1,2026-05-02 07:12:00,2026-05-02 07:57:00,14.91,4.77,completed
SE-0001307,ST-014,6,2026-05-07 03:26:00,2026-05-07 04:07:00,23.46,7.51,completed
SE-0010632,ST-033,1,2026-06-22 16:00:00,2026-06-22 16:58:00,9.63,3.08,completed
SE-0004785,ST-018,5,2026-05-24 12:50:00,2026-05-24 13:35:00,30.2,9.66,completed
SE-0011000,ST-023,1,2026-06-24 20:54:00,2026-06-24 21:27:00,15.15,4.85,completed
SE-0002159,ST-017,2,2026-05-11 04:42:00,2026-05-11 04:51:00,4410,1.41,completed
SE-0000325,ST-025,2,2026-05-02 22:24:00,2026-05-02 23:12:00,15.6,4.99,completed
SE-0005399,ST-020,2,2026-05-27 02:32:00,2026-05-27 03:27:00,24.16,7.73,completed
SE-0004652,ST-033,2,2026-05-23 19:51:00,2026-05-23 20:43:00,12.99,4.16,completed
SE-0002409,ST-030,5,2026-05-12 03:00:00,2026-05-12 03:23:00,17.02,5.45,completed
SE-0005196,ST-023,1,2026-05-26 23:59:00,2026-05-27 01:00:00,52.29,16.73,aborted
SE-0009009,ST-016,2,2026-06-14 08:19:00,2026-06-14 08:44:00,11.16,3.57,completed
SE-0001342,ST-018,1,2026-05-07 13:03:00,2026-05-07 13:30:00,7.54,,completed
SE-0009284,ST-031,4,2026-06-15 16:08:00,2026-06-15 16:55:00,22.12,7.08,completed
SE-0001353,ST-022,1,2026-05-07 08:18:00,2026-05-07 09:08:00,23.04,7.37,completed
SE-0007610,ST-017,1,2026-06-07 16:43:00,2026-06-07 16:49:00,3050,,completed
SE-0003133,ST-010,1,2026-05-16 20:44:00,2026-05-16 21:30:00,19.71,6.31,completed
SE-0009041,ST-022,2,2026-06-14 05:20:00,2026-06-14 06:00:00,26.29,8.41,completed
SE-0008210,ST-021,5,2026-06-10 11:26:00,2026-06-10 12:08:00,18.33,5.87,completed
SE-0010941,ST-014,5,2026-06-24 12:53:00,2026-06-24 13:18:00,18.3,,completed
SE-0003893,ST-005,2,2026-05-20 11:51:00,2026-05-20 12:39:00,15.42,4.93,completed
SE-0010720,ST-006,5,2026-06-23 11:18:00,2026-06-23 12:19:00,31.96,10.23,completed
SE-0011097,ST-003,2,2026-06-25 08:10:00,2026-06-25 08:42:00,20.94,6.7,completed
SE-0010017,ST-016,2,2026-06-19 23:31:00,2026-06-20 00:03:00,8.63,2.76,completed
SE-0007720,ST-041,1,2026-06-07 01:22:00,2026-06-07 02:16:00,36.71,11.75,completed
SE-0002968,ST-017,2,2026-05-15 18:41:00,2026-05-15 19:04:00,20180,6.46,completed
SE-0006458,ST-022,1,2026-06-01 07:12:00,2026-06-01 08:24:00,18.0,5.76,completed
SE-0009334,ST-001,1,2026-06-16 11:03:00,2026-06-16 11:30:00,7.02,2.25,completed
SE-0000448,ST-010,1,2026-05-03 09:04:00,2026-05-03 10:04:00,48.93,15.66,completed
SE-0007635,ST-022,1,2026-06-07 10:57:00,2026-06-07 11:34:00,28.73,,completed
SE-0003026,ST-033,1,2026-05-15 01:13:00,2026-05-15 01:36:00,11.55,3.7,completed
SE-0008974,ST-010,2,2026-06-14 02:01:00,2026-06-14 02:48:00,21.8,6.98,completed
SE-0005613,ST-017,2,2026-05-28 18:55:00,2026-05-28 19:01:00,4140,1.32,completed
SE-0002248,ST-040,1,2026-05-11 04:07:00,2026-05-11 04:34:00,17.55,5.62,completed
SE-0006739,ST-003,2,2026-06-03 14:39:00,2026-06-03 15:35:00,36.5,11.68,completed
SE-0008034,ST-022,1,2026-06-09 10:39:00,2026-06-09 11:00:00,14.67,4.69,completed
SE-0009161,ST-005,2,2026-06-15 02:29:00,2026-06-15 02:50:00,9.01,2.88,completed
SE-0001512,ST-010,2,2026-05-08 11:40:00,2026-05-08 12:19:00,17.78,5.69,completed
SE-0007278,ST-031,4,2026-06-05 21:44:00,2026-06-05 22:55:00,33.21,10.63,completed
SE-0004928,ST-006,3,2026-05-25 13:33:00,2026-05-25 14:26:00,39.87,12.76,completed
SE-0002491,ST-005,2,2026-05-13 16:11:00,2026-05-13 16:43:00,10.3,3.3,completed
SE-0011339,ST-012,1,2026-06-26 06:17:00,2026-06-26 07:07:00,27.56,8.82,completed
SE-0006660,ST-025,2,2026-06-02 06:09:00,2026-06-02 06:57:00,26.07,,completed
SE-0002899,ST-003,1,2026-05-15 11:04:00,2026-05-15 12:17:00,32.36,10.36,completed
SE-0011194,ST-022,4,2026-06-25 10:58:00,2026-06-25 11:23:00,11.35,3.63,completed
SE-0000879,ST-008,2,2026-05-05 05:14:00,2026-05-05 05:40:00,19.53,6.25,completed
SE-0006411,ST-014,1,2026-06-01 16:14:00,2026-06-01 17:04:00,39.89,12.76,completed
SE-0000297,ST-022,6,2026-05-02 13:31:00,2026-05-02 14:15:00,19.27,6.17,completed
SE-0002108,ST-006,4,2026-05-11 05:35:00,2026-05-11 06:27:00,42.52,13.61,completed
SE-0003337,ST-006,5,2026-05-17 20:10:00,2026-05-17 20:49:00,17.89,5.72,completed
SE-0007749,ST-003,2,2026-06-08 00:29:00,2026-06-08 01:07:00,27.74,8.88,completed
SE-0002283,ST-004,2,2026-05-12 04:34:00,2026-05-12 05:24:00,27.14,8.68,completed
SE-0003382,ST-016,1,2026-05-17 11:08:00,2026-05-17 11:19:00,5.14,1.64,completed
SE-0009704,ST-033,1,2026-06-17 15:38:00,2026-06-17 16:34:00,33.81,10.82,completed
SE-0007095,ST-035,1,2026-06-04 01:35:00,2026-06-04 02:38:00,26.3,8.42,completed
SE-0007938,ST-001,3,2026-06-09 23:32:00,2026-06-10 00:07:00,24.06,,completed
SE-0001624,ST-034,2,2026-05-08 09:13:00,2026-05-08 10:04:00,22.88,7.32,completed
SE-0009326,ST-041,5,2026-06-15 20:56:00,2026-06-15 21:46:00,23.22,7.43,completed
SE-0002829,ST-028,1,2026-05-14 06:16:00,2026-05-14 07:09:00,24.77,7.93,completed
SE-0007048,ST-025,2,2026-06-04 19:41:00,2026-06-04 20:22:00,5.31,1.7,completed
SE-0000588,ST-001,1,2026-05-04 05:39:00,2026-05-04 06:37:00,39.63,12.68,completed
SE-0006798,ST-014,2,2026-06-03 19:33:00,2026-06-03 20:14:00,21.9,7.01,completed
SE-0005108,ST-003,2,2026-05-26 11:26:00,2026-05-26 12:09:00,11.88,3.8,completed
SE-0010002,ST-012,1,2026-06-19 13:25:00,2026-06-19 14:03:00,17.8,5.7,completed
SE-0004947,ST-010,2,2026-05-25 04:21:00,2026-05-25 04:33:00,2.74,0.88,completed
SE-0003784,ST-022,4,2026-05-19 20:37:00,2026-05-19 21:21:00,18.51,5.92,completed
SE-0006181,ST-006,1,2026-05-31 01:08:00,2026-05-31 01:43:00,21.87,7.0,aborted
SE-0004974,ST-016,1,2026-05-25 08:21:00,2026-05-25 08:31:00,4.65,1.49,aborted
SE-0008463,ST-033,1,2026-06-11 04:54:00,2026-06-11 05:12:00,6.54,2.09,completed
SE-0010220,ST-025,1,2026-06-20 19:55:00,2026-06-20 20:29:00,21.67,6.93,completed
SE-0004536,ST-011,2,2026-05-23 20:46:00,2026-05-23 21:36:00,23.95,7.66,completed
SE-0009690,ST-029,1,2026-06-17 23:18:00,2026-06-17 23:43:00,8.08,2.59,completed
SE-0003799,ST-023,2,2026-05-19 23:06:00,2026-05-20 00:02:00,31.56,10.1,completed
SE-0006645,ST-022,2,2026-06-02 08:36:00,2026-06-02 09:22:00,10.09,3.23,completed
SE-0000097,ST-022,2,2026-05-01 08:33:00,2026-05-01 09:24:00,32.5,10.4,completed
SE-0005614,ST-017,1,2026-05-28 17:42:00,2026-05-28 18:23:00,7880,2.52,completed
SE-0010483,ST-001,1,2026-06-22 03:50:00,2026-06-22 04:54:00,13.08,4.19,completed
SE-0003817,ST-028,1,2026-05-19 10:57:00,2026-05-19 11:59:00,45.51,14.56,completed
SE-0009362,ST-005,1,2026-06-16 18:24:00,2026-06-16 19:35:00,36.91,11.81,aborted
SE-0001071,ST-006,2,2026-05-06 13:01:00,2026-05-06 13:50:00,30.36,9.72,completed
SE-0012025,ST-033,2,2026-06-29 23:21:00,2026-06-30 00:31:00,38.63,12.36,completed
SE-0004377,ST-022,3,2026-05-22 12:18:00,2026-05-22 13:30:00,35.64,11.4,completed
SE-0009425,ST-015,1,2026-06-16 00:41:00,2026-06-16 01:11:00,10.76,3.44,completed
SE-0007207,ST-016,2,2026-06-05 21:04:00,2026-06-05 21:45:00,12.87,4.12,completed
SE-0003490,ST-003,1,2026-05-18 03:20:00,2026-05-18 04:14:00,41.36,13.24,completed
SE-0009593,ST-009,1,2026-06-17 00:26:00,2026-06-17 00:41:00,11.55,3.7,completed
SE-0007788,ST-013,1,2026-06-08 20:52:00,2026-06-08 21:48:00,35.5,11.36,completed
SE-0008504,ST-041,2,2026-06-11 05:14:00,2026-06-11 05:43:00,7.64,2.44,completed
SE-0004838,ST-026,2,2026-05-24 16:42:00,2026-05-24 17:18:00,25.46,8.15,completed
SE-0004908,ST-004,2,2026-05-25 05:12:00,2026-05-25 06:15:00,25.58,8.19,completed
SE-0008479,ST-034,2,2026-06-11 17:59:00,2026-06-11 18:49:00,48.01,15.36,completed
SE-0006871,ST-025,1,2026-06-03 09:02:00,2026-06-03 09:18:00,9.42,3.01,completed
SE-0005306,ST-004,4,2026-05-27 10:21:00,2026-05-27 11:24:00,37.44,11.98,completed
SE-0004700,ST-002,2,2026-05-24 06:47:00,2026-05-24 07:46:00,36.53,11.69,completed
SE-0002992,ST-023,1,2026-05-15 08:19:00,2026-05-15 08:48:00,23.01,7.36,completed
SE-0003069,ST-001,2,2026-05-16 10:32:00,2026-05-16 11:37:00,43.04,13.77,completed
SE-0008242,ST-027,4,2026-06-10 00:55:00,2026-06-10 01:41:00,31.73,10.15,completed
SE-0005192,ST-022,5,2026-05-26 08:34:00,2026-05-26 09:07:00,21.77,6.97,completed
SE-0002712,ST-005,1,2026-05-14 01:55:00,2026-05-14 02:31:00,20.22,6.47,completed
SE-0007917,ST-041,5,2026-06-08 15:59:00,2026-06-08 16:26:00,15.1,,completed
SE-0011824,ST-031,6,2026-06-28 00:18:00,2026-06-28 01:09:00,31.61,10.12,completed
SE-0010489,ST-001,3,2026-06-22 10:31:00,2026-06-22 11:24:00,32.97,10.55,completed
SE-0000025,ST-006,2,2026-05-01 19:57:00,2026-05-01 20:44:00,25.32,8.1,completed
SE-0005761,ST-005,1,2026-05-29 16:09:00,2026-05-29 16:47:00,28.61,9.16,completed
SE-0003916,ST-009,2,2026-05-20 05:30:00,2026-05-20 06:12:00,21.34,6.83,completed
SE-0011715,ST-006,3,2026-06-28 03:03:00,2026-06-28 03:12:00,3.75,1.2,completed
SE-0003788,ST-022,3,2026-05-19 01:16:00,2026-05-19 01:40:00,11.16,3.57,completed
SE-0001735,ST-017,1,2026-05-09 23:20:00,2026-05-09 23:26:00,3610,1.16,completed
SE-0004155,ST-015,1,2026-05-21 21:16:00,2026-05-21 21:41:00,1.5,0.48,aborted
SE-0009406,ST-011,1,2026-06-16 19:40:00,2026-06-16 20:10:00,11.03,3.53,completed
SE-0010076,ST-029,4,2026-06-19 13:10:00,2026-06-19 13:52:00,22.95,,completed
SE-0004066,ST-001,3,2026-05-21 09:12:00,2026-05-21 09:44:00,14.49,4.64,completed
SE-0002997,ST-023,2,2026-05-15 22:35:00,2026-05-15 23:29:00,19.47,6.23,aborted
SE-0000821,ST-039,3,2026-05-04 22:28:00,2026-05-04 23:20:00,24.56,7.86,completed
SE-0007531,ST-003,1,2026-06-07 15:59:00,2026-06-07 16:41:00,16.64,5.32,completed
SE-0000569,ST-040,1,2026-05-03 21:31:00,2026-05-03 22:08:00,19.04,6.09,aborted
SE-0003243,ST-031,4,2026-05-16 06:28:00,2026-05-16 07:35:00,29.33,9.39,completed
SE-0005851,ST-022,4,2026-05-29 08:40:00,2026-05-29 09:38:00,35.26,11.28,completed
SE-0000279,ST-017,1,2026-05-02 22:28:00,2026-05-02 23:06:00,19180,6.14,completed
SE-0004662,ST-036,1,2026-05-23 16:40:00,2026-05-23 18:02:00,50.85,16.27,completed
SE-0005818,ST-015,2,2026-05-29 14:34:00,2026-05-29 15:30:00,17.48,5.59,completed
SE-0009208,ST-014,4,2026-06-15 12:29:00,2026-06-15 13:10:00,21.74,6.96,completed
SE-0001774,ST-025,1,2026-05-09 08:01:00,2026-05-09 09:06:00,30.99,9.92,completed
SE-0000111,ST-023,2,2026-05-01 23:46:00,2026-05-02 00:25:00,16.91,5.41,completed
SE-0010963,ST-017,2,2026-06-24 01:52:00,2026-06-24 02:29:00,30850,9.87,completed
SE-0010422,ST-025,2,2026-06-21 04:47:00,2026-06-21 05:50:00,12.28,3.93,completed
SE-0001224,ST-040,1,2026-05-06 19:00:00,2026-05-06 20:16:00,36.66,11.73,completed
SE-0005848,ST-022,5,2026-05-29 21:14:00,2026-05-29 22:05:00,13.89,4.44,completed
SE-0001261,ST-003,2,2026-05-07 00:31:00,2026-05-07 01:00:00,21.68,6.94,completed
SE-0002125,ST-011,1,2026-05-11 06:01:00,2026-05-11 06:20:00,6.55,2.1,completed
SE-0004059,ST-001,1,2026-05-21 12:23:00,2026-05-21 13:07:00,31.24,10.0,completed
SE-0009837,ST-018,3,2026-06-18 07:49:00,2026-06-18 08:37:00,21.16,6.77,completed
SE-0011951,ST-015,1,2026-06-29 11:38:00,2026-06-29 12:10:00,15.18,4.86,completed
SE-0009874,ST-025,2,2026-06-18 09:40:00,2026-06-18 10:58:00,41.16,13.17,completed
SE-0010800,ST-025,2,2026-06-23 10:55:00,2026-06-23 12:14:00,49.94,15.98,completed
SE-0006003,ST-014,6,2026-05-30 04:46:00,2026-05-30 04:58:00,9.31,2.98,completed
SE-0004535,ST-011,2,2026-05-23 22:15:00,2026-05-23 22:21:00,2.6,0.83,completed
SE-0004823,ST-025,1,2026-05-24 01:26:00,2026-05-24 02:07:00,25.18,8.06,completed
SE-0012015,ST-028,2,2026-06-29 22:01:00,2026-06-29 22:45:00,16.42,5.25,completed
SE-0011740,ST-012,1,2026-06-28 16:43:00,2026-06-28 17:49:00,52.1,16.67,completed
SE-0009094,ST-029,1,2026-06-14 10:46:00,2026-06-14 11:22:00,15.56,4.98,completed
SE-0003441,ST-034,2,2026-05-17 02:48:00,2026-05-17 03:23:00,22.07,,completed
SE-0011216,ST-027,3,2026-06-25 13:45:00,2026-06-25 14:02:00,10.36,3.32,completed
SE-0002448,ST-041,3,2026-05-12 05:39:00,2026-05-12 06:33:00,25.71,8.23,completed
SE-0002109,ST-006,5,2026-05-11 15:40:00,2026-05-11 16:10:00,25.42,8.13,completed
SE-0011061,ST-041,1,2026-06-24 09:52:00,2026-06-24 10:56:00,28.56,9.14,completed
SE-0007109,ST-041,3,2026-06-04 17:55:00,2026-06-04 18:35:00,23.45,7.5,completed
SE-0001812,ST-035,2,2026-05-09 21:17:00,2026-05-09 22:04:00,25.2,8.06,completed
SE-0007164,ST-009,1,2026-06-05 20:39:00,2026-06-05 20:53:00,11.14,3.56,completed
SE-0009505,ST-032,2,2026-06-16 10:17:00,2026-06-16 10:51:00,9.64,3.08,completed
SE-0008866,ST-028,1,2026-06-13 20:28:00,2026-06-13 21:39:00,27.3,8.74,completed
SE-0007622,ST-022,5,2026-06-07 14:02:00,2026-06-07 14:20:00,4.81,1.54,completed
SE-0005455,ST-032,4,2026-05-27 12:22:00,2026-05-27 12:43:00,9.06,2.9,completed
SE-0004624,ST-025,2,2026-05-23 13:14:00,2026-05-23 13:33:00,9.49,3.04,completed
SE-0009048,ST-022,5,2026-06-14 05:30:00,2026-06-14 06:08:00,25.69,8.22,completed
SE-0003237,ST-029,1,2026-05-16 00:46:00,2026-05-16 01:41:00,38.5,12.32,completed
SE-0010530,ST-011,2,2026-06-22 21:05:00,2026-06-22 21:49:00,9.58,3.07,completed
SE-0008752,ST-006,1,2026-06-13 00:21:00,2026-06-13 01:35:00,43.54,13.93,completed
SE-0004628,ST-025,1,2026-05-23 06:43:00,2026-05-23 07:28:00,19.99,6.4,completed
SE-0010835,ST-033,1,2026-06-23 11:32:00,2026-06-23 11:38:00,2.91,0.93,completed
SE-0011591,ST-022,3,2026-06-27 03:04:00,2026-06-27 04:10:00,16.99,5.44,completed
SE-0011678,ST-001,3,2026-06-28 09:20:00,2026-06-28 10:09:00,26.35,8.43,completed
SE-0006168,ST-004,3,2026-05-31 15:23:00,2026-05-31 16:00:00,18.85,6.03,completed
SE-0001028,ST-001,1,2026-05-06 03:59:00,2026-05-06 04:45:00,14.92,4.77,completed
SE-0010752,ST-015,1,2026-06-23 17:40:00,2026-06-23 18:26:00,33.9,10.85,completed
SE-0007817,ST-016,2,2026-06-08 05:39:00,2026-06-08 06:29:00,33.97,10.87,completed
SE-0011472,ST-001,3,2026-06-27 12:13:00,2026-06-27 12:54:00,30.36,9.72,completed
SE-0000407,ST-003,2,2026-05-03 20:19:00,2026-05-03 20:47:00,11.5,3.68,completed
SE-0007366,ST-009,2,2026-06-06 11:10:00,2026-06-06 11:54:00,14.96,4.79,completed
SE-0000707,ST-017,2,2026-05-04 15:40:00,2026-05-04 16:21:00,22970,7.35,completed
SE-0002908,ST-005,1,2026-05-15 07:12:00,2026-05-15 08:15:00,38.83,12.43,completed
SE-0005776,ST-008,2,2026-05-29 03:08:00,2026-05-29 03:47:00,13.93,4.46,completed
SE-0004769,ST-015,1,2026-05-24 20:59:00,2026-05-24 22:11:00,36.16,11.57,completed
SE-0002778,ST-017,1,2026-05-14 00:35:00,2026-05-14 00:46:00,9000,2.88,completed
SE-0007466,ST-029,2,2026-06-06 10:02:00,2026-06-06 10:39:00,22.42,7.17,completed
SE-0007899,ST-034,4,2026-06-08 16:09:00,2026-06-08 17:28:00,74.3,23.78,completed
SE-0003229,ST-025,1,2026-05-16 06:22:00,2026-05-16 07:06:00,16.11,5.16,completed
SE-0008272,ST-037,4,2026-06-10 19:56:00,2026-06-10 20:19:00,15.9,5.09,completed
SE-0002070,ST-001,4,2026-05-11 02:35:00,2026-05-11 02:58:00,27.16,8.69,completed
SE-0011946,ST-015,2,2026-06-29 02:47:00,2026-06-29 03:57:00,37.0,,completed
SE-0007063,ST-028,1,2026-06-04 17:01:00,2026-06-04 17:19:00,4.25,1.36,completed
SE-0007420,ST-022,5,2026-06-06 21:28:00,2026-06-06 22:00:00,13.47,4.31,completed
SE-0010066,ST-025,1,2026-06-19 06:37:00,2026-06-19 07:22:00,25.3,8.1,completed
SE-0009913,ST-034,4,2026-06-18 05:23:00,2026-06-18 05:58:00,31.81,10.18,completed
SE-0001400,ST-029,3,2026-05-07 18:02:00,2026-05-07 18:44:00,17.84,5.71,completed
SE-0000402,ST-003,2,2026-05-03 19:13:00,2026-05-03 19:49:00,29.23,9.35,completed
SE-0006421,ST-015,2,2026-06-01 07:58:00,2026-06-01 08:27:00,11.96,3.83,completed
SE-0005718,ST-041,2,2026-05-28 02:55:00,2026-05-28 03:47:00,11.27,3.61,completed
SE-0004543,ST-014,4,2026-05-23 18:10:00,2026-05-23 19:05:00,41.34,13.23,completed
SE-0008420,ST-023,1,2026-06-11 13:29:00,2026-06-11 14:20:00,19.34,6.19,completed
SE-0004557,ST-015,2,2026-05-23 02:35:00,2026-05-23 03:14:00,33.12,10.6,completed
SE-0007823,ST-017,2,2026-06-08 14:18:00,2026-06-08 14:58:00,17940,5.74,aborted
SE-0007676,ST-031,3,2026-06-07 14:06:00,2026-06-07 14:50:00,37.11,11.88,completed
SE-0002424,ST-034,2,2026-05-12 19:40:00,2026-05-12 20:18:00,26.68,8.54,completed
SE-0010549,ST-014,6,2026-06-22 21:39:00,2026-06-22 22:14:00,19.92,6.37,completed
SE-0002589,ST-023,2,2026-05-13 02:38:00,2026-05-13 03:15:00,30.72,,completed
SE-0010486,ST-001,2,2026-06-22 01:54:00,2026-06-22 02:37:00,20.88,6.68,completed
SE-0002585,ST-023,2,2026-05-13 18:04:00,2026-05-13 18:50:00,16.51,5.28,completed
SE-0003751,ST-015,2,2026-05-19 06:54:00,2026-05-19 07:28:00,23.71,7.59,completed
SE-0006881,ST-029,3,2026-06-03 23:09:00,2026-06-03 23:49:00,21.02,,completed
SE-0004511,ST-006,6,2026-05-23 08:14:00,2026-05-23 09:12:00,44.26,,completed
SE-0003019,ST-032,3,2026-05-15 11:15:00,2026-05-15 12:24:00,43.81,14.02,completed
SE-0009404,ST-011,2,2026-06-16 21:39:00,2026-06-16 22:32:00,30.35,9.71,completed
SE-0005278,ST-041,3,2026-05-26 10:30:00,2026-05-26 11:24:00,19.88,6.36,completed
SE-0010973,ST-019,4,2026-06-24 05:43:00,2026-06-24 06:11:00,19.62,,completed
SE-0003252,ST-033,2,2026-05-16 04:52:00,2026-05-16 05:36:00,21.14,6.76,completed
SE-0000897,ST-013,1,2026-05-05 07:12:00,2026-05-05 08:18:00,16.89,5.4,completed
SE-0000462,ST-014,5,2026-05-03 14:26:00,2026-05-03 15:26:00,33.74,10.8,completed
SE-0003431,ST-031,1,2026-05-17 21:06:00,2026-05-17 21:53:00,27.29,8.73,completed
SE-0005779,ST-008,1,2026-05-29 02:30:00,2026-05-29 03:11:00,22.89,,completed
SE-0002305,ST-006,4,2026-05-12 06:37:00,2026-05-12 06:45:00,5.08,1.63,completed
SE-0004554,ST-015,1,2026-05-23 06:58:00,2026-05-23 07:55:00,34.22,10.95,completed
SE-0008173,ST-015,1,2026-06-10 18:27:00,2026-06-10 19:01:00,1.9,0.61,completed
SE-0002677,ST-001,4,2026-05-14 08:35:00,2026-05-14 08:42:00,5.82,1.86,completed
SE-0010981,ST-022,6,2026-06-24 16:37:00,2026-06-24 17:18:00,29.32,9.38,completed
SE-0007636,ST-022,6,2026-06-07 06:12:00,2026-06-07 06:25:00,7.68,2.46,completed
SE-0010583,ST-021,6,2026-06-22 19:55:00,2026-06-22 21:27:00,66.9,21.41,completed
SE-0005678,ST-031,5,2026-05-28 14:20:00,2026-05-28 15:00:00,20.95,6.7,completed
SE-0001651,ST-002,1,2026-05-09 09:52:00,2026-05-09 10:24:00,10.14,3.24,completed
SE-0003976,ST-022,6,2026-05-20 21:10:00,2026-05-20 21:30:00,18.83,6.03,completed
SE-0002092,ST-005,2,2026-05-11 06:17:00,2026-05-11 07:19:00,21.88,7.0,completed
SE-0005315,ST-005,2,2026-05-27 07:42:00,2026-05-27 08:28:00,21.24,6.8,completed
SE-0011179,ST-017,1,2026-06-25 12:16:00,2026-06-25 13:17:00,45670,14.61,completed
SE-0003677,ST-003,1,2026-05-19 02:00:00,2026-05-19 02:31:00,17.21,,completed
SE-0006232,ST-015,1,2026-05-31 03:18:00,2026-05-31 04:00:00,24.83,7.95,completed
SE-0004910,ST-005,2,2026-05-25 23:39:00,2026-05-26 00:09:00,25.62,8.2,completed
SE-0004720,ST-005,1,2026-05-24 11:01:00,2026-05-24 11:45:00,42.34,13.55,completed
SE-0009739,ST-001,4,2026-06-18 04:43:00,2026-06-18 05:40:00,44.21,14.15,completed
SE-0008459,ST-033,1,2026-06-11 11:13:00,2026-06-11 12:25:00,53.46,17.11,completed
SE-0005679,ST-031,6,2026-05-28 13:34:00,2026-05-28 14:08:00,20.18,6.46,completed
SE-0005317,ST-006,6,2026-05-27 15:16:00,2026-05-27 15:46:00,23.53,7.53,completed
SE-0004494,ST-005,2,2026-05-23 17:32:00,2026-05-23 17:43:00,6.84,2.19,completed
SE-0005884,ST-029,1,2026-05-29 10:17:00,2026-05-29 11:23:00,39.04,12.49,completed
SE-0003458,ST-041,3,2026-05-17 17:18:00,2026-05-17 18:07:00,19.59,,completed
SE-0006736,ST-003,2,2026-06-03 00:06:00,2026-06-03 01:19:00,45.57,14.58,completed
SE-0008688,ST-041,4,2026-06-12 09:49:00,2026-06-12 10:27:00,30.26,9.68,completed
SE-0004601,ST-022,3,2026-05-23 11:36:00,2026-05-23 12:18:00,17.7,5.66,completed
SE-0011660,ST-041,2,2026-06-27 04:12:00,2026-06-27 04:53:00,19.35,6.19,completed
SE-0010005,ST-012,1,2026-06-19 10:51:00,2026-06-19 11:46:00,38.03,12.17,completed
SE-0008379,ST-015,2,2026-06-11 06:15:00,2026-06-11 06:29:00,9.62,3.08,completed
SE-0003476,ST-001,3,2026-05-18 10:52:00,2026-05-18 11:23:00,17.16,5.49,completed
SE-0004995,ST-020,1,2026-05-25 22:44:00,2026-05-25 23:22:00,11.71,3.75,completed
SE-0009067,ST-024,1,2026-06-14 15:02:00,2026-06-14 15:34:00,14.77,4.73,completed
SE-0006685,ST-033,1,2026-06-02 14:42:00,2026-06-02 15:16:00,21.88,7.0,completed
SE-0010260,ST-041,5,2026-06-20 02:58:00,2026-06-20 03:22:00,13.72,4.39,completed
SE-0006500,ST-032,2,2026-06-01 22:11:00,2026-06-01 22:44:00,10.0,3.2,completed
SE-0007918,ST-041,6,2026-06-08 06:03:00,2026-06-08 06:52:00,21.24,,completed
SE-0004840,ST-027,3,2026-05-24 01:05:00,2026-05-24 02:01:00,10.64,3.4,completed
SE-0010254,ST-037,3,2026-06-20 21:38:00,2026-06-20 22:10:00,9.13,2.92,completed
SE-0000949,ST-022,4,2026-05-05 23:02:00,2026-05-05 23:55:00,36.21,11.59,completed
SE-0003633,ST-036,3,2026-05-18 02:03:00,2026-05-18 02:56:00,16.13,5.16,completed
SE-0006851,ST-022,4,2026-06-03 11:39:00,2026-06-03 12:14:00,14.44,4.62,completed
SE-0006477,ST-025,1,2026-06-01 15:00:00,2026-06-01 15:26:00,6.29,2.01,completed
SE-0011731,ST-009,1,2026-06-28 23:29:00,2026-06-28 23:38:00,4.1,1.31,completed
SE-0007767,ST-006,6,2026-06-08 07:55:00,2026-06-08 08:44:00,14.6,,completed
SE-0004721,ST-005,2,2026-05-24 10:21:00,2026-05-24 11:07:00,24.95,,completed
SE-0007585,ST-013,2,2026-06-07 04:37:00,2026-06-07 05:46:00,24.81,7.94,completed
SE-0007724,ST-001,3,2026-06-08 06:53:00,2026-06-08 07:24:00,22.53,7.21,completed
SE-0011880,ST-003,2,2026-06-29 09:35:00,2026-06-29 10:09:00,21.18,6.78,completed
SE-0011603,ST-023,1,2026-06-27 18:20:00,2026-06-27 19:19:00,27.18,8.7,completed
SE-0001207,ST-034,1,2026-05-06 20:01:00,2026-05-06 21:11:00,36.41,11.65,completed
SE-0000483,ST-017,1,2026-05-03 06:34:00,2026-05-03 07:29:00,15800,5.06,completed
SE-0006024,ST-015,2,2026-05-30 06:39:00,2026-05-30 07:11:00,18.98,6.07,completed
SE-0002740,ST-011,1,2026-05-14 04:01:00,2026-05-14 05:12:00,25.85,8.27,completed
SE-0010455,ST-034,1,2026-06-21 10:28:00,2026-06-21 10:53:00,11.4,3.65,completed
SE-0005732,ST-003,1,2026-05-29 10:37:00,2026-05-29 11:29:00,24.11,7.72,aborted
SE-0006839,ST-017,2,2026-06-03 22:49:00,2026-06-03 23:43:00,17370,5.56,completed
SE-0008714,ST-003,1,2026-06-13 10:56:00,2026-06-13 11:29:00,24.95,7.98,completed
SE-0006068,ST-023,1,2026-05-30 17:55:00,2026-05-30 18:37:00,15.02,4.81,completed
SE-0009366,ST-006,4,2026-06-16 15:02:00,2026-06-16 15:54:00,37.7,12.06,completed
SE-0004603,ST-022,2,2026-05-23 09:46:00,2026-05-23 10:20:00,16.27,,completed
SE-0006690,ST-033,1,2026-06-02 16:19:00,2026-06-02 17:20:00,34.13,10.92,completed
SE-0004599,ST-022,1,2026-05-23 23:15:00,2026-05-23 23:52:00,32.22,,completed
SE-0011106,ST-004,3,2026-06-25 18:23:00,2026-06-25 18:52:00,21.29,6.81,completed
SE-0001381,ST-025,1,2026-05-07 03:18:00,2026-05-07 04:11:00,30.38,9.72,completed
SE-0000829,ST-041,4,2026-05-04 20:23:00,2026-05-04 21:06:00,28.78,9.21,completed
SE-0005364,ST-014,2,2026-05-27 04:18:00,2026-05-27 04:41:00,15.07,4.82,completed
SE-0002501,ST-007,4,2026-05-13 12:28:00,2026-05-13 13:29:00,40.46,12.95,completed
SE-0005168,ST-016,2,2026-05-26 00:21:00,2026-05-26 01:02:00,13.77,4.41,completed
SE-0007144,ST-005,2,2026-06-05 15:06:00,2026-06-05 15:48:00,13.84,4.43,completed
SE-0009503,ST-029,3,2026-06-16 11:55:00,2026-06-16 12:12:00,11.35,,completed
SE-0003439,ST-033,1,2026-05-17 13:50:00,2026-05-17 14:54:00,7.14,2.28,completed
SE-0007794,ST-014,3,2026-06-08 13:56:00,2026-06-08 14:56:00,54.89,17.56,completed
SE-0005788,ST-010,1,2026-05-29 19:11:00,2026-05-29 19:55:00,35.53,11.37,completed
SE-0002308,ST-006,1,2026-05-12 09:01:00,2026-05-12 10:03:00,38.81,12.42,completed
SE-0009583,ST-006,6,2026-06-17 23:10:00,2026-06-18 00:01:00,21.68,6.94,completed
SE-0010029,ST-018,1,2026-06-19 17:18:00,2026-06-19 17:44:00,7.57,2.42,completed
SE-0003750,ST-015,1,2026-05-19 09:14:00,2026-05-19 09:45:00,18.21,5.83,completed
SE-0009432,ST-015,2,2026-06-16 12:06:00,2026-06-16 13:10:00,32.34,10.35,completed
SE-0008168,ST-014,3,2026-06-10 08:30:00,2026-06-10 09:10:00,14.41,4.61,completed
SE-0004106,ST-006,4,2026-05-21 00:46:00,2026-05-21 01:23:00,15.84,5.07,completed
SE-0010713,ST-006,2,2026-06-23 18:18:00,2026-06-23 18:56:00,25.27,8.09,completed
SE-0000784,ST-029,3,2026-05-04 00:55:00,2026-05-04 01:32:00,20.39,6.52,completed
SE-0009822,ST-015,1,2026-06-18 01:38:00,2026-06-18 02:46:00,36.14,11.56,completed
SE-0005112,ST-004,1,2026-05-26 20:08:00,2026-05-26 20:41:00,16.99,5.44,completed
SE-0000231,ST-006,1,2026-05-02 05:02:00,2026-05-02 06:04:00,35.88,11.48,completed
SE-0005992,ST-012,2,2026-05-30 20:50:00,2026-05-30 22:03:00,41.63,13.32,completed
SE-0002489,ST-005,2,2026-05-13 20:08:00,2026-05-13 20:26:00,15.7,5.02,completed
SE-0003198,ST-022,5,2026-05-16 02:19:00,2026-05-16 02:52:00,21.63,6.92,completed
SE-0010804,ST-025,1,2026-06-23 16:37:00,2026-06-23 17:17:00,15.98,,completed
SE-0009361,ST-005,2,2026-06-16 12:16:00,2026-06-16 12:55:00,17.16,5.49,completed
SE-0006325,ST-041,4,2026-05-31 10:17:00,2026-05-31 10:59:00,13.43,4.3,completed
SE-0002257,ST-041,4,2026-05-11 11:19:00,2026-05-11 12:22:00,35.41,11.33,completed
SE-0005755,ST-005,1,2026-05-29 17:09:00,2026-05-29 18:17:00,43.15,13.81,completed
SE-0008276,ST-040,1,2026-06-10 03:30:00,2026-06-10 04:30:00,31.52,10.09,completed
SE-0001256,ST-003,2,2026-05-07 07:37:00,2026-05-07 07:58:00,10.77,3.45,completed
SE-0003102,ST-005,1,2026-05-16 17:39:00,2026-05-16 17:52:00,5.79,1.85,completed
SE-0003220,ST-025,1,2026-05-16 16:00:00,2026-05-16 16:28:00,17.28,5.53,completed
SE-0000948,ST-022,1,2026-05-05 03:15:00,2026-05-05 03:40:00,20.03,6.41,completed
SE-0004549,ST-014,5,2026-05-23 22:39:00,2026-05-23 23:16:00,6.84,2.19,completed
SE-0006648,ST-023,2,2026-06-02 09:49:00,2026-06-02 10:12:00,13.74,4.4,completed
SE-0005741,ST-003,2,2026-05-29 22:26:00,2026-05-29 23:16:00,31.0,9.92,aborted
SE-0002757,ST-014,2,2026-05-14 14:10:00,2026-05-14 15:10:00,29.12,9.32,completed
SE-0004418,ST-031,3,2026-05-22 00:11:00,2026-05-22 01:03:00,17.78,5.69,completed
SE-0008046,ST-024,2,2026-06-09 03:53:00,2026-06-09 04:20:00,9.67,3.09,completed
SE-0001965,ST-023,1,2026-05-10 20:31:00,2026-05-10 21:06:00,16.04,5.13,completed
SE-0003636,ST-037,1,2026-05-18 11:03:00,2026-05-18 11:37:00,20.32,6.5,completed
SE-0010657,ST-041,5,2026-06-22 11:16:00,2026-06-22 12:27:00,54.21,17.35,completed
SE-0003195,ST-022,4,2026-05-16 12:25:00,2026-05-16 13:24:00,55.91,17.89,completed
SE-0011574,ST-016,1,2026-06-27 11:25:00,2026-06-27 12:13:00,20.7,6.62,completed
SE-0003904,ST-006,5,2026-05-20 06:07:00,2026-05-20 06:53:00,19.48,6.23,completed
SE-0008144,ST-009,2,2026-06-10 15:01:00,2026-06-10 15:12:00,9.51,,completed
SE-0011164,ST-015,2,2026-06-25 22:23:00,2026-06-25 23:17:00,35.72,11.43,completed
SE-0010334,ST-006,3,2026-06-21 23:58:00,2026-06-22 00:43:00,21.89,7.0,completed
SE-0008854,ST-025,2,2026-06-13 15:49:00,2026-06-13 16:34:00,25.93,8.3,completed
SE-0007118,ST-001,1,2026-06-05 11:32:00,2026-06-05 12:46:00,19.62,6.28,completed
SE-0002946,ST-012,1,2026-05-15 10:59:00,2026-05-15 11:37:00,7.48,2.39,completed
SE-0002723,ST-008,1,2026-05-14 10:37:00,2026-05-14 10:53:00,5.97,1.91,completed
SE-0003890,ST-003,1,2026-05-20 01:11:00,2026-05-20 02:04:00,28.62,9.16,completed
SE-0011453,ST-041,6,2026-06-26 16:17:00,2026-06-26 17:20:00,12.9,,completed
SE-0006250,ST-019,2,2026-05-31 12:16:00,2026-05-31 13:13:00,55.13,17.64,completed
SE-0006295,ST-033,2,2026-05-31 20:31:00,2026-05-31 21:33:00,51.04,16.33,completed
SE-0001053,ST-004,1,2026-05-06 15:39:00,2026-05-06 16:16:00,8.65,2.77,completed
SE-0002124,ST-010,2,2026-05-11 18:00:00,2026-05-11 18:31:00,19.31,6.18,completed
SE-0010621,ST-031,4,2026-06-22 18:42:00,2026-06-22 19:53:00,52.11,16.68,completed
SE-0003126,ST-008,1,2026-05-16 19:44:00,2026-05-16 19:50:00,1.69,0.54,aborted
SE-0011217,ST-027,2,2026-06-25 14:03:00,2026-06-25 14:43:00,27.93,8.94,completed
SE-0008944,ST-005,1,2026-06-14 05:00:00,2026-06-14 05:29:00,11.57,3.7,completed
SE-0000656,ST-009,2,2026-05-04 07:27:00,2026-05-04 08:03:00,27.7,8.86,completed
SE-0003650,ST-041,6,2026-05-18 05:12:00,2026-05-18 05:44:00,19.21,6.15,completed
SE-0005919,ST-041,3,2026-05-29 01:59:00,2026-05-29 02:22:00,17.7,5.66,completed
SE-0008092,ST-042,3,2026-06-09 11:08:00,2026-06-09 11:56:00,14.83,4.75,completed
SE-0009344,ST-003,1,2026-06-16 01:53:00,2026-06-16 02:28:00,16.55,5.3,completed
SE-0007227,ST-022,4,2026-06-05 17:32:00,2026-06-05 18:13:00,21.01,6.72,completed
SE-0009844,ST-022,1,2026-06-18 02:16:00,2026-06-18 02:51:00,23.66,7.57,completed
SE-0009273,ST-028,1,2026-06-15 06:16:00,2026-06-15 07:35:00,33.8,10.82,completed
SE-0001619,ST-033,1,2026-05-08 10:22:00,2026-05-08 10:56:00,10.96,3.51,completed
SE-0005802,ST-014,4,2026-05-29 14:28:00,2026-05-29 15:02:00,18.96,6.07,completed
SE-0003957,ST-017,1,2026-05-20 20:15:00,2026-05-20 20:47:00,15560,4.98,completed
SE-0001320,ST-015,2,2026-05-07 14:19:00,2026-05-07 15:46:00,30.89,9.88,completed
SE-0003170,ST-015,1,2026-05-16 13:46:00,2026-05-16 14:30:00,25.46,8.15,completed
SE-0011020,ST-030,5,2026-06-24 14:56:00,2026-06-24 15:20:00,14.94,4.78,completed
SE-0001882,ST-007,6,2026-05-10 22:09:00,2026-05-10 22:58:00,49.15,15.73,completed
SE-0005068,ST-041,5,2026-05-25 16:35:00,2026-05-25 17:38:00,19.73,,completed
SE-0001532,ST-014,6,2026-05-08 18:14:00,2026-05-08 18:46:00,16.97,5.43,completed
SE-0000036,ST-009,1,2026-05-01 13:12:00,2026-05-01 13:44:00,18.72,5.99,completed
SE-0011883,ST-005,1,2026-06-29 13:20:00,2026-06-29 14:29:00,40.28,12.89,completed
SE-0005131,ST-008,1,2026-05-26 14:57:00,2026-05-26 15:39:00,37.66,12.05,completed
SE-0000719,ST-017,1,2026-05-04 05:25:00,2026-05-04 05:49:00,20110,6.44,completed
SE-0004310,ST-009,1,2026-05-22 06:11:00,2026-05-22 07:08:00,42.58,13.63,completed
SE-0008394,ST-017,2,2026-06-11 14:41:00,2026-06-11 14:53:00,5490,1.76,completed
SE-0010646,ST-037,3,2026-06-22 17:35:00,2026-06-22 18:43:00,25.89,8.28,completed
SE-0011287,ST-003,1,2026-06-26 06:02:00,2026-06-26 06:26:00,12.05,3.86,completed
SE-0008648,ST-031,4,2026-06-12 00:48:00,2026-06-12 01:09:00,15.82,5.06,aborted
SE-0000037,ST-010,2,2026-05-01 09:05:00,2026-05-01 09:47:00,29.36,9.4,completed
SE-0008436,ST-025,2,2026-06-11 09:53:00,2026-06-11 10:19:00,10.27,3.29,completed
SE-0008947,ST-005,1,2026-06-14 00:32:00,2026-06-14 01:10:00,21.14,6.76,completed
SE-0002385,ST-023,2,2026-05-12 17:52:00,2026-05-12 18:46:00,31.67,10.13,completed
SE-0002604,ST-025,2,2026-05-13 01:59:00,2026-05-13 03:14:00,39.36,12.6,completed
SE-0010761,ST-016,1,2026-06-23 02:14:00,2026-06-23 02:30:00,10.99,3.52,completed
SE-0002646,ST-036,3,2026-05-13 21:24:00,2026-05-13 22:04:00,19.34,6.19,completed
SE-0008228,ST-023,2,2026-06-10 04:13:00,2026-06-10 05:03:00,6.86,2.2,completed
SE-0010146,ST-010,2,2026-06-20 10:36:00,2026-06-20 11:52:00,20.88,6.68,completed
SE-0011957,ST-016,1,2026-06-29 08:27:00,2026-06-29 09:29:00,38.17,12.21,completed
SE-0010556,ST-015,1,2026-06-22 19:36:00,2026-06-22 20:14:00,26.22,,completed
SE-0010743,ST-013,1,2026-06-23 06:08:00,2026-06-23 06:40:00,17.58,5.63,completed
SE-0008429,ST-025,2,2026-06-11 14:42:00,2026-06-11 15:33:00,19.7,6.3,completed
SE-0008536,ST-005,2,2026-06-12 05:31:00,2026-06-12 06:16:00,32.92,10.53,completed
SE-0001552,ST-016,2,2026-05-08 02:10:00,2026-05-08 02:28:00,13.86,4.44,completed
SE-0004530,ST-010,1,2026-05-23 00:38:00,2026-05-23 01:23:00,20.8,6.66,completed
SE-0009341,ST-003,2,2026-06-16 18:20:00,2026-06-16 19:29:00,29.86,9.56,completed
SE-0002628,ST-033,1,2026-05-13 23:14:00,2026-05-13 23:59:00,36.35,11.63,completed
SE-0002253,ST-041,3,2026-05-11 23:20:00,2026-05-11 23:50:00,14.09,4.51,completed
SE-0009162,ST-005,1,2026-06-15 16:41:00,2026-06-15 17:20:00,29.73,9.51,completed
SE-0001079,ST-008,1,2026-05-06 01:12:00,2026-05-06 02:11:00,38.31,12.26,completed
SE-0006987,ST-014,1,2026-06-04 17:59:00,2026-06-04 18:46:00,36.79,11.77,completed
SE-0009618,ST-014,6,2026-06-17 19:38:00,2026-06-17 20:11:00,12.88,4.12,completed
SE-0004973,ST-015,2,2026-05-25 01:13:00,2026-05-25 01:50:00,14.98,4.79,completed
SE-0007828,ST-017,1,2026-06-08 01:39:00,2026-06-08 02:06:00,17620,5.64,completed
SE-0008712,ST-003,2,2026-06-13 00:38:00,2026-06-13 01:28:00,32.88,10.52,completed
SE-0010910,ST-006,1,2026-06-24 00:22:00,2026-06-24 00:45:00,16.19,5.18,completed
SE-0005340,ST-010,2,2026-05-27 15:34:00,2026-05-27 15:52:00,8.05,2.58,completed
SE-0001109,ST-014,4,2026-05-06 16:25:00,2026-05-06 17:08:00,16.25,5.2,completed
SE-0007860,ST-023,1,2026-06-08 06:35:00,2026-06-08 07:47:00,25.7,8.22,completed
SE-0010813,ST-028,2,2026-06-23 14:15:00,2026-06-23 15:34:00,43.05,13.78,completed
SE-0010167,ST-015,1,2026-06-20 20:24:00,2026-06-20 21:02:00,20.57,6.58,completed
SE-0007957,ST-005,2,2026-06-09 04:31:00,2026-06-09 04:56:00,8.86,2.84,completed
SE-0008768,ST-009,2,2026-06-13 02:19:00,2026-06-13 02:38:00,9.73,3.11,completed
SE-0009355,ST-005,1,2026-06-16 13:44:00,2026-06-16 14:55:00,37.62,12.04,completed
SE-0000854,ST-003,2,2026-05-05 20:52:00,2026-05-05 21:23:00,25.21,8.07,completed
SE-0011167,ST-016,2,2026-06-25 00:26:00,2026-06-25 01:39:00,51.69,16.54,completed
SE-0001429,ST-037,4,2026-05-07 10:01:00,2026-05-07 10:21:00,11.28,3.61,completed
SE-0001148,ST-021,4,2026-05-06 22:20:00,2026-05-06 23:01:00,9.83,3.15,completed
SE-0007360,ST-007,4,2026-06-06 00:49:00,2026-06-06 01:19:00,15.84,5.07,completed
SE-0002103,ST-006,2,2026-05-11 03:36:00,2026-05-11 04:04:00,12.96,4.15,completed
SE-0011471,ST-001,4,2026-06-27 01:48:00,2026-06-27 02:48:00,33.1,10.59,completed
SE-0008985,ST-014,3,2026-06-14 20:51:00,2026-06-14 21:29:00,18.12,5.8,completed
SE-0011649,ST-035,1,2026-06-27 22:10:00,2026-06-27 22:53:00,22.31,7.14,completed
SE-0003342,ST-006,2,2026-05-17 07:59:00,2026-05-17 08:28:00,8.12,2.6,completed
SE-0007338,ST-003,1,2026-06-06 04:27:00,2026-06-06 05:13:00,27.15,8.69,completed
SE-0002714,ST-006,4,2026-05-14 22:30:00,2026-05-14 23:38:00,34.56,11.06,completed
SE-0011728,ST-009,1,2026-06-28 01:39:00,2026-06-28 01:45:00,4.42,1.41,completed
SE-0006785,ST-011,1,2026-06-03 20:54:00,2026-06-03 21:34:00,37.45,11.98,completed
SE-0010490,ST-001,1,2026-06-22 18:23:00,2026-06-22 18:51:00,2.35,0.75,completed
SE-0008454,ST-030,5,2026-06-11 08:34:00,2026-06-11 09:36:00,49.41,15.81,completed
SE-0010994,ST-023,2,2026-06-24 21:39:00,2026-06-24 22:09:00,21.13,6.76,completed
SE-0007981,ST-010,1,2026-06-09 15:38:00,2026-06-09 16:45:00,44.71,14.31,completed
SE-0001311,ST-015,1,2026-05-07 03:57:00,2026-05-07 04:38:00,21.82,6.98,completed
SE-0008840,ST-022,5,2026-06-13 23:58:00,2026-06-14 00:15:00,7.71,2.47,completed
SE-0006444,ST-017,2,2026-06-01 13:31:00,2026-06-01 14:20:00,35890,11.48,completed
SE-0010211,ST-023,2,2026-06-20 19:08:00,2026-06-20 19:45:00,4.92,1.57,faulted
SE-0005458,ST-033,2,2026-05-27 20:20:00,2026-05-27 21:05:00,16.83,5.39,completed
SE-0005993,ST-012,2,2026-05-30 13:23:00,2026-05-30 14:13:00,31.74,10.16,completed
SE-0001827,ST-041,6,2026-05-09 14:01:00,2026-05-09 14:27:00,11.2,3.58,completed
SE-0009632,ST-017,2,2026-06-17 07:32:00,2026-06-17 08:00:00,22310,,completed
SE-0005485,ST-037,4,2026-05-27 08:09:00,2026-05-27 08:30:00,1.5,0.48,completed
SE-0006318,ST-041,6,2026-05-31 06:33:00,2026-05-31 07:44:00,26.12,8.36,completed
SE-0008249,ST-031,2,2026-06-10 16:48:00,2026-06-10 16:54:00,4.1,,completed
SE-0006672,ST-028,2,2026-06-02 11:41:00,2026-06-02 12:17:00,12.28,3.93,completed
SE-0003922,ST-012,2,2026-05-20 22:53:00,2026-05-20 23:24:00,14.3,4.58,completed
SE-0004184,ST-020,1,2026-05-21 04:37:00,2026-05-21 05:30:00,34.2,10.94,completed
SE-0001296,ST-011,2,2026-05-07 00:01:00,2026-05-07 00:43:00,21.93,7.02,completed
SE-0002935,ST-009,1,2026-05-15 16:42:00,2026-05-15 17:12:00,15.7,5.02,completed
SE-0008627,ST-025,1,2026-06-12 18:14:00,2026-06-12 18:55:00,28.69,9.18,completed
SE-0003778,ST-022,3,2026-05-19 03:48:00,2026-05-19 04:17:00,16.23,5.19,completed
SE-0008735,ST-005,1,2026-06-13 02:56:00,2026-06-13 03:29:00,25.62,,completed
SE-0011136,ST-012,2,2026-06-25 13:57:00,2026-06-25 14:27:00,16.62,5.32,completed
SE-0001894,ST-009,1,2026-05-10 14:53:00,2026-05-10 15:38:00,25.98,8.31,completed
SE-0004359,ST-019,4,2026-05-22 02:53:00,2026-05-22 03:25:00,19.12,6.12,completed
SE-0005534,ST-005,2,2026-05-28 07:11:00,2026-05-28 07:55:00,26.56,8.5,completed
SE-0003358,ST-012,2,2026-05-17 23:07:00,2026-05-17 23:31:00,16.98,5.43,completed
SE-0010324,ST-005,2,2026-06-21 21:04:00,2026-06-21 21:42:00,7.44,2.38,aborted
SE-0007849,ST-022,4,2026-06-08 02:17:00,2026-06-08 03:24:00,23.75,7.6,completed
SE-0002614,ST-029,2,2026-05-13 22:23:00,2026-05-13 22:51:00,12.07,3.86,completed
SE-0006077,ST-024,2,2026-05-30 05:49:00,2026-05-30 06:10:00,12.64,4.04,completed
SE-0008839,ST-022,2,2026-06-13 08:07:00,2026-06-13 08:54:00,1.5,,completed
SE-0003058,ST-041,6,2026-05-15 08:55:00,2026-05-15 09:36:00,28.92,9.25,completed
SE-0003466,ST-041,2,2026-05-17 14:59:00,2026-05-17 16:05:00,47.02,15.05,completed
SE-0007054,ST-025,1,2026-06-04 15:30:00,2026-06-04 15:36:00,4.49,1.44,completed
SE-0001536,ST-015,1,2026-05-08 21:07:00,2026-05-08 21:44:00,14.32,4.58,completed
SE-0000677,ST-014,6,2026-05-04 20:46:00,2026-05-04 21:37:00,24.34,7.79,completed
SE-0001412,ST-033,2,2026-05-07 21:58:00,2026-05-07 22:15:00,4.24,1.36,completed
SE-0002916,ST-006,5,2026-05-15 00:34:00,2026-05-15 01:05:00,6.36,2.04,completed
SE-0000858,ST-003,2,2026-05-05 06:48:00,2026-05-05 07:35:00,14.01,4.48,completed
SE-0008042,ST-023,2,2026-06-09 08:49:00,2026-06-09 09:16:00,24.37,7.8,completed
SE-0009715,ST-035,2,2026-06-17 13:04:00,2026-06-17 13:47:00,22.07,7.06,completed
SE-0003744,ST-014,5,2026-05-19 13:54:00,2026-05-19 14:50:00,32.91,10.53,completed
SE-0002139,ST-014,2,2026-05-11 08:03:00,2026-05-11 08:47:00,20.12,6.44,completed
SE-0011157,ST-014,5,2026-06-25 01:43:00,2026-06-25 02:36:00,28.64,9.16,completed
SE-0009794,ST-012,2,2026-06-18 22:18:00,2026-06-18 23:16:00,15.83,5.07,completed
SE-0007517,ST-042,4,2026-06-06 19:28:00,2026-06-06 19:56:00,11.65,3.73,completed
SE-0010181,ST-017,2,2026-06-20 01:32:00,2026-06-20 02:11:00,21430,6.86,completed
SE-0011939,ST-015,1,2026-06-29 09:31:00,2026-06-29 10:15:00,26.14,8.36,aborted
SE-0003221,ST-025,2,2026-05-16 07:26:00,2026-05-16 07:55:00,19.05,6.1,completed
SE-0000084,ST-017,1,2026-05-01 21:56:00,2026-05-01 22:45:00,36180,11.58,completed
SE-0002789,ST-022,6,2026-05-14 01:01:00,2026-05-14 01:41:00,30.18,9.66,completed
SE-0002025,ST-035,2,2026-05-10 14:38:00,2026-05-10 14:58:00,7.88,2.52,completed
SE-0009070,ST-025,1,2026-06-14 17:23:00,2026-06-14 17:54:00,27.83,8.91,completed
SE-0001214,ST-035,2,2026-05-06 14:42:00,2026-05-06 15:44:00,30.74,9.84,completed
SE-0002237,ST-034,4,2026-05-11 13:58:00,2026-05-11 14:30:00,15.95,5.1,completed
SE-0004540,ST-012,2,2026-05-23 13:39:00,2026-05-23 14:31:00,24.48,7.83,completed
SE-0001179,ST-025,1,2026-05-06 15:19:00,2026-05-06 16:03:00,10.11,3.24,completed
SE-0002631,ST-033,2,2026-05-13 04:17:00,2026-05-13 04:26:00,6.26,2.0,completed
SE-0002857,ST-035,2,2026-05-14 23:43:00,2026-05-14 23:58:00,11.73,3.75,completed
SE-0008424,ST-023,1,2026-06-11 10:56:00,2026-06-11 11:34:00,22.57,7.22,completed
SE-0004349,ST-016,1,2026-05-22 13:00:00,2026-05-22 13:15:00,2.08,0.67,completed
SE-0009440,ST-017,1,2026-06-16 03:02:00,2026-06-16 04:10:00,24230,7.75,completed
SE-0011721,ST-006,4,2026-06-28 01:29:00,2026-06-28 01:43:00,10.13,3.24,completed
SE-0001419,ST-034,3,2026-05-07 16:09:00,2026-05-07 17:06:00,48.7,15.58,completed
SE-0000701,ST-016,1,2026-05-04 21:33:00,2026-05-04 21:39:00,3.89,1.24,aborted
SE-0011987,ST-023,2,2026-06-29 23:41:00,2026-06-30 00:33:00,22.12,7.08,completed
SE-0001783,ST-028,2,2026-05-09 10:31:00,2026-05-09 11:10:00,15.92,5.09,completed
SE-0002291,ST-005,1,2026-05-12 06:00:00,2026-05-12 07:24:00,33.0,10.56,completed
SE-0000667,ST-012,2,2026-05-04 15:39:00,2026-05-04 15:55:00,11.9,3.81,completed
SE-0010918,ST-008,2,2026-06-24 08:54:00,2026-06-24 09:54:00,37.09,11.87,aborted
SE-0010895,ST-005,2,2026-06-24 10:28:00,2026-06-24 11:10:00,5.98,1.91,completed
SE-0004762,ST-015,2,2026-05-24 21:53:00,2026-05-24 22:27:00,8.83,,completed
SE-0000123,ST-025,1,2026-05-01 01:51:00,2026-05-01 02:16:00,12.25,3.92,completed
SE-0009254,ST-024,1,2026-06-15 00:14:00,2026-06-15 01:17:00,44.59,14.27,completed
SE-0004292,ST-006,4,2026-05-22 04:43:00,2026-05-22 05:12:00,7.63,2.44,completed
SE-0009537,ST-042,6,2026-06-16 12:16:00,2026-06-16 12:51:00,20.42,6.53,completed
SE-0011152,ST-014,6,2026-06-25 06:13:00,2026-06-25 06:58:00,27.26,8.72,completed
SE-0011551,ST-014,4,2026-06-27 00:41:00,2026-06-27 01:34:00,41.61,13.32,completed
SE-0011398,ST-025,2,2026-06-26 21:52:00,2026-06-26 22:03:00,6.9,2.21,completed
SE-0001118,ST-015,2,2026-05-06 19:10:00,2026-05-06 19:52:00,16.14,5.16,completed
SE-0009997,ST-010,1,2026-06-19 16:15:00,2026-06-19 17:07:00,44.02,14.09,completed
SE-0002905,ST-004,3,2026-05-15 03:42:00,2026-05-15 04:21:00,25.98,8.31,completed
SE-0010649,ST-039,2,2026-06-22 16:18:00,2026-06-22 16:35:00,2.89,0.92,completed
SE-0000367,ST-038,2,2026-05-02 08:32:00,2026-05-02 09:02:00,15.12,4.84,completed
SE-0011248,ST-035,2,2026-06-25 07:21:00,2026-06-25 08:17:00,18.97,6.07,completed
SE-0000323,ST-025,2,2026-05-02 18:26:00,2026-05-02 19:10:00,14.38,4.6,completed
SE-0009535,ST-041,3,2026-06-16 09:57:00,2026-06-16 10:43:00,38.0,12.16,completed
SE-0008602,ST-022,6,2026-06-12 19:25:00,2026-06-12 19:36:00,3.61,1.16,completed
SE-0005369,ST-015,1,2026-05-27 13:33:00,2026-05-27 14:09:00,23.37,7.48,completed
SE-0002786,ST-021,5,2026-05-14 02:30:00,2026-05-14 02:41:00,5.48,1.75,completed
SE-0004391,ST-024,2,2026-05-22 00:48:00,2026-05-22 01:20:00,16.43,5.26,completed
SE-0001413,ST-033,1,2026-05-07 05:54:00,2026-05-07 06:09:00,1.97,0.63,completed
SE-0000915,ST-015,1,2026-05-05 21:06:00,2026-05-05 21:44:00,27.24,8.72,aborted
SE-0002476,ST-003,2,2026-05-13 11:55:00,2026-05-13 12:36:00,26.75,8.56,completed
SE-0002030,ST-037,2,2026-05-10 14:49:00,2026-05-10 15:35:00,14.89,4.76,completed
SE-0010999,ST-023,1,2026-06-24 22:12:00,2026-06-24 23:00:00,27.4,8.77,completed
SE-0008755,ST-006,5,2026-06-13 13:18:00,2026-06-13 14:00:00,23.61,7.56,completed
SE-0009036,ST-019,3,2026-06-14 05:19:00,2026-06-14 06:00:00,16.41,5.25,completed
SE-0003618,ST-029,2,2026-05-18 15:25:00,2026-05-18 16:13:00,25.08,8.03,completed
SE-0000039,ST-010,1,2026-05-01 11:20:00,2026-05-01 12:28:00,47.55,15.22,completed
SE-0010171,ST-015,1,2026-06-20 10:03:00,2026-06-20 10:24:00,15.89,5.08,completed
SE-0002332,ST-010,1,2026-05-12 00:49:00,2026-05-12 01:24:00,13.59,4.35,completed
SE-0002356,ST-017,2,2026-05-12 00:24:00,2026-05-12 01:07:00,8090,2.59,completed
SE-0008806,ST-016,1,2026-06-13 16:01:00,2026-06-13 16:56:00,31.2,9.98,completed
SE-0006772,ST-008,2,2026-06-03 14:03:00,2026-06-03 14:50:00,24.04,7.69,completed
SE-0005376,ST-015,2,2026-05-27 07:54:00,2026-05-27 08:00:00,3.06,0.98,completed
SE-0002249,ST-041,6,2026-05-11 01:13:00,2026-05-11 01:47:00,7.52,2.41,completed
SE-0010653,ST-041,6,2026-06-22 10:58:00,2026-06-22 11:47:00,10.08,3.23,completed
SE-0004077,ST-003,2,2026-05-21 03:12:00,2026-05-21 03:39:00,13.5,4.32,completed
SE-0006288,ST-030,5,2026-05-31 09:23:00,2026-05-31 10:25:00,22.86,7.32,completed
SE-0007838,ST-021,6,2026-06-08 08:50:00,2026-06-08 09:04:00,4.5,1.44,completed
SE-0001085,ST-009,2,2026-05-06 08:21:00,2026-05-06 09:04:00,17.55,5.62,completed
SE-0003136,ST-010,2,2026-05-16 06:13:00,2026-05-16 07:35:00,41.92,13.41,completed
SE-0008258,ST-033,1,2026-06-10 18:29:00,2026-06-10 19:20:00,25.04,8.01,aborted
SE-0007072,ST-030,5,2026-06-04 06:42:00,2026-06-04 07:10:00,23.43,7.5,completed
SE-0002953,ST-014,2,2026-05-15 18:07:00,2026-05-15 18:48:00,11.2,3.58,completed
SE-0001303,ST-014,2,2026-05-07 12:10:00,2026-05-07 12:51:00,25.94,8.3,completed
SE-0003734,ST-012,2,2026-05-19 21:13:00,2026-05-19 22:16:00,31.15,9.97,completed
SE-0006856,ST-022,1,2026-06-03 04:28:00,2026-06-03 04:58:00,12.91,4.13,aborted
SE-0011654,ST-037,2,2026-06-27 20:57:00,2026-06-27 21:38:00,24.63,7.88,completed
SE-0005728,ST-002,1,2026-05-29 04:49:00,2026-05-29 05:05:00,8.33,2.67,completed
SE-0004473,ST-001,3,2026-05-23 23:28:00,2026-05-24 00:16:00,31.64,10.12,completed
SE-0001220,ST-037,1,2026-05-06 06:34:00,2026-05-06 07:14:00,29.52,9.45,completed
SE-0006033,ST-017,1,2026-05-30 05:31:00,2026-05-30 06:32:00,30340,,completed
SE-0006539,ST-002,2,2026-06-02 12:13:00,2026-06-02 12:51:00,34.12,10.92,completed
SE-0010573,ST-017,2,2026-06-22 04:10:00,2026-06-22 05:02:00,12830,4.11,aborted
SE-0009170,ST-006,2,2026-06-15 21:22:00,2026-06-15 22:23:00,21.9,7.01,completed
SE-0007211,ST-016,2,2026-06-05 01:32:00,2026-06-05 02:21:00,34.33,10.99,completed
SE-0004533,ST-010,1,2026-05-23 07:32:00,2026-05-23 08:23:00,22.88,7.32,completed
SE-0006267,ST-024,1,2026-05-31 08:06:00,2026-05-31 08:40:00,4.29,1.37,completed
SE-0009085,ST-025,1,2026-06-14 21:27:00,2026-06-14 22:41:00,38.47,12.31,completed
SE-0007712,ST-041,4,2026-06-07 07:46:00,2026-06-07 08:03:00,10.1,,completed
SE-0001670,ST-006,2,2026-05-09 12:09:00,2026-05-09 12:38:00,22.81,7.3,aborted
SE-0002842,ST-031,1,2026-05-14 12:21:00,2026-05-14 13:19:00,34.79,11.13,completed
SE-0010555,ST-015,1,2026-06-22 16:07:00,2026-06-22 16:49:00,13.04,4.17,completed
SE-0007813,ST-015,2,2026-06-08 07:10:00,2026-06-08 08:12:00,41.38,13.24,completed
SE-0009291,ST-033,2,2026-06-15 07:33:00,2026-06-15 08:03:00,15.71,5.03,completed
SE-0004514,ST-006,3,2026-05-23 17:44:00,2026-05-23 18:26:00,15.99,5.12,completed
SE-0006600,ST-014,2,2026-06-02 23:09:00,2026-06-03 00:03:00,26.52,8.49,completed
SE-0001714,ST-015,2,2026-05-09 09:26:00,2026-05-09 09:47:00,9.17,,completed
SE-0003187,ST-020,2,2026-05-16 16:30:00,2026-05-16 16:36:00,1.96,0.63,completed
SE-0002816,ST-023,2,2026-05-14 11:31:00,2026-05-14 11:55:00,14.05,4.5,completed
SE-0010891,ST-003,2,2026-06-24 04:18:00,2026-06-24 04:57:00,25.51,8.16,completed
SE-0006090,ST-028,2,2026-05-30 00:48:00,2026-05-30 01:28:00,25.18,8.06,completed
SE-0004738,ST-010,2,2026-05-24 23:02:00,2026-05-24 23:59:00,36.04,11.53,completed
SE-0011086,ST-003,2,2026-06-25 10:54:00,2026-06-25 11:33:00,23.83,7.63,completed
SE-0001004,ST-035,2,2026-05-05 17:41:00,2026-05-05 18:15:00,26.75,8.56,completed
SE-0004319,ST-012,2,2026-05-22 04:11:00,2026-05-22 04:57:00,32.72,10.47,completed
SE-0006712,ST-040,2,2026-06-02 15:22:00,2026-06-02 16:13:00,26.24,8.4,completed
SE-0008592,ST-017,2,2026-06-12 18:58:00,2026-06-12 19:50:00,19670,6.29,completed
SE-0006815,ST-015,2,2026-06-03 01:29:00,2026-06-03 01:35:00,2.23,0.71,completed
SE-0011226,ST-030,3,2026-06-25 14:03:00,2026-06-25 14:49:00,22.07,7.06,completed
SE-0005860,ST-023,2,2026-05-29 13:15:00,2026-05-29 13:52:00,13.84,4.43,completed
SE-0003723,ST-008,1,2026-05-19 09:42:00,2026-05-19 10:38:00,14.63,4.68,completed
SE-0004446,ST-035,1,2026-05-22 20:17:00,2026-05-22 20:50:00,19.66,6.29,completed
SE-0007805,ST-015,1,2026-06-08 23:54:00,2026-06-09 00:50:00,44.23,14.15,completed
SE-0004547,ST-014,2,2026-05-23 06:27:00,2026-05-23 06:54:00,13.78,4.41,completed
SE-0001409,ST-033,2,2026-05-07 02:41:00,2026-05-07 02:51:00,9.1,2.91,completed
SE-0006563,ST-006,2,2026-06-02 12:51:00,2026-06-02 13:26:00,10.04,3.21,completed
SE-0002852,ST-034,4,2026-05-14 12:07:00,2026-05-14 12:25:00,12.73,4.07,completed
SE-0000331,ST-028,1,2026-05-02 07:23:00,2026-05-02 08:04:00,25.23,8.07,completed
SE-0009881,ST-025,2,2026-06-18 13:54:00,2026-06-18 14:10:00,11.49,3.68,completed
SE-0009491,ST-027,3,2026-06-16 15:57:00,2026-06-16 16:45:00,32.99,,completed
SE-0003789,ST-022,3,2026-05-19 07:15:00,2026-05-19 07:32:00,11.66,,completed
SE-0004183,ST-020,1,2026-05-21 18:02:00,2026-05-21 18:49:00,25.58,8.19,completed
SE-0009699,ST-033,1,2026-06-17 09:43:00,2026-06-17 10:21:00,22.78,7.29,aborted
SE-0006641,ST-022,2,2026-06-02 03:02:00,2026-06-02 03:10:00,5.09,1.63,completed
SE-0001590,ST-023,2,2026-05-08 04:12:00,2026-05-08 05:09:00,28.4,9.09,completed
SE-0002062,ST-001,4,2026-05-11 13:59:00,2026-05-11 14:15:00,11.83,,completed
SE-0003325,ST-005,1,2026-05-17 17:46:00,2026-05-17 17:52:00,2.94,0.94,completed
SE-0003497,ST-005,1,2026-05-18 23:02:00,2026-05-18 23:41:00,14.23,4.55,completed
SE-0009426,ST-015,2,2026-06-16 14:27:00,2026-06-16 14:51:00,16.1,5.15,completed
SE-0003529,ST-010,2,2026-05-18 20:03:00,2026-05-18 20:50:00,17.8,5.7,completed
SE-0011674,ST-001,3,2026-06-28 02:09:00,2026-06-28 02:56:00,23.41,7.49,completed
SE-0001841,ST-001,2,2026-05-10 02:13:00,2026-05-10 02:39:00,12.59,4.03,completed
SE-0002427,ST-034,4,2026-05-12 16:20:00,2026-05-12 16:57:00,22.79,7.29,completed
SE-0010345,ST-009,2,2026-06-21 03:48:00,2026-06-21 04:40:00,34.34,10.99,completed
SE-0003593,ST-024,2,2026-05-18 21:01:00,2026-05-18 21:41:00,24.07,7.7,completed
SE-0001586,ST-023,1,2026-05-08 05:44:00,2026-05-08 06:19:00,10.92,3.49,completed
SE-0011973,ST-018,3,2026-06-29 15:20:00,2026-06-29 16:21:00,40.45,12.94,completed
SE-0005309,ST-005,1,2026-05-27 01:55:00,2026-05-27 02:29:00,14.47,,completed
SE-0001350,ST-022,4,2026-05-07 16:16:00,2026-05-07 17:35:00,59.28,18.97,completed
SE-0007352,ST-006,4,2026-06-06 08:28:00,2026-06-06 09:11:00,25.53,8.17,completed
SE-0004451,ST-038,1,2026-05-22 01:55:00,2026-05-22 02:29:00,19.16,6.13,completed
SE-0007224,ST-020,2,2026-06-05 14:14:00,2026-06-05 15:03:00,26.29,8.41,completed
SE-0005982,ST-009,1,2026-05-30 23:48:00,2026-05-31 00:58:00,40.88,,completed
SE-0006511,ST-036,4,2026-06-01 18:47:00,2026-06-01 20:03:00,71.88,23.0,completed
SE-0007675,ST-030,1,2026-06-07 15:15:00,2026-06-07 15:38:00,10.7,3.42,completed
SE-0001909,ST-014,6,2026-05-10 13:12:00,2026-05-10 14:15:00,19.63,6.28,completed
SE-0007105,ST-040,1,2026-06-04 05:04:00,2026-06-04 05:44:00,14.29,4.57,completed
SE-0004614,ST-023,1,2026-05-23 15:03:00,2026-05-23 16:04:00,16.72,5.35,faulted
SE-0008077,ST-036,2,2026-06-09 03:01:00,2026-06-09 03:54:00,28.31,9.06,completed
SE-0000442,ST-009,1,2026-05-03 07:05:00,2026-05-03 07:55:00,17.64,5.64,aborted
SE-0001571,ST-022,5,2026-05-08 09:58:00,2026-05-08 10:37:00,38.15,12.21,completed
SE-0006659,ST-025,2,2026-06-02 16:18:00,2026-06-02 16:54:00,24.84,7.95,completed
SE-0003637,ST-037,1,2026-05-18 10:39:00,2026-05-18 11:14:00,3.83,1.23,completed
SE-0002921,ST-006,2,2026-05-15 10:17:00,2026-05-15 10:45:00,4.31,1.38,completed
SE-0006682,ST-032,4,2026-06-02 07:13:00,2026-06-02 07:57:00,42.76,13.68,completed
SE-0003204,ST-023,2,2026-05-16 10:43:00,2026-05-16 11:55:00,29.71,9.51,completed
SE-0008625,ST-024,1,2026-06-12 17:02:00,2026-06-12 18:12:00,36.57,11.7,completed
SE-0008467,ST-033,1,2026-06-11 10:43:00,2026-06-11 11:02:00,16.94,5.42,completed
SE-0004447,ST-036,3,2026-05-22 01:54:00,2026-05-22 02:41:00,26.65,8.53,completed
SE-0002580,ST-022,1,2026-05-13 23:44:00,2026-05-14 00:28:00,24.16,7.73,completed
SE-0010518,ST-007,2,2026-06-22 20:43:00,2026-06-22 21:16:00,15.79,,completed
SE-0008031,ST-021,1,2026-06-09 11:10:00,2026-06-09 11:39:00,17.57,5.62,completed
SE-0000082,ST-017,2,2026-05-01 13:36:00,2026-05-01 14:20:00,23790,7.61,completed
SE-0008613,ST-022,6,2026-06-12 14:24:00,2026-06-12 14:55:00,19.26,6.16,completed
SE-0008032,ST-021,6,2026-06-09 15:19:00,2026-06-09 16:09:00,23.93,7.66,completed
SE-0003949,ST-016,1,2026-05-20 15:48:00,2026-05-20 16:32:00,11.79,3.77,completed
SE-0006455,ST-022,5,2026-06-01 04:30:00,2026-06-01 05:26:00,36.44,11.66,completed
SE-0007575,ST-009,2,2026-06-07 16:34:00,2026-06-07 17:41:00,25.19,8.06,completed
SE-0009600,ST-011,1,2026-06-17 15:31:00,2026-06-17 16:29:00,36.72,11.75,completed
SE-0001898,ST-010,2,2026-05-10 07:17:00,2026-05-10 07:49:00,1.5,0.48,completed
SE-0002739,ST-010,1,2026-05-14 02:44:00,2026-05-14 03:53:00,41.39,13.24,completed
SE-0005800,ST-014,6,2026-05-29 02:42:00,2026-05-29 02:49:00,2.91,0.93,completed
SE-0005286,ST-001,3,2026-05-27 22:16:00,2026-05-27 23:02:00,30.6,9.79,completed
SE-0008893,ST-037,4,2026-06-13 19:24:00,2026-06-13 20:24:00,43.26,13.84,completed
SE-0008398,ST-018,4,2026-06-11 10:20:00,2026-06-11 10:57:00,11.5,3.68,completed
SE-0004170,ST-017,1,2026-05-21 07:37:00,2026-05-21 08:32:00,16470,5.27,completed
SE-0001641,ST-041,5,2026-05-08 09:12:00,2026-05-08 09:56:00,22.54,7.21,completed
SE-0006130,ST-035,1,2026-05-30 18:18:00,2026-05-30 19:15:00,28.49,9.12,completed
SE-0008633,ST-025,1,2026-06-12 02:54:00,2026-06-12 03:24:00,23.11,7.4,completed
SE-0010970,ST-017,2,2026-06-24 15:52:00,2026-06-24 16:20:00,13710,4.39,completed
SE-0004111,ST-006,4,2026-05-21 01:45:00,2026-05-21 02:09:00,8.14,2.6,completed
SE-0009417,ST-014,1,2026-06-16 11:29:00,2026-06-16 12:40:00,36.44,11.66,completed
SE-0007520,ST-001,3,2026-06-07 12:53:00,2026-06-07 13:09:00,7.76,2.48,completed
SE-0001593,ST-024,2,2026-05-08 02:01:00,2026-05-08 02:31:00,10.43,3.34,completed
SE-0005047,ST-034,4,2026-05-25 20:07:00,2026-05-25 20:51:00,14.43,4.62,aborted
SE-0008749,ST-006,2,2026-06-13 01:41:00,2026-06-13 02:29:00,26.19,8.38,completed
SE-0007611,ST-017,1,2026-06-07 05:26:00,2026-06-07 05:38:00,4880,1.56,completed
SE-0002077,ST-003,2,2026-05-11 18:35:00,2026-05-11 19:04:00,12.75,4.08,completed
SE-0009350,ST-005,1,2026-06-16 03:01:00,2026-06-16 04:10:00,43.64,13.96,completed
SE-0001247,ST-002,2,2026-05-07 01:36:00,2026-05-07 02:11:00,16.51,5.28,completed
SE-0000589,ST-001,2,2026-05-04 23:10:00,2026-05-04 23:29:00,4.21,1.35,completed
SE-0001924,ST-016,2,2026-05-10 01:06:00,2026-05-10 01:35:00,15.28,4.89,completed
SE-0000822,ST-039,2,2026-05-04 10:15:00,2026-05-04 10:53:00,31.68,10.14,completed
SE-0003542,ST-014,1,2026-05-18 00:44:00,2026-05-18 01:28:00,34.17,10.93,completed
SE-0011053,ST-039,2,2026-06-24 18:43:00,2026-06-24 19:17:00,15.79,5.05,completed
SE-0006889,ST-031,6,2026-06-03 19:10:00,2026-06-03 20:04:00,46.48,14.87,completed
SE-0004222,ST-033,2,2026-05-21 08:04:00,2026-05-21 09:04:00,26.71,8.55,completed
SE-0004364,ST-021,6,2026-05-22 18:10:00,2026-05-22 18:22:00,4.32,1.38,completed
SE-0006132,ST-035,1,2026-05-30 07:19:00,2026-05-30 08:17:00,44.32,14.18,completed
SE-0003539,ST-013,2,2026-05-18 12:17:00,2026-05-18 12:49:00,22.69,7.26,completed
SE-0011514,ST-007,3,2026-06-27 01:00:00,2026-06-27 01:29:00,15.89,5.08,completed
SE-0005452,ST-031,4,2026-05-27 08:11:00,2026-05-27 08:28:00,10.26,3.28,completed
SE-0006955,ST-006,4,2026-06-04 05:44:00,2026-06-04 06:13:00,9.44,3.02,completed
SE-0009211,ST-014,2,2026-06-15 08:57:00,2026-06-15 09:47:00,35.57,11.38,completed
SE-0004939,ST-008,2,2026-05-25 02:43:00,2026-05-25 03:11:00,12.41,3.97,completed
SE-0003936,ST-015,1,2026-05-20 11:16:00,2026-05-20 11:55:00,21.24,6.8,completed
SE-0010974,ST-019,5,2026-06-24 11:33:00,2026-06-24 12:13:00,23.96,7.67,completed
SE-0005688,ST-033,2,2026-05-28 20:15:00,2026-05-28 20:33:00,8.82,2.82,completed
SE-0004646,ST-032,3,2026-05-23 16:58:00,2026-05-23 17:45:00,11.58,3.71,completed
SE-0003304,ST-001,2,2026-05-17 18:47:00,2026-05-17 19:46:00,30.29,9.69,completed
SE-0001855,ST-005,1,2026-05-10 04:45:00,2026-05-10 05:07:00,9.14,2.92,completed
SE-0005461,ST-033,2,2026-05-27 13:23:00,2026-05-27 13:44:00,14.27,4.57,completed
SE-0002552,ST-015,2,2026-05-13 20:12:00,2026-05-13 21:23:00,51.94,16.62,completed
SE-0007357,ST-006,2,2026-06-06 22:40:00,2026-06-06 22:55:00,9.05,2.9,completed
SE-0011857,ST-042,6,2026-06-28 16:01:00,2026-06-28 16:33:00,16.65,5.33,completed
SE-0000349,ST-033,2,2026-05-02 02:58:00,2026-05-02 03:47:00,23.65,,completed
SE-0008626,ST-024,2,2026-06-12 18:40:00,2026-06-12 19:53:00,35.18,11.26,completed
SE-0002212,ST-029,2,2026-05-11 01:56:00,2026-05-11 02:31:00,28.02,8.97,completed
SE-0008946,ST-005,2,2026-06-14 11:52:00,2026-06-14 12:52:00,20.04,6.41,completed
SE-0009221,ST-015,2,2026-06-15 14:57:00,2026-06-15 15:28:00,20.78,6.65,completed
SE-0000091,ST-019,2,2026-05-01 15:22:00,2026-05-01 15:59:00,20.25,6.48,completed
SE-0008006,ST-015,2,2026-06-09 15:43:00,2026-06-09 16:44:00,29.74,9.52,completed
SE-0006514,ST-037,3,2026-06-01 05:52:00,2026-06-01 06:21:00,19.55,6.26,completed
SE-0008606,ST-022,2,2026-06-12 02:08:00,2026-06-12 02:42:00,21.34,6.83,completed
SE-0006089,ST-027,1,2026-05-30 21:14:00,2026-05-30 22:09:00,36.02,11.53,completed
SE-0000725,ST-020,2,2026-05-04 01:03:00,2026-05-04 01:34:00,15.36,4.92,completed
SE-0004829,ST-025,1,2026-05-24 10:26:00,2026-05-24 10:59:00,16.84,5.39,completed
SE-0011960,ST-016,1,2026-06-29 22:48:00,2026-06-29 23:10:00,19.4,6.21,completed
SE-0004407,ST-029,1,2026-05-22 07:29:00,2026-05-22 07:38:00,3.02,0.97,completed
SE-0004826,ST-025,2,2026-05-24 22:16:00,2026-05-24 22:50:00,22.85,7.31,completed
SE-0008850,ST-023,2,2026-06-13 23:16:00,2026-06-14 00:29:00,20.2,6.46,completed
SE-0001768,ST-024,2,2026-05-09 08:45:00,2026-05-09 09:08:00,14.59,4.67,completed
SE-0007940,ST-002,2,2026-06-09 11:23:00,2026-06-09 12:42:00,36.59,11.71,completed
SE-0001568,ST-022,4,2026-05-08 11:51:00,2026-05-08 12:36:00,29.93,,completed
SE-0009314,ST-041,1,2026-06-15 19:54:00,2026-06-15 20:31:00,19.49,6.24,completed
SE-0001490,ST-006,2,2026-05-08 14:27:00,2026-05-08 15:31:00,28.86,9.24,completed
SE-0004251,ST-041,1,2026-05-21 10:45:00,2026-05-21 11:23:00,10.66,3.41,completed
SE-0008766,ST-009,2,2026-06-13 16:31:00,2026-06-13 17:18:00,25.81,,completed
SE-0007846,ST-022,4,2026-06-08 11:03:00,2026-06-08 11:34:00,26.63,8.52,completed
SE-0009033,ST-018,1,2026-06-14 02:31:00,2026-06-14 03:23:00,39.38,12.6,completed
SE-0010990,ST-022,2,2026-06-24 21:21:00,2026-06-24 21:55:00,19.39,6.2,completed
SE-0000572,ST-041,5,2026-05-03 00:12:00,2026-05-03 00:32:00,13.34,4.27,completed
SE-0006103,ST-031,5,2026-05-30 04:40:00,2026-05-30 05:10:00,11.5,3.68,completed
SE-0001684,ST-009,1,2026-05-09 03:19:00,2026-05-09 04:18:00,35.09,11.23,completed
SE-0008607,ST-022,4,2026-06-12 23:53:00,2026-06-13 00:41:00,36.91,11.81,completed
SE-0002333,ST-012,2,2026-05-12 09:41:00,2026-05-12 10:08:00,13.83,4.43,aborted
SE-0002050,ST-041,5,2026-05-10 23:21:00,2026-05-11 00:44:00,54.0,17.28,completed
SE-0009251,ST-022,3,2026-06-15 20:25:00,2026-06-15 20:47:00,15.94,5.1,completed
SE-0009069,ST-025,1,2026-06-14 19:27:00,2026-06-14 20:06:00,27.84,8.91,completed
SE-0006965,ST-006,1,2026-06-04 20:21:00,2026-06-04 20:53:00,23.75,7.6,completed
SE-0002216,ST-031,3,2026-05-11 02:51:00,2026-05-11 03:06:00,8.15,2.61,completed
SE-0007423,ST-022,3,2026-06-06 05:56:00,2026-06-06 06:04:00,4.45,1.42,completed
SE-0006034,ST-017,2,2026-05-30 20:57:00,2026-05-30 21:30:00,21470,6.87,completed
SE-0011802,ST-023,1,2026-06-28 11:40:00,2026-06-28 12:02:00,11.5,,completed
SE-0010858,ST-039,1,2026-06-23 23:49:00,2026-06-24 00:05:00,10.82,3.46,completed
SE-0009138,ST-042,1,2026-06-14 03:59:00,2026-06-14 05:14:00,52.7,16.86,completed
SE-0000490,ST-017,2,2026-05-03 22:49:00,2026-05-03 23:32:00,27120,8.68,completed
SE-0001098,ST-013,1,2026-05-06 03:07:00,2026-05-06 03:40:00,12.17,3.89,completed
SE-0002597,ST-025,1,2026-05-13 08:50:00,2026-05-13 09:39:00,24.92,7.97,completed
SE-0006415,ST-014,1,2026-06-01 11:54:00,2026-06-01 12:22:00,13.86,4.44,completed
SE-0001546,ST-015,1,2026-05-08 02:12:00,2026-05-08 02:51:00,26.12,8.36,completed
SE-0001404,ST-031,2,2026-05-07 10:46:00,2026-05-07 11:46:00,31.89,10.2,completed
SE-0005655,ST-025,1,2026-05-28 06:34:00,2026-05-28 07:30:00,19.2,6.14,completed
SE-0002691,ST-003,2,2026-05-14 08:15:00,2026-05-14 08:27:00,6.16,1.97,completed
SE-0008952,ST-005,1,2026-06-14 14:46:00,2026-06-14 15:27:00,21.52,6.89,completed
SE-0004224,ST-033,1,2026-05-21 06:21:00,2026-05-21 07:09:00,26.46,8.47,completed
SE-0001268,ST-005,1,2026-05-07 04:11:00,2026-05-07 04:59:00,27.33,8.75,aborted
SE-0010651,ST-040,1,2026-06-22 21:37:00,2026-06-22 22:19:00,19.8,6.34,completed
SE-0007458,ST-026,6,2026-06-06 17:53:00,2026-06-06 18:46:00,33.87,,completed
SE-0010561,ST-015,1,2026-06-22 08:27:00,2026-06-22 09:34:00,43.23,13.83,completed
SE-0008511,ST-001,3,2026-06-12 03:42:00,2026-06-12 04:38:00,40.55,12.98,completed
SE-0001465,ST-002,2,2026-05-08 15:05:00,2026-05-08 15:41:00,17.42,5.57,completed
SE-0005163,ST-015,1,2026-05-26 06:44:00,2026-05-26 07:22:00,15.87,5.08,completed
SE-0001440,ST-041,6,2026-05-07 02:27:00,2026-05-07 02:54:00,18.41,5.89,completed
SE-0009671,ST-025,2,2026-06-17 19:43:00,2026-06-17 20:51:00,62.82,20.1,completed
SE-0001918,ST-015,2,2026-05-10 13:38:00,2026-05-10 13:44:00,4.05,1.3,completed
SE-0009965,ST-003,2,2026-06-19 10:06:00,2026-06-19 10:33:00,18.14,5.8,completed
SE-0001293,ST-010,2,2026-05-07 14:32:00,2026-05-07 15:25:00,22.16,7.09,completed
SE-0007821,ST-017,1,2026-06-08 02:39:00,2026-06-08 03:27:00,30450,9.74,completed
SE-0000135,ST-029,1,2026-05-01 02:53:00,2026-05-01 03:41:00,24.61,7.88,completed
SE-0006875,ST-025,1,2026-06-03 23:33:00,2026-06-03 23:44:00,5.5,1.76,completed
SE-0010100,ST-041,3,2026-06-19 17:35:00,2026-06-19 18:23:00,19.76,6.32,completed
SE-0004261,ST-001,1,2026-05-22 06:59:00,2026-05-22 07:07:00,4.88,1.56,completed
SE-0010202,ST-023,1,2026-06-20 06:21:00,2026-06-20 06:51:00,17.67,5.65,completed
SE-0000525,ST-025,1,2026-05-03 16:50:00,2026-05-03 17:31:00,30.9,9.89,completed
SE-0006634,ST-021,4,2026-06-02 00:58:00,2026-06-02 01:22:00,12.9,4.13,completed
SE-0004462,ST-041,5,2026-05-22 08:07:00,2026-05-22 09:01:00,24.64,7.88,completed
SE-0003260,ST-034,3,2026-05-16 05:57:00,2026-05-16 07:06:00,26.41,8.45,completed
SE-0007051,ST-025,2,2026-06-04 15:14:00,2026-06-04 16:06:00,24.82,,completed
SE-0011825,ST-031,4,2026-06-28 09:22:00,2026-06-28 10:02:00,25.89,8.28,completed
SE-0008924,ST-002,2,2026-06-14 19:34:00,2026-06-14 20:37:00,30.97,9.91,completed
SE-0010789,ST-023,1,2026-06-23 14:47:00,2026-06-23 15:33:00,6.62,2.12,faulted
SE-0003948,ST-016,2,2026-05-20 12:51:00,2026-05-20 13:51:00,34.26,10.96,completed
SE-0000379,ST-041,3,2026-05-02 18:49:00,2026-05-02 19:21:00,24.38,7.8,completed
SE-0006722,ST-041,3,2026-06-02 20:39:00,2026-06-02 21:34:00,13.04,4.17,completed
SE-0007644,ST-023,1,2026-06-07 09:47:00,2026-06-07 10:55:00,48.0,15.36,completed
SE-0000007,ST-002,1,2026-05-01 08:38:00,2026-05-01 08:55:00,6.53,2.09,completed
SE-0009659,ST-023,2,2026-06-17 08:23:00,2026-06-17 09:23:00,17.13,5.48,completed
SE-0008107,ST-001,2,2026-06-10 00:31:00,2026-06-10 01:20:00,23.64,7.56,completed
SE-0002219,ST-033,1,2026-05-11 00:34:00,2026-05-11 01:33:00,44.65,14.29,completed
SE-0002730,ST-009,1,2026-05-14 03:29:00,2026-05-14 04:25:00,17.23,5.51,completed
SE-0009963,ST-003,2,2026-06-19 15:54:00,2026-06-19 16:03:00,6.74,2.16,completed
SE-0003354,ST-010,2,2026-05-17 13:24:00,2026-05-17 14:39:00,50.33,,completed
SE-0010131,ST-005,1,2026-06-20 06:02:00,2026-06-20 06:29:00,18.45,,completed
SE-0004161,ST-015,1,2026-05-21 20:46:00,2026-05-21 20:52:00,3.13,1.0,completed
SE-0009762,ST-005,1,2026-06-18 10:32:00,2026-06-18 11:26:00,55.48,17.75,completed
SE-0008457,ST-031,5,2026-06-11 18:26:00,2026-06-11 19:18:00,24.37,7.8,completed
SE-0005835,ST-017,2,2026-05-29 20:57:00,2026-05-29 21:23:00,13810,4.42,completed
SE-0008837,ST-022,6,2026-06-13 18:55:00,2026-06-13 19:27:00,6.48,2.07,completed
SE-0003468,ST-042,1,2026-05-17 04:15:00,2026-05-17 04:21:00,3.03,0.97,completed
SE-0002018,ST-034,2,2026-05-10 07:54:00,2026-05-10 08:32:00,21.68,6.94,completed
SE-0004271,ST-003,2,2026-05-22 10:38:00,2026-05-22 11:09:00,15.2,4.86,completed
SE-0002349,ST-014,3,2026-05-12 20:16:00,2026-05-12 20:34:00,11.21,,completed
SE-0010933,ST-012,2,2026-06-24 10:02:00,2026-06-24 11:04:00,38.08,12.19,completed
SE-0008441,ST-026,1,2026-06-11 15:55:00,2026-06-11 17:29:00,30.07,9.62,completed
SE-0008617,ST-023,1,2026-06-12 23:45:00,2026-06-13 00:55:00,39.66,12.69,completed
SE-0003451,ST-039,2,2026-05-17 07:15:00,2026-05-17 08:02:00,11.58,3.71,completed
SE-0002217,ST-032,3,2026-05-11 11:45:00,2026-05-11 12:57:00,33.42,,completed
SE-0000513,ST-023,2,2026-05-03 12:43:00,2026-05-03 13:34:00,23.47,7.51,aborted
SE-0004777,ST-017,1,2026-05-24 21:03:00,2026-05-24 22:06:00,15210,4.87,completed
SE-0007494,ST-035,2,2026-06-06 20:41:00,2026-06-06 21:09:00,12.38,3.96,completed
SE-0004635,ST-027,2,2026-05-23 08:22:00,2026-05-23 09:21:00,20.85,6.67,completed
SE-0010177,ST-017,2,2026-06-20 23:08:00,2026-06-21 00:22:00,63150,20.21,completed
SE-0008690,ST-041,1,2026-06-12 06:26:00,2026-06-12 07:18:00,38.86,12.44,completed
SE-0008730,ST-005,2,2026-06-13 03:00:00,2026-06-13 03:50:00,35.77,11.45,completed
SE-0003861,ST-041,5,2026-05-19 01:26:00,2026-05-19 01:53:00,12.19,3.9,completed
SE-0007647,ST-023,2,2026-06-07 18:07:00,2026-06-07 18:48:00,26.16,8.37,completed
SE-0010601,ST-023,2,2026-06-22 13:11:00,2026-06-22 14:03:00,27.69,8.86,completed
SE-0004791,ST-021,5,2026-05-24 03:54:00,2026-05-24 04:33:00,14.39,4.6,completed
SE-0009553,ST-003,2,2026-06-17 21:30:00,2026-06-17 22:24:00,31.82,10.18,completed
SE-0010134,ST-005,2,2026-06-20 08:07:00,2026-06-20 08:49:00,23.07,7.38,completed
SE-0009044,ST-022,5,2026-06-14 21:34:00,2026-06-14 22:37:00,35.06,11.22,completed
SE-0011459,ST-001,4,2026-06-27 04:32:00,2026-06-27 05:05:00,19.34,6.19,completed
SE-0011540,ST-012,2,2026-06-27 18:58:00,2026-06-27 19:43:00,23.09,7.39,completed
SE-0002661,ST-041,6,2026-05-13 09:43:00,2026-05-13 10:53:00,70.39,22.52,completed
SE-0006079,ST-025,1,2026-05-30 09:23:00,2026-05-30 10:21:00,41.13,13.16,completed
SE-0011803,ST-024,1,2026-06-28 12:18:00,2026-06-28 12:52:00,21.99,7.04,completed
SE-0011528,ST-009,1,2026-06-27 06:34:00,2026-06-27 07:17:00,20.64,6.6,completed
SE-0000980,ST-029,2,2026-05-05 21:56:00,2026-05-05 22:55:00,37.04,11.85,completed
SE-0003169,ST-015,1,2026-05-16 06:20:00,2026-05-16 07:24:00,16.19,5.18,completed
SE-0003199,ST-023,2,2026-05-16 06:05:00,2026-05-16 06:37:00,14.58,4.67,completed
SE-0002020,ST-034,2,2026-05-10 05:35:00,2026-05-10 05:55:00,13.82,4.42,completed
SE-0006489,ST-028,2,2026-06-01 04:17:00,2026-06-01 05:05:00,5.89,1.88,completed
SE-0001974,ST-025,2,2026-05-10 00:59:00,2026-05-10 01:28:00,13.2,4.22,completed
SE-0011953,ST-015,1,2026-06-29 00:27:00,2026-06-29 01:15:00,35.23,11.27,completed
SE-0007868,ST-025,1,2026-06-08 12:35:00,2026-06-08 13:21:00,15.97,5.11,completed
SE-0006950,ST-005,2,2026-06-04 13:29:00,2026-06-04 14:18:00,19.92,6.37,completed
SE-0007664,ST-025,1,2026-06-07 01:14:00,2026-06-07 02:29:00,36.41,11.65,completed
SE-0010013,ST-015,1,2026-06-19 06:19:00,2026-06-19 06:25:00,5.04,1.61,completed
SE-0002564,ST-017,1,2026-05-13 14:50:00,2026-05-13 15:39:00,18130,5.8,completed
SE-0010553,ST-015,2,2026-06-22 16:44:00,2026-06-22 17:46:00,50.16,16.05,completed
SE-0010387,ST-017,2,2026-06-21 20:47:00,2026-06-21 21:57:00,60570,19.38,completed
SE-0005243,ST-033,2,2026-05-26 03:54:00,2026-05-26 04:26:00,20.77,6.65,completed
SE-0009830,ST-017,1,2026-06-18 17:35:00,2026-06-18 18:29:00,31910,10.21,completed
SE-0010294,ST-002,2,2026-06-21 12:36:00,2026-06-21 12:42:00,4.32,1.38,completed
SE-0007559,ST-006,4,2026-06-07 23:56:00,2026-06-08 01:00:00,41.86,13.4,aborted
SE-0004852,ST-031,2,2026-05-24 22:38:00,2026-05-24 23:39:00,53.11,17.0,completed
SE-0006276,ST-025,2,2026-05-31 15:00:00,2026-05-31 15:25:00,18.0,5.76,completed
SE-0004907,ST-003,2,2026-05-25 03:33:00,2026-05-25 04:13:00,24.43,7.82,completed
SE-0001809,ST-034,4,2026-05-09 14:07:00,2026-05-09 14:58:00,27.18,,completed
SE-0003326,ST-005,1,2026-05-17 01:21:00,2026-05-17 02:25:00,40.26,12.88,completed
SE-0001799,ST-033,1,2026-05-09 03:34:00,2026-05-09 04:29:00,34.09,10.91,completed
SE-0011181,ST-017,1,2026-06-25 00:16:00,2026-06-25 01:14:00,22230,7.11,completed
SE-0008075,ST-035,2,2026-06-09 23:27:00,2026-06-10 00:26:00,42.42,13.57,completed
SE-0005955,ST-005,1,2026-05-30 06:59:00,2026-05-30 07:26:00,9.55,3.06,completed
SE-0011315,ST-006,3,2026-06-26 19:02:00,2026-06-26 20:09:00,33.28,10.65,completed
SE-0011237,ST-033,2,2026-06-25 06:50:00,2026-06-25 07:18:00,13.2,4.22,completed
SE-0001825,ST-041,4,2026-05-09 10:00:00,2026-05-09 11:02:00,38.96,12.47,completed
SE-0003396,ST-022,1,2026-05-17 00:09:00,2026-05-17 01:08:00,50.91,,aborted
SE-0000510,ST-022,3,2026-05-03 04:19:00,2026-05-03 04:51:00,20.59,6.59,completed
SE-0006619,ST-016,1,2026-06-02 16:05:00,2026-06-02 17:00:00,29.3,9.38,completed
SE-0011229,ST-031,2,2026-06-25 04:33:00,2026-06-25 05:19:00,11.48,3.67,completed
SE-0001016,ST-041,3,2026-05-05 19:05:00,2026-05-05 19:29:00,17.01,5.44,completed
SE-0004808,ST-023,2,2026-05-24 18:05:00,2026-05-24 18:57:00,21.35,6.83,completed
SE-0001136,ST-017,1,2026-05-06 06:17:00,2026-05-06 07:28:00,56580,18.11,completed
SE-0001365,ST-023,2,2026-05-07 03:20:00,2026-05-07 04:02:00,26.74,8.56,completed
SE-0008123,ST-005,2,2026-06-10 21:32:00,2026-06-10 22:11:00,14.65,4.69,completed
SE-0005503,ST-001,1,2026-05-28 10:45:00,2026-05-28 11:41:00,22.54,7.21,completed
SE-0000408,ST-003,1,2026-05-03 07:44:00,2026-05-03 08:34:00,38.34,12.27,completed
SE-0004493,ST-005,2,2026-05-23 14:50:00,2026-05-23 15:49:00,42.72,13.67,completed
SE-0010932,ST-012,1,2026-06-24 12:25:00,2026-06-24 13:11:00,22.74,7.28,completed
SE-0001843,ST-001,3,2026-05-10 15:03:00,2026-05-10 15:13:00,2.69,0.86,completed
SE-0000861,ST-005,2,2026-05-05 05:18:00,2026-05-05 06:15:00,28.03,8.97,completed
SE-0010084,ST-034,2,2026-06-19 20:04:00,2026-06-19 20:19:00,7.54,2.41,completed
SE-0005329,ST-006,6,2026-05-27 15:16:00,2026-05-27 15:27:00,5.09,1.63,completed
SE-0003270,ST-037,4,2026-05-16 15:39:00,2026-05-16 16:24:00,19.8,6.34,aborted
SE-0010227,ST-029,3,2026-06-20 23:08:00,2026-06-20 23:59:00,21.28,6.81,completed
SE-0003758,ST-016,2,2026-05-19 12:33:00,2026-05-19 13:14:00,15.82,5.06,completed
SE-0011530,ST-010,1,2026-06-27 13:24:00,2026-06-27 13:53:00,17.99,5.76,completed
SE-0009736,ST-041,5,2026-06-17 13:50:00,2026-06-17 14:36:00,30.83,9.87,completed
SE-0010151,ST-013,2,2026-06-20 16:45:00,2026-06-20 16:51:00,2.28,,completed
SE-0009059,ST-023,2,2026-06-14 07:40:00,2026-06-14 08:25:00,38.22,12.23,completed
SE-0010586,ST-022,2,2026-06-22 22:36:00,2026-06-22 23:07:00,23.16,7.41,completed
SE-0003320,ST-004,4,2026-05-17 13:52:00,2026-05-17 15:05:00,45.41,14.53,completed
SE-0007228,ST-022,2,2026-06-05 19:16:00,2026-06-05 20:13:00,24.55,7.86,completed
SE-0006371,ST-005,2,2026-06-01 19:56:00,2026-06-01 20:40:00,24.95,7.98,completed
SE-0002600,ST-025,1,2026-05-13 22:09:00,2026-05-13 22:41:00,16.5,5.28,completed
SE-0007293,ST-034,3,2026-06-05 02:02:00,2026-06-05 02:29:00,19.43,6.22,completed
SE-0001060,ST-005,1,2026-05-06 15:55:00,2026-05-06 16:46:00,38.99,12.48,completed
SE-0008982,ST-012,1,2026-06-14 02:12:00,2026-06-14 02:41:00,12.33,3.95,completed
SE-0005863,ST-023,1,2026-05-29 00:12:00,2026-05-29 01:38:00,51.04,16.33,completed
SE-0009215,ST-015,1,2026-06-15 16:09:00,2026-06-15 17:01:00,30.07,9.62,completed
SE-0004411,ST-029,4,2026-05-22 06:50:00,2026-05-22 07:56:00,20.36,6.52,completed
SE-0002563,ST-017,1,2026-05-13 18:24:00,2026-05-13 19:06:00,24780,7.93,completed
SE-0002479,ST-005,2,2026-05-13 12:56:00,2026-05-13 13:43:00,20.04,6.41,completed
SE-0009718,ST-037,3,2026-06-17 09:47:00,2026-06-17 10:29:00,7.21,2.31,completed
SE-0007508,ST-041,3,2026-06-06 02:09:00,2026-06-06 02:23:00,6.4,2.05,completed
SE-0006568,ST-007,1,2026-06-02 11:39:00,2026-06-02 12:18:00,9.47,3.03,completed
SE-0004509,ST-006,1,2026-05-23 12:07:00,2026-05-23 13:01:00,31.57,10.1,completed
SE-0004395,ST-025,1,2026-05-22 16:13:00,2026-05-22 17:23:00,35.87,11.48,completed
SE-0001541,ST-015,1,2026-05-08 17:09:00,2026-05-08 17:33:00,12.34,3.95,completed
SE-0010115,ST-001,3,2026-06-20 09:31:00,2026-06-20 09:37:00,4.43,1.42,completed
SE-0001023,ST-041,5,2026-05-05 02:52:00,2026-05-05 03:18:00,9.91,3.17,completed
SE-0007049,ST-025,1,2026-06-04 12:07:00,2026-06-04 12:32:00,14.29,4.57,completed
SE-0010618,ST-029,1,2026-06-22 07:04:00,2026-06-22 07:54:00,32.74,,completed
SE-0006460,ST-022,5,2026-06-01 16:24:00,2026-06-01 17:06:00,27.18,8.7,completed
SE-0011461,ST-001,2,2026-06-27 21:36:00,2026-06-27 22:08:00,19.86,6.36,completed
SE-0008449,ST-028,1,2026-06-11 23:06:00,2026-06-12 00:03:00,11.64,3.72,completed
SE-0006473,ST-023,1,2026-06-01 05:59:00,2026-06-01 07:14:00,50.67,,completed
SE-0009268,ST-026,4,2026-06-15 07:14:00,2026-06-15 08:06:00,35.02,11.21,completed
SE-0009960,ST-003,1,2026-06-19 23:56:00,2026-06-20 00:59:00,49.54,15.85,completed
SE-0003033,ST-033,2,2026-05-15 23:13:00,2026-05-15 23:49:00,20.47,6.55,completed
SE-0008009,ST-015,1,2026-06-09 22:41:00,2026-06-09 23:47:00,48.0,15.36,completed
SE-0009795,ST-012,2,2026-06-18 04:16:00,2026-06-18 05:11:00,36.17,11.57,completed
SE-0006269,ST-025,1,2026-05-31 21:12:00,2026-05-31 21:48:00,19.46,6.23,completed
SE-0003585,ST-023,2,2026-05-18 05:57:00,2026-05-18 06:48:00,23.36,7.48,completed
SE-0002524,ST-012,2,2026-05-13 03:28:00,2026-05-13 04:32:00,17.59,5.63,completed
SE-0004280,ST-003,2,2026-05-22 20:55:00,2026-05-22 21:30:00,17.73,5.67,completed
SE-0009073,ST-025,2,2026-06-14 16:49:00,2026-06-14 17:19:00,20.21,6.47,completed
SE-0006590,ST-012,1,2026-06-02 01:49:00,2026-06-02 02:36:00,35.38,11.32,completed
SE-0007837,ST-021,1,2026-06-08 03:23:00,2026-06-08 04:22:00,30.73,9.83,completed
SE-0006746,ST-004,2,2026-06-03 22:56:00,2026-06-03 23:49:00,41.88,13.4,aborted
SE-0010755,ST-015,1,2026-06-23 08:32:00,2026-06-23 09:15:00,18.07,,completed
SE-0006885,ST-030,5,2026-06-03 08:26:00,2026-06-03 08:32:00,4.8,1.54,completed
SE-0002364,ST-019,1,2026-05-12 22:38:00,2026-05-12 23:07:00,21.46,,completed
SE-0004311,ST-009,1,2026-05-22 15:06:00,2026-05-22 15:32:00,22.49,,completed
SE-0006646,ST-022,1,2026-06-02 01:13:00,2026-06-02 02:26:00,41.02,13.13,completed
SE-0007928,ST-001,1,2026-06-09 20:27:00,2026-06-09 21:38:00,51.23,,completed
SE-0003101,ST-005,1,2026-05-16 10:44:00,2026-05-16 11:02:00,9.69,3.1,completed
SE-0010384,ST-016,1,2026-06-21 02:09:00,2026-06-21 03:01:00,24.17,7.73,completed
SE-0006180,ST-006,4,2026-05-31 21:00:00,2026-05-31 21:35:00,22.55,7.22,completed
SE-0008417,ST-023,1,2026-06-11 23:15:00,2026-06-12 00:37:00,58.15,18.61,completed
SE-0001202,ST-032,2,2026-05-06 11:10:00,2026-05-06 12:10:00,28.92,9.25,completed
SE-0005494,ST-041,2,2026-05-27 06:22:00,2026-05-27 06:58:00,19.57,6.26,completed
SE-0001190,ST-027,3,2026-05-06 18:00:00,2026-05-06 18:53:00,41.59,13.31,completed
SE-0011705,ST-005,2,2026-06-28 21:26:00,2026-06-28 22:05:00,22.78,7.29,completed
SE-0010593,ST-023,2,2026-06-22 16:48:00,2026-06-22 17:39:00,32.26,10.32,completed
SE-0001258,ST-003,1,2026-05-07 17:35:00,2026-05-07 18:01:00,21.67,6.93,completed
SE-0002792,ST-022,6,2026-05-14 15:07:00,2026-05-14 15:52:00,39.86,12.76,completed
SE-0000193,ST-001,4,2026-05-02 04:56:00,2026-05-02 05:40:00,32.5,10.4,completed
SE-0009806,ST-014,2,2026-06-18 05:57:00,2026-06-18 06:35:00,23.55,7.54,completed
SE-0002967,ST-016,1,2026-05-15 21:16:00,2026-05-15 22:09:00,24.04,7.69,completed
SE-0011830,ST-033,2,2026-06-28 07:36:00,2026-06-28 08:37:00,32.49,10.4,completed
SE-0005181,ST-020,2,2026-05-26 13:55:00,2026-05-26 15:01:00,15.89,5.08,completed
SE-0011805,ST-025,2,2026-06-28 07:38:00,2026-06-28 08:30:00,29.17,9.33,completed
SE-0006202,ST-010,2,2026-05-31 18:32:00,2026-05-31 18:55:00,16.54,5.29,completed
SE-0000950,ST-022,1,2026-05-05 08:36:00,2026-05-05 09:27:00,24.49,7.84,completed
SE-0011263,ST-041,2,2026-06-25 04:23:00,2026-06-25 04:52:00,13.7,4.38,completed
SE-0004671,ST-041,6,2026-05-23 03:17:00,2026-05-23 03:30:00,3.68,,aborted
SE-0004929,ST-006,1,2026-05-25 14:49:00,2026-05-25 15:08:00,9.23,2.95,completed
SE-0009814,ST-014,3,2026-06-18 13:30:00,2026-06-18 14:18:00,19.34,6.19,completed
SE-0000625,ST-005,1,2026-05-04 12:53:00,2026-05-04 13:22:00,11.71,3.75,completed
SE-0005537,ST-005,2,2026-05-28 11:39:00,2026-05-28 12:50:00,42.27,13.53,completed
SE-0006286,ST-029,3,2026-05-31 17:24:00,2026-05-31 18:07:00,28.26,9.04,completed
SE-0003586,ST-023,2,2026-05-18 21:43:00,2026-05-18 22:14:00,13.2,4.22,completed
SE-0004832,ST-025,2,2026-05-24 00:20:00,2026-05-24 01:03:00,34.92,11.17,completed
SE-0004874,ST-037,2,2026-05-24 14:27:00,2026-05-24 15:36:00,26.31,8.42,completed
SE-0006366,ST-005,2,2026-06-01 06:54:00,2026-06-01 07:31:00,16.93,5.42,completed
SE-0002255,ST-041,3,2026-05-11 21:22:00,2026-05-11 22:13:00,31.13,9.96,completed
SE-0006535,ST-001,1,2026-06-02 20:09:00,2026-06-02 20:28:00,8.62,2.76,completed
SE-0002787,ST-022,4,2026-05-14 01:50:00,2026-05-14 02:46:00,30.68,9.82,completed
SE-0010603,ST-023,2,2026-06-22 10:10:00,2026-06-22 11:17:00,13.14,4.2,faulted
SE-0000905,ST-014,6,2026-05-05 15:13:00,2026-05-05 16:11:00,22.15,,completed
SE-0003394,ST-022,5,2026-05-17 11:27:00,2026-05-17 12:35:00,41.49,13.28,completed
SE-0006925,ST-041,6,2026-06-03 00:07:00,2026-06-03 01:04:00,44.36,14.2,completed
SE-0003931,ST-014,3,2026-05-20 13:12:00,2026-05-20 13:49:00,16.17,5.17,completed
SE-0007690,ST-033,2,2026-06-07 00:54:00,2026-06-07 01:52:00,43.03,13.77,completed
SE-0005656,ST-025,2,2026-05-28 00:02:00,2026-05-28 00:33:00,19.88,6.36,completed
SE-0000492,ST-018,3,2026-05-03 11:10:00,2026-05-03 12:16:00,33.24,,completed
SE-0001457,ST-001,2,2026-05-08 05:45:00,2026-05-08 06:13:00,17.43,5.58,completed
SE-0009496,ST-029,2,2026-06-16 09:49:00,2026-06-16 10:50:00,28.22,9.03,completed
SE-0008582,ST-015,2,2026-06-12 11:21:00,2026-06-12 12:07:00,17.98,5.75,completed
SE-0007897,ST-033,2,2026-06-08 15:14:00,2026-06-08 15:56:00,21.7,6.94,completed
SE-0004358,ST-018,2,2026-05-22 07:48:00,2026-05-22 08:48:00,17.34,5.55,completed
SE-0009427,ST-015,1,2026-06-16 12:08:00,2026-06-16 12:41:00,19.07,6.1,completed
SE-0005631,ST-022,6,2026-05-28 04:06:00,2026-05-28 04:44:00,18.1,5.79,completed
SE-0001432,ST-039,1,2026-05-07 22:21:00,2026-05-07 23:04:00,22.69,,completed
SE-0001741,ST-022,5,2026-05-09 12:46:00,2026-05-09 13:16:00,15.07,4.82,completed
SE-0000148,ST-033,1,2026-05-01 18:28:00,2026-05-01 19:11:00,29.21,9.35,completed
SE-0005550,ST-006,2,2026-05-28 18:16:00,2026-05-28 19:33:00,23.29,7.45,completed
SE-0009444,ST-017,1,2026-06-16 23:05:00,2026-06-17 00:21:00,37500,12.0,completed
SE-0006179,ST-006,2,2026-05-31 14:04:00,2026-05-31 14:35:00,10.91,3.49,completed
SE-0011232,ST-032,2,2026-06-25 06:45:00,2026-06-25 07:39:00,43.23,13.83,completed
SE-0005561,ST-009,2,2026-05-28 16:08:00,2026-05-28 16:45:00,18.24,5.84,completed
SE-0002779,ST-017,2,2026-05-14 08:43:00,2026-05-14 08:54:00,5540,1.77,completed
SE-0008326,ST-006,6,2026-06-11 07:09:00,2026-06-11 08:23:00,36.9,11.81,completed
SE-0009591,ST-008,1,2026-06-17 05:16:00,2026-06-17 05:41:00,10.54,3.37,completed
SE-0000378,ST-041,3,2026-05-02 06:31:00,2026-05-02 07:16:00,25.79,8.25,completed
SE-0003668,ST-001,3,2026-05-19 04:21:00,2026-05-19 05:11:00,31.16,,completed
SE-0004420,ST-032,4,2026-05-22 20:48:00,2026-05-22 21:39:00,19.45,6.22,completed
SE-0006341,ST-001,3,2026-06-01 18:51:00,2026-06-01 20:19:00,62.15,19.89,completed
SE-0009385,ST-006,4,2026-06-16 10:48:00,2026-06-16 11:38:00,20.55,6.58,completed
SE-0009360,ST-005,2,2026-06-16 11:58:00,2026-06-16 12:27:00,7.53,,completed
SE-0010249,ST-036,4,2026-06-20 12:46:00,2026-06-20 13:15:00,16.67,5.33,completed
SE-0001379,ST-025,2,2026-05-07 12:55:00,2026-05-07 13:42:00,21.66,6.93,completed
SE-0001056,ST-005,2,2026-05-06 22:24:00,2026-05-06 22:56:00,19.79,6.33,completed
SE-0004779,ST-017,1,2026-05-24 07:06:00,2026-05-24 07:41:00,26030,8.33,completed
SE-0000080,ST-017,1,2026-05-01 06:44:00,2026-05-01 07:22:00,17700,,completed
SE-0011798,ST-023,2,2026-06-28 11:57:00,2026-06-28 12:44:00,30.24,9.68,completed
SE-0006795,ST-014,4,2026-06-03 01:42:00,2026-06-03 02:15:00,18.64,5.96,completed
SE-0010169,ST-015,1,2026-06-20 00:44:00,2026-06-20 01:28:00,14.22,4.55,completed
SE-0006236,ST-017,1,2026-05-31 13:49:00,2026-05-31 14:10:00,7690,2.46,completed
SE-0012019,ST-029,4,2026-06-29 05:11:00,2026-06-29 05:58:00,35.86,,completed
SE-0006435,ST-016,2,2026-06-01 17:43:00,2026-06-01 18:20:00,22.85,7.31,completed
SE-0002428,ST-034,3,2026-05-12 23:22:00,2026-05-12 23:37:00,8.33,2.67,completed
SE-0006272,ST-025,1,2026-05-31 04:39:00,2026-05-31 05:25:00,33.07,10.58,completed
SE-0010157,ST-015,1,2026-06-20 08:23:00,2026-06-20 09:11:00,34.64,11.08,completed
SE-0004211,ST-028,2,2026-05-21 00:53:00,2026-05-21 01:34:00,22.36,7.16,completed
SE-0008054,ST-025,1,2026-06-09 02:34:00,2026-06-09 03:48:00,43.81,14.02,completed
SE-0006606,ST-015,2,2026-06-02 19:43:00,2026-06-02 20:38:00,31.1,9.95,completed
SE-0003183,ST-018,2,2026-05-16 16:08:00,2026-05-16 16:56:00,26.05,8.34,completed
SE-0009181,ST-008,1,2026-06-15 03:46:00,2026-06-15 04:15:00,28.4,9.09,completed
SE-0003512,ST-006,1,2026-05-18 09:01:00,2026-05-18 09:16:00,4.18,1.34,completed
SE-0010301,ST-003,1,2026-06-21 11:55:00,2026-06-21 13:19:00,42.89,13.72,completed
SE-0005510,ST-002,1,2026-05-28 22:41:00,2026-05-28 23:14:00,14.2,4.54,completed
SE-0011765,ST-016,2,2026-06-28 11:54:00,2026-06-28 13:05:00,31.55,10.1,completed
SE-0005695,ST-034,3,2026-05-28 10:13:00,2026-05-28 10:56:00,10.05,3.22,completed
SE-0006581,ST-010,2,2026-06-02 13:16:00,2026-06-02 13:24:00,3.94,1.26,completed
SE-0004383,ST-023,2,2026-05-22 02:33:00,2026-05-22 03:09:00,2.79,0.89,faulted
SE-0010854,ST-037,3,2026-06-23 15:51:00,2026-06-23 16:24:00,18.03,5.77,completed
SE-0007960,ST-005,2,2026-06-09 16:38:00,2026-06-09 17:07:00,21.16,6.77,completed
SE-0004223,ST-033,2,2026-05-21 22:01:00,2026-05-21 22:31:00,20.31,6.5,completed
SE-0000911,ST-014,3,2026-05-05 03:34:00,2026-05-05 04:41:00,43.3,13.86,completed
SE-0002651,ST-038,3,2026-05-13 20:29:00,2026-05-13 21:42:00,48.15,15.41,completed
SE-0004296,ST-006,3,2026-05-22 21:29:00,2026-05-22 21:46:00,8.7,2.78,completed
SE-0006215,ST-014,5,2026-05-31 04:47:00,2026-05-31 05:40:00,29.52,9.45,completed
SE-0004499,ST-005,1,2026-05-23 05:25:00,2026-05-23 05:39:00,8.6,2.75,completed
SE-0001509,ST-010,1,2026-05-08 18:09:00,2026-05-08 18:56:00,39.62,12.68,completed
SE-0006023,ST-015,1,2026-05-30 19:15:00,2026-05-30 19:49:00,18.93,6.06,completed
SE-0000437,ST-008,2,2026-05-03 16:59:00,2026-05-03 17:33:00,22.02,7.05,completed
SE-0011692,ST-003,1,2026-06-28 02:09:00,2026-06-28 02:15:00,2.37,0.76,completed
SE-0003090,ST-003,2,2026-05-16 12:40:00,2026-05-16 13:22:00,20.81,6.66,completed
SE-0010020,ST-017,2,2026-06-19 07:26:00,2026-06-19 08:02:00,18300,5.86,completed
SE-0007731,ST-001,3,2026-06-08 08:58:00,2026-06-08 09:04:00,3.36,,completed
SE-0002756,ST-014,5,2026-05-14 19:31:00,2026-05-14 20:04:00,16.73,5.35,completed
SE-0006348,ST-003,1,2026-06-01 17:39:00,2026-06-01 18:15:00,34.24,10.96,completed
SE-0006652,ST-023,2,2026-06-02 14:50:00,2026-06-02 15:21:00,13.01,4.16,completed
SE-0000573,ST-041,3,2026-05-03 07:47:00,2026-05-03 08:41:00,19.95,6.38,completed
SE-0001064,ST-005,1,2026-05-06 20:56:00,2026-05-06 21:35:00,22.75,7.28,completed
SE-0003333,ST-006,1,2026-05-17 17:18:00,2026-05-17 18:38:00,48.97,15.67,completed
SE-0001369,ST-023,1,2026-05-07 16:34:00,2026-05-07 17:08:00,11.35,3.63,completed
SE-0005965,ST-006,1,2026-05-30 16:45:00,2026-05-30 17:23:00,24.06,7.7,completed
SE-0007560,ST-006,2,2026-06-07 08:51:00,2026-06-07 09:42:00,24.65,7.89,completed
SE-0005481,ST-035,2,2026-05-27 16:56:00,2026-05-27 17:40:00,28.7,9.18,completed
SE-0010570,ST-017,2,2026-06-22 07:12:00,2026-06-22 07:52:00,27040,,completed
SE-0006985,ST-014,1,2026-06-04 02:49:00,2026-06-04 03:28:00,23.7,7.58,completed
SE-0010504,ST-004,4,2026-06-22 00:16:00,2026-06-22 01:27:00,47.0,15.04,completed
SE-0003541,ST-013,2,2026-05-18 03:56:00,2026-05-18 04:43:00,18.49,5.92,completed
SE-0007359,ST-006,6,2026-06-06 05:09:00,2026-06-06 05:40:00,18.48,5.91,completed
SE-0001217,ST-036,1,2026-05-06 08:21:00,2026-05-06 09:42:00,32.47,10.39,completed
SE-0009319,ST-041,1,2026-06-15 19:24:00,2026-06-15 19:40:00,9.76,3.12,completed
SE-0011504,ST-006,6,2026-06-27 03:14:00,2026-06-27 03:50:00,22.65,7.25,completed
SE-0007037,ST-020,1,2026-06-04 07:37:00,2026-06-04 08:31:00,22.97,7.35,completed
SE-0003454,ST-041,4,2026-05-17 18:16:00,2026-05-17 18:40:00,17.79,5.69,completed
SE-0001463,ST-002,1,2026-05-08 22:39:00,2026-05-08 23:40:00,32.9,10.53,completed
SE-0005966,ST-006,1,2026-05-30 16:02:00,2026-05-30 16:47:00,30.56,9.78,completed
SE-0002929,ST-008,2,2026-05-15 19:34:00,2026-05-15 20:13:00,23.0,7.36,completed
SE-0011285,ST-003,1,2026-06-26 19:14:00,2026-06-26 19:45:00,22.33,7.15,completed
SE-0005701,ST-037,2,2026-05-28 19:42:00,2026-05-28 19:48:00,2.84,0.91,completed
SE-0010904,ST-006,2,2026-06-24 19:13:00,2026-06-24 19:46:00,22.93,7.34,completed
SE-0006170,ST-005,1,2026-05-31 17:10:00,2026-05-31 17:57:00,18.17,5.81,completed
SE-0008997,ST-015,1,2026-06-14 01:42:00,2026-06-14 02:35:00,44.48,14.23,completed
SE-0009110,ST-034,4,2026-06-14 13:31:00,2026-06-14 14:44:00,35.05,11.22,completed
SE-0007626,ST-022,4,2026-06-07 07:20:00,2026-06-07 08:03:00,13.53,4.33,completed
SE-0010690,ST-003,1,2026-06-23 13:09:00,2026-06-23 14:15:00,13.16,4.21,completed
SE-0005414,ST-023,1,2026-05-27 14:10:00,2026-05-27 14:54:00,27.24,8.72,completed
SE-0006865,ST-023,1,2026-06-03 10:17:00,2026-06-03 10:46:00,16.79,5.37,completed
SE-0002632,ST-033,1,2026-05-13 07:28:00,2026-05-13 08:26:00,23.15,7.41,completed
SE-0006280,ST-026,2,2026-05-31 11:00:00,2026-05-31 11:19:00,11.58,3.71,completed
SE-0003467,ST-041,6,2026-05-17 18:54:00,2026-05-17 19:33:00,27.66,8.85,completed
SE-0007226,ST-022,1,2026-06-05 19:11:00,2026-06-05 20:14:00,57.5,18.4,completed
SE-0003714,ST-006,3,2026-05-19 10:30:00,2026-05-19 11:06:00,21.5,6.88,completed
SE-0001864,ST-005,1,2026-05-10 19:07:00,2026-05-10 20:30:00,36.9,11.81,completed
SE-0004398,ST-025,2,2026-05-22 08:12:00,2026-05-22 08:46:00,21.33,6.83,completed
SE-0009581,ST-006,3,2026-06-17 19:07:00,2026-06-17 19:47:00,9.55,,completed
SE-0001578,ST-023,2,2026-05-08 22:57:00,2026-05-08 23:28:00,22.5,7.2,completed
SE-0006492,ST-029,4,2026-06-01 20:20:00,2026-06-01 20:51:00,9.3,2.98,completed
SE-0002436,ST-039,3,2026-05-12 20:40:00,2026-05-12 21:21:00,33.17,10.61,completed
SE-0010390,ST-017,2,2026-06-21 12:59:00,2026-06-21 13:41:00,27470,8.79,completed
SE-0000575,ST-041,1,2026-05-03 00:59:00,2026-05-03 01:05:00,2.51,0.8,completed
SE-0011582,ST-017,1,2026-06-27 11:01:00,2026-06-27 11:24:00,20120,,completed
SE-0001665,ST-005,1,2026-05-09 07:50:00,2026-05-09 08:13:00,10.57,3.38,completed
SE-0007839,ST-022,1,2026-06-08 00:49:00,2026-06-08 01:35:00,34.04,10.89,completed
SE-0005876,ST-027,4,2026-05-29 00:07:00,2026-05-29 00:55:00,14.57,4.66,completed
SE-0001035,ST-001,2,2026-05-06 09:40:00,2026-05-06 10:17:00,23.08,7.39,completed
SE-0011587,ST-020,2,2026-06-27 12:14:00,2026-06-27 12:20:00,3.95,1.26,completed
SE-0010347,ST-010,2,2026-06-21 11:22:00,2026-06-21 11:37:00,10.5,3.36,completed
SE-0001632,ST-038,4,2026-05-08 02:19:00,2026-05-08 03:01:00,22.35,7.15,completed
SE-0004636,ST-027,3,2026-05-23 13:44:00,2026-05-23 14:01:00,7.84,2.51,completed
SE-0008663,ST-035,2,2026-06-12 03:56:00,2026-06-12 04:42:00,25.7,,completed
SE-0005720,ST-041,2,2026-05-28 19:33:00,2026-05-28 20:25:00,34.82,,completed
SE-0003600,ST-025,2,2026-05-18 16:01:00,2026-05-18 16:31:00,14.71,4.71,completed
SE-0007614,ST-017,2,2026-06-07 00:43:00,2026-06-07 01:27:00,20940,,completed
SE-0009290,ST-033,2,2026-06-15 05:51:00,2026-06-15 06:15:00,18.21,5.83,completed
SE-0010067,ST-025,2,2026-06-19 14:23:00,2026-06-19 14:52:00,16.31,5.22,completed
SE-0009933,ST-041,1,2026-06-18 01:20:00,2026-06-18 02:05:00,28.05,8.98,aborted
SE-0003294,ST-042,5,2026-05-16 23:07:00,2026-05-16 23:35:00,13.6,4.35,completed
SE-0003613,ST-029,3,2026-05-18 19:33:00,2026-05-18 19:59:00,15.32,4.9,completed
SE-0005155,ST-014,4,2026-05-26 09:08:00,2026-05-26 09:42:00,15.74,5.04,completed
SE-0001376,ST-023,1,2026-05-07 15:46:00,2026-05-07 16:17:00,22.92,,completed
SE-0009518,ST-034,3,2026-06-16 16:08:00,2026-06-16 16:51:00,16.48,5.27,completed
SE-0011926,ST-014,4,2026-06-29 09:29:00,2026-06-29 09:42:00,8.91,2.85,completed
SE-0009178,ST-006,5,2026-06-15 17:31:00,2026-06-15 18:06:00,27.58,8.83,completed
SE-0006695,ST-034,3,2026-06-02 01:23:00,2026-06-02 02:43:00,54.45,17.42,completed
SE-0006279,ST-025,2,2026-05-31 12:57:00,2026-05-31 14:05:00,47.72,15.27,completed
SE-0003273,ST-038,2,2026-05-16 23:47:00,2026-05-17 00:26:00,36.93,11.82,completed
SE-0003713,ST-006,4,2026-05-19 07:58:00,2026-05-19 09:18:00,48.25,15.44,completed
SE-0010022,ST-017,2,2026-06-19 07:50:00,2026-06-19 08:11:00,14110,4.52,completed
SE-0003271,ST-038,2,2026-05-16 14:18:00,2026-05-16 14:54:00,11.18,3.58,completed
SE-0004695,ST-001,3,2026-05-24 23:59:00,2026-05-25 00:46:00,30.82,9.86,completed
SE-0003548,ST-014,5,2026-05-18 20:45:00,2026-05-18 21:44:00,25.59,8.19,completed
SE-0007506,ST-041,1,2026-06-06 15:35:00,2026-06-06 16:08:00,20.53,,completed
SE-0002780,ST-017,1,2026-05-14 14:44:00,2026-05-14 15:29:00,22610,7.24,completed
SE-0005694,ST-034,1,2026-05-28 23:16:00,2026-05-28 23:50:00,18.84,6.03,completed
SE-0006632,ST-020,1,2026-06-02 00:17:00,2026-06-02 01:06:00,26.28,8.41,completed
SE-0011935,ST-014,5,2026-06-29 14:15:00,2026-06-29 14:51:00,25.02,8.01,completed
SE-0000347,ST-033,1,2026-05-02 23:28:00,2026-05-03 00:09:00,20.8,6.66,completed
SE-0010332,ST-006,6,2026-06-21 17:01:00,2026-06-21 17:38:00,23.04,7.37,completed
SE-0008990,ST-014,3,2026-06-14 14:27:00,2026-06-14 15:18:00,29.56,9.46,completed
SE-0003171,ST-015,1,2026-05-16 14:15:00,2026-05-16 15:00:00,28.61,9.16,completed
SE-0008995,ST-015,2,2026-06-14 15:06:00,2026-06-14 16:15:00,46.2,14.78,completed
SE-0002735,ST-010,1,2026-05-14 11:41:00,2026-05-14 12:11:00,11.61,3.72,completed
SE-0011096,ST-003,1,2026-06-25 15:27:00,2026-06-25 16:23:00,38.26,12.24,completed
SE-0010962,ST-017,2,2026-06-24 22:29:00,2026-06-24 23:14:00,20440,6.54,completed
SE-0011298,ST-005,2,2026-06-26 20:43:00,2026-06-26 21:15:00,7.54,2.41,completed
SE-0006038,ST-017,1,2026-05-30 01:11:00,2026-05-30 01:44:00,21270,6.81,completed
SE-0003205,ST-023,2,2026-05-16 00:10:00,2026-05-16 00:56:00,40.12,12.84,completed
SE-0011623,ST-030,3,2026-06-27 23:38:00,2026-06-28 00:16:00,20.95,6.7,completed
SE-0001829,ST-041,5,2026-05-09 10:22:00,2026-05-09 11:30:00,38.97,12.47,completed
SE-0006462,ST-023,2,2026-06-01 04:02:00,2026-06-01 05:08:00,9.7,3.1,faulted
SE-0010065,ST-025,2,2026-06-19 04:09:00,2026-06-19 04:38:00,18.17,5.81,completed
SE-0001857,ST-005,2,2026-05-10 05:43:00,2026-05-10 06:18:00,22.64,7.24,completed
SE-0007753,ST-005,1,2026-06-08 10:07:00,2026-06-08 10:44:00,15.6,4.99,completed
SE-0010308,ST-003,1,2026-06-21 16:44:00,2026-06-21 18:00:00,41.34,13.23,completed
SE-0001260,ST-003,1,2026-05-07 12:46:00,2026-05-07 13:36:00,19.38,6.2,completed
SE-0010204,ST-023,1,2026-06-20 22:48:00,2026-06-20 23:10:00,5.83,1.87,faulted
SE-0009755,ST-004,3,2026-06-18 23:54:00,2026-06-19 00:00:00,3.99,1.28,completed
SE-0000474,ST-015,1,2026-05-03 05:38:00,2026-05-03 06:11:00,22.37,7.16,completed
SE-0001835,ST-001,3,2026-05-10 03:48:00,2026-05-10 04:05:00,9.34,2.99,completed
SE-0000271,ST-015,2,2026-05-02 10:52:00,2026-05-02 11:57:00,36.29,11.61,completed
SE-0009866,ST-023,1,2026-06-18 21:36:00,2026-06-18 22:20:00,26.19,8.38,completed
SE-0004520,ST-008,2,2026-05-23 19:11:00,2026-05-23 19:55:00,25.82,8.26,completed
SE-0008645,ST-029,1,2026-06-12 03:12:00,2026-06-12 03:34:00,4.46,1.43,completed
SE-0011966,ST-017,2,2026-06-29 04:04:00,2026-06-29 04:37:00,10620,3.4,completed
SE-0000494,ST-019,5,2026-05-03 20:36:00,2026-05-03 21:35:00,31.14,9.96,completed
SE-0004815,ST-023,1,2026-05-24 07:14:00,2026-05-24 07:39:00,10.6,3.39,completed
SE-0005238,ST-033,2,2026-05-26 05:44:00,2026-05-26 06:07:00,12.82,4.1,completed
SE-0009901,ST-032,1,2026-06-18 16:36:00,2026-06-18 16:47:00,7.87,2.52,completed
SE-0008064,ST-031,1,2026-06-09 20:30:00,2026-06-09 21:34:00,40.73,13.03,completed
SE-0002956,ST-014,1,2026-05-15 12:04:00,2026-05-15 13:29:00,37.22,11.91,completed
SE-0011384,ST-022,2,2026-06-26 21:39:00,2026-06-26 21:47:00,5.48,1.75,completed
SE-0001378,ST-024,2,2026-05-07 14:17:00,2026-05-07 14:51:00,29.18,9.34,completed
SE-0006698,ST-035,2,2026-06-02 01:27:00,2026-06-02 02:19:00,23.03,7.37,completed
SE-0004010,ST-028,1,2026-05-20 19:11:00,2026-05-20 19:32:00,8.63,2.76,completed
SE-0009895,ST-029,3,2026-06-18 09:37:00,2026-06-18 10:19:00,21.58,6.91,completed
SE-0003525,ST-009,1,2026-05-18 22:44:00,2026-05-18 23:25:00,13.55,4.34,completed
SE-0010509,ST-005,1,2026-06-22 07:06:00,2026-06-22 07:22:00,11.18,,completed
SE-0002729,ST-009,1,2026-05-14 20:46:00,2026-05-14 21:45:00,10.14,3.24,completed
SE-0007067,ST-029,4,2026-06-04 02:32:00,2026-06-04 03:45:00,31.92,10.21,completed
SE-0004172,ST-017,1,2026-05-21 23:39:00,2026-05-22 00:29:00,38750,12.4,completed
SE-0008618,ST-023,1,2026-06-12 17:45:00,2026-06-12 18:32:00,20.07,6.42,completed
SE-0004432,ST-033,1,2026-05-22 08:22:00,2026-05-22 08:51:00,11.47,3.67,completed
SE-0004795,ST-022,5,2026-05-24 14:01:00,2026-05-24 14:29:00,8.91,2.85,completed
SE-0009458,ST-022,6,2026-06-16 10:35:00,2026-06-16 10:41:00,4.37,1.4,completed
SE-0002058,ST-001,1,2026-05-11 07:01:00,2026-05-11 07:48:00,26.32,8.42,completed
SE-0011758,ST-015,1,2026-06-28 03:56:00,2026-06-28 04:42:00,21.15,6.77,completed
SE-0000244,ST-010,1,2026-05-02 14:34:00,2026-05-02 15:26:00,15.51,4.96,completed
SE-0010700,ST-005,1,2026-06-23 09:19:00,2026-06-23 10:15:00,22.53,7.21,completed
SE-0003161,ST-014,1,2026-05-16 02:22:00,2026-05-16 03:14:00,27.33,8.75,completed
SE-0001984,ST-025,2,2026-05-10 17:07:00,2026-05-10 18:05:00,34.73,11.11,completed
SE-0007036,ST-020,2,2026-06-04 04:38:00,2026-06-04 05:16:00,13.21,4.23,completed
SE-0009302,ST-036,3,2026-06-15 00:39:00,2026-06-15 01:45:00,20.57,6.58,completed
SE-0004653,ST-033,1,2026-05-23 12:31:00,2026-05-23 12:46:00,2.96,0.95,completed
SE-0003967,ST-022,1,2026-05-20 14:14:00,2026-05-20 14:53:00,21.8,6.98,completed
SE-0009192,ST-010,1,2026-06-15 15:36:00,2026-06-15 16:37:00,41.82,13.38,completed
SE-0001986,ST-026,2,2026-05-10 23:44:00,2026-05-10 23:53:00,2.17,0.69,completed
SE-0005307,ST-004,4,2026-05-27 17:43:00,2026-05-27 18:16:00,14.88,4.76,completed
SE-0006428,ST-015,1,2026-06-01 17:32:00,2026-06-01 18:40:00,51.99,16.64,completed
SE-0011658,ST-040,1,2026-06-27 22:18:00,2026-06-27 22:43:00,13.69,4.38,completed
SE-0000679,ST-014,2,2026-05-04 08:29:00,2026-05-04 09:17:00,36.73,,completed
SE-0006005,ST-014,3,2026-05-30 02:42:00,2026-05-30 02:55:00,7.26,,completed
SE-0004460,ST-041,2,2026-05-22 19:29:00,2026-05-22 19:51:00,9.23,2.95,completed
SE-0007476,ST-033,2,2026-06-06 13:06:00,2026-06-06 13:56:00,9.79,3.13,completed
SE-0001326,ST-016,1,2026-05-07 12:37:00,2026-05-07 13:16:00,23.29,7.45,completed
SE-0004716,ST-003,2,2026-05-24 04:42:00,2026-05-24 05:30:00,28.68,9.18,completed
SE-0003154,ST-014,1,2026-05-16 17:27:00,2026-05-16 17:55:00,1.5,0.48,completed
SE-0002083,ST-004,4,2026-05-11 03:54:00,2026-05-11 04:39:00,16.02,5.13,completed
SE-0004576,ST-017,2,2026-05-23 00:15:00,2026-05-23 01:09:00,35480,11.35,completed
SE-0005146,ST-013,2,2026-05-26 23:11:00,2026-05-26 23:53:00,23.85,7.63,completed
SE-0006757,ST-005,2,2026-06-03 07:45:00,2026-06-03 08:36:00,23.42,7.49,completed
SE-0010027,ST-017,1,2026-06-19 00:26:00,2026-06-19 01:05:00,30030,9.61,completed
SE-0005680,ST-033,2,2026-05-28 15:01:00,2026-05-28 16:09:00,45.23,14.47,completed
SE-0011302,ST-005,1,2026-06-26 14:24:00,2026-06-26 15:07:00,37.75,12.08,completed
SE-0010040,ST-022,1,2026-06-19 07:59:00,2026-06-19 09:15:00,36.31,11.62,completed
SE-0009422,ST-014,2,2026-06-16 06:17:00,2026-06-16 06:38:00,11.11,3.56,completed
SE-0008285,ST-041,3,2026-06-10 23:24:00,2026-06-11 00:11:00,20.02,,completed
SE-0006779,ST-010,2,2026-06-03 18:40:00,2026-06-03 19:29:00,38.42,12.29,completed
SE-0011292,ST-003,1,2026-06-26 06:01:00,2026-06-26 06:30:00,23.65,7.57,completed
SE-0004216,ST-032,2,2026-05-21 23:26:00,2026-05-22 00:17:00,18.55,5.94,completed
SE-0003715,ST-006,3,2026-05-19 04:42:00,2026-05-19 05:04:00,14.34,4.59,completed
SE-0007784,ST-012,2,2026-06-08 00:58:00,2026-06-08 02:09:00,33.99,10.88,completed
SE-0009087,ST-027,1,2026-06-14 21:36:00,2026-06-14 22:14:00,22.75,7.28,completed
SE-0005576,ST-012,2,2026-05-28 22:02:00,2026-05-28 23:00:00,46.04,14.73,completed
SE-0006171,ST-005,1,2026-05-31 04:46:00,2026-05-31 05:40:00,43.17,13.81,completed
SE-0009472,ST-023,2,2026-06-16 19:16:00,2026-06-16 20:14:00,19.44,6.22,completed
SE-0010208,ST-023,2,2026-06-20 20:31:00,2026-06-20 20:53:00,11.77,3.77,completed
SE-0003704,ST-006,3,2026-05-19 12:52:00,2026-05-19 13:59:00,24.13,7.72,completed
SE-0010950,ST-015,2,2026-06-24 15:19:00,2026-06-24 15:57:00,20.63,6.6,completed
SE-0000345,ST-033,1,2026-05-02 16:11:00,2026-05-02 16:56:00,28.18,9.02,completed
SE-0002208,ST-027,3,2026-05-11 05:21:00,2026-05-11 05:52:00,17.65,5.65,completed
SE-0006760,ST-006,2,2026-06-03 19:14:00,2026-06-03 19:29:00,6.94,2.22,aborted
SE-0008842,ST-023,1,2026-06-13 13:47:00,2026-06-13 14:52:00,41.18,13.18,completed
SE-0006432,ST-016,2,2026-06-01 21:38:00,2026-06-01 22:22:00,19.41,6.21,completed
SE-0010075,ST-029,1,2026-06-19 02:23:00,2026-06-19 03:02:00,23.0,7.36,completed
SE-0000759,ST-023,2,2026-05-04 12:36:00,2026-05-04 13:27:00,49.17,15.73,completed
SE-0006484,ST-025,1,2026-06-01 10:05:00,2026-06-01 10:59:00,40.97,13.11,completed
SE-0010094,ST-039,1,2026-06-19 20:44:00,2026-06-19 21:32:00,32.7,10.46,completed
SE-0002258,ST-041,3,2026-05-11 17:22:00,2026-05-11 18:22:00,33.18,10.62,completed
SE-0005353,ST-014,1,2026-05-27 14:31:00,2026-05-27 15:26:00,24.95,7.98,completed
SE-0011922,ST-013,2,2026-06-29 07:27:00,2026-06-29 07:55:00,16.57,,completed
SE-0008994,ST-015,1,2026-06-14 04:58:00,2026-06-14 05:58:00,33.71,10.79,completed
SE-0011221,ST-028,2,2026-06-25 13:08:00,2026-06-25 13:40:00,13.17,4.21,aborted
SE-0009756,ST-004,4,2026-06-18 10:16:00,2026-06-18 11:10:00,36.29,11.61,completed
SE-0010893,ST-005,1,2026-06-24 10:51:00,2026-06-24 11:46:00,40.8,13.06,completed
SE-0000645,ST-007,6,2026-05-04 12:04:00,2026-05-04 12:55:00,45.2,14.46,completed
SE-0003706,ST-006,3,2026-05-19 19:53:00,2026-05-19 20:45:00,16.02,5.13,completed
SE-0010123,ST-002,1,2026-06-20 05:34:00,2026-06-20 06:16:00,20.07,6.42,completed
SE-0007537,ST-003,1,2026-06-07 04:03:00,2026-06-07 04:47:00,27.39,8.76,completed
SE-0010185,ST-017,2,2026-06-20 09:52:00,2026-06-20 10:18:00,11940,3.82,completed
SE-0011435,ST-034,3,2026-06-26 22:12:00,2026-06-26 22:39:00,16.97,,completed
SE-0007977,ST-010,1,2026-06-09 03:14:00,2026-06-09 04:01:00,24.86,7.96,completed
SE-0005885,ST-029,1,2026-05-29 19:42:00,2026-05-29 20:45:00,54.22,17.35,completed
SE-0007657,ST-025,2,2026-06-07 05:20:00,2026-06-07 05:55:00,16.22,5.19,completed
SE-0011788,ST-022,1,2026-06-28 21:02:00,2026-06-28 21:42:00,25.47,8.15,completed
SE-0011712,ST-006,1,2026-06-28 16:50:00,2026-06-28 17:35:00,21.14,6.76,completed
SE-0006958,ST-006,2,2026-06-04 13:24:00,2026-06-04 13:59:00,18.84,6.03,completed
SE-0003248,ST-033,2,2026-05-16 15:10:00,2026-05-16 15:21:00,5.03,1.61,completed
SE-0009957,ST-003,2,2026-06-19 22:53:00,2026-06-19 23:39:00,11.26,3.6,completed
SE-0011836,ST-033,2,2026-06-28 02:59:00,2026-06-28 03:55:00,17.84,5.71,completed
SE-0000364,ST-036,4,2026-05-02 17:28:00,2026-05-02 18:05:00,28.56,9.14,aborted
SE-0004247,ST-041,6,2026-05-21 07:30:00,2026-05-21 08:32:00,35.04,11.21,completed
SE-0004347,ST-016,2,2026-05-22 03:54:00,2026-05-22 04:03:00,3.99,1.28,completed
SE-0005234,ST-033,1,2026-05-26 09:38:00,2026-05-26 10:22:00,28.93,9.26,completed
SE-0002863,ST-039,2,2026-05-14 07:11:00,2026-05-14 07:51:00,26.14,8.36,completed
SE-0009921,ST-037,2,2026-06-18 05:34:00,2026-06-18 06:06:00,5.49,1.76,completed
SE-0006732,ST-003,1,2026-06-03 13:44:00,2026-06-03 14:00:00,9.31,2.98,completed
SE-0009195,ST-011,2,2026-06-15 05:20:00,2026-06-15 05:43:00,14.13,4.52,completed
SE-0007286,ST-033,1,2026-06-05 05:57:00,2026-06-05 06:27:00,18.02,5.77,completed
SE-0006425,ST-015,1,2026-06-01 19:41:00,2026-06-01 20:09:00,11.03,3.53,completed
SE-0002128,ST-012,2,2026-05-11 11:26:00,2026-05-11 12:40:00,32.9,10.53,completed
SE-0007231,ST-022,3,2026-06-05 22:51:00,2026-06-05 23:13:00,11.3,3.62,completed
SE-0011439,ST-036,4,2026-06-26 22:52:00,2026-06-26 23:31:00,16.1,5.15,completed
SE-0009233,ST-017,1,2026-06-15 21:37:00,2026-06-15 22:02:00,9800,3.14,completed
SE-0009159,ST-005,2,2026-06-15 00:36:00,2026-06-15 01:12:00,29.32,9.38,completed
SE-0003093,ST-003,2,2026-05-16 05:28:00,2026-05-16 06:03:00,10.07,3.22,completed
SE-0000186,ST-042,2,2026-05-01 23:18:00,2026-05-01 23:54:00,27.56,8.82,completed
SE-0011383,ST-022,6,2026-06-26 16:14:00,2026-06-26 16:42:00,12.0,3.84,completed
SE-0008247,ST-030,5,2026-06-10 23:44:00,2026-06-11 00:38:00,39.7,12.7,completed
SE-0001702,ST-014,4,2026-05-09 15:32:00,2026-05-09 16:46:00,47.74,15.28,completed
SE-0007755,ST-005,1,2026-06-08 11:39:00,2026-06-08 12:35:00,26.23,8.39,completed
SE-0010346,ST-009,2,2026-06-21 09:13:00,2026-06-21 09:58:00,30.0,9.6,completed
SE-0001600,ST-025,1,2026-05-08 09:28:00,2026-05-08 10:16:00,28.06,8.98,completed
SE-0010451,ST-033,1,2026-06-21 05:15:00,2026-06-21 05:27:00,6.2,1.98,completed
SE-0005839,ST-017,2,2026-05-29 13:03:00,2026-05-29 13:55:00,39950,12.78,completed
SE-0006519,ST-039,4,2026-06-01 20:18:00,2026-06-01 21:05:00,13.44,4.3,completed
SE-0004972,ST-015,2,2026-05-25 15:30:00,2026-05-25 16:05:00,22.57,7.22,completed
SE-0010382,ST-016,1,2026-06-21 20:34:00,2026-06-21 20:53:00,8.65,2.77,completed
SE-0005539,ST-005,1,2026-05-28 14:19:00,2026-05-28 15:32:00,29.62,9.48,completed
SE-0010060,ST-025,2,2026-06-19 14:15:00,2026-06-19 15:09:00,29.74,9.52,completed
SE-0010245,ST-033,1,2026-06-20 03:05:00,2026-06-20 03:46:00,20.6,6.59,completed
SE-0001662,ST-005,2,2026-05-09 15:09:00,2026-05-09 15:41:00,14.33,4.59,completed
SE-0011555,ST-014,5,2026-06-27 16:44:00,2026-06-27 17:07:00,13.23,4.23,completed
SE-0000910,ST-014,5,2026-05-05 22:39:00,2026-05-05 23:43:00,36.22,11.59,completed
SE-0009323,ST-041,2,2026-06-15 17:20:00,2026-06-15 18:13:00,26.63,8.52,completed
SE-0003951,ST-017,1,2026-05-20 11:32:00,2026-05-20 12:32:00,41400,13.25,completed
SE-0002891,ST-001,1,2026-05-15 06:28:00,2026-05-15 06:56:00,19.88,6.36,completed
SE-0006375,ST-006,5,2026-06-01 13:23:00,2026-06-01 14:28:00,34.48,11.03,completed
SE-0009808,ST-014,3,2026-06-18 10:39:00,2026-06-18 10:56:00,12.61,4.04,completed
SE-0005129,ST-007,1,2026-05-26 12:07:00,2026-05-26 13:17:00,39.58,12.67,completed
SE-0009571,ST-004,2,2026-06-17 11:52:00,2026-06-17 12:26:00,12.82,4.1,completed
SE-0007373,ST-011,1,2026-06-06 07:46:00,2026-06-06 08:07:00,5.46,1.75,completed
SE-0009307,ST-037,2,2026-06-15 09:21:00,2026-06-15 10:22:00,59.44,19.02,completed
SE-0003043,ST-036,4,2026-05-15 03:21:00,2026-05-15 03:48:00,15.63,5.0,completed
SE-0000024,ST-006,3,2026-05-01 02:49:00,2026-05-01 03:23:00,16.64,5.32,completed
SE-0004168,ST-017,2,2026-05-21 12:02:00,2026-05-21 12:44:00,28910,9.25,completed
SE-0011254,ST-038,1,2026-06-25 22:51:00,2026-06-25 23:24:00,18.89,6.04,completed
SE-0003289,ST-041,1,2026-05-16 23:59:00,2026-05-17 00:53:00,23.24,7.44,completed
SE-0007439,ST-023,2,2026-06-06 03:51:00,2026-06-06 04:16:00,15.94,5.1,completed
SE-0002854,ST-034,3,2026-05-14 16:11:00,2026-05-14 16:54:00,16.71,5.35,completed
SE-0001163,ST-023,2,2026-05-06 16:17:00,2026-05-06 16:47:00,10.54,3.37,completed
SE-0008284,ST-041,5,2026-06-10 15:57:00,2026-06-10 16:35:00,17.22,5.51,completed
SE-0003528,ST-010,2,2026-05-18 05:27:00,2026-05-18 06:26:00,19.69,6.3,completed
SE-0006531,ST-001,1,2026-06-02 08:28:00,2026-06-02 09:19:00,26.81,8.58,completed
SE-0001589,ST-023,2,2026-05-08 05:02:00,2026-05-08 05:45:00,31.2,9.98,completed
SE-0003339,ST-006,2,2026-05-17 08:00:00,2026-05-17 08:23:00,23.86,7.64,completed
SE-0002266,ST-001,3,2026-05-12 09:24:00,2026-05-12 10:04:00,23.54,7.53,completed
SE-0009501,ST-029,1,2026-06-16 02:30:00,2026-06-16 03:11:00,15.5,4.96,completed
SE-0000227,ST-005,1,2026-05-02 00:44:00,2026-05-02 00:50:00,4.92,1.57,completed
SE-0005748,ST-003,1,2026-05-29 15:54:00,2026-05-29 16:37:00,19.34,6.19,completed
SE-0003044,ST-036,3,2026-05-15 00:31:00,2026-05-15 00:56:00,10.87,,completed
SE-0010877,ST-001,2,2026-06-24 02:54:00,2026-06-24 03:28:00,20.51,6.56,completed
SE-0004725,ST-006,2,2026-05-24 23:04:00,2026-05-24 23:37:00,27.46,8.79,completed
SE-0011718,ST-006,5,2026-06-28 08:05:00,2026-06-28 08:38:00,14.23,4.55,aborted
SE-0008220,ST-022,2,2026-06-10 08:00:00,2026-06-10 08:56:00,39.44,12.62,completed
SE-0001705,ST-014,2,2026-05-09 17:46:00,2026-05-09 18:10:00,20.05,6.42,completed
SE-0006946,ST-004,3,2026-06-04 17:19:00,2026-06-04 18:10:00,10.14,3.24,completed
SE-0004182,ST-019,5,2026-05-21 02:12:00,2026-05-21 02:46:00,17.44,5.58,completed
SE-0002504,ST-008,1,2026-05-13 10:45:00,2026-05-13 11:39:00,41.7,13.34,completed
SE-0003638,ST-038,1,2026-05-18 18:02:00,2026-05-18 18:35:00,22.14,7.08,completed
SE-0003403,ST-023,1,2026-05-17 02:07:00,2026-05-17 02:46:00,23.14,7.4,completed
SE-0007041,ST-022,3,2026-06-04 18:46:00,2026-06-04 19:09:00,12.97,4.15,completed
SE-0010912,ST-006,2,2026-06-24 19:39:00,2026-06-24 20:17:00,20.94,6.7,completed
SE-0000898,ST-013,1,2026-05-05 15:04:00,2026-05-05 15:48:00,26.65,8.53,completed
SE-0002019,ST-034,4,2026-05-10 18:46:00,2026-05-10 19:30:00,24.97,7.99,completed
SE-0001992,ST-028,2,2026-05-10 02:52:00,2026-05-10 03:33:00,11.29,3.61,completed
SE-0009872,ST-023,2,2026-06-18 04:04:00,2026-06-18 04:44:00,18.62,5.96,completed
SE-0011126,ST-008,2,2026-06-25 09:10:00,2026-06-25 10:02:00,23.74,7.6,completed
SE-0001233,ST-041,3,2026-05-06 09:16:00,2026-05-06 10:04:00,17.84,5.71,completed
SE-0001581,ST-023,1,2026-05-08 13:56:00,2026-05-08 14:26:00,21.91,7.01,completed
SE-0005241,ST-033,1,2026-05-26 23:09:00,2026-05-26 23:56:00,31.14,9.96,completed
SE-0010709,ST-005,1,2026-06-23 01:46:00,2026-06-23 02:27:00,35.96,11.51,completed
SE-0011334,ST-010,2,2026-06-26 01:11:00,2026-06-26 02:06:00,27.75,8.88,completed
SE-0001879,ST-006,1,2026-05-10 12:47:00,2026-05-10 13:24:00,24.74,7.92,completed
SE-0002438,ST-040,2,2026-05-12 21:49:00,2026-05-12 22:42:00,31.77,10.17,completed
SE-0010350,ST-011,1,2026-06-21 05:52:00,2026-06-21 06:53:00,43.11,13.8,completed
SE-0007006,ST-015,1,2026-06-04 10:36:00,2026-06-04 10:59:00,15.24,4.88,completed
SE-0000928,ST-017,2,2026-05-05 20:59:00,2026-05-05 22:07:00,33400,10.69,completed
SE-0008253,ST-033,1,2026-06-10 18:30:00,2026-06-10 19:48:00,9.37,3.0,completed
SE-0006031,ST-016,2,2026-05-30 20:15:00,2026-05-30 21:12:00,33.35,10.67,aborted
SE-0010677,ST-001,3,2026-06-23 12:24:00,2026-06-23 13:02:00,13.14,4.2,completed
SE-0002626,ST-033,2,2026-05-13 06:19:00,2026-05-13 07:14:00,33.18,10.62,completed
SE-0000906,ST-014,6,2026-05-05 06:48:00,2026-05-05 07:30:00,16.8,5.38,completed
SE-0009906,ST-033,2,2026-06-18 23:09:00,2026-06-19 00:04:00,43.51,13.92,completed
SE-0000963,ST-025,1,2026-05-05 19:32:00,2026-05-05 20:45:00,55.3,17.7,completed
SE-0010120,ST-001,4,2026-06-20 21:35:00,2026-06-20 22:01:00,14.39,4.6,completed
SE-0006211,ST-014,1,2026-05-31 15:53:00,2026-05-31 16:38:00,5.88,1.88,completed
SE-0011754,ST-015,2,2026-06-28 18:38:00,2026-06-28 18:49:00,3.99,1.28,completed
SE-0004328,ST-014,3,2026-05-22 21:48:00,2026-05-22 23:07:00,50.53,16.17,completed
SE-0007248,ST-023,2,2026-06-05 03:31:00,2026-06-05 03:50:00,11.0,3.52,completed
SE-0003830,ST-031,2,2026-05-19 10:23:00,2026-05-19 11:10:00,36.56,11.7,completed
SE-0007206,ST-016,2,2026-06-05 14:12:00,2026-06-05 14:55:00,11.36,3.64,completed
SE-0000532,ST-025,1,2026-05-03 19:00:00,2026-05-03 19:48:00,23.49,7.52,completed
SE-0004709,ST-003,1,2026-05-24 10:58:00,2026-05-24 11:30:00,16.79,5.37,completed
SE-0000872,ST-006,2,2026-05-05 02:08:00,2026-05-05 02:35:00,19.73,6.31,completed
SE-0001107,ST-014,2,2026-05-06 03:00:00,2026-05-06 03:45:00,12.19,3.9,completed
SE-0001677,ST-006,6,2026-05-09 22:53:00,2026-05-09 23:28:00,23.58,7.55,completed
SE-0005999,ST-013,1,2026-05-30 15:32:00,2026-05-30 16:04:00,13.6,4.35,completed
SE-0007599,ST-015,2,2026-06-07 22:39:00,2026-06-07 23:41:00,37.11,11.88,completed
SE-0001854,ST-005,1,2026-05-10 23:29:00,2026-05-11 00:12:00,16.6,5.31,aborted
SE-0004809,ST-023,2,2026-05-24 23:07:00,2026-05-24 23:53:00,11.39,3.64,completed
SE-0011963,ST-017,1,2026-06-29 04:29:00,2026-06-29 05:14:00,28190,9.02,completed
SE-0011564,ST-015,1,2026-06-27 17:17:00,2026-06-27 18:06:00,11.73,,completed
SE-0008444,ST-027,3,2026-06-11 08:37:00,2026-06-11 09:20:00,7.74,2.48,completed
SE-0008905,ST-041,4,2026-06-13 22:44:00,2026-06-14 00:11:00,43.2,13.82,completed
SE-0011426,ST-033,1,2026-06-26 10:23:00,2026-06-26 11:07:00,31.07,9.94,completed
SE-0001871,ST-006,3,2026-05-10 12:57:00,2026-05-10 14:18:00,50.78,16.25,completed
SE-0004506,ST-006,3,2026-05-23 12:56:00,2026-05-23 13:33:00,28.73,9.19,completed
SE-0005516,ST-003,1,2026-05-28 06:54:00,2026-05-28 07:49:00,17.58,5.63,completed
SE-0006533,ST-001,2,2026-06-02 14:20:00,2026-06-02 14:27:00,1.5,0.48,completed
SE-0006952,ST-005,1,2026-06-04 00:02:00,2026-06-04 00:54:00,32.44,10.38,completed
SE-0004483,ST-003,1,2026-05-23 07:19:00,2026-05-23 08:07:00,17.75,5.68,completed
SE-0000303,ST-023,2,2026-05-02 06:16:00,2026-05-02 07:03:00,24.62,7.88,completed
SE-0009713,ST-034,2,2026-06-17 21:02:00,2026-06-17 21:34:00,11.16,3.57,completed
SE-0001628,ST-036,1,2026-05-08 11:42:00,2026-05-08 12:17:00,15.31,4.9,completed
SE-0004594,ST-022,5,2026-05-23 01:42:00,2026-05-23 02:59:00,18.34,5.87,completed
SE-0006714,ST-041,1,2026-06-02 16:47:00,2026-06-02 17:18:00,25.4,8.13,completed
SE-0002445,ST-041,3,2026-05-12 16:53:00,2026-05-12 16:59:00,1.76,,completed
SE-0011583,ST-017,2,2026-06-27 08:57:00,2026-06-27 09:58:00,32369,10.36,completed
SE-0005962,ST-006,6,2026-05-30 03:28:00,2026-05-30 04:11:00,33.55,10.74,aborted
SE-0009196,ST-012,1,2026-06-15 09:27:00,2026-06-15 10:07:00,14.86,4.76,completed
SE-0009092,ST-028,2,2026-06-14 12:42:00,2026-06-14 13:44:00,25.5,8.16,completed
SE-0010402,ST-022,6,2026-06-21 19:44:00,2026-06-21 20:18:00,8.02,2.57,completed
SE-0006390,ST-009,1,2026-06-01 12:28:00,2026-06-01 13:14:00,20.46,6.55,completed
SE-0008251,ST-032,1,2026-06-10 20:39:00,2026-06-10 21:17:00,12.99,4.16,aborted
SE-0003250,ST-033,2,2026-05-16 15:55:00,2026-05-16 16:49:00,10.65,3.41,completed
SE-0011479,ST-003,1,2026-06-27 15:56:00,2026-06-27 16:32:00,23.29,7.45,completed
SE-0011462,ST-001,2,2026-06-27 19:28:00,2026-06-27 20:14:00,22.24,7.12,completed
SE-0009308,ST-037,3,2026-06-15 03:02:00,2026-06-15 03:17:00,4.88,1.56,completed
SE-0007465,ST-029,1,2026-06-06 14:43:00,2026-06-06 15:28:00,24.48,7.83,completed
SE-0009356,ST-005,1,2026-06-16 11:56:00,2026-06-16 12:43:00,17.85,5.71,completed
SE-0001784,ST-028,1,2026-05-09 16:35:00,2026-05-09 17:06:00,20.48,6.55,completed
SE-0006919,ST-041,6,2026-06-03 03:23:00,2026-06-03 04:43:00,52.71,16.87,completed
SE-0006490,ST-029,4,2026-06-01 13:37:00,2026-06-01 14:29:00,42.84,13.71,completed
SE-0002311,ST-006,1,2026-05-12 10:10:00,2026-05-12 10:37:00,10.21,3.27,completed
SE-0008642,ST-028,2,2026-06-12 21:17:00,2026-06-12 21:54:00,13.58,4.35,completed
SE-0005974,ST-007,6,2026-05-30 16:22:00,2026-05-30 16:47:00,13.03,4.17,completed
SE-0007237,ST-022,6,2026-06-05 20:50:00,2026-06-05 21:41:00,19.67,6.29,completed
SE-0000671,ST-013,2,2026-05-04 15:38:00,2026-05-04 16:52:00,46.35,14.83,completed
SE-0006150,ST-001,3,2026-05-31 04:48:00,2026-05-31 05:27:00,23.95,7.66,completed
SE-0011127,ST-008,1,2026-06-25 15:42:00,2026-06-25 16:20:00,17.61,5.64,completed
SE-0002053,ST-041,4,2026-05-10 09:05:00,2026-05-10 09:41:00,23.56,7.54,completed
SE-0010210,ST-023,2,2026-06-20 08:32:00,2026-06-20 09:33:00,33.25,10.64,completed
SE-0004780,ST-017,1,2026-05-24 23:31:00,2026-05-24 23:45:00,5160,1.65,completed
SE-0001395,ST-028,1,2026-05-07 23:54:00,2026-05-08 01:00:00,44.54,14.25,completed
SE-0002182,ST-023,2,2026-05-11 18:36:00,2026-05-11 19:12:00,17.02,5.45,completed
SE-0004918,ST-005,1,2026-05-25 06:23:00,2026-05-25 06:46:00,10.1,3.23,completed
SE-0000952,ST-023,1,2026-05-05 15:38:00,2026-05-05 16:14:00,26.35,8.43,completed
SE-0005477,ST-034,3,2026-05-27 02:22:00,2026-05-27 02:46:00,8.74,2.8,completed
SE-0004900,ST-002,2,2026-05-25 04:13:00,2026-05-25 05:07:00,41.34,13.23,aborted
SE-0002971,ST-017,1,2026-05-15 23:05:00,2026-05-15 23:43:00,18180,5.82,completed
SE-0003520,ST-008,2,2026-05-18 05:13:00,2026-05-18 06:12:00,36.8,11.78,completed
SE-0005091,ST-001,4,2026-05-26 21:26:00,2026-05-26 22:11:00,21.1,6.75,completed
SE-0005715,ST-041,4,2026-05-28 23:08:00,2026-05-28 23:44:00,13.5,4.32,completed
SE-0011744,ST-014,1,2026-06-28 09:00:00,2026-06-28 09:21:00,11.64,3.72,completed
SE-0008849,ST-023,1,2026-06-13 10:10:00,2026-06-13 10:39:00,5.78,1.85,completed
SE-0001580,ST-023,2,2026-05-08 06:40:00,2026-05-08 07:25:00,37.91,12.13,completed
SE-0001188,ST-026,1,2026-05-06 08:29:00,2026-05-06 09:06:00,14.42,4.61,completed
SE-0007946,ST-003,1,2026-06-09 05:58:00,2026-06-09 07:01:00,31.3,10.02,completed
SE-0009056,ST-023,2,2026-06-14 01:12:00,2026-06-14 01:50:00,15.16,4.85,completed
SE-0010046,ST-023,2,2026-06-19 20:40:00,2026-06-19 21:25:00,29.77,9.53,completed
SE-0002230,ST-033,1,2026-05-11 05:24:00,2026-05-11 05:58:00,17.78,5.69,completed
SE-0010149,ST-012,2,2026-06-20 12:20:00,2026-06-20 13:20:00,31.93,10.22,completed
SE-0006627,ST-017,2,2026-06-02 02:17:00,2026-06-02 02:59:00,15550,4.98,completed
SE-0006944,ST-003,1,2026-06-04 06:02:00,2026-06-04 06:16:00,8.35,2.67,completed
SE-0004687,ST-001,4,2026-05-24 21:47:00,2026-05-24 21:53:00,2.79,0.89,completed
SE-0004756,ST-015,2,2026-05-24 01:32:00,2026-05-24 02:02:00,23.51,7.52,completed
SE-0004858,ST-033,2,2026-05-24 00:27:00,2026-05-24 01:00:00,12.55,4.02,completed
SE-0007796,ST-014,5,2026-06-08 07:24:00,2026-06-08 08:08:00,22.78,7.29,completed
SE-0004110,ST-006,2,2026-05-21 21:35:00,2026-05-21 22:13:00,18.97,6.07,completed
SE-0002844,ST-032,1,2026-05-14 05:08:00,2026-05-14 05:14:00,4.12,1.32,completed
SE-0003130,ST-009,2,2026-05-16 17:16:00,2026-05-16 17:43:00,15.39,4.92,completed
SE-0003576,ST-020,1,2026-05-18 06:47:00,2026-05-18 07:14:00,18.27,5.85,completed
SE-0002055,ST-041,1,2026-05-10 17:40:00,2026-05-10 17:47:00,4.37,1.4,completed
SE-0009397,ST-009,1,2026-06-16 13:51:00,2026-06-16 14:35:00,36.91,11.81,completed
SE-0002987,ST-022,3,2026-05-15 02:19:00,2026-05-15 03:13:00,21.39,6.84,completed
SE-0000714,ST-017,1,2026-05-04 13:58:00,2026-05-04 14:15:00,7330,2.35,completed
SE-0011072,ST-041,4,2026-06-24 14:07:00,2026-06-24 14:29:00,8.17,2.61,completed
SE-0000688,ST-015,1,2026-05-04 01:33:00,2026-05-04 02:07:00,20.27,6.49,completed
SE-0004021,ST-032,3,2026-05-20 21:35:00,2026-05-20 22:19:00,17.19,5.5,completed
SE-0010104,ST-041,4,2026-06-19 17:29:00,2026-06-19 18:33:00,38.99,12.48,completed
SE-0011411,ST-026,6,2026-06-26 17:39:00,2026-06-26 18:31:00,18.79,6.01,completed
SE-0007174,ST-011,2,2026-06-05 23:44:00,2026-06-06 00:08:00,1.44,0.46,faulted
SE-0009576,ST-005,2,2026-06-17 11:09:00,2026-06-17 11:25:00,3.94,1.26,completed
SE-0000078,ST-017,2,2026-05-01 08:18:00,2026-05-01 09:09:00,27750,8.88,completed
SE-0008266,ST-036,3,2026-06-10 20:11:00,2026-06-10 21:00:00,11.68,3.74,completed
SE-0003402,ST-023,1,2026-05-17 01:32:00,2026-05-17 02:23:00,16.06,5.14,faulted
SE-0005325,ST-006,2,2026-05-27 18:15:00,2026-05-27 18:54:00,24.69,7.9,completed
SE-0002894,ST-003,1,2026-05-15 01:44:00,2026-05-15 02:38:00,30.31,9.7,completed
SE-0009951,ST-001,1,2026-06-19 20:30:00,2026-06-19 21:17:00,21.64,6.92,completed
SE-0010731,ST-009,2,2026-06-23 11:13:00,2026-06-23 12:01:00,38.75,,completed
SE-0008288,ST-001,4,2026-06-11 12:27:00,2026-06-11 13:39:00,50.01,16.0,completed
SE-0005624,ST-020,1,2026-05-28 17:30:00,2026-05-28 17:57:00,27.14,8.68,aborted
SE-0000637,ST-006,1,2026-05-04 01:03:00,2026-05-04 01:24:00,11.12,3.56,completed
SE-0004459,ST-041,5,2026-05-22 00:39:00,2026-05-22 01:01:00,12.92,4.13,completed
SE-0007689,ST-033,2,2026-06-07 08:56:00,2026-06-07 09:42:00,34.67,11.09,completed
SE-0009566,ST-003,1,2026-06-17 23:23:00,2026-06-17 23:39:00,6.86,2.2,completed
SE-0003318,ST-003,1,2026-05-17 16:38:00,2026-05-17 17:12:00,13.88,4.44,completed
SE-0008478,ST-034,2,2026-06-11 09:13:00,2026-06-11 09:50:00,14.83,4.75,completed
SE-0005630,ST-022,2,2026-05-28 14:04:00,2026-05-28 14:36:00,14.9,4.77,completed
SE-0002090,ST-005,1,2026-05-11 05:16:00,2026-05-11 06:03:00,32.34,10.35,completed
SE-0003801,ST-024,2,2026-05-19 11:56:00,2026-05-19 12:46:00,20.85,6.67,completed
SE-0011782,ST-019,2,2026-06-28 08:00:00,2026-06-28 09:16:00,59.32,18.98,completed
SE-0005521,ST-004,1,2026-05-28 04:14:00,2026-05-28 04:30:00,5.99,1.92,completed
SE-0008182,ST-015,2,2026-06-10 23:17:00,2026-06-11 00:29:00,46.85,14.99,completed
SE-0007541,ST-003,2,2026-06-07 07:06:00,2026-06-07 07:31:00,10.97,3.51,completed
SE-0010449,ST-033,1,2026-06-21 06:41:00,2026-06-21 07:18:00,16.55,5.3,completed
SE-0001069,ST-006,4,2026-05-06 20:03:00,2026-05-06 21:03:00,40.03,12.81,completed
SE-0002822,ST-025,2,2026-05-14 03:35:00,2026-05-14 04:22:00,17.86,5.72,completed
SE-0000131,ST-028,1,2026-05-01 00:20:00,2026-05-01 01:14:00,11.93,,completed
SE-0003000,ST-023,1,2026-05-15 21:43:00,2026-05-15 22:26:00,35.15,11.25,completed
SE-0005287,ST-001,4,2026-05-27 09:11:00,2026-05-27 10:01:00,27.74,8.88,completed
SE-0005642,ST-023,1,2026-05-28 14:36:00,2026-05-28 15:16:00,21.2,6.78,completed
SE-0009502,ST-029,4,2026-06-16 15:50:00,2026-06-16 16:42:00,18.35,5.87,completed
SE-0010416,ST-023,2,2026-06-21 00:12:00,2026-06-21 00:38:00,18.94,6.06,completed
SE-0005436,ST-025,2,2026-05-27 22:39:00,2026-05-27 23:40:00,27.75,8.88,completed
SE-0000038,ST-010,2,2026-05-01 17:17:00,2026-05-01 18:07:00,17.88,5.72,completed
SE-0006459,ST-022,2,2026-06-01 13:45:00,2026-06-01 14:45:00,35.57,11.38,completed
SE-0003159,ST-014,4,2026-05-16 19:32:00,2026-05-16 20:29:00,42.24,13.52,completed
SE-0011141,ST-014,4,2026-06-25 14:00:00,2026-06-25 15:20:00,59.25,18.96,aborted
SE-0008738,ST-006,2,2026-06-13 09:52:00,2026-06-13 09:58:00,2.79,,completed
SE-0009800,ST-013,2,2026-06-18 21:42:00,2026-06-18 22:34:00,31.55,,completed
SE-0011699,ST-004,4,2026-06-28 23:07:00,2026-06-28 23:22:00,7.78,2.49,completed
SE-0007972,ST-008,1,2026-06-09 10:37:00,2026-06-09 10:57:00,12.45,3.98,completed
SE-0002271,ST-002,1,2026-05-12 07:06:00,2026-05-12 08:02:00,30.57,9.78,completed
SE-0004664,ST-037,2,2026-05-23 16:28:00,2026-05-23 17:20:00,38.56,12.34,completed
SE-0008726,ST-005,2,2026-06-13 01:38:00,2026-06-13 01:59:00,4.33,1.39,completed
SE-0010101,ST-041,5,2026-06-19 04:41:00,2026-06-19 05:26:00,33.53,10.73,completed
SE-0007154,ST-006,5,2026-06-05 13:03:00,2026-06-05 13:27:00,5.46,1.75,completed
SE-0000863,ST-005,2,2026-05-05 18:17:00,2026-05-05 18:44:00,15.75,,completed
SE-0005397,ST-019,4,2026-05-27 08:04:00,2026-05-27 08:49:00,28.55,9.14,completed
SE-0011192,ST-022,3,2026-06-25 07:22:00,2026-06-25 07:50:00,16.64,5.32,completed
SE-0011305,ST-006,6,2026-06-26 10:53:00,2026-06-26 11:45:00,19.57,6.26,completed
SE-0008675,ST-041,6,2026-06-12 08:06:00,2026-06-12 08:30:00,18.27,5.85,completed
SE-0009163,ST-005,1,2026-06-15 03:57:00,2026-06-15 04:31:00,16.74,5.36,completed
SE-0010112,ST-001,3,2026-06-20 21:52:00,2026-06-20 22:48:00,29.4,9.41,completed
SE-0005318,ST-006,2,2026-05-27 21:11:00,2026-05-27 21:56:00,32.98,10.55,completed
SE-0002950,ST-014,3,2026-05-15 02:41:00,2026-05-15 03:08:00,15.2,4.86,completed
SE-0001236,ST-001,2,2026-05-07 16:15:00,2026-05-07 16:56:00,25.24,8.08,completed
SE-0001384,ST-025,1,2026-05-07 23:52:00,2026-05-08 00:52:00,26.85,8.59,completed
SE-0006334,ST-001,3,2026-06-01 19:56:00,2026-06-01 21:08:00,44.96,14.39,completed
SE-0002654,ST-039,1,2026-05-13 12:27:00,2026-05-13 12:45:00,11.92,3.81,completed
SE-0002685,ST-002,1,2026-05-14 06:56:00,2026-05-14 07:27:00,14.56,4.66,completed
SE-0002883,ST-001,2,2026-05-15 13:24:00,2026-05-15 14:25:00,12.83,4.11,completed
SE-0009055,ST-023,1,2026-06-14 21:20:00,2026-06-14 21:51:00,3.21,1.03,faulted
SE-0002402,ST-026,4,2026-05-12 01:59:00,2026-05-12 02:48:00,21.63,6.92,completed
SE-0007489,ST-034,4,2026-06-06 15:41:00,2026-06-06 16:06:00,13.91,4.45,completed
SE-0005870,ST-025,1,2026-05-29 06:53:00,2026-05-29 07:31:00,31.33,10.03,completed
SE-0007652,ST-024,2,2026-06-07 01:34:00,2026-06-07 02:34:00,37.72,12.07,completed
SE-0008510,ST-001,1,2026-06-12 21:20:00,2026-06-12 22:06:00,4.4,1.41,completed
SE-0010960,ST-016,2,2026-06-24 05:46:00,2026-06-24 06:16:00,12.14,3.88,completed
SE-0000401,ST-003,1,2026-05-03 14:23:00,2026-05-03 14:50:00,21.5,6.88,completed
SE-0011336,ST-011,1,2026-06-26 02:31:00,2026-06-26 03:36:00,36.82,11.78,completed
SE-0009776,ST-007,2,2026-06-18 18:11:00,2026-06-18 18:57:00,39.03,12.49,completed
SE-0007594,ST-015,1,2026-06-07 03:39:00,2026-06-07 04:29:00,32.11,10.28,completed
SE-0000441,ST-009,2,2026-05-03 10:23:00,2026-05-03 10:43:00,5.8,1.86,completed
SE-0003566,ST-017,2,2026-05-18 12:04:00,2026-05-18 12:54:00,33760,10.8,completed
SE-0002374,ST-022,1,2026-05-12 09:41:00,2026-05-12 09:56:00,5.44,1.74,completed
SE-0004426,ST-033,2,2026-05-22 00:07:00,2026-05-22 00:49:00,16.46,5.27,completed
SE-0002870,ST-041,1,2026-05-14 03:24:00,2026-05-14 04:32:00,61.34,19.63,completed
SE-0006650,ST-023,1,2026-06-02 19:50:00,2026-06-02 20:29:00,19.48,6.23,completed
SE-0003671,ST-002,1,2026-05-19 09:30:00,2026-05-19 10:38:00,40.4,12.93,completed
SE-0001134,ST-017,1,2026-05-06 00:32:00,2026-05-06 01:14:00,30620,9.8,completed
SE-0009129,ST-040,2,2026-06-14 14:50:00,2026-06-14 15:53:00,22.71,7.27,completed
SE-0008815,ST-017,1,2026-06-13 15:12:00,2026-06-13 16:34:00,37610,12.04,completed
SE-0000816,ST-037,1,2026-05-04 01:50:00,2026-05-04 02:53:00,39.38,12.6,completed
SE-0008652,ST-032,3,2026-06-12 07:34:00,2026-06-12 08:21:00,13.91,,completed
SE-0002382,ST-023,1,2026-05-12 15:14:00,2026-05-12 15:47:00,5.02,,faulted
SE-0009564,ST-003,2,2026-06-17 14:34:00,2026-06-17 15:06:00,20.0,6.4,completed
SE-0010193,ST-022,5,2026-06-20 17:03:00,2026-06-20 17:45:00,29.01,9.28,completed
SE-0008225,ST-023,2,2026-06-10 02:23:00,2026-06-10 03:03:00,18.46,5.91,completed
SE-0009117,ST-035,1,2026-06-14 11:30:00,2026-06-14 12:13:00,27.12,8.68,completed
SE-0008533,ST-005,2,2026-06-12 17:47:00,2026-06-12 18:17:00,19.52,6.25,completed
SE-0004819,ST-025,1,2026-05-24 12:15:00,2026-05-24 12:54:00,15.83,5.07,completed
SE-0001371,ST-023,1,2026-05-07 13:04:00,2026-05-07 14:01:00,19.11,6.12,completed
SE-0001475,ST-005,2,2026-05-08 09:26:00,2026-05-08 10:31:00,17.76,5.68,completed
SE-0009258,ST-025,2,2026-06-15 14:13:00,2026-06-15 14:40:00,18.52,5.93,completed
SE-0000623,ST-005,2,2026-05-04 12:41:00,2026-05-04 13:24:00,18.32,5.86,completed
SE-0007058,ST-025,2,2026-06-04 16:21:00,2026-06-04 17:16:00,47.42,15.17,completed
SE-0009745,ST-002,1,2026-06-18 01:19:00,2026-06-18 02:19:00,32.43,10.38,completed
SE-0010117,ST-001,1,2026-06-20 13:16:00,2026-06-20 13:57:00,13.14,4.2,completed
SE-0003837,ST-033,2,2026-05-19 11:23:00,2026-05-19 12:25:00,46.35,14.83,completed
SE-0001657,ST-003,2,2026-05-09 13:02:00,2026-05-09 13:44:00,33.21,10.63,completed
SE-0005407,ST-022,6,2026-05-27 23:18:00,2026-05-27 23:48:00,18.46,5.91,completed
SE-0004701,ST-002,1,2026-05-24 23:48:00,2026-05-25 00:36:00,18.87,6.04,completed
SE-0007948,ST-003,1,2026-06-09 12:28:00,2026-06-09 13:36:00,50.43,16.14,completed
SE-0011467,ST-001,1,2026-06-27 08:53:00,2026-06-27 09:34:00,18.15,5.81,completed
SE-0005465,ST-033,1,2026-05-27 20:10:00,2026-05-27 21:04:00,17.43,5.58,completed
SE-0010481,ST-001,4,2026-06-22 00:44:00,2026-06-22 01:23:00,9.91,3.17,completed
SE-0008496,ST-041,4,2026-06-11 16:07:00,2026-06-11 16:57:00,25.59,8.19,completed
SE-0002764,ST-015,1,2026-05-14 01:11:00,2026-05-14 01:27:00,8.76,2.8,completed
SE-0009927,ST-041,6,2026-06-18 06:38:00,2026-06-18 07:43:00,29.25,9.36,completed
SE-0003499,ST-005,1,2026-05-18 16:12:00,2026-05-18 17:04:00,27.67,8.85,completed
SE-0011908,ST-009,2,2026-06-29 04:17:00,2026-06-29 05:05:00,29.2,9.34,completed
SE-0010670,ST-001,1,2026-06-23 17:22:00,2026-06-23 18:17:00,23.03,7.37,completed
SE-0002846,ST-033,2,2026-05-14 17:20:00,2026-05-14 18:09:00,22.93,7.34,completed
SE-0006515,ST-037,3,2026-06-01 07:40:00,2026-06-01 08:35:00,34.97,11.19,completed
SE-0004698,ST-001,1,2026-05-24 13:25:00,2026-05-24 14:08:00,36.34,11.63,completed
SE-0010862,ST-041,6,2026-06-23 02:26:00,2026-06-23 02:49:00,13.74,,completed
SE-0011378,ST-022,1,2026-06-26 00:42:00,2026-06-26 01:22:00,22.64,7.24,completed
SE-0011494,ST-005,1,2026-06-27 22:34:00,2026-06-27 22:52:00,5.54,1.77,completed
SE-0008620,ST-023,2,2026-06-12 07:00:00,2026-06-12 08:06:00,19.31,6.18,faulted
SE-0001159,ST-022,3,2026-05-06 08:22:00,2026-05-06 08:50:00,7.7,,completed
SE-0000206,ST-003,1,2026-05-02 11:25:00,2026-05-02 11:45:00,6.29,2.01,completed
SE-0002707,ST-005,2,2026-05-14 12:31:00,2026-05-14 13:21:00,18.71,5.99,completed
SE-0007291,ST-034,2,2026-06-05 01:03:00,2026-06-05 01:41:00,35.98,11.51,completed
SE-0002979,ST-020,1,2026-05-15 10:24:00,2026-05-15 11:18:00,42.89,13.72,completed
SE-0006117,ST-033,1,2026-05-30 15:57:00,2026-05-30 16:18:00,17.44,5.58,completed
SE-0002590,ST-023,2,2026-05-13 18:09:00,2026-05-13 18:47:00,3.51,1.12,faulted
SE-0005347,ST-012,2,2026-05-27 09:33:00,2026-05-27 09:57:00,13.25,4.24,completed
SE-0004888,ST-001,3,2026-05-25 08:54:00,2026-05-25 09:22:00,15.56,4.98,completed
SE-0006391,ST-009,2,2026-06-01 10:19:00,2026-06-01 11:08:00,6.92,2.21,completed
SE-0006709,ST-038,3,2026-06-02 14:32:00,2026-06-02 15:47:00,49.38,,completed
SE-0005082,ST-001,1,2026-05-26 07:30:00,2026-05-26 08:09:00,10.64,3.4,completed
SE-0003227,ST-025,1,2026-05-16 07:34:00,2026-05-16 08:22:00,31.5,10.08,completed
SE-0005308,ST-005,2,2026-05-27 12:52:00,2026-05-27 13:45:00,30.22,,completed
SE-0011122,ST-006,3,2026-06-25 18:11:00,2026-06-25 18:49:00,9.05,2.9,completed
SE-0010089,ST-035,2,2026-06-19 21:58:00,2026-06-19 22:39:00,15.99,,completed
SE-0009679,ST-025,2,2026-06-17 09:29:00,2026-06-17 10:30:00,31.5,10.08,completed
SE-0000393,ST-001,2,2026-05-03 02:33:00,2026-05-03 03:19:00,30.25,,completed
SE-0002886,ST-001,3,2026-05-15 04:42:00,2026-05-15 05:46:00,52.18,16.7,completed
SE-0008811,ST-017,2,2026-06-13 03:16:00,2026-06-13 03:35:00,10220,,completed
SE-0010896,ST-005,2,2026-06-24 17:14:00,2026-06-24 17:53:00,20.05,6.42,completed
SE-0003642,ST-040,2,2026-05-18 08:10:00,2026-05-18 08:58:00,37.22,11.91,completed
SE-0008550,ST-009,1,2026-06-12 23:09:00,2026-06-13 00:02:00,37.99,12.16,completed
SE-0008058,ST-027,3,2026-06-09 02:33:00,2026-06-09 03:26:00,35.31,11.3,completed
SE-0008544,ST-007,6,2026-06-12 19:41:00,2026-06-12 20:13:00,17.38,5.56,completed
SE-0011493,ST-005,2,2026-06-27 14:37:00,2026-06-27 14:59:00,11.31,3.62,completed
SE-0003021,ST-033,1,2026-05-15 19:39:00,2026-05-15 20:04:00,18.82,6.02,completed
SE-0003138,ST-010,1,2026-05-16 06:28:00,2026-05-16 07:06:00,14.72,4.71,completed
SE-0002636,ST-033,1,2026-05-13 17:03:00,2026-05-13 18:20:00,52.15,16.69,aborted
SE-0005370,ST-015,1,2026-05-27 18:05:00,2026-05-27 18:40:00,25.1,8.03,completed
SE-0011269,ST-042,1,2026-06-25 19:49:00,2026-06-25 20:41:00,19.92,6.37,completed
SE-0003926,ST-014,1,2026-05-20 01:26:00,2026-05-20 01:39:00,10.47,3.35,completed
SE-0010865,ST-041,3,2026-06-23 07:36:00,2026-06-23 08:08:00,11.2,3.58,completed
SE-0007215,ST-017,2,2026-06-05 19:16:00,2026-06-05 20:09:00,13930,,completed
SE-0006510,ST-035,1,2026-06-01 18:55:00,2026-06-01 19:59:00,30.12,9.64,completed
SE-0002453,ST-001,2,2026-05-13 07:36:00,2026-05-13 08:22:00,22.48,7.19,completed
SE-0001579,ST-023,2,2026-05-08 17:07:00,2026-05-08 17:31:00,2.96,0.95,faulted
SE-0003272,ST-038,1,2026-05-16 04:06:00,2026-05-16 04:53:00,23.01,7.36,completed
SE-0007261,ST-025,1,2026-06-05 09:01:00,2026-06-05 09:37:00,19.51,6.24,completed
SE-0004575,ST-017,1,2026-05-23 06:28:00,2026-05-23 07:06:00,28430,9.1,completed
SE-0004870,ST-035,2,2026-05-24 11:43:00,2026-05-24 12:39:00,30.03,9.61,completed
SE-0010116,ST-001,2,2026-06-20 09:48:00,2026-06-20 10:10:00,11.2,3.58,completed
SE-0006656,ST-024,2,2026-06-02 17:30:00,2026-06-02 18:26:00,28.19,9.02,completed
SE-0010012,ST-015,1,2026-06-19 08:36:00,2026-06-19 09:45:00,34.96,11.19,completed
SE-0000255,ST-013,2,2026-05-02 07:21:00,2026-05-02 07:53:00,17.46,5.59,completed
SE-0011897,ST-006,1,2026-06-29 14:01:00,2026-06-29 14:22:00,16.9,5.41,completed
SE-0007380,ST-013,2,2026-06-06 16:10:00,2026-06-06 16:40:00,12.43,3.98,completed
SE-0010264,ST-041,4,2026-06-20 12:30:00,2026-06-20 13:09:00,29.03,9.29,completed
SE-0008972,ST-010,2,2026-06-14 04:21:00,2026-06-14 04:59:00,17.81,5.7,completed
SE-0002298,ST-005,1,2026-05-12 07:46:00,2026-05-12 08:36:00,14.77,4.73,completed
SE-0005021,ST-026,6,2026-05-25 01:27:00,2026-05-25 02:14:00,26.16,8.37,completed
SE-0011810,ST-025,2,2026-06-28 00:34:00,2026-06-28 01:13:00,25.67,8.21,completed
SE-0003226,ST-025,2,2026-05-16 05:06:00,2026-05-16 05:26:00,13.18,,completed
SE-0011052,ST-038,3,2026-06-24 15:17:00,2026-06-24 15:47:00,15.34,4.91,completed
SE-0011763,ST-016,2,2026-06-28 06:07:00,2026-06-28 07:04:00,24.8,7.94,completed
SE-0009442,ST-017,1,2026-06-16 04:31:00,2026-06-16 05:14:00,27210,,completed
SE-0010388,ST-017,1,2026-06-21 19:07:00,2026-06-21 19:27:00,14450,4.62,completed
SE-0011888,ST-005,2,2026-06-29 08:15:00,2026-06-29 08:53:00,16.62,,completed
SE-0002365,ST-020,2,2026-05-12 13:45:00,2026-05-12 14:14:00,22.38,7.16,completed
SE-0010788,ST-023,2,2026-06-23 18:21:00,2026-06-23 19:07:00,21.42,6.85,completed
SE-0000068,ST-015,1,2026-05-01 20:45:00,2026-05-01 21:15:00,13.63,4.36,completed
SE-0007193,ST-014,5,2026-06-05 11:51:00,2026-06-05 11:57:00,4.94,1.58,completed
SE-0007270,ST-028,1,2026-06-05 03:35:00,2026-06-05 04:13:00,21.9,7.01,completed
SE-0009381,ST-006,1,2026-06-16 06:35:00,2026-06-16 07:54:00,55.66,17.81,completed
SE-0006687,ST-033,2,2026-06-02 01:23:00,2026-06-02 02:03:00,18.49,5.92,completed
SE-0003985,ST-023,2,2026-05-20 16:29:00,2026-05-20 17:32:00,24.53,7.85,completed
SE-0009698,ST-033,2,2026-06-17 18:39:00,2026-06-17 19:02:00,14.48,4.63,completed
SE-0007467,ST-029,1,2026-06-06 01:58:00,2026-06-06 02:43:00,16.92,5.41,completed
SE-0008462,ST-033,1,2026-06-11 15:09:00,2026-06-11 15:51:00,19.47,6.23,completed
SE-0004030,ST-033,1,2026-05-20 10:05:00,2026-05-20 10:55:00,27.42,8.77,completed
SE-0010069,ST-026,6,2026-06-19 15:57:00,2026-06-19 16:54:00,31.12,9.96,completed
SE-0002966,ST-015,2,2026-05-15 10:16:00,2026-05-15 11:09:00,29.2,9.34,completed
SE-0008385,ST-016,1,2026-06-11 19:10:00,2026-06-11 19:48:00,24.91,7.97,aborted
SE-0009227,ST-015,1,2026-06-15 20:57:00,2026-06-15 21:21:00,18.05,5.78,completed
SE-0010082,ST-033,1,2026-06-19 01:37:00,2026-06-19 01:46:00,1.52,0.49,completed
SE-0011833,ST-033,2,2026-06-28 21:41:00,2026-06-28 22:50:00,28.43,9.1,completed
SE-0011529,ST-010,1,2026-06-27 07:57:00,2026-06-27 08:53:00,32.64,10.44,aborted
SE-0004996,ST-021,4,2026-05-25 01:47:00,2026-05-25 01:53:00,3.35,1.07,completed
SE-0006479,ST-025,1,2026-06-01 18:25:00,2026-06-01 18:45:00,13.06,4.18,completed
SE-0001745,ST-022,1,2026-05-09 16:59:00,2026-05-09 17:19:00,9.24,2.96,completed
SE-0003509,ST-006,3,2026-05-18 21:19:00,2026-05-18 22:33:00,45.21,14.47,completed
SE-0004722,ST-005,1,2026-05-24 15:33:00,2026-05-24 16:18:00,31.97,10.23,completed
SE-0010212,ST-024,1,2026-06-20 09:27:00,2026-06-20 09:48:00,11.35,3.63,completed
SE-0006877,ST-027,4,2026-06-03 02:32:00,2026-06-03 03:21:00,27.55,8.82,completed
SE-0007185,ST-014,1,2026-06-05 09:55:00,2026-06-05 10:41:00,38.22,12.23,completed
SE-0006315,ST-041,5,2026-05-31 14:47:00,2026-05-31 15:15:00,15.93,5.1,completed
SE-0009206,ST-014,3,2026-06-15 20:44:00,2026-06-15 21:06:00,11.08,3.55,completed
SE-0011656,ST-038,2,2026-06-27 22:24:00,2026-06-27 23:16:00,23.31,7.46,completed
SE-0000306,ST-023,2,2026-05-02 15:15:00,2026-05-02 16:03:00,47.18,15.1,completed
SE-0011356,ST-016,2,2026-06-26 08:38:00,2026-06-26 09:33:00,30.79,9.85,completed
SE-0000824,ST-041,6,2026-05-04 00:29:00,2026-05-04 01:19:00,32.69,10.46,completed
SE-0008998,ST-015,2,2026-06-14 04:51:00,2026-06-14 05:40:00,41.98,13.43,completed
SE-0000341,ST-031,3,2026-05-02 09:34:00,2026-05-02 10:24:00,28.57,9.14,completed
SE-0009166,ST-006,6,2026-06-15 21:32:00,2026-06-15 22:06:00,15.17,4.85,completed
SE-0007935,ST-001,3,2026-06-09 07:40:00,2026-06-09 08:08:00,3.74,1.2,completed
SE-0006812,ST-015,1,2026-06-03 09:33:00,2026-06-03 10:17:00,29.52,9.45,completed
SE-0010674,ST-001,1,2026-06-23 00:43:00,2026-06-23 01:31:00,21.11,6.76,completed
SE-0002439,ST-040,2,2026-05-12 09:22:00,2026-05-12 09:44:00,11.78,3.77,completed
SE-0000519,ST-023,1,2026-05-03 23:50:00,2026-05-04 00:15:00,8.65,2.77,completed
SE-0005790,ST-011,1,2026-05-29 11:56:00,2026-05-29 12:30:00,20.33,6.51,completed
SE-0010133,ST-005,1,2026-06-20 18:20:00,2026-06-20 19:24:00,33.79,10.81,completed
SE-0005518,ST-003,2,2026-05-28 06:14:00,2026-05-28 06:42:00,20.02,6.41,completed
SE-0010325,ST-005,2,2026-06-21 20:09:00,2026-06-21 21:24:00,50.43,16.14,completed
SE-0011138,ST-013,2,2026-06-25 09:47:00,2026-06-25 10:39:00,30.26,9.68,completed
SE-0005536,ST-005,1,2026-05-28 23:12:00,2026-05-28 23:41:00,14.49,4.64,completed
SE-0001860,ST-005,1,2026-05-10 17:54:00,2026-05-10 18:33:00,13.66,4.37,completed
SE-0005735,ST-003,2,2026-05-29 10:45:00,2026-05-29 11:26:00,11.18,3.58,completed
SE-0001957,ST-022,6,2026-05-10 00:41:00,2026-05-10 01:35:00,23.74,7.6,completed
SE-0005653,ST-025,2,2026-05-28 12:44:00,2026-05-28 13:24:00,29.75,9.52,completed
SE-0006014,ST-014,1,2026-05-30 06:58:00,2026-05-30 07:19:00,11.64,3.72,completed
SE-0003982,ST-023,1,2026-05-20 08:35:00,2026-05-20 08:52:00,11.79,3.77,completed
SE-0005957,ST-005,2,2026-05-30 20:08:00,2026-05-30 20:14:00,1.5,0.48,completed
SE-0005740,ST-003,2,2026-05-29 23:51:00,2026-05-30 00:22:00,25.93,8.3,completed
SE-0002112,ST-006,3,2026-05-11 19:27:00,2026-05-11 20:35:00,48.94,15.66,completed
SE-0010625,ST-033,1,2026-06-22 16:07:00,2026-06-22 16:33:00,9.41,3.01,completed
SE-0011490,ST-005,1,2026-06-27 20:10:00,2026-06-27 21:01:00,39.99,12.8,completed
SE-0009121,ST-037,4,2026-06-14 14:17:00,2026-06-14 15:06:00,36.26,11.6,completed
SE-0007462,ST-028,1,2026-06-06 14:38:00,2026-06-06 15:24:00,27.12,8.68,completed
SE-0000221,ST-005,2,2026-05-02 17:47:00,2026-05-02 17:53:00,5.1,1.63,completed
SE-0005887,ST-030,1,2026-05-29 14:52:00,2026-05-29 15:31:00,25.8,8.26,aborted
SE-0010534,ST-012,2,2026-06-22 22:44:00,2026-06-22 23:38:00,19.01,6.08,completed
SE-0001889,ST-009,2,2026-05-10 16:47:00,2026-05-10 17:02:00,11.52,3.69,completed
SE-0011612,ST-025,2,2026-06-27 12:26:00,2026-06-27 13:29:00,24.85,7.95,completed
SE-0007915,ST-041,4,2026-06-08 05:26:00,2026-06-08 06:20:00,10.52,3.37,completed
SE-0010367,ST-014,6,2026-06-21 14:04:00,2026-06-21 14:22:00,8.03,2.57,completed
SE-0008962,ST-008,1,2026-06-14 03:43:00,2026-06-14 04:18:00,17.56,5.62,completed
SE-0005028,ST-029,2,2026-05-25 13:38:00,2026-05-25 14:13:00,14.42,4.61,completed
SE-0007061,ST-027,1,2026-06-04 08:18:00,2026-06-04 09:20:00,30.75,9.84,completed
SE-0007294,ST-034,2,2026-06-05 12:49:00,2026-06-05 13:29:00,32.48,10.39,completed
SE-0009607,ST-012,2,2026-06-17 22:54:00,2026-06-17 23:48:00,44.41,14.21,completed
SE-0008024,ST-017,2,2026-06-09 17:51:00,2026-06-09 18:17:00,9900,3.17,completed
SE-0011852,ST-041,6,2026-06-28 14:23:00,2026-06-28 15:02:00,1.97,0.63,completed
SE-0011390,ST-023,2,2026-06-26 11:29:00,2026-06-26 12:16:00,33.47,10.71,completed
SE-0006894,ST-033,2,2026-06-03 12:32:00,2026-06-03 13:12:00,21.74,6.96,completed
SE-0010488,ST-001,4,2026-06-22 12:37:00,2026-06-22 13:27:00,7.27,2.33,completed
SE-0008439,ST-025,1,2026-06-11 03:40:00,2026-06-11 04:24:00,28.91,9.25,completed
SE-0005515,ST-003,1,2026-05-28 21:07:00,2026-05-28 21:58:00,22.82,7.3,completed
SE-0000294,ST-022,4,2026-05-02 04:51:00,2026-05-02 05:40:00,20.86,6.68,completed
SE-0000792,ST-031,2,2026-05-04 23:22:00,2026-05-05 00:30:00,31.09,9.95,completed
SE-0006738,ST-003,1,2026-06-03 03:08:00,2026-06-03 03:38:00,10.78,3.45,completed
SE-0006015,ST-014,5,2026-05-30 16:19:00,2026-05-30 16:48:00,27.29,8.73,completed
SE-0002750,ST-014,2,2026-05-14 00:23:00,2026-05-14 01:01:00,32.27,10.33,completed
SE-0007569,ST-007,3,2026-06-07 02:42:00,2026-06-07 03:13:00,14.43,4.62,completed
SE-0007499,ST-037,3,2026-06-06 13:37:00,2026-06-06 14:23:00,38.21,12.23,aborted
SE-0004706,ST-003,1,2026-05-24 03:21:00,2026-05-24 04:03:00,25.66,8.21,completed
SE-0005621,ST-019,1,2026-05-28 01:12:00,2026-05-28 02:06:00,20.35,6.51,completed
SE-0004122,ST-008,1,2026-05-21 05:33:00,2026-05-21 06:26:00,48.82,15.62,aborted
SE-0007651,ST-023,1,2026-06-07 21:36:00,2026-06-07 22:06:00,10.2,,completed
SE-0001846,ST-003,1,2026-05-10 01:24:00,2026-05-10 02:08:00,31.43,10.06,completed
SE-0010751,ST-014,5,2026-06-23 02:17:00,2026-06-23 02:57:00,29.13,9.32,completed
SE-0000103,ST-022,4,2026-05-01 02:03:00,2026-05-01 03:05:00,41.74,13.36,completed
SE-0002106,ST-006,4,2026-05-11 18:34:00,2026-05-11 19:42:00,31.23,9.99,completed
SE-0008101,ST-001,3,2026-06-10 06:14:00,2026-06-10 06:46:00,27.91,8.93,completed
SE-0005468,ST-033,1,2026-05-27 07:14:00,2026-05-27 07:48:00,21.71,6.95,completed
SE-0008172,ST-014,5,2026-06-10 18:20:00,2026-06-10 19:04:00,34.81,11.14,completed
SE-0009021,ST-017,2,2026-06-14 06:01:00,2026-06-14 06:28:00,22090,7.07,completed
SE-0010671,ST-001,4,2026-06-23 14:44:00,2026-06-23 15:38:00,34.92,11.17,completed
SE-0000185,ST-042,4,2026-05-01 00:01:00,2026-05-01 00:47:00,23.72,7.59,completed
SE-0004269,ST-003,2,2026-05-22 17:53:00,2026-05-22 18:09:00,2.6,0.83,completed
SE-0000182,ST-041,5,2026-05-01 04:19:00,2026-05-01 04:54:00,34.35,10.99,completed
SE-0004606,ST-022,6,2026-05-23 11:57:00,2026-05-23 12:48:00,20.96,6.71,completed
SE-0011279,ST-003,2,2026-06-26 00:29:00,2026-06-26 00:51:00,11.28,3.61,completed
SE-0007945,ST-003,2,2026-06-09 05:48:00,2026-06-09 06:15:00,16.74,5.36,completed
SE-0011516,ST-007,2,2026-06-27 19:14:00,2026-06-27 19:48:00,12.36,3.96,completed
SE-0009126,ST-039,4,2026-06-14 04:44:00,2026-06-14 05:38:00,34.86,11.16,completed
SE-0006862,ST-023,1,2026-06-03 20:08:00,2026-06-03 20:46:00,17.66,5.65,completed
SE-0000414,ST-005,2,2026-05-03 13:28:00,2026-05-03 14:31:00,52.28,,completed
SE-0009530,ST-041,6,2026-06-16 11:46:00,2026-06-16 12:02:00,6.49,2.08,completed
SE-0008853,ST-025,1,2026-06-13 02:28:00,2026-06-13 03:38:00,23.19,7.42,completed
SE-0006522,ST-040,2,2026-06-01 23:35:00,2026-06-02 00:33:00,20.88,,completed
SE-0005866,ST-024,1,2026-05-29 14:08:00,2026-05-29 14:43:00,10.97,3.51,completed
SE-0003687,ST-005,2,2026-05-19 11:10:00,2026-05-19 11:58:00,34.99,11.2,completed
SE-0011324,ST-009,1,2026-06-26 10:47:00,2026-06-26 11:20:00,14.69,4.7,completed
SE-0002947,ST-013,1,2026-05-15 11:34:00,2026-05-15 11:57:00,11.51,3.68,completed
SE-0010868,ST-041,3,2026-06-23 00:50:00,2026-06-23 01:37:00,34.11,10.92,completed
SE-0007196,ST-014,2,2026-06-05 21:52:00,2026-06-05 22:28:00,31.66,10.13,completed
SE-0006786,ST-012,2,2026-06-03 19:33:00,2026-06-03 20:12:00,26.5,8.48,completed
SE-0009321,ST-041,5,2026-06-15 10:44:00,2026-06-15 11:23:00,28.61,9.16,completed
SE-0004062,ST-001,2,2026-05-21 06:09:00,2026-05-21 06:39:00,12.09,3.87,completed
SE-0009438,ST-016,2,2026-06-16 10:32:00,2026-06-16 10:56:00,10.3,3.3,completed
SE-0006454,ST-022,2,2026-06-01 09:06:00,2026-06-01 10:15:00,20.49,6.56,completed
SE-0008983,ST-012,1,2026-06-14 15:00:00,2026-06-14 15:06:00,3.09,0.99,completed
SE-0007709,ST-040,2,2026-06-07 08:27:00,2026-06-07 09:15:00,28.4,9.09,completed
SE-0009418,ST-014,6,2026-06-16 05:16:00,2026-06-16 06:26:00,66.31,,completed
SE-0009642,ST-019,1,2026-06-17 16:20:00,2026-06-17 17:20:00,30.02,9.61,completed
SE-0007210,ST-016,2,2026-06-05 18:04:00,2026-06-05 18:53:00,21.36,6.84,completed
SE-0010927,ST-011,1,2026-06-24 10:23:00,2026-06-24 11:23:00,26.86,8.6,completed
SE-0000736,ST-022,6,2026-05-04 16:46:00,2026-05-04 17:21:00,12.2,3.9,completed
SE-0004961,ST-014,3,2026-05-25 10:09:00,2026-05-25 10:54:00,22.5,7.2,completed
SE-0002390,ST-025,2,2026-05-12 04:16:00,2026-05-12 04:48:00,16.95,5.42,completed
SE-0001535,ST-015,2,2026-05-08 00:42:00,2026-05-08 01:04:00,10.63,3.4,completed
SE-0003286,ST-041,1,2026-05-16 14:02:00,2026-05-16 15:09:00,47.33,15.15,completed
SE-0001113,ST-015,1,2026-05-06 03:56:00,2026-05-06 04:58:00,6.43,2.06,completed
SE-0011219,ST-028,2,2026-06-25 08:59:00,2026-06-25 09:49:00,22.67,7.25,completed
SE-0011912,ST-010,2,2026-06-29 05:57:00,2026-06-29 06:28:00,24.1,7.71,completed
SE-0001623,ST-034,1,2026-05-08 21:48:00,2026-05-08 22:32:00,21.89,7.0,completed
SE-0002510,ST-009,2,2026-05-13 08:18:00,2026-05-13 08:30:00,6.18,1.98,completed
SE-0003259,ST-034,1,2026-05-16 19:22:00,2026-05-16 19:33:00,2.81,0.9,completed
SE-0006324,ST-041,4,2026-05-31 10:57:00,2026-05-31 11:57:00,37.45,11.98,completed
SE-0002275,ST-003,1,2026-05-12 22:16:00,2026-05-12 23:09:00,29.31,9.38,completed
SE-0001068,ST-006,5,2026-05-06 09:06:00,2026-05-06 09:33:00,12.57,,completed
SE-0002099,ST-005,1,2026-05-11 15:01:00,2026-05-11 15:31:00,18.35,5.87,completed
SE-0000054,ST-014,1,2026-05-01 21:52:00,2026-05-01 22:33:00,10.69,3.42,completed
SE-0005559,ST-008,2,2026-05-28 00:05:00,2026-05-28 00:43:00,20.78,6.65,completed
SE-0000106,ST-022,1,2026-05-01 18:59:00,2026-05-01 19:19:00,12.74,4.08,completed
SE-0003930,ST-014,3,2026-05-20 19:27:00,2026-05-20 20:22:00,21.08,6.75,completed
SE-0007858,ST-023,2,2026-06-08 04:11:00,2026-06-08 05:18:00,33.64,10.76,completed
SE-0011403,ST-025,1,2026-06-26 18:25:00,2026-06-26 19:17:00,19.89,6.36,completed
SE-0007646,ST-023,1,2026-06-07 07:24:00,2026-06-07 08:22:00,6.59,2.11,faulted
SE-0006137,ST-039,3,2026-05-30 11:06:00,2026-05-30 11:46:00,29.52,9.45,completed
SE-0001080,ST-008,1,2026-05-06 17:03:00,2026-05-06 17:44:00,32.12,10.28,completed
SE-0010903,ST-006,3,2026-06-24 12:21:00,2026-06-24 12:51:00,13.74,4.4,completed
SE-0009122,ST-037,3,2026-06-14 11:24:00,2026-06-14 11:53:00,11.96,,completed
SE-0001899,ST-011,1,2026-05-10 11:44:00,2026-05-10 12:36:00,6.74,2.16,faulted
SE-0004926,ST-005,1,2026-05-25 15:59:00,2026-05-25 17:10:00,27.06,8.66,completed
SE-0005912,ST-039,3,2026-05-29 03:49:00,2026-05-29 04:13:00,12.98,4.15,completed
SE-0011948,ST-015,2,2026-06-29 20:19:00,2026-06-29 20:41:00,11.71,,completed
SE-0004787,ST-019,3,2026-05-24 14:16:00,2026-05-24 14:54:00,41.22,13.19,completed
SE-0010650,ST-039,1,2026-06-22 16:45:00,2026-06-22 16:51:00,3.17,1.01,completed
SE-0006697,ST-034,2,2026-06-02 20:15:00,2026-06-02 21:13:00,24.28,7.77,completed
SE-0011357,ST-016,1,2026-06-26 05:27:00,2026-06-26 05:57:00,1.69,0.54,completed
SE-0002372,ST-022,3,2026-05-12 22:49:00,2026-05-12 23:17:00,11.1,3.55,completed
SE-0009078,ST-025,1,2026-06-14 02:36:00,2026-06-14 03:41:00,23.27,7.45,completed
SE-0011535,ST-011,2,2026-06-27 07:58:00,2026-06-27 08:31:00,16.59,5.31,completed
SE-0008826,ST-019,1,2026-06-13 22:47:00,2026-06-13 23:11:00,12.5,4.0,completed
SE-0006066,ST-023,1,2026-05-30 23:54:00,2026-05-31 00:43:00,32.15,10.29,completed
SE-0008785,ST-013,1,2026-06-13 13:30:00,2026-06-13 14:11:00,33.75,10.8,completed
SE-0000644,ST-006,2,2026-05-04 22:47:00,2026-05-04 23:55:00,39.98,12.79,completed
SE-0006961,ST-006,3,2026-06-04 20:07:00,2026-06-04 20:23:00,9.11,2.92,completed
SE-0008096,ST-001,3,2026-06-10 16:24:00,2026-06-10 17:04:00,25.16,8.05,completed
SE-0007608,ST-017,1,2026-06-07 08:27:00,2026-06-07 09:12:00,28040,8.97,completed
SE-0006368,ST-005,2,2026-06-01 11:33:00,2026-06-01 12:12:00,24.67,7.89,completed
SE-0004763,ST-015,1,2026-05-24 00:47:00,2026-05-24 01:43:00,35.68,11.42,completed
SE-0007929,ST-001,3,2026-06-09 03:51:00,2026-06-09 04:56:00,42.05,13.46,aborted
SE-0008704,ST-001,4,2026-06-13 06:44:00,2026-06-13 07:21:00,21.49,6.88,completed
SE-0006283,ST-028,1,2026-05-31 16:07:00,2026-05-31 16:41:00,8.7,2.78,completed
SE-0005933,ST-001,4,2026-05-30 14:27:00,2026-05-30 14:51:00,11.67,3.73,completed
SE-0006945,ST-003,2,2026-06-04 01:09:00,2026-06-04 01:57:00,28.37,9.08,completed
SE-0003106,ST-005,2,2026-05-16 12:02:00,2026-05-16 12:44:00,15.62,5.0,completed
SE-0010463,ST-038,1,2026-06-21 20:34:00,2026-06-21 21:31:00,30.56,9.78,completed
SE-0007906,ST-037,4,2026-06-08 06:20:00,2026-06-08 07:18:00,35.92,11.49,completed
SE-0000220,ST-005,2,2026-05-02 16:07:00,2026-05-02 17:14:00,36.48,11.67,completed
SE-0010668,ST-001,3,2026-06-23 20:07:00,2026-06-23 20:54:00,15.91,5.09,completed
SE-0004332,ST-014,2,2026-05-22 08:58:00,2026-05-22 10:07:00,18.16,5.81,completed
SE-0005251,ST-034,1,2026-05-26 03:20:00,2026-05-26 03:37:00,13.97,4.47,completed
SE-0010527,ST-010,1,2026-06-22 20:41:00,2026-06-22 21:26:00,33.02,10.57,completed
SE-0011177,ST-017,2,2026-06-25 03:42:00,2026-06-25 04:17:00,12800,4.1,completed
SE-0007926,ST-001,4,2026-06-09 06:17:00,2026-06-09 07:03:00,30.39,9.72,completed
SE-0005378,ST-015,2,2026-05-27 12:14:00,2026-05-27 12:26:00,2.88,0.92,completed
SE-0002732,ST-010,1,2026-05-14 11:38:00,2026-05-14 12:45:00,31.43,10.06,completed
SE-0008206,ST-018,5,2026-06-10 21:02:00,2026-06-10 21:53:00,27.66,8.85,completed
SE-0008605,ST-022,3,2026-06-12 08:18:00,2026-06-12 09:09:00,30.95,9.9,completed
SE-0004099,ST-005,1,2026-05-21 13:03:00,2026-05-21 13:54:00,29.6,9.47,completed
SE-0008290,ST-001,3,2026-06-11 10:02:00,2026-06-11 10:47:00,27.54,8.81,completed
SE-0008321,ST-005,1,2026-06-11 09:17:00,2026-06-11 10:10:00,24.31,7.78,completed
SE-0006883,ST-029,1,2026-06-03 00:40:00,2026-06-03 01:47:00,37.43,11.98,completed
SE-0001226,ST-041,6,2026-05-06 07:39:00,2026-05-06 08:09:00,15.39,4.92,completed
SE-0011962,ST-017,2,2026-06-29 18:09:00,2026-06-29 18:51:00,26210,,completed
SE-0002845,ST-032,1,2026-05-14 20:30:00,2026-05-14 21:16:00,10.09,3.23,completed
SE-0009325,ST-041,5,2026-06-15 10:54:00,2026-06-15 11:40:00,12.56,4.02,completed
SE-0002579,ST-022,1,2026-05-13 10:13:00,2026-05-13 11:15:00,33.45,10.7,completed
SE-0000981,ST-029,3,2026-05-05 15:08:00,2026-05-05 15:23:00,4.3,1.38,completed
SE-0000716,ST-017,1,2026-05-04 23:41:00,2026-05-05 00:52:00,52330,16.75,completed
SE-0007654,ST-025,1,2026-06-07 02:54:00,2026-06-07 03:46:00,33.94,10.86,completed
SE-0001804,ST-033,2,2026-05-09 16:32:00,2026-05-09 17:29:00,32.41,10.37,completed
SE-0011821,ST-029,4,2026-06-28 04:07:00,2026-06-28 04:39:00,14.97,4.79,completed
SE-0006512,ST-036,1,2026-06-01 14:01:00,2026-06-01 14:17:00,12.81,4.1,completed
SE-0006331,ST-042,6,2026-05-31 23:11:00,2026-05-31 23:55:00,9.52,3.05,completed
SE-0002151,ST-016,1,2026-05-11 01:53:00,2026-05-11 02:43:00,34.9,11.17,completed
SE-0012030,ST-033,1,2026-06-29 06:24:00,2026-06-29 06:31:00,3.67,1.17,completed
SE-0005998,ST-013,2,2026-05-30 04:10:00,2026-05-30 04:49:00,40.03,12.81,completed
SE-0003257,ST-033,2,2026-05-16 14:18:00,2026-05-16 15:06:00,29.19,9.34,completed
SE-0011465,ST-001,1,2026-06-27 00:07:00,2026-06-27 01:05:00,48.12,15.4,completed
SE-0002222,ST-033,2,2026-05-11 01:39:00,2026-05-11 02:20:00,31.88,10.2,completed
SE-0006394,ST-010,2,2026-06-01 22:47:00,2026-06-01 23:16:00,13.46,4.31,completed
SE-0009645,ST-021,2,2026-06-17 02:40:00,2026-06-17 03:08:00,6.75,2.16,completed
SE-0011170,ST-016,1,2026-06-25 03:47:00,2026-06-25 04:38:00,22.09,7.07,completed
SE-0002074,ST-003,2,2026-05-11 07:28:00,2026-05-11 07:38:00,4.37,1.4,completed
SE-0005635,ST-022,5,2026-05-28 02:43:00,2026-05-28 03:12:00,23.12,7.4,completed
SE-0000882,ST-009,2,2026-05-05 02:14:00,2026-05-05 02:32:00,8.69,2.78,completed
SE-0005781,ST-008,2,2026-05-29 10:33:00,2026-05-29 11:32:00,52.36,,completed
SE-0000622,ST-005,2,2026-05-04 10:08:00,2026-05-04 10:55:00,10.33,3.31,completed
SE-0006843,ST-018,2,2026-06-03 08:41:00,2026-06-03 09:17:00,29.78,9.53,completed
SE-0006850,ST-022,1,2026-06-03 13:05:00,2026-06-03 13:59:00,38.05,12.18,completed
SE-0006275,ST-025,1,2026-05-31 10:01:00,2026-05-31 10:39:00,29.7,9.5,completed
SE-0010519,ST-008,1,2026-06-22 11:08:00,2026-06-22 11:59:00,37.23,11.91,completed
SE-0006041,ST-017,1,2026-05-30 09:11:00,2026-05-30 10:10:00,26770,8.57,completed
SE-0000363,ST-036,1,2026-05-02 14:30:00,2026-05-02 15:30:00,29.06,9.3,completed
SE-0008656,ST-033,2,2026-06-12 10:07:00,2026-06-12 10:57:00,28.07,8.98,completed
SE-0005560,ST-008,2,2026-05-28 06:49:00,2026-05-28 07:45:00,46.23,14.79,completed
SE-0003578,ST-021,4,2026-05-18 10:18:00,2026-05-18 11:17:00,10.2,3.26,completed
SE-0009941,ST-001,4,2026-06-19 13:49:00,2026-06-19 14:25:00,26.35,8.43,completed
SE-0002272,ST-002,2,2026-05-12 00:34:00,2026-05-12 01:10:00,34.35,10.99,completed
SE-0000027,ST-006,2,2026-05-01 12:56:00,2026-05-01 13:05:00,1.68,0.54,completed
SE-0004717,ST-004,1,2026-05-24 03:40:00,2026-05-24 04:10:00,7.17,,completed
SE-0009253,ST-023,1,2026-06-15 19:18:00,2026-06-15 19:46:00,13.02,4.17,completed
SE-0002683,ST-001,2,2026-05-14 01:07:00,2026-05-14 01:28:00,11.06,3.54,completed
SE-0000245,ST-010,2,2026-05-02 05:26:00,2026-05-02 06:25:00,34.43,11.02,completed
SE-0001817,ST-037,2,2026-05-09 19:38:00,2026-05-09 20:09:00,10.87,3.48,completed
SE-0003433,ST-031,5,2026-05-17 11:45:00,2026-05-17 12:19:00,16.56,5.3,completed
SE-0007787,ST-013,1,2026-06-08 19:36:00,2026-06-08 20:05:00,12.38,3.96,completed
SE-0005439,ST-025,1,2026-05-27 18:22:00,2026-05-27 19:14:00,48.12,15.4,completed
SE-0011224,ST-029,3,2026-06-25 14:32:00,2026-06-25 14:50:00,7.25,2.32,completed
SE-0008427,ST-024,2,2026-06-11 06:10:00,2026-06-11 06:42:00,13.52,4.33,completed
SE-0007222,ST-019,1,2026-06-05 03:09:00,2026-06-05 03:50:00,36.41,11.65,completed
SE-0011876,ST-003,2,2026-06-29 14:16:00,2026-06-29 14:36:00,9.89,3.16,completed
SE-0009865,ST-023,1,2026-06-18 08:24:00,2026-06-18 08:47:00,8.27,2.65,completed
SE-0007851,ST-022,4,2026-06-08 09:28:00,2026-06-08 10:04:00,29.61,9.48,completed
SE-0011434,ST-034,4,2026-06-26 02:01:00,2026-06-26 02:55:00,21.89,7.0,completed
SE-0011165,ST-015,2,2026-06-25 20:24:00,2026-06-25 20:46:00,11.37,3.64,completed
SE-0003062,ST-041,1,2026-05-15 18:26:00,2026-05-15 19:19:00,4.14,1.32,completed
SE-0002413,ST-032,4,2026-05-12 14:53:00,2026-05-12 15:14:00,9.56,3.06,completed
SE-0011636,ST-033,2,2026-06-27 07:36:00,2026-06-27 08:09:00,12.46,3.99,completed
SE-0001009,ST-037,2,2026-05-05 02:58:00,2026-05-05 04:00:00,48.27,15.45,completed
SE-0007543,ST-004,3,2026-06-07 20:30:00,2026-06-07 20:53:00,10.43,3.34,completed
SE-0009230,ST-016,1,2026-06-15 14:27:00,2026-06-15 15:10:00,10.23,3.27,aborted
SE-0011508,ST-006,5,2026-06-27 02:04:00,2026-06-27 02:28:00,24.36,7.8,aborted
SE-0005164,ST-015,2,2026-05-26 03:29:00,2026-05-26 04:37:00,65.29,20.89,completed
SE-0004834,ST-025,2,2026-05-24 06:47:00,2026-05-24 07:30:00,32.69,10.46,completed
SE-0010723,ST-006,5,2026-06-23 13:38:00,2026-06-23 14:32:00,36.98,11.83,completed
SE-0007708,ST-040,1,2026-06-07 14:06:00,2026-06-07 15:03:00,23.14,7.4,completed
SE-0006537,ST-001,3,2026-06-02 12:32:00,2026-06-02 13:26:00,37.43,11.98,completed
SE-0010247,ST-035,1,2026-06-20 22:34:00,2026-06-20 23:40:00,32.64,10.44,completed
SE-0007178,ST-012,1,2026-06-05 16:51:00,2026-06-05 17:56:00,36.6,11.71,completed
SE-0001478,ST-005,2,2026-05-08 10:59:00,2026-05-08 11:36:00,7.37,2.36,completed
SE-0011866,ST-001,4,2026-06-29 04:05:00,2026-06-29 04:11:00,3.71,1.19,completed
SE-0001198,ST-029,1,2026-05-06 10:17:00,2026-05-06 11:13:00,20.67,6.61,completed
SE-0006343,ST-001,1,2026-06-01 14:12:00,2026-06-01 14:27:00,9.87,3.16,completed
SE-0009816,ST-015,2,2026-06-18 04:21:00,2026-06-18 04:55:00,14.4,4.61,completed
SE-0001317,ST-015,2,2026-05-07 16:17:00,2026-05-07 17:00:00,27.59,8.83,completed
SE-0000308,ST-023,1,2026-05-02 10:53:00,2026-05-02 11:20:00,12.15,3.89,completed
SE-0006887,ST-031,1,2026-06-03 06:48:00,2026-06-03 07:22:00,15.86,5.08,completed
SE-0001688,ST-009,2,2026-05-09 21:56:00,2026-05-09 22:55:00,32.0,10.24,completed
SE-0007612,ST-017,1,2026-06-07 04:19:00,2026-06-07 04:42:00,10820,3.46,completed
SE-0011250,ST-035,2,2026-06-25 03:32:00,2026-06-25 04:17:00,19.28,6.17,completed
SE-0012008,ST-025,1,2026-06-29 11:32:00,2026-06-29 12:16:00,28.34,9.07,completed
SE-0007834,ST-019,5,2026-06-08 01:02:00,2026-06-08 02:13:00,29.46,9.43,completed
SE-0002969,ST-017,2,2026-05-15 05:09:00,2026-05-15 05:56:00,22880,7.32,completed
SE-0008111,ST-003,1,2026-06-10 13:27:00,2026-06-10 13:53:00,10.48,3.35,completed
SE-0010377,ST-015,1,2026-06-21 01:45:00,2026-06-21 02:53:00,40.96,13.11,completed
SE-0000503,ST-022,5,2026-05-03 16:19:00,2026-05-03 16:49:00,23.87,,completed
SE-0010997,ST-023,1,2026-06-24 04:29:00,2026-06-24 05:23:00,26.71,8.55,completed
SE-0004336,ST-014,3,2026-05-22 13:34:00,2026-05-22 14:14:00,22.21,7.11,completed
SE-0009570,ST-004,4,2026-06-17 13:18:00,2026-06-17 14:28:00,41.57,13.3,completed
SE-0006356,ST-003,1,2026-06-01 22:41:00,2026-06-01 23:15:00,20.53,6.57,completed
SE-0004151,ST-014,1,2026-05-21 09:32:00,2026-05-21 09:56:00,10.22,3.27,completed
SE-0004955,ST-014,3,2026-05-25 21:58:00,2026-05-25 22:22:00,19.41,6.21,completed
SE-0002647,ST-036,4,2026-05-13 07:26:00,2026-05-13 08:16:00,9.67,3.09,completed
SE-0011464,ST-001,1,2026-06-27 00:32:00,2026-06-27 01:16:00,15.91,5.09,completed
SE-0001796,ST-033,1,2026-05-09 20:24:00,2026-05-09 21:34:00,25.31,8.1,completed
SE-0000013,ST-003,2,2026-05-01 01:55:00,2026-05-01 02:26:00,15.16,4.85,completed
SE-0008186,ST-016,2,2026-06-10 02:13:00,2026-06-10 03:01:00,34.67,11.09,completed
SE-0005828,ST-016,1,2026-05-29 04:43:00,2026-05-29 04:59:00,8.0,2.56,completed
SE-0005696,ST-035,2,2026-05-28 04:52:00,2026-05-28 05:19:00,7.07,2.26,completed
SE-0006630,ST-018,1,2026-06-02 06:12:00,2026-06-02 07:00:00,27.43,8.78,completed
SE-0011235,ST-033,1,2026-06-25 09:07:00,2026-06-25 10:14:00,40.56,12.98,completed
SE-0001398,ST-029,3,2026-05-07 05:08:00,2026-05-07 05:37:00,8.99,,completed
SE-0001481,ST-005,2,2026-05-08 07:12:00,2026-05-08 07:55:00,32.88,10.52,completed
SE-0007445,ST-025,2,2026-06-06 21:16:00,2026-06-06 21:48:00,16.34,5.23,completed
SE-0004052,ST-041,3,2026-05-20 23:22:00,2026-05-21 00:10:00,15.5,4.96,completed
SE-0002790,ST-022,4,2026-05-14 08:11:00,2026-05-14 08:41:00,15.75,5.04,aborted
SE-0007021,ST-017,2,2026-06-04 00:33:00,2026-06-04 01:32:00,48310,15.46,completed
SE-0000043,ST-011,2,2026-05-01 01:34:00,2026-05-01 02:11:00,31.32,10.02,completed
SE-0007181,ST-013,2,2026-06-05 02:51:00,2026-06-05 03:48:00,41.97,13.43,completed
SE-0004800,ST-022,2,2026-05-24 03:48:00,2026-05-24 04:40:00,17.49,5.6,completed
SE-0010343,ST-009,1,2026-06-21 08:48:00,2026-06-21 09:42:00,19.62,6.28,completed
SE-0002026,ST-036,3,2026-05-10 18:27:00,2026-05-10 19:05:00,15.97,5.11,completed
SE-0007518,ST-042,4,2026-06-06 16:40:00,2026-06-06 17:07:00,12.34,,completed
SE-0009761,ST-005,1,2026-06-18 02:42:00,2026-06-18 02:48:00,3.43,1.1,completed
SE-0006098,ST-029,2,2026-05-30 19:30:00,2026-05-30 19:57:00,17.86,5.72,completed
SE-0004264,ST-001,3,2026-05-22 16:23:00,2026-05-22 17:40:00,52.04,16.65,completed
SE-0006309,ST-037,4,2026-05-31 13:01:00,2026-05-31 13:33:00,21.78,6.97,completed
SE-0004498,ST-005,2,2026-05-23 22:49:00,2026-05-23 23:22:00,24.18,7.74,completed
SE-0007762,ST-006,6,2026-06-08 18:04:00,2026-06-08 19:01:00,41.14,13.16,completed
SE-0009635,ST-017,2,2026-06-17 14:48:00,2026-06-17 15:36:00,35090,11.23,completed
SE-0009131,ST-041,3,2026-06-14 11:46:00,2026-06-14 13:01:00,61.0,19.52,completed
SE-0007529,ST-002,1,2026-06-07 03:33:00,2026-06-07 04:01:00,21.79,6.97,completed
SE-0000443,ST-009,1,2026-05-03 19:47:00,2026-05-03 20:57:00,20.65,6.61,completed
SE-0002653,ST-039,2,2026-05-13 23:21:00,2026-05-14 00:25:00,28.04,8.97,completed
SE-0012047,ST-039,2,2026-06-29 00:21:00,2026-06-29 01:09:00,30.5,,completed
SE-0010726,ST-008,1,2026-06-23 17:46:00,2026-06-23 17:56:00,4.21,1.35,completed
SE-0009584,ST-006,1,2026-06-17 17:16:00,2026-06-17 17:51:00,15.13,4.84,completed
SE-0000704,ST-016,2,2026-05-04 02:44:00,2026-05-04 03:52:00,41.57,13.3,completed
SE-0010596,ST-023,1,2026-06-22 11:08:00,2026-06-22 11:45:00,4.06,,faulted
SE-0001945,ST-019,5,2026-05-10 06:55:00,2026-05-10 07:20:00,14.35,4.59,completed
SE-0002429,ST-035,2,2026-05-12 17:46:00,2026-05-12 18:02:00,1.5,0.48,completed
SE-0007073,ST-031,2,2026-06-04 08:21:00,2026-06-04 09:11:00,28.84,9.23,completed
SE-0002324,ST-009,2,2026-05-12 03:11:00,2026-05-12 03:34:00,12.77,4.09,completed
SE-0007004,ST-015,2,2026-06-04 06:56:00,2026-06-04 07:55:00,52.69,16.86,completed
SE-0003502,ST-005,2,2026-05-18 10:04:00,2026-05-18 11:08:00,56.11,17.96,completed
SE-0004178,ST-017,2,2026-05-21 17:09:00,2026-05-21 17:52:00,28910,9.25,completed
SE-0002210,ST-028,2,2026-05-11 12:59:00,2026-05-11 13:39:00,18.86,6.04,completed
SE-0002606,ST-026,4,2026-05-13 12:59:00,2026-05-13 13:05:00,5.3,1.7,completed
SE-0008647,ST-030,5,2026-06-12 00:29:00,2026-06-12 01:17:00,31.94,10.22,completed
SE-0002131,ST-013,1,2026-05-11 12:27:00,2026-05-11 13:03:00,26.24,8.4,completed
SE-0000204,ST-003,2,2026-05-02 12:06:00,2026-05-02 12:53:00,31.06,9.94,completed
SE-0011344,ST-014,5,2026-06-26 06:02:00,2026-06-26 07:03:00,30.34,9.71,completed
SE-0010495,ST-003,1,2026-06-22 06:48:00,2026-06-22 07:12:00,8.52,2.73,completed
SE-0000278,ST-017,2,2026-05-02 10:51:00,2026-05-02 11:41:00,21060,6.74,completed
SE-0001553,ST-016,1,2026-05-08 06:05:00,2026-05-08 06:46:00,20.83,6.67,completed
SE-0000361,ST-034,1,2026-05-02 02:31:00,2026-05-02 03:12:00,12.79,,completed
SE-0008052,ST-025,1,2026-06-09 17:47:00,2026-06-09 18:43:00,26.69,8.54,completed
SE-0011067,ST-041,5,2026-06-24 03:06:00,2026-06-24 04:15:00,35.98,11.51,completed
SE-0008751,ST-006,3,2026-06-13 18:41:00,2026-06-13 18:54:00,6.63,2.12,completed
SE-0000317,ST-025,2,2026-05-02 08:38:00,2026-05-02 09:16:00,31.14,9.96,completed
SE-0007449,ST-025,2,2026-06-06 05:55:00,2026-06-06 06:46:00,22.36,7.16,completed
SE-0009367,ST-006,4,2026-06-16 07:38:00,2026-06-16 08:19:00,37.3,11.94,completed
SE-0011668,ST-041,5,2026-06-27 04:46:00,2026-06-27 05:14:00,15.07,4.82,completed
SE-0004940,ST-008,1,2026-05-25 01:23:00,2026-05-25 01:58:00,20.34,6.51,completed
SE-0010360,ST-013,2,2026-06-21 17:49:00,2026-06-21 18:36:00,29.41,9.41,completed
SE-0010386,ST-017,2,2026-06-21 10:47:00,2026-06-21 11:30:00,3230,1.03,completed
SE-0007582,ST-010,2,2026-06-07 08:58:00,2026-06-07 09:39:00,19.01,6.08,completed
SE-0002325,ST-009,1,2026-05-12 13:58:00,2026-05-12 14:36:00,28.54,9.13,completed
SE-0007100,ST-037,4,2026-06-04 11:08:00,2026-06-04 11:40:00,10.98,3.51,completed
SE-0008174,ST-015,2,2026-06-10 14:50:00,2026-06-10 15:38:00,21.68,6.94,aborted
SE-0009103,ST-033,2,2026-06-14 20:30:00,2026-06-14 21:41:00,41.23,13.19,completed
SE-0005583,ST-014,4,2026-05-28 01:10:00,2026-05-28 01:25:00,8.6,2.75,completed
SE-0007033,ST-018,4,2026-06-04 16:47:00,2026-06-04 17:04:00,9.63,3.08,completed
SE-0000149,ST-033,2,2026-05-01 13:53:00,2026-05-01 14:26:00,13.64,4.36,aborted
SE-0004129,ST-010,1,2026-05-21 18:57:00,2026-05-21 19:38:00,33.22,10.63,completed
SE-0000052,ST-014,6,2026-05-01 17:30:00,2026-05-01 18:05:00,22.76,7.28,completed
SE-0005289,ST-001,1,2026-05-27 03:14:00,2026-05-27 04:10:00,18.73,5.99,completed
SE-0002085,ST-004,4,2026-05-11 22:50:00,2026-05-11 23:28:00,26.92,8.61,completed
SE-0005773,ST-006,3,2026-05-29 12:09:00,2026-05-29 13:05:00,24.42,7.81,completed
SE-0007606,ST-017,2,2026-06-07 00:45:00,2026-06-07 01:43:00,34330,10.99,completed
SE-0011431,ST-033,2,2026-06-26 03:09:00,2026-06-26 03:43:00,10.82,3.46,completed
SE-0007075,ST-032,2,2026-06-04 20:18:00,2026-06-04 20:46:00,18.52,5.93,completed
SE-0010906,ST-006,6,2026-06-24 07:18:00,2026-06-24 07:35:00,6.98,2.23,completed
SE-0007132,ST-003,2,2026-06-05 16:55:00,2026-06-05 17:31:00,14.53,4.65,completed
SE-0008814,ST-017,1,2026-06-13 06:22:00,2026-06-13 07:07:00,21880,7.0,completed
SE-0011557,ST-014,3,2026-06-27 10:29:00,2026-06-27 11:06:00,19.37,6.2,completed
SE-0009519,ST-034,1,2026-06-16 04:36:00,2026-06-16 05:23:00,18.76,6.0,completed
SE-0004565,ST-015,1,2026-05-23 08:43:00,2026-05-23 09:16:00,28.34,9.07,completed
SE-0002280,ST-003,1,2026-05-12 14:33:00,2026-05-12 15:36:00,43.11,13.8,completed
SE-0002765,ST-015,2,2026-05-14 08:31:00,2026-05-14 09:11:00,13.73,4.39,completed
SE-0003843,ST-034,3,2026-05-19 19:32:00,2026-05-19 19:50:00,10.77,3.45,completed
SE-0004932,ST-006,6,2026-05-25 13:42:00,2026-05-25 14:38:00,19.97,6.39,completed
SE-0001266,ST-005,2,2026-05-07 08:04:00,2026-05-07 08:56:00,30.24,9.68,completed
SE-0001529,ST-014,2,2026-05-08 03:07:00,2026-05-08 03:38:00,23.64,7.56,completed
SE-0004590,ST-022,3,2026-05-23 18:06:00,2026-05-23 18:40:00,26.13,,completed
SE-0007872,ST-025,2,2026-06-08 20:31:00,2026-06-08 21:20:00,50.25,16.08,completed
SE-0010919,ST-008,2,2026-06-24 03:11:00,2026-06-24 03:49:00,16.29,5.21,completed
SE-0009046,ST-022,4,2026-06-14 09:32:00,2026-06-14 09:57:00,12.33,3.95,completed
SE-0007487,ST-034,3,2026-06-06 07:20:00,2026-06-06 08:02:00,20.96,6.71,completed
SE-0006796,ST-014,1,2026-06-03 22:40:00,2026-06-03 23:26:00,31.87,10.2,completed
SE-0004018,ST-031,5,2026-05-20 19:39:00,2026-05-20 20:07:00,24.16,7.73,completed
SE-0003602,ST-025,2,2026-05-18 19:46:00,2026-05-18 20:03:00,10.16,3.25,completed
SE-0008828,ST-020,1,2026-06-13 15:09:00,2026-06-13 15:47:00,10.15,3.25,completed
SE-0002056,ST-042,1,2026-05-10 06:43:00,2026-05-10 07:13:00,15.49,4.96,completed
SE-0008569,ST-014,5,2026-06-12 16:07:00,2026-06-12 16:51:00,16.53,5.29,completed
SE-0004726,ST-006,4,2026-05-24 22:43:00,2026-05-24 23:48:00,40.96,13.11,completed
SE-0008265,ST-035,1,2026-06-10 20:29:00,2026-06-10 20:51:00,9.42,3.01,completed
SE-0009237,ST-017,1,2026-06-15 02:39:00,2026-06-15 03:19:00,11950,3.82,completed
SE-0010336,ST-006,5,2026-06-21 14:23:00,2026-06-21 15:14:00,15.2,4.86,completed
SE-0004864,ST-033,1,2026-05-24 05:23:00,2026-05-24 05:39:00,11.3,3.62,completed
SE-0005258,ST-036,3,2026-05-26 16:50:00,2026-05-26 17:25:00,21.64,6.92,completed
SE-0011184,ST-020,2,2026-06-25 06:41:00,2026-06-25 07:12:00,15.14,4.84,completed
SE-0009611,ST-013,2,2026-06-17 07:47:00,2026-06-17 08:13:00,12.75,4.08,completed
SE-0010673,ST-001,1,2026-06-23 04:15:00,2026-06-23 04:54:00,26.05,,completed
SE-0011176,ST-017,1,2026-06-25 06:21:00,2026-06-25 06:48:00,7430,2.38,aborted
SE-0006085,ST-025,1,2026-05-30 02:08:00,2026-05-30 03:24:00,50.06,16.02,completed
SE-0008638,ST-026,3,2026-06-12 09:07:00,2026-06-12 09:44:00,21.63,6.92,completed
SE-0010890,ST-003,1,2026-06-24 20:42:00,2026-06-24 21:37:00,28.14,9.0,completed
SE-0001819,ST-037,1,2026-05-09 15:39:00,2026-05-09 16:26:00,35.2,11.26,completed
SE-0002351,ST-015,1,2026-05-12 13:28:00,2026-05-12 14:36:00,30.63,9.8,completed
SE-0004696,ST-001,2,2026-05-24 04:48:00,2026-05-24 05:40:00,19.87,6.36,completed
SE-0002144,ST-015,2,2026-05-11 15:27:00,2026-05-11 16:35:00,43.75,,completed
SE-0006706,ST-037,1,2026-06-02 15:47:00,2026-06-02 17:02:00,38.98,12.47,completed
SE-0005492,ST-041,4,2026-05-27 07:32:00,2026-05-27 08:05:00,19.59,6.27,completed
SE-0001798,ST-033,2,2026-05-09 09:19:00,2026-05-09 10:04:00,22.06,7.06,completed
SE-0006046,ST-017,1,2026-05-30 14:13:00,2026-05-30 15:05:00,38080,12.19,completed
SE-0001204,ST-033,2,2026-05-06 15:57:00,2026-05-06 16:33:00,14.87,,completed
SE-0010053,ST-024,1,2026-06-19 08:01:00,2026-06-19 08:44:00,34.6,11.07,completed
SE-0009868,ST-023,2,2026-06-18 05:14:00,2026-06-18 05:51:00,13.97,,completed
SE-0011673,ST-001,3,2026-06-28 16:36:00,2026-06-28 17:31:00,26.57,8.5,completed
SE-0011534,ST-010,2,2026-06-27 06:58:00,2026-06-27 07:40:00,35.75,11.44,aborted
SE-0006629,ST-017,1,2026-06-02 08:33:00,2026-06-02 09:01:00,21710,,completed
SE-0002698,ST-003,2,2026-05-14 15:35:00,2026-05-14 16:17:00,20.18,6.46,completed
SE-0005659,ST-025,1,2026-05-28 09:40:00,2026-05-28 10:15:00,26.21,8.39,completed
SE-0009723,ST-040,2,2026-06-17 15:32:00,2026-06-17 16:23:00,28.07,8.98,completed
SE-0011133,ST-010,2,2026-06-25 22:28:00,2026-06-25 23:15:00,32.08,10.27,completed
SE-0006668,ST-025,1,2026-06-02 12:40:00,2026-06-02 13:16:00,19.11,6.12,completed
SE-0007091,ST-034,4,2026-06-04 07:22:00,2026-06-04 08:09:00,19.21,6.15,completed
SE-0004174,ST-017,2,2026-05-21 17:32:00,2026-05-21 18:17:00,20750,,completed
SE-0004957,ST-014,4,2026-05-25 19:24:00,2026-05-25 20:07:00,11.35,3.63,completed
SE-0006027,ST-016,1,2026-05-30 05:58:00,2026-05-30 07:02:00,23.62,7.56,completed
SE-0007843,ST-022,3,2026-06-08 12:29:00,2026-06-08 12:46:00,8.66,2.77,completed
SE-0007596,ST-015,1,2026-06-07 08:01:00,2026-06-07 08:07:00,4.46,1.43,completed
SE-0005396,ST-019,6,2026-05-27 17:34:00,2026-05-27 18:14:00,23.6,,completed
SE-0001137,ST-017,1,2026-05-06 22:16:00,2026-05-06 23:21:00,29120,9.32,completed
SE-0008731,ST-005,1,2026-06-13 19:42:00,2026-06-13 20:31:00,24.98,7.99,completed
SE-0010667,ST-001,2,2026-06-23 18:22:00,2026-06-23 18:29:00,6.01,1.92,completed
SE-0006805,ST-014,4,2026-06-03 23:53:00,2026-06-04 01:03:00,25.13,8.04,completed
SE-0002059,ST-001,4,2026-05-11 14:19:00,2026-05-11 15:27:00,31.42,10.05,completed
SE-0008430,ST-025,1,2026-06-11 22:50:00,2026-06-11 23:05:00,5.65,1.81,completed
SE-0006143,ST-041,3,2026-05-30 17:37:00,2026-05-30 18:28:00,44.33,14.19,completed
SE-0001754,ST-022,3,2026-05-09 21:38:00,2026-05-09 22:42:00,23.39,7.48,completed
SE-0008481,ST-035,1,2026-06-11 11:51:00,2026-06-11 12:51:00,25.88,8.28,completed
SE-0003669,ST-002,1,2026-05-19 08:32:00,2026-05-19 08:38:00,3.78,1.21,completed
SE-0009256,ST-025,1,2026-06-15 02:41:00,2026-06-15 03:14:00,26.26,8.4,completed
SE-0011919,ST-012,2,2026-06-29 10:45:00,2026-06-29 11:03:00,15.9,5.09,completed
SE-0000431,ST-006,3,2026-05-03 07:14:00,2026-05-03 08:29:00,39.7,12.7,completed
SE-0002703,ST-004,1,2026-05-14 13:34:00,2026-05-14 14:36:00,28.77,,completed
SE-0009803,ST-014,6,2026-06-18 05:25:00,2026-06-18 06:06:00,14.83,4.75,completed
SE-0000603,ST-003,1,2026-05-04 10:38:00,2026-05-04 11:15:00,17.16,5.49,completed
SE-0010856,ST-038,2,2026-06-23 19:26:00,2026-06-23 20:08:00,19.87,6.36,completed
SE-0004297,ST-006,6,2026-05-22 11:50:00,2026-05-22 12:40:00,33.34,10.67,completed
SE-0001537,ST-015,1,2026-05-08 04:41:00,2026-05-08 04:56:00,5.09,1.63,completed
SE-0005472,ST-033,1,2026-05-27 22:03:00,2026-05-27 22:54:00,40.39,12.92,completed
SE-0002017,ST-034,2,2026-05-10 12:50:00,2026-05-10 13:40:00,18.83,6.03,completed
SE-0001144,ST-020,1,2026-05-06 23:31:00,2026-05-06 23:43:00,9.24,2.96,completed
SE-0008376,ST-015,2,2026-06-11 15:55:00,2026-06-11 16:18:00,14.72,4.71,completed
SE-0008445,ST-027,4,2026-06-11 10:18:00,2026-06-11 11:15:00,22.16,7.09,completed
SE-0002982,ST-021,4,2026-05-15 05:18:00,2026-05-15 06:04:00,32.6,10.43,completed
SE-0004334,ST-014,4,2026-05-22 00:48:00,2026-05-22 01:16:00,14.8,4.74,completed
SE-0003185,ST-019,6,2026-05-16 13:44:00,2026-05-16 14:39:00,25.24,8.08,completed
SE-0005130,ST-008,1,2026-05-26 23:16:00,2026-05-27 00:04:00,49.84,15.95,completed
SE-0002724,ST-008,2,2026-05-14 16:37:00,2026-05-14 17:21:00,33.18,10.62,completed
SE-0001948,ST-021,3,2026-05-10 21:25:00,2026-05-10 22:20:00,23.53,,completed
SE-0009688,ST-028,1,2026-06-17 05:40:00,2026-06-17 06:41:00,39.45,12.62,completed
SE-0005269,ST-041,2,2026-05-26 20:59:00,2026-05-26 21:18:00,10.4,3.33,completed
SE-0001443,ST-041,3,2026-05-07 03:28:00,2026-05-07 03:50:00,9.47,3.03,completed
SE-0001771,ST-025,1,2026-05-09 22:08:00,2026-05-09 23:04:00,42.81,,aborted
SE-0001726,ST-017,2,2026-05-09 21:15:00,2026-05-09 21:52:00,21360,6.84,completed
SE-0008594,ST-017,2,2026-06-12 16:32:00,2026-06-12 17:01:00,30700,9.82,completed
SE-0005240,ST-033,1,2026-05-26 23:05:00,2026-05-26 23:11:00,3.24,1.04,completed
SE-0003369,ST-015,2,2026-05-17 14:49:00,2026-05-17 15:36:00,38.83,12.43,completed
SE-0004982,ST-017,2,2026-05-25 10:43:00,2026-05-25 11:19:00,21220,6.79,completed
SE-0008309,ST-004,2,2026-06-11 01:34:00,2026-06-11 02:49:00,53.16,17.01,completed
SE-0009524,ST-038,4,2026-06-16 09:24:00,2026-06-16 09:48:00,17.28,5.53,completed
SE-0011066,ST-041,2,2026-06-24 20:45:00,2026-06-24 21:16:00,8.43,2.7,completed
SE-0007902,ST-035,1,2026-06-08 18:58:00,2026-06-08 19:55:00,23.34,7.47,completed
SE-0008286,ST-041,3,2026-06-10 20:28:00,2026-06-10 21:15:00,16.32,,completed
SE-0009759,ST-005,1,2026-06-18 19:58:00,2026-06-18 20:40:00,25.13,8.04,completed
SE-0003939,ST-015,1,2026-05-20 22:22:00,2026-05-20 22:49:00,10.55,3.38,completed
SE-0001132,ST-017,1,2026-05-06 03:28:00,2026-05-06 04:07:00,14500,4.64,aborted
SE-0003979,ST-022,4,2026-05-20 09:15:00,2026-05-20 10:39:00,43.54,13.93,completed
SE-0000316,ST-025,1,2026-05-02 01:06:00,2026-05-02 02:22:00,38.6,12.35,completed
SE-0003955,ST-017,1,2026-05-20 10:30:00,2026-05-20 11:16:00,12820,4.1,completed
SE-0010510,ST-005,2,2026-06-22 13:33:00,2026-06-22 13:52:00,9.66,3.09,completed
SE-0011268,ST-042,1,2026-06-25 12:23:00,2026-06-25 12:54:00,19.1,6.11,completed
SE-0008915,ST-001,4,2026-06-14 22:20:00,2026-06-14 23:14:00,21.05,6.74,completed
SE-0003460,ST-041,5,2026-05-17 22:29:00,2026-05-17 23:48:00,37.12,11.88,completed
SE-0007865,ST-023,1,2026-06-08 10:21:00,2026-06-08 10:57:00,17.61,5.64,completed
SE-0000807,ST-034,4,2026-05-04 02:10:00,2026-05-04 03:03:00,40.7,13.02,completed
SE-0009648,ST-022,2,2026-06-17 01:40:00,2026-06-17 02:47:00,31.52,10.09,completed
SE-0008676,ST-041,4,2026-06-12 16:37:00,2026-06-12 17:15:00,27.17,8.69,completed
SE-0000642,ST-006,3,2026-05-04 20:07:00,2026-05-04 21:07:00,31.41,10.05,completed
SE-0010525,ST-009,1,2026-06-22 16:47:00,2026-06-22 17:38:00,25.42,8.13,completed
SE-0011283,ST-003,2,2026-06-26 13:28:00,2026-06-26 14:08:00,32.76,10.48,completed
SE-0000147,ST-033,2,2026-05-01 15:12:00,2026-05-01 15:28:00,8.56,2.74,completed
SE-0009916,ST-035,1,2026-06-18 01:27:00,2026-06-18 01:59:00,14.38,4.6,completed
SE-0000820,ST-039,1,2026-05-04 11:56:00,2026-05-04 12:29:00,25.08,8.03,completed
SE-0011410,ST-025,1,2026-06-26 07:13:00,2026-06-26 08:02:00,37.13,11.88,completed
SE-0001949,ST-022,4,2026-05-10 08:10:00,2026-05-10 08:53:00,17.95,5.74,completed
SE-0009402,ST-010,2,2026-06-16 11:05:00,2026-06-16 11:36:00,18.26,5.84,completed
SE-0008028,ST-019,3,2026-06-09 01:40:00,2026-06-09 02:34:00,38.39,12.28,completed
SE-0008804,ST-015,2,2026-06-13 12:34:00,2026-06-13 12:50:00,9.86,3.16,completed
SE-0001888,ST-008,1,2026-05-10 19:10:00,2026-05-10 20:20:00,40.61,13.0,completed
SE-0003247,ST-033,2,2026-05-16 14:50:00,2026-05-16 15:27:00,16.87,5.4,completed
SE-0010304,ST-003,2,2026-06-21 16:51:00,2026-06-21 17:02:00,7.55,2.42,completed
SE-0001974,ST-025,2,2026-05-10 00:59:00,2026-05-10 01:28:00,13.2,4.22,completed
SE-0002341,ST-014,1,2026-05-12 05:38:00,2026-05-12 06:45:00,31.82,10.18,completed
SE-0007350,ST-006,4,2026-06-06 12:01:00,2026-06-06 12:56:00,17.38,5.56,aborted
SE-0007240,ST-022,5,2026-06-05 00:32:00,2026-06-05 01:05:00,20.32,6.5,completed
SE-0010964,ST-017,2,2026-06-24 23:56:00,2026-06-25 00:32:00,24510,7.84,completed
SE-0003392,ST-021,2,2026-05-17 21:35:00,2026-05-17 22:28:00,26.71,8.55,completed
SE-0006588,ST-012,2,2026-06-02 15:03:00,2026-06-02 15:50:00,17.18,5.5,completed
SE-0010364,ST-014,5,2026-06-21 00:19:00,2026-06-21 01:05:00,33.71,10.79,completed
SE-0007761,ST-006,3,2026-06-08 08:16:00,2026-06-08 08:30:00,6.87,2.2,completed
SE-0002755,ST-014,6,2026-05-14 04:17:00,2026-05-14 05:00:00,35.51,11.36,completed
SE-0003838,ST-033,1,2026-05-19 04:20:00,2026-05-19 04:43:00,14.95,4.78,completed
SE-0006152,ST-001,4,2026-05-31 15:23:00,2026-05-31 16:08:00,26.21,8.39,completed
SE-0011113,ST-005,1,2026-06-25 06:51:00,2026-06-25 07:25:00,20.57,6.58,completed
SE-0011751,ST-014,2,2026-06-28 21:11:00,2026-06-28 22:00:00,16.33,5.23,completed
SE-0001304,ST-014,4,2026-05-07 09:43:00,2026-05-07 10:25:00,23.88,7.64,completed
SE-0006586,ST-011,1,2026-06-02 02:10:00,2026-06-02 02:43:00,18.64,5.96,completed
SE-0011590,ST-022,5,2026-06-27 08:13:00,2026-06-27 08:50:00,13.53,4.33,completed
SE-0011629,ST-033,1,2026-06-27 04:10:00,2026-06-27 05:24:00,29.8,9.54,completed
SE-0002267,ST-001,1,2026-05-12 10:48:00,2026-05-12 11:33:00,18.79,6.01,completed
SE-0002473,ST-003,1,2026-05-13 17:18:00,2026-05-13 18:00:00,15.53,4.97,completed
SE-0004225,ST-033,2,2026-05-21 14:47:00,2026-05-21 15:26:00,17.11,5.48,completed
SE-0005372,ST-015,2,2026-05-27 10:26:00,2026-05-27 11:01:00,25.78,8.25,completed
SE-0007994,ST-014,6,2026-06-09 13:20:00,2026-06-09 14:08:00,18.06,5.78,completed
SE-0005665,ST-026,5,2026-05-28 10:15:00,2026-05-28 11:22:00,45.86,,completed
SE-0010863,ST-041,5,2026-06-23 02:55:00,2026-06-23 03:37:00,19.2,,completed
SE-0007748,ST-003,2,2026-06-08 14:37:00,2026-06-08 15:08:00,20.41,6.53,completed
SE-0001698,ST-014,3,2026-05-09 11:54:00,2026-05-09 12:41:00,35.46,11.35,completed
SE-0005297,ST-003,2,2026-05-27 02:47:00,2026-05-27 03:08:00,10.18,3.26,completed
SE-0010135,ST-006,5,2026-06-20 19:55:00,2026-06-20 20:38:00,25.36,8.12,completed
SE-0001625,ST-034,3,2026-05-08 17:26:00,2026-05-08 17:45:00,8.97,2.87,completed
SE-0011155,ST-014,6,2026-06-25 20:53:00,2026-06-25 21:31:00,14.38,4.6,completed
SE-0001902,ST-012,1,2026-05-10 17:50:00,2026-05-10 18:35:00,17.84,5.71,completed
SE-0009495,ST-028,1,2026-06-16 13:27:00,2026-06-16 14:12:00,5.74,1.84,completed
SE-0009006,ST-015,1,2026-06-14 22:21:00,2026-06-14 22:52:00,2.51,0.8,completed
SE-0007571,ST-009,1,2026-06-07 01:04:00,2026-06-07 01:33:00,13.81,4.42,completed
SE-0007047,ST-025,1,2026-06-04 21:46:00,2026-06-04 22:59:00,53.68,17.18,completed
SE-0009140,ST-001,2,2026-06-15 02:58:00,2026-06-15 04:12:00,50.65,16.21,completed
SE-0008611,ST-022,5,2026-06-12 07:41:00,2026-06-12 08:00:00,11.94,3.82,completed
SE-0007816,ST-016,2,2026-06-08 08:18:00,2026-06-08 08:31:00,5.56,1.78,completed
SE-0011186,ST-021,4,2026-06-25 03:56:00,2026-06-25 04:43:00,15.92,5.09,completed
SE-0006323,ST-041,5,2026-05-31 09:59:00,2026-05-31 10:59:00,31.11,9.96,completed
SE-0003505,ST-005,1,2026-05-18 02:58:00,2026-05-18 03:40:00,24.66,7.89,completed
SE-0008116,ST-004,4,2026-06-10 01:28:00,2026-06-10 02:11:00,24.21,7.75,completed
SE-0009633,ST-017,2,2026-06-17 06:24:00,2026-06-17 07:01:00,22070,7.06,completed
SE-0000673,ST-014,2,2026-05-04 15:56:00,2026-05-04 17:02:00,40.33,12.91,completed
SE-0008577,ST-015,1,2026-06-12 15:31:00,2026-06-12 15:56:00,16.4,5.25,completed
SE-0008660,ST-034,1,2026-06-12 18:39:00,2026-06-12 19:35:00,34.78,11.13,completed
SE-0011741,ST-013,2,2026-06-28 18:40:00,2026-06-28 19:06:00,19.45,6.22,completed
SE-0003346,ST-009,2,2026-05-17 11:27:00,2026-05-17 11:47:00,9.92,3.17,completed
SE-0002507,ST-008,1,2026-05-13 18:45:00,2026-05-13 19:32:00,30.23,9.67,completed
SE-0009658,ST-023,1,2026-06-17 18:57:00,2026-06-17 19:36:00,34.11,10.92,completed
SE-0000796,ST-033,2,2026-05-04 06:57:00,2026-05-04 07:03:00,4.14,1.32,completed
SE-0000486,ST-017,2,2026-05-03 11:43:00,2026-05-03 12:20:00,26370,8.44,completed
SE-0004770,ST-016,1,2026-05-24 01:23:00,2026-05-24 01:48:00,17.51,5.6,completed
SE-0006101,ST-031,5,2026-05-30 14:24:00,2026-05-30 15:11:00,29.64,9.48,completed
SE-0007434,ST-023,2,2026-06-06 05:04:00,2026-06-06 05:57:00,26.42,8.45,completed
SE-0006463,ST-023,1,2026-06-01 22:32:00,2026-06-01 23:43:00,35.84,11.47,completed
SE-0006388,ST-008,2,2026-06-01 01:56:00,2026-06-01 02:06:00,5.25,1.68,completed
SE-0005877,ST-028,1,2026-05-29 10:07:00,2026-05-29 10:55:00,27.2,8.7,completed
SE-0005161,ST-015,1,2026-05-26 14:57:00,2026-05-26 15:14:00,12.69,4.06,completed
SE-0004637,ST-028,1,2026-05-23 09:01:00,2026-05-23 09:57:00,37.42,11.97,completed
SE-0010902,ST-006,6,2026-06-24 13:03:00,2026-06-24 13:22:00,11.1,3.55,completed
SE-0011476,ST-002,2,2026-06-27 11:56:00,2026-06-27 13:04:00,47.35,15.15,completed
SE-0000864,ST-005,1,2026-05-05 17:15:00,2026-05-05 17:33:00,16.38,5.24,completed
SE-0010797,ST-023,2,2026-06-23 04:34:00,2026-06-23 05:41:00,43.95,14.06,completed
SE-0007478,ST-033,2,2026-06-06 07:29:00,2026-06-06 08:36:00,12.66,4.05,completed
SE-0006994,ST-014,5,2026-06-04 20:56:00,2026-06-04 21:52:00,48.09,,completed
SE-0010786,ST-022,4,2026-06-23 17:14:00,2026-06-23 17:39:00,8.6,2.75,completed
SE-0000096,ST-021,6,2026-05-01 09:45:00,2026-05-01 10:22:00,40.9,13.09,completed
SE-0002224,ST-033,1,2026-05-11 15:09:00,2026-05-11 15:52:00,24.15,7.73,completed
SE-0004733,ST-007,2,2026-05-24 11:07:00,2026-05-24 12:30:00,58.43,18.7,completed
SE-0000998,ST-033,2,2026-05-05 11:09:00,2026-05-05 12:05:00,13.66,4.37,completed
SE-0011055,ST-041,6,2026-06-24 14:47:00,2026-06-24 15:29:00,24.67,7.89,completed
SE-0010766,ST-017,1,2026-06-23 07:16:00,2026-06-23 07:24:00,2740,0.88,completed
SE-0010093,ST-037,4,2026-06-19 10:10:00,2026-06-19 11:02:00,34.45,11.02,completed
SE-0011933,ST-014,2,2026-06-29 20:04:00,2026-06-29 20:13:00,4.72,,completed
SE-0007856,ST-023,1,2026-06-08 17:09:00,2026-06-08 17:51:00,37.21,11.91,completed
SE-0000081,ST-017,1,2026-05-01 08:39:00,2026-05-01 09:37:00,33370,10.68,completed
SE-0000758,ST-023,2,2026-05-04 14:06:00,2026-05-04 14:32:00,1.77,0.57,faulted
SE-0005627,ST-022,1,2026-05-28 12:45:00,2026-05-28 13:13:00,14.39,4.6,completed
SE-0009717,ST-036,4,2026-06-17 08:36:00,2026-06-17 09:33:00,32.03,10.25,completed
SE-0009987,ST-008,1,2026-06-19 20:49:00,2026-06-19 21:56:00,29.82,9.54,completed
SE-0008911,ST-041,3,2026-06-13 12:18:00,2026-06-13 13:04:00,28.06,8.98,completed
SE-0006438,ST-017,1,2026-06-01 23:20:00,2026-06-01 23:54:00,16350,5.23,completed
SE-0011382,ST-022,4,2026-06-26 12:37:00,2026-06-26 13:27:00,25.35,8.11,completed
SE-0005165,ST-015,2,2026-05-26 12:19:00,2026-05-26 12:44:00,16.48,5.27,completed
SE-0007203,ST-015,1,2026-06-05 01:15:00,2026-06-05 02:25:00,60.74,19.44,completed
SE-0005661,ST-025,1,2026-05-28 13:40:00,2026-05-28 14:02:00,11.72,3.75,completed
SE-0009851,ST-022,3,2026-06-18 08:24:00,2026-06-18 09:07:00,30.72,9.83,completed
SE-0006822,ST-015,2,2026-06-03 05:43:00,2026-06-03 06:15:00,13.78,4.41,completed
SE-0001555,ST-017,1,2026-05-08 02:46:00,2026-05-08 03:04:00,15570,4.98,completed
SE-0011667,ST-041,5,2026-06-27 21:11:00,2026-06-27 21:42:00,22.26,7.12,completed
SE-0010558,ST-015,1,2026-06-22 11:27:00,2026-06-22 12:03:00,21.89,7.0,completed
SE-0004285,ST-005,1,2026-05-22 01:24:00,2026-05-22 01:43:00,11.94,3.82,completed
SE-0010872,ST-042,4,2026-06-23 11:49:00,2026-06-23 12:32:00,20.96,6.71,completed
SE-0002011,ST-033,1,2026-05-10 10:10:00,2026-05-10 10:41:00,15.54,4.97,completed
SE-0003324,ST-005,2,2026-05-17 18:02:00,2026-05-17 18:36:00,7.23,2.31,completed
SE-0004548,ST-014,5,2026-05-23 00:19:00,2026-05-23 01:01:00,31.44,10.06,completed
SE-0003308,ST-003,2,2026-05-17 17:36:00,2026-05-17 18:32:00,38.78,12.41,completed
SE-0005335,ST-009,2,2026-05-27 02:13:00,2026-05-27 02:57:00,3.1,0.99,completed
SE-0003313,ST-003,1,2026-05-17 21:38:00,2026-05-17 22:00:00,12.53,4.01,completed
SE-0001110,ST-014,3,2026-05-06 23:06:00,2026-05-06 23:50:00,20.48,6.55,completed
SE-0001712,ST-015,2,2026-05-09 16:45:00,2026-05-09 17:06:00,8.07,2.58,completed
SE-0004751,ST-014,2,2026-05-24 13:31:00,2026-05-24 13:37:00,3.74,1.2,completed
SE-0000029,ST-006,2,2026-05-01 10:49:00,2026-05-01 11:04:00,10.29,3.29,completed
SE-0002827,ST-026,2,2026-05-14 12:28:00,2026-05-14 13:29:00,37.83,12.11,completed
SE-0003483,ST-002,2,2026-05-18 05:30:00,2026-05-18 06:40:00,38.11,12.2,completed
SE-0005769,ST-006,6,2026-05-29 01:51:00,2026-05-29 02:34:00,18.67,5.97,completed
SE-0002000,ST-030,4,2026-05-10 00:52:00,2026-05-10 01:18:00,19.32,6.18,completed
SE-0004254,ST-042,5,2026-05-21 13:01:00,2026-05-21 13:58:00,40.37,12.92,completed
SE-0003755,ST-015,1,2026-05-19 13:26:00,2026-05-19 14:07:00,23.12,7.4,completed
SE-0000005,ST-001,1,2026-05-01 21:26:00,2026-05-01 21:57:00,18.93,6.06,completed
SE-0005569,ST-010,2,2026-05-28 15:05:00,2026-05-28 16:11:00,37.08,11.87,completed
SE-0005843,ST-019,1,2026-05-29 19:01:00,2026-05-29 20:04:00,44.27,14.17,completed
SE-0005789,ST-010,1,2026-05-29 17:58:00,2026-05-29 18:32:00,16.88,5.4,completed
SE-0006127,ST-034,1,2026-05-30 21:29:00,2026-05-30 22:36:00,31.25,10.0,completed
SE-0003673,ST-003,1,2026-05-19 10:05:00,2026-05-19 11:01:00,15.7,5.02,completed
SE-0000520,ST-023,2,2026-05-03 23:14:00,2026-05-03 23:31:00,11.46,3.67,aborted
SE-0011074,ST-042,6,2026-06-24 15:46:00,2026-06-24 16:18:00,23.3,7.46,completed
SE-0009455,ST-021,3,2026-06-16 14:49:00,2026-06-16 15:18:00,11.63,3.72,completed
SE-0002535,ST-014,3,2026-05-13 07:28:00,2026-05-13 08:13:00,22.8,7.3,completed
SE-0010622,ST-032,2,2026-06-22 12:58:00,2026-06-22 14:15:00,39.53,12.65,completed
SE-0003568,ST-017,1,2026-05-18 03:58:00,2026-05-18 04:06:00,3560,1.14,completed
SE-0008387,ST-017,1,2026-06-11 20:11:00,2026-06-11 20:47:00,14560,4.66,completed
SE-0001402,ST-031,4,2026-05-07 14:31:00,2026-05-07 15:42:00,41.25,13.2,completed
SE-0006052,ST-021,3,2026-05-30 19:32:00,2026-05-30 19:59:00,14.75,4.72,completed
SE-0005825,ST-016,1,2026-05-29 03:30:00,2026-05-29 04:17:00,23.13,7.4,completed
SE-0004496,ST-005,1,2026-05-23 08:24:00,2026-05-23 09:30:00,24.15,7.73,completed
SE-0000785,ST-029,1,2026-05-04 10:38:00,2026-05-04 11:18:00,31.22,9.99,completed
SE-0005654,ST-025,2,2026-05-28 14:36:00,2026-05-28 15:11:00,18.41,5.89,completed
SE-0009213,ST-014,2,2026-06-15 23:58:00,2026-06-16 00:31:00,15.27,4.89,completed
SE-0009370,ST-006,5,2026-06-16 18:14:00,2026-06-16 19:12:00,39.91,12.77,completed
SE-0004002,ST-025,2,2026-05-20 03:07:00,2026-05-20 03:49:00,19.8,6.34,completed
SE-0002818,ST-025,2,2026-05-14 10:42:00,2026-05-14 11:32:00,24.78,7.93,completed
SE-0010255,ST-038,2,2026-06-20 02:12:00,2026-06-20 02:32:00,9.3,2.98,completed
SE-0011572,ST-016,1,2026-06-27 06:10:00,2026-06-27 06:59:00,35.37,11.32,completed
SE-0004737,ST-009,1,2026-05-24 17:03:00,2026-05-24 17:25:00,12.92,4.13,completed
SE-0005016,ST-025,2,2026-05-25 17:18:00,2026-05-25 17:27:00,4.64,1.48,completed
SE-0003915,ST-009,2,2026-05-20 06:28:00,2026-05-20 07:18:00,17.77,5.69,completed
SE-0008317,ST-005,2,2026-06-11 16:19:00,2026-06-11 16:36:00,5.73,1.83,completed
SE-0004096,ST-005,1,2026-05-21 22:37:00,2026-05-21 23:11:00,23.53,7.53,completed
SE-0003465,ST-041,3,2026-05-17 09:46:00,2026-05-17 10:43:00,43.39,13.88,completed
SE-0009080,ST-025,2,2026-06-14 08:58:00,2026-06-14 09:38:00,12.91,4.13,completed
SE-0004218,ST-033,2,2026-05-21 15:34:00,2026-05-21 16:07:00,17.9,5.73,completed
SE-0003605,ST-025,1,2026-05-18 23:34:00,2026-05-19 00:02:00,12.66,,completed
SE-0010108,ST-041,2,2026-06-19 10:23:00,2026-06-19 10:41:00,10.95,3.5,completed
SE-0006248,ST-018,4,2026-05-31 16:01:00,2026-05-31 16:18:00,11.58,3.71,completed
SE-0006493,ST-029,3,2026-06-01 22:23:00,2026-06-01 22:50:00,5.78,1.85,completed
SE-0010619,ST-030,2,2026-06-22 20:48:00,2026-06-22 20:54:00,2.46,0.79,completed
SE-0008867,ST-029,3,2026-06-13 11:30:00,2026-06-13 12:17:00,39.27,,completed
SE-0010184,ST-017,1,2026-06-20 20:07:00,2026-06-20 20:54:00,19460,6.23,completed
SE-0009770,ST-006,1,2026-06-18 20:33:00,2026-06-18 20:57:00,10.38,3.32,completed
SE-0006826,ST-015,1,2026-06-03 20:10:00,2026-06-03 21:52:00,63.67,20.37,completed
SE-0000484,ST-017,2,2026-05-03 20:29:00,2026-05-03 21:12:00,41510,13.28,completed
SE-0007255,ST-025,1,2026-06-05 05:52:00,2026-06-05 06:40:00,34.59,11.07,completed
SE-0010305,ST-003,2,2026-06-21 10:22:00,2026-06-21 10:42:00,13.43,4.3,completed
SE-0010901,ST-006,3,2026-06-24 23:54:00,2026-06-25 00:01:00,3.58,1.15,completed
SE-0006750,ST-005,2,2026-06-03 10:37:00,2026-06-03 11:43:00,47.34,15.15,completed
SE-0011584,ST-018,2,2026-06-27 14:54:00,2026-06-27 15:47:00,33.62,10.76,completed
SE-0005700,ST-036,2,2026-05-28 10:48:00,2026-05-28 11:46:00,33.56,10.74,completed
SE-0004071,ST-002,1,2026-05-21 03:55:00,2026-05-21 04:38:00,25.71,8.23,completed
SE-0005775,ST-006,5,2026-05-29 13:38:00,2026-05-29 14:16:00,24.56,7.86,completed
SE-0002066,ST-001,1,2026-05-11 03:39:00,2026-05-11 04:36:00,37.27,11.93,completed
SE-0003543,ST-014,2,2026-05-18 06:21:00,2026-05-18 06:29:00,3.33,,completed
SE-0001958,ST-022,5,2026-05-10 00:45:00,2026-05-10 01:35:00,38.28,,completed
SE-0008921,ST-001,4,2026-06-14 21:03:00,2026-06-14 21:57:00,16.9,5.41,aborted
SE-0004348,ST-016,1,2026-05-22 15:14:00,2026-05-22 15:57:00,18.92,6.05,completed
SE-0004553,ST-015,1,2026-05-23 11:39:00,2026-05-23 12:04:00,9.55,3.06,completed
SE-0002480,ST-005,1,2026-05-13 22:02:00,2026-05-13 22:32:00,13.07,4.18,completed
SE-0003216,ST-023,2,2026-05-16 08:04:00,2026-05-16 08:10:00,0.63,0.2,faulted
SE-0004648,ST-032,2,2026-05-23 08:12:00,2026-05-23 08:49:00,13.41,4.29,completed
SE-0010916,ST-007,6,2026-06-24 01:09:00,2026-06-24 02:22:00,46.51,14.88,completed
SE-0003142,ST-012,1,2026-05-16 03:46:00,2026-05-16 03:52:00,3.6,1.15,completed
SE-0009467,ST-022,1,2026-06-16 02:24:00,2026-06-16 02:57:00,23.1,7.39,completed
SE-0009029,ST-017,1,2026-06-14 15:58:00,2026-06-14 16:59:00,31480,10.07,completed
SE-0006721,ST-041,5,2026-06-02 21:51:00,2026-06-02 22:35:00,27.47,8.79,completed
SE-0008356,ST-012,2,2026-06-11 02:52:00,2026-06-11 03:06:00,7.64,2.44,completed
SE-0009028,ST-017,2,2026-06-14 13:27:00,2026-06-14 14:17:00,1500,0.48,completed
SE-0002031,ST-037,3,2026-05-10 16:36:00,2026-05-10 17:29:00,25.78,8.25,completed
SE-0003924,ST-013,1,2026-05-20 23:26:00,2026-05-21 00:37:00,30.75,9.84,completed
SE-0008555,ST-010,2,2026-06-12 03:40:00,2026-06-12 03:48:00,6.21,,completed
SE-0002288,ST-005,2,2026-05-12 04:22:00,2026-05-12 04:28:00,3.66,1.17,completed
SE-0007763,ST-006,1,2026-06-08 08:56:00,2026-06-08 10:01:00,15.43,4.94,completed
SE-0007779,ST-010,2,2026-06-08 06:56:00,2026-06-08 07:28:00,17.57,5.62,aborted
SE-0004240,ST-036,4,2026-05-21 10:08:00,2026-05-21 11:36:00,31.73,10.15,completed
SE-0003827,ST-031,3,2026-05-19 20:50:00,2026-05-19 21:11:00,15.99,5.12,completed
