reading_id,shipment_id,leg_id,timestamp,temp_c
RD-0000001,SH-00001,LG-000001,2026-06-18 08:10:00,38.9
RD-0000002,SH-00001,LG-000001,2026-06-18 08:40:00,40.1
RD-0000003,SH-00001,LG-000001,2026-06-18 09:10:00,39.2
RD-0000004,SH-00001,LG-000001,2026-06-18 09:40:00,38.6
RD-0000005,SH-00001,LG-000001,2026-06-18 10:10:00,43.0
RD-0000006,SH-00001,LG-000001,2026-06-18 10:40:00,39.8
RD-0000007,SH-00001,LG-000001,2026-06-18 11:10:00,38.7
RD-0000008,SH-00001,LG-000001,2026-06-18 11:40:00,40.7
RD-0000009,SH-00001,LG-000001,2026-06-18 12:10:00,-999
RD-0000010,SH-00001,LG-000001,2026-06-18 12:40:00,39.9
RD-0000011,SH-00001,LG-000001,2026-06-18 13:10:00,38.8
RD-0000012,SH-00001,LG-000001,2026-06-18 13:40:00,40.2
RD-0000013,SH-00001,LG-000001,2026-06-18 14:10:00,40.3
RD-0000014,SH-00001,LG-000001,2026-06-18 14:40:00,38.2
RD-0000015,SH-00001,LG-000001,2026-06-18 15:10:00,41.1
RD-0000016,SH-00001,LG-000001,2026-06-18 15:40:00,40.0
RD-0000017,SH-00001,LG-000001,2026-06-18 16:10:00,37.9
RD-0000018,SH-00001,LG-000001,2026-06-18 16:40:00,38.3
RD-0000019,SH-00001,LG-000001,2026-06-18 17:10:00,37.4
RD-0000020,SH-00001,LG-000001,2026-06-18 17:40:00,37.0
RD-0000021,SH-00001,LG-000001,2026-06-18 18:10:00,39.5
RD-0000022,SH-00001,LG-000001,2026-06-18 18:40:00,37.3
RD-0000023,SH-00001,LG-000001,2026-06-18 19:10:00,39.2
RD-0000024,SH-00001,LG-000001,2026-06-18 19:40:00,38.6
RD-0000025,SH-00001,LG-000001,2026-06-18 20:10:00,40.7
RD-0000026,SH-00001,LG-000001,2026-06-18 20:40:00,37.7
RD-0000027,SH-00001,LG-000001,2026-06-18 21:10:00,40.7
RD-0000028,SH-00001,LG-000001,2026-06-18 21:40:00,37.7
RD-0000029,SH-00001,LG-000001,2026-06-18 22:10:00,40.5
RD-0000030,SH-00001,LG-000001,2026-06-18 22:40:00,42.1
RD-0000031,SH-00001,LG-000001,2026-06-18 23:10:00,39.1
RD-0000032,SH-00001,LG-000001,2026-06-18 23:40:00,36.3
RD-0000033,SH-00001,LG-000001,2026-06-19 00:10:00,40.9
RD-0000034,SH-00001,LG-000001,2026-06-19 00:40:00,38.9
RD-0000035,SH-00002,LG-000002,2026-07-22 02:03:00,4.7
RD-0000036,SH-00002,LG-000002,2026-07-22 02:33:00,3.3
RD-0000037,SH-00002,LG-000002,2026-07-22 03:03:00,3.7
RD-0000038,SH-00002,LG-000002,2026-07-22 03:33:00,4.5
RD-0000039,SH-00002,LG-000002,2026-07-22 04:03:00,-999
RD-0000040,SH-00002,LG-000002,2026-07-22 04:33:00,4.7
RD-0000041,SH-00002,LG-000002,2026-07-22 05:03:00,4.2
RD-0000042,SH-00002,LG-000002,2026-07-22 05:33:00,3.0
RD-0000043,SH-00002,LG-000002,2026-07-22 06:03:00,4.3
RD-0000044,SH-00002,LG-000002,2026-07-22 06:33:00,3.3
RD-0000045,SH-00002,LG-000002,2026-07-22 07:03:00,12.5
RD-0000046,SH-00002,LG-000002,2026-07-22 07:33:00,4.3
RD-0000047,SH-00002,LG-000002,2026-07-22 08:03:00,3.6
RD-0000048,SH-00002,LG-000002,2026-07-22 08:33:00,9.1
RD-0000049,SH-00002,LG-000002,2026-07-22 09:03:00,3.8
RD-0000050,SH-00002,LG-000002,2026-07-22 09:33:00,3.4
RD-0000051,SH-00002,LG-000002,2026-07-22 10:03:00,5.5
RD-0000052,SH-00002,LG-000002,2026-07-22 10:33:00,4.7
RD-0000053,SH-00002,LG-000002,2026-07-22 11:03:00,4.0
RD-0000054,SH-00002,LG-000002,2026-07-22 11:33:00,3.4
RD-0000055,SH-00002,LG-000002,2026-07-22 12:03:00,3.9
RD-0000056,SH-00002,LG-000002,2026-07-22 12:33:00,4.3
RD-0000057,SH-00002,LG-000002,2026-07-22 13:03:00,13.6
RD-0000058,SH-00002,LG-000002,2026-07-22 13:33:00,4.1
RD-0000059,SH-00002,LG-000002,2026-07-22 14:03:00,4.1
RD-0000060,SH-00002,LG-000002,2026-07-22 14:33:00,3.7
RD-0000061,SH-00002,LG-000002,2026-07-22 15:03:00,4.8
RD-0000062,SH-00002,LG-000002,2026-07-22 15:33:00,-999
RD-0000063,SH-00002,LG-000002,2026-07-22 16:03:00,9.4
RD-0000064,SH-00002,LG-000002,2026-07-22 16:33:00,4.9
RD-0000065,SH-00002,LG-000002,2026-07-22 17:03:00,4.4
RD-0000066,SH-00002,LG-000002,2026-07-22 17:33:00,5.4
RD-0000067,SH-00002,LG-000002,2026-07-22 18:03:00,2.3
RD-0000068,SH-00002,LG-000002,2026-07-22 18:33:00,12.6
RD-0000069,SH-00002,LG-000002,2026-07-22 19:03:00,3.3
RD-0000070,SH-00002,LG-000002,2026-07-22 19:33:00,3.7
RD-0000071,SH-00002,LG-000002,2026-07-22 20:03:00,4.4
RD-0000072,SH-00002,LG-000002,2026-07-22 20:33:00,10.2
RD-0000073,SH-00002,LG-000002,2026-07-22 21:03:00,4.0
RD-0000074,SH-00002,LG-000002,2026-07-22 21:33:00,3.9
RD-0000075,SH-00002,LG-000002,2026-07-22 22:03:00,2.7
RD-0000076,SH-00002,LG-000002,2026-07-22 22:33:00,3.7
RD-0000077,SH-00002,LG-000002,2026-07-22 23:03:00,4.9
RD-0000078,SH-00002,LG-000002,2026-07-22 23:33:00,5.5
RD-0000079,SH-00002,LG-000002,2026-07-23 00:03:00,3.7
RD-0000080,SH-00002,LG-000002,2026-07-23 00:33:00,2.9
RD-0000081,SH-00002,LG-000002,2026-07-23 01:03:00,4.1
RD-0000082,SH-00002,LG-000002,2026-07-23 01:33:00,3.7
RD-0000083,SH-00002,LG-000002,2026-07-23 02:03:00,2.8
RD-0000084,SH-00002,LG-000002,2026-07-23 02:33:00,3.9
RD-0000085,SH-00002,LG-000002,2026-07-23 03:03:00,3.7
RD-0000086,SH-00002,LG-000002,2026-07-23 03:33:00,3.6
RD-0000087,SH-00002,LG-000002,2026-07-23 04:03:00,10.2
RD-0000088,SH-00002,LG-000002,2026-07-23 04:33:00,3.2
RD-0000089,SH-00002,LG-000002,2026-07-23 05:03:00,3.4
RD-0000090,SH-00002,LG-000002,2026-07-23 05:33:00,4.3
RD-0000091,SH-00002,LG-000002,2026-07-23 06:03:00,3.3
RD-0000092,SH-00002,LG-000002,2026-07-23 06:33:00,4.0
RD-0000093,SH-00002,LG-000002,2026-07-23 07:03:00,7.9
RD-0000094,SH-00002,LG-000002,2026-07-23 07:33:00,3.9
RD-0000095,SH-00002,LG-000002,2026-07-23 08:03:00,3.1
RD-0000096,SH-00002,LG-000002,2026-07-23 08:33:00,8.8
RD-0000097,SH-00003,LG-000003,2026-07-29 08:03:00,3.4
RD-0000098,SH-00003,LG-000003,2026-07-29 08:33:00,2.9
RD-0000099,SH-00003,LG-000003,2026-07-29 09:03:00,4.1
RD-0000100,SH-00003,LG-000003,2026-07-29 09:33:00,4.7
RD-0000101,SH-00003,LG-000003,2026-07-29 10:03:00,4.5
RD-0000102,SH-00003,LG-000003,2026-07-29 10:33:00,2.9
RD-0000103,SH-00003,LG-000003,2026-07-29 11:03:00,6.1
RD-0000104,SH-00003,LG-000003,2026-07-29 11:33:00,3.1
RD-0000105,SH-00003,LG-000003,2026-07-29 12:03:00,3.4
RD-0000106,SH-00003,LG-000003,2026-07-29 12:33:00,3.6
RD-0000107,SH-00003,LG-000003,2026-07-29 13:03:00,3.3
RD-0000108,SH-00003,LG-000003,2026-07-29 13:33:00,5.0
RD-0000109,SH-00003,LG-000003,2026-07-29 14:03:00,5.4
RD-0000110,SH-00003,LG-000003,2026-07-29 14:33:00,3.4
RD-0000111,SH-00003,LG-000003,2026-07-29 15:03:00,5.0
RD-0000112,SH-00003,LG-000003,2026-07-29 15:33:00,3.8
RD-0000113,SH-00003,LG-000003,2026-07-29 16:03:00,5.8
RD-0000114,SH-00003,LG-000003,2026-07-29 16:33:00,3.7
RD-0000115,SH-00003,LG-000003,2026-07-29 17:03:00,3.8
RD-0000116,SH-00003,LG-000003,2026-07-29 17:33:00,2.8
RD-0000117,SH-00003,LG-000003,2026-07-29 18:03:00,3.1
RD-0000118,SH-00003,LG-000003,2026-07-29 18:33:00,5.7
RD-0000119,SH-00003,LG-000003,2026-07-29 19:03:00,3.7
RD-0000120,SH-00003,LG-000003,2026-07-29 19:33:00,3.2
RD-0000121,SH-00003,LG-000004,2026-07-29 20:03:00,4.4
RD-0000122,SH-00003,LG-000004,2026-07-29 20:33:00,2.6
RD-0000123,SH-00003,LG-000004,2026-07-29 21:03:00,3.1
RD-0000124,SH-00003,LG-000004,2026-07-29 21:33:00,3.2
RD-0000125,SH-00003,LG-000004,2026-07-29 22:03:00,3.8
RD-0000126,SH-00003,LG-000004,2026-07-29 22:33:00,2.8
RD-0000127,SH-00003,LG-000004,2026-07-29 23:03:00,3.7
RD-0000128,SH-00003,LG-000004,2026-07-29 23:33:00,3.7
RD-0000129,SH-00003,LG-000004,2026-07-30 00:03:00,-999
RD-0000130,SH-00003,LG-000004,2026-07-30 00:33:00,5.6
RD-0000131,SH-00003,LG-000004,2026-07-30 01:03:00,4.6
RD-0000132,SH-00003,LG-000004,2026-07-30 01:33:00,4.7
RD-0000133,SH-00003,LG-000004,2026-07-30 02:03:00,5.0
RD-0000134,SH-00003,LG-000004,2026-07-30 02:33:00,3.9
RD-0000135,SH-00003,LG-000004,2026-07-30 03:03:00,4.0
RD-0000136,SH-00003,LG-000004,2026-07-30 03:33:00,3.4
RD-0000137,SH-00003,LG-000004,2026-07-30 04:03:00,3.1
RD-0000138,SH-00003,LG-000004,2026-07-30 04:33:00,4.0
RD-0000139,SH-00003,LG-000004,2026-07-30 05:03:00,4.0
RD-0000140,SH-00003,LG-000004,2026-07-30 05:33:00,4.1
RD-0000141,SH-00003,LG-000004,2026-07-30 06:03:00,3.5
RD-0000142,SH-00003,LG-000004,2026-07-30 06:33:00,3.7
RD-0000143,SH-00003,LG-000004,2026-07-30 07:03:00,4.0
RD-0000144,SH-00003,LG-000004,2026-07-30 07:33:00,5.3
RD-0000145,SH-00003,LG-000005,2026-07-30 08:03:00,3.4
RD-0000146,SH-00003,LG-000005,2026-07-30 08:33:00,-999
RD-0000147,SH-00003,LG-000005,2026-07-30 09:03:00,2.9
RD-0000148,SH-00003,LG-000005,2026-07-30 09:33:00,3.7
RD-0000149,SH-00003,LG-000005,2026-07-30 10:03:00,3.8
RD-0000150,SH-00003,LG-000005,2026-07-30 10:33:00,4.1
RD-0000151,SH-00003,LG-000005,2026-07-30 11:03:00,3.6
RD-0000152,SH-00003,LG-000005,2026-07-30 11:33:00,3.0
RD-0000153,SH-00003,LG-000005,2026-07-30 12:03:00,5.0
RD-0000154,SH-00003,LG-000005,2026-07-30 12:33:00,3.1
RD-0000155,SH-00003,LG-000005,2026-07-30 13:03:00,3.9
RD-0000156,SH-00003,LG-000005,2026-07-30 13:33:00,4.4
RD-0000157,SH-00003,LG-000005,2026-07-30 14:03:00,4.6
RD-0000158,SH-00003,LG-000005,2026-07-30 14:33:00,5.5
RD-0000159,SH-00003,LG-000005,2026-07-30 15:03:00,4.7
RD-0000160,SH-00003,LG-000005,2026-07-30 15:33:00,4.1
RD-0000161,SH-00003,LG-000005,2026-07-30 16:03:00,-999
RD-0000162,SH-00003,LG-000005,2026-07-30 16:33:00,5.8
RD-0000163,SH-00003,LG-000005,2026-07-30 17:03:00,3.6
RD-0000164,SH-00003,LG-000005,2026-07-30 17:33:00,4.0
RD-0000165,SH-00003,LG-000005,2026-07-30 18:03:00,5.3
RD-0000166,SH-00003,LG-000005,2026-07-30 18:33:00,3.5
RD-0000167,SH-00003,LG-000005,2026-07-30 19:03:00,6.7
RD-0000168,SH-00003,LG-000005,2026-07-30 19:33:00,3.7
RD-0000169,SH-00004,LG-000006,2026-08-28 01:02:00,4.2
RD-0000170,SH-00004,LG-000006,2026-08-28 01:32:00,3.9
RD-0000171,SH-00004,LG-000006,2026-08-28 02:02:00,3.8
RD-0000172,SH-00004,LG-000006,2026-08-28 02:32:00,6.1
RD-0000173,SH-00004,LG-000006,2026-08-28 03:02:00,3.8
RD-0000174,SH-00004,LG-000006,2026-08-28 03:32:00,4.5
RD-0000175,SH-00004,LG-000006,2026-08-28 04:02:00,4.0
RD-0000176,SH-00004,LG-000006,2026-08-28 04:32:00,4.1
RD-0000177,SH-00004,LG-000006,2026-08-28 05:02:00,3.7
RD-0000178,SH-00004,LG-000006,2026-08-28 05:32:00,4.1
RD-0000179,SH-00004,LG-000006,2026-08-28 06:02:00,4.3
RD-0000180,SH-00004,LG-000006,2026-08-28 06:32:00,5.0
RD-0000181,SH-00004,LG-000006,2026-08-28 07:02:00,4.3
RD-0000182,SH-00004,LG-000006,2026-08-28 07:32:00,3.5
RD-0000183,SH-00004,LG-000006,2026-08-28 08:02:00,3.8
RD-0000184,SH-00004,LG-000006,2026-08-28 08:32:00,4.1
RD-0000185,SH-00004,LG-000006,2026-08-28 09:02:00,4.1
RD-0000186,SH-00004,LG-000006,2026-08-28 09:32:00,4.3
RD-0000187,SH-00004,LG-000006,2026-08-28 10:02:00,3.3
RD-0000188,SH-00004,LG-000006,2026-08-28 10:32:00,3.4
RD-0000189,SH-00004,LG-000006,2026-08-28 11:02:00,3.4
RD-0000190,SH-00004,LG-000006,2026-08-28 11:32:00,5.1
RD-0000191,SH-00004,LG-000006,2026-08-28 12:02:00,3.2
RD-0000192,SH-00004,LG-000006,2026-08-28 12:32:00,5.3
RD-0000193,SH-00004,LG-000006,2026-08-28 13:02:00,3.6
RD-0000194,SH-00004,LG-000006,2026-08-28 13:32:00,4.1
RD-0000195,SH-00004,LG-000006,2026-08-28 14:02:00,4.8
RD-0000196,SH-00004,LG-000006,2026-08-28 14:32:00,4.3
RD-0000197,SH-00004,LG-000006,2026-08-28 15:02:00,4.1
RD-0000198,SH-00004,LG-000006,2026-08-28 15:32:00,3.3
RD-0000199,SH-00005,LG-000007,2026-06-02 13:25:00,4.5
RD-0000200,SH-00005,LG-000007,2026-06-02 13:55:00,4.6
RD-0000201,SH-00005,LG-000007,2026-06-02 14:25:00,4.8
RD-0000202,SH-00005,LG-000007,2026-06-02 14:55:00,6.8
RD-0000203,SH-00005,LG-000007,2026-06-02 15:25:00,5.0
RD-0000204,SH-00005,LG-000007,2026-06-02 15:55:00,5.9
RD-0000205,SH-00005,LG-000007,2026-06-02 16:25:00,4.4
RD-0000206,SH-00005,LG-000007,2026-06-02 16:55:00,5.7
RD-0000207,SH-00005,LG-000007,2026-06-02 17:25:00,5.4
RD-0000208,SH-00005,LG-000007,2026-06-02 17:55:00,4.1
RD-0000209,SH-00005,LG-000007,2026-06-02 18:25:00,4.1
RD-0000210,SH-00005,LG-000007,2026-06-02 18:55:00,5.4
RD-0000211,SH-00005,LG-000007,2026-06-02 19:25:00,6.7
RD-0000212,SH-00005,LG-000007,2026-06-02 19:55:00,4.7
RD-0000213,SH-00005,LG-000007,2026-06-02 20:25:00,3.6
RD-0000214,SH-00005,LG-000007,2026-06-02 20:55:00,4.8
RD-0000215,SH-00005,LG-000007,2026-06-02 21:25:00,3.6
RD-0000216,SH-00005,LG-000007,2026-06-02 21:55:00,5.6
RD-0000217,SH-00005,LG-000007,2026-06-02 22:25:00,5.3
RD-0000218,SH-00005,LG-000007,2026-06-02 22:55:00,4.8
RD-0000219,SH-00005,LG-000007,2026-06-02 23:25:00,7.2
RD-0000220,SH-00005,LG-000007,2026-06-02 23:55:00,5.4
RD-0000221,SH-00005,LG-000007,2026-06-03 00:25:00,4.0
RD-0000222,SH-00005,LG-000007,2026-06-03 00:55:00,4.1
RD-0000223,SH-00005,LG-000007,2026-06-03 01:25:00,5.5
RD-0000224,SH-00005,LG-000007,2026-06-03 01:55:00,3.8
RD-0000225,SH-00005,LG-000007,2026-06-03 02:25:00,4.4
RD-0000226,SH-00005,LG-000007,2026-06-03 02:55:00,4.3
RD-0000227,SH-00005,LG-000007,2026-06-03 03:25:00,5.1
RD-0000228,SH-00005,LG-000007,2026-06-03 03:55:00,5.1
RD-0000229,SH-00005,LG-000007,2026-06-03 04:25:00,5.2
RD-0000230,SH-00005,LG-000007,2026-06-03 04:55:00,5.6
RD-0000231,SH-00005,LG-000007,2026-06-03 05:25:00,5.5
RD-0000232,SH-00005,LG-000007,2026-06-03 05:55:00,5.3
RD-0000233,SH-00005,LG-000007,2026-06-03 06:25:00,5.9
RD-0000234,SH-00005,LG-000007,2026-06-03 06:55:00,4.6
RD-0000235,SH-00005,LG-000007,2026-06-03 07:25:00,4.6
RD-0000236,SH-00005,LG-000007,2026-06-03 07:55:00,6.1
RD-0000237,SH-00005,LG-000007,2026-06-03 08:25:00,4.8
RD-0000238,SH-00005,LG-000007,2026-06-03 08:55:00,4.6
RD-0000239,SH-00005,LG-000007,2026-06-03 09:25:00,5.1
RD-0000240,SH-00005,LG-000007,2026-06-03 09:55:00,4.9
RD-0000241,SH-00005,LG-000007,2026-06-03 10:25:00,4.0
RD-0000242,SH-00005,LG-000007,2026-06-03 10:55:00,3.3
RD-0000243,SH-00005,LG-000007,2026-06-03 11:25:00,5.7
RD-0000244,SH-00005,LG-000007,2026-06-03 11:55:00,4.5
RD-0000245,SH-00005,LG-000007,2026-06-03 12:25:00,3.8
RD-0000246,SH-00005,LG-000007,2026-06-03 12:55:00,4.4
RD-0000247,SH-00005,LG-000007,2026-06-03 13:25:00,4.9
RD-0000248,SH-00005,LG-000007,2026-06-03 13:55:00,4.4
RD-0000249,SH-00005,LG-000007,2026-06-03 14:25:00,5.0
RD-0000250,SH-00005,LG-000007,2026-06-03 14:55:00,3.6
RD-0000251,SH-00005,LG-000007,2026-06-03 15:25:00,4.6
RD-0000252,SH-00005,LG-000007,2026-06-03 15:55:00,4.9
RD-0000253,SH-00005,LG-000007,2026-06-03 16:25:00,4.1
RD-0000254,SH-00005,LG-000007,2026-06-03 16:55:00,3.3
RD-0000255,SH-00005,LG-000007,2026-06-03 17:25:00,5.6
RD-0000256,SH-00005,LG-000007,2026-06-03 17:55:00,5.0
RD-0000257,SH-00005,LG-000007,2026-06-03 18:25:00,5.4
RD-0000258,SH-00005,LG-000007,2026-06-03 18:55:00,5.7
RD-0000259,SH-00005,LG-000007,2026-06-03 19:25:00,4.9
RD-0000260,SH-00005,LG-000007,2026-06-03 19:55:00,5.7
RD-0000261,SH-00005,LG-000007,2026-06-03 20:25:00,3.9
RD-0000262,SH-00005,LG-000007,2026-06-03 20:55:00,5.7
RD-0000263,SH-00005,LG-000007,2026-06-03 21:25:00,4.6
RD-0000264,SH-00005,LG-000007,2026-06-03 21:55:00,4.9
RD-0000265,SH-00005,LG-000007,2026-06-03 22:25:00,6.5
RD-0000266,SH-00005,LG-000007,2026-06-03 22:55:00,4.2
RD-0000267,SH-00005,LG-000007,2026-06-03 23:25:00,5.3
RD-0000268,SH-00005,LG-000007,2026-06-03 23:55:00,5.2
RD-0000269,SH-00005,LG-000007,2026-06-04 00:25:00,3.5
RD-0000270,SH-00005,LG-000007,2026-06-04 00:55:00,4.4
RD-0000271,SH-00005,LG-000007,2026-06-04 01:25:00,5.1
RD-0000272,SH-00005,LG-000007,2026-06-04 01:55:00,3.1
RD-0000273,SH-00005,LG-000007,2026-06-04 02:25:00,3.6
RD-0000274,SH-00005,LG-000007,2026-06-04 02:55:00,3.8
RD-0000275,SH-00005,LG-000007,2026-06-04 03:25:00,5.3
RD-0000276,SH-00005,LG-000007,2026-06-04 03:55:00,5.0
RD-0000277,SH-00005,LG-000007,2026-06-04 04:25:00,5.2
RD-0000278,SH-00005,LG-000007,2026-06-04 04:55:00,4.4
RD-0000279,SH-00006,LG-000008,2026-06-01 20:32:00,5.8
RD-0000280,SH-00006,LG-000008,2026-06-01 21:02:00,5.0
RD-0000281,SH-00006,LG-000008,2026-06-01 21:32:00,4.0
RD-0000282,SH-00006,LG-000008,2026-06-01 22:02:00,5.3
RD-0000283,SH-00006,LG-000008,2026-06-01 22:32:00,5.8
RD-0000284,SH-00006,LG-000008,2026-06-01 23:02:00,4.5
RD-0000285,SH-00006,LG-000008,2026-06-01 23:32:00,4.9
RD-0000286,SH-00006,LG-000008,2026-06-02 00:02:00,7.3
RD-0000287,SH-00006,LG-000008,2026-06-02 00:32:00,6.2
RD-0000288,SH-00006,LG-000008,2026-06-02 01:02:00,4.7
RD-0000289,SH-00006,LG-000008,2026-06-02 01:32:00,5.5
RD-0000290,SH-00006,LG-000008,2026-06-02 02:02:00,4.8
RD-0000291,SH-00006,LG-000008,2026-06-02 02:32:00,5.4
RD-0000292,SH-00006,LG-000008,2026-06-02 03:02:00,4.9
RD-0000293,SH-00006,LG-000008,2026-06-02 03:32:00,5.1
RD-0000294,SH-00006,LG-000008,2026-06-02 04:02:00,5.5
RD-0000295,SH-00006,LG-000008,2026-06-02 04:32:00,4.4
RD-0000296,SH-00006,LG-000008,2026-06-02 05:02:00,5.8
RD-0000297,SH-00006,LG-000009,2026-06-02 05:32:00,4.4
RD-0000298,SH-00006,LG-000009,2026-06-02 06:02:00,4.5
RD-0000299,SH-00006,LG-000009,2026-06-02 06:32:00,5.6
RD-0000300,SH-00006,LG-000009,2026-06-02 07:02:00,5.7
RD-0000301,SH-00006,LG-000009,2026-06-02 07:32:00,4.7
RD-0000302,SH-00006,LG-000009,2026-06-02 08:02:00,5.2
RD-0000303,SH-00006,LG-000009,2026-06-02 08:32:00,4.3
RD-0000304,SH-00006,LG-000009,2026-06-02 09:02:00,5.8
RD-0000305,SH-00006,LG-000009,2026-06-02 09:32:00,4.5
RD-0000306,SH-00006,LG-000009,2026-06-02 10:02:00,5.4
RD-0000307,SH-00006,LG-000009,2026-06-02 10:32:00,5.6
RD-0000308,SH-00006,LG-000009,2026-06-02 11:02:00,5.7
RD-0000309,SH-00006,LG-000009,2026-06-02 11:32:00,15.0
RD-0000310,SH-00006,LG-000009,2026-06-02 12:02:00,5.0
RD-0000311,SH-00006,LG-000009,2026-06-02 12:32:00,3.8
RD-0000312,SH-00006,LG-000009,2026-06-02 13:02:00,5.1
RD-0000313,SH-00006,LG-000009,2026-06-02 13:32:00,5.4
RD-0000314,SH-00006,LG-000009,2026-06-02 14:02:00,10.7
RD-0000315,SH-00007,LG-000010,2026-08-26 21:39:00,4.2
RD-0000316,SH-00007,LG-000010,2026-08-26 22:09:00,4.0
RD-0000317,SH-00007,LG-000010,2026-08-26 22:39:00,3.8
RD-0000318,SH-00007,LG-000010,2026-08-26 23:09:00,3.8
RD-0000319,SH-00007,LG-000010,2026-08-26 23:39:00,5.1
RD-0000320,SH-00007,LG-000010,2026-08-27 00:09:00,2.1
RD-0000321,SH-00007,LG-000010,2026-08-27 00:39:00,3.6
RD-0000322,SH-00007,LG-000010,2026-08-27 01:09:00,4.5
RD-0000323,SH-00007,LG-000011,2026-08-27 01:39:00,3.7
RD-0000324,SH-00007,LG-000011,2026-08-27 02:09:00,4.5
RD-0000325,SH-00007,LG-000011,2026-08-27 02:39:00,3.8
RD-0000326,SH-00007,LG-000011,2026-08-27 03:09:00,3.2
RD-0000327,SH-00007,LG-000011,2026-08-27 03:39:00,3.9
RD-0000328,SH-00007,LG-000011,2026-08-27 04:09:00,4.6
RD-0000329,SH-00007,LG-000011,2026-08-27 04:39:00,4.9
RD-0000330,SH-00007,LG-000011,2026-08-27 05:09:00,3.9
RD-0000331,SH-00007,LG-000012,2026-08-27 05:39:00,5.3
RD-0000332,SH-00007,LG-000012,2026-08-27 06:09:00,3.9
RD-0000333,SH-00007,LG-000012,2026-08-27 06:39:00,3.6
RD-0000334,SH-00007,LG-000012,2026-08-27 07:09:00,4.9
RD-0000335,SH-00007,LG-000012,2026-08-27 07:39:00,4.6
RD-0000336,SH-00007,LG-000012,2026-08-27 08:09:00,3.7
RD-0000337,SH-00007,LG-000012,2026-08-27 08:39:00,3.6
RD-0000338,SH-00007,LG-000012,2026-08-27 09:09:00,3.8
RD-0000339,SH-00008,LG-000013,2026-07-28 23:43:00,3.8
RD-0000340,SH-00008,LG-000013,2026-07-29 00:13:00,4.0
RD-0000341,SH-00008,LG-000013,2026-07-29 00:43:00,3.8
RD-0000342,SH-00008,LG-000013,2026-07-29 01:13:00,5.1
RD-0000343,SH-00008,LG-000013,2026-07-29 01:43:00,4.0
RD-0000344,SH-00008,LG-000013,2026-07-29 02:13:00,3.9
RD-0000345,SH-00008,LG-000013,2026-07-29 02:43:00,4.3
RD-0000346,SH-00008,LG-000013,2026-07-29 03:13:00,6.9
RD-0000347,SH-00008,LG-000013,2026-07-29 03:43:00,5.3
RD-0000348,SH-00008,LG-000013,2026-07-29 04:13:00,4.7
RD-0000349,SH-00008,LG-000013,2026-07-29 04:43:00,4.5
RD-0000350,SH-00008,LG-000013,2026-07-29 05:13:00,4.6
RD-0000351,SH-00008,LG-000013,2026-07-29 05:43:00,6.3
RD-0000352,SH-00008,LG-000013,2026-07-29 06:13:00,5.5
RD-0000353,SH-00008,LG-000013,2026-07-29 06:43:00,3.9
RD-0000354,SH-00008,LG-000013,2026-07-29 07:13:00,5.4
RD-0000355,SH-00008,LG-000014,2026-07-29 07:43:00,41.6
RD-0000356,SH-00008,LG-000014,2026-07-29 08:13:00,41.7
RD-0000357,SH-00008,LG-000014,2026-07-29 08:43:00,40.8
RD-0000358,SH-00008,LG-000014,2026-07-29 09:13:00,43.5
RD-0000359,SH-00008,LG-000014,2026-07-29 09:43:00,41.9
RD-0000360,SH-00008,LG-000014,2026-07-29 10:13:00,43.1
RD-0000361,SH-00008,LG-000014,2026-07-29 10:43:00,40.9
RD-0000362,SH-00008,LG-000014,2026-07-29 11:13:00,39.0
RD-0000363,SH-00008,LG-000014,2026-07-29 11:43:00,41.8
RD-0000364,SH-00008,LG-000014,2026-07-29 12:13:00,41.5
RD-0000365,SH-00008,LG-000014,2026-07-29 12:43:00,41.9
RD-0000366,SH-00008,LG-000014,2026-07-29 13:13:00,39.6
RD-0000367,SH-00008,LG-000014,2026-07-29 13:43:00,45.1
RD-0000368,SH-00008,LG-000014,2026-07-29 14:13:00,41.6
RD-0000369,SH-00008,LG-000014,2026-07-29 14:43:00,41.4
RD-0000370,SH-00008,LG-000014,2026-07-29 15:13:00,42.0
RD-0000371,SH-00009,LG-000015,2026-06-24 16:13:00,-18.6
RD-0000372,SH-00009,LG-000015,2026-06-24 16:43:00,-19.7
RD-0000373,SH-00009,LG-000015,2026-06-24 17:13:00,-17.1
RD-0000374,SH-00009,LG-000015,2026-06-24 17:43:00,-17.0
RD-0000375,SH-00009,LG-000015,2026-06-24 18:13:00,-18.1
RD-0000376,SH-00009,LG-000015,2026-06-24 18:43:00,-18.6
RD-0000377,SH-00009,LG-000015,2026-06-24 19:13:00,-19.0
RD-0000378,SH-00009,LG-000015,2026-06-24 19:43:00,-18.7
RD-0000379,SH-00009,LG-000015,2026-06-24 20:13:00,-18.5
RD-0000380,SH-00009,LG-000015,2026-06-24 20:43:00,-18.2
RD-0000381,SH-00009,LG-000015,2026-06-24 21:13:00,-17.4
RD-0000382,SH-00009,LG-000015,2026-06-24 21:43:00,-17.6
RD-0000383,SH-00009,LG-000015,2026-06-24 22:13:00,-17.1
RD-0000384,SH-00009,LG-000015,2026-06-24 22:43:00,-17.9
RD-0000385,SH-00009,LG-000015,2026-06-24 23:13:00,-17.0
RD-0000386,SH-00009,LG-000015,2026-06-24 23:43:00,-18.5
RD-0000387,SH-00009,LG-000015,2026-06-25 00:13:00,-16.1
RD-0000388,SH-00009,LG-000015,2026-06-25 00:43:00,-18.2
RD-0000389,SH-00009,LG-000015,2026-06-25 01:13:00,-18.2
RD-0000390,SH-00009,LG-000015,2026-06-25 01:43:00,-999
RD-0000391,SH-00009,LG-000016,2026-06-25 02:13:00,-18.1
RD-0000392,SH-00009,LG-000016,2026-06-25 02:43:00,-17.1
RD-0000393,SH-00009,LG-000016,2026-06-25 03:13:00,-17.6
RD-0000394,SH-00009,LG-000016,2026-06-25 03:43:00,-18.1
RD-0000395,SH-00009,LG-000016,2026-06-25 04:13:00,-17.0
RD-0000396,SH-00009,LG-000016,2026-06-25 04:43:00,-17.5
RD-0000397,SH-00009,LG-000016,2026-06-25 05:13:00,-18.7
RD-0000398,SH-00009,LG-000016,2026-06-25 05:43:00,-18.0
RD-0000399,SH-00009,LG-000016,2026-06-25 06:13:00,-17.8
RD-0000400,SH-00009,LG-000016,2026-06-25 06:43:00,-17.9
RD-0000401,SH-00009,LG-000016,2026-06-25 07:13:00,-17.1
RD-0000402,SH-00009,LG-000016,2026-06-25 07:43:00,-18.0
RD-0000403,SH-00009,LG-000016,2026-06-25 08:13:00,-18.3
RD-0000404,SH-00009,LG-000016,2026-06-25 08:43:00,-17.4
RD-0000405,SH-00009,LG-000016,2026-06-25 09:13:00,-19.2
RD-0000406,SH-00009,LG-000016,2026-06-25 09:43:00,-18.3
RD-0000407,SH-00009,LG-000016,2026-06-25 10:13:00,-19.2
RD-0000408,SH-00009,LG-000016,2026-06-25 10:43:00,-17.2
RD-0000409,SH-00009,LG-000016,2026-06-25 11:13:00,-17.5
RD-0000410,SH-00009,LG-000016,2026-06-25 11:43:00,-18.9
RD-0000411,SH-00009,LG-000017,2026-06-25 12:13:00,-17.5
RD-0000412,SH-00009,LG-000017,2026-06-25 12:43:00,-16.8
RD-0000413,SH-00009,LG-000017,2026-06-25 13:13:00,-17.4
RD-0000414,SH-00009,LG-000017,2026-06-25 13:43:00,-17.4
RD-0000415,SH-00009,LG-000017,2026-06-25 14:13:00,-16.9
RD-0000416,SH-00009,LG-000017,2026-06-25 14:43:00,-16.6
RD-0000417,SH-00009,LG-000017,2026-06-25 15:13:00,-18.1
RD-0000418,SH-00009,LG-000017,2026-06-25 15:43:00,-17.7
RD-0000419,SH-00009,LG-000017,2026-06-25 16:13:00,-17.2
RD-0000420,SH-00009,LG-000017,2026-06-25 16:43:00,-19.0
RD-0000421,SH-00009,LG-000017,2026-06-25 17:13:00,-17.4
RD-0000422,SH-00009,LG-000017,2026-06-25 17:43:00,-18.9
RD-0000423,SH-00009,LG-000017,2026-06-25 18:13:00,-18.0
RD-0000424,SH-00009,LG-000017,2026-06-25 18:43:00,-18.1
RD-0000425,SH-00009,LG-000017,2026-06-25 19:13:00,-15.7
RD-0000426,SH-00009,LG-000017,2026-06-25 19:43:00,-18.0
RD-0000427,SH-00009,LG-000017,2026-06-25 20:13:00,-18.8
RD-0000428,SH-00009,LG-000017,2026-06-25 20:43:00,-17.4
RD-0000429,SH-00009,LG-000017,2026-06-25 21:13:00,-19.0
RD-0000430,SH-00009,LG-000017,2026-06-25 21:43:00,-17.8
RD-0000431,SH-00010,LG-000018,2026-08-01 12:09:00,2.2
RD-0000432,SH-00010,LG-000018,2026-08-01 12:39:00,4.5
RD-0000433,SH-00010,LG-000018,2026-08-01 13:09:00,3.9
RD-0000434,SH-00010,LG-000018,2026-08-01 13:39:00,-999
RD-0000435,SH-00010,LG-000018,2026-08-01 14:09:00,2.4
RD-0000436,SH-00010,LG-000018,2026-08-01 14:39:00,4.6
RD-0000437,SH-00010,LG-000018,2026-08-01 15:09:00,4.5
RD-0000438,SH-00010,LG-000018,2026-08-01 15:39:00,4.6
RD-0000439,SH-00010,LG-000018,2026-08-01 16:09:00,3.2
RD-0000440,SH-00010,LG-000018,2026-08-01 16:39:00,4.3
RD-0000441,SH-00010,LG-000018,2026-08-01 17:09:00,3.3
RD-0000442,SH-00010,LG-000018,2026-08-01 17:39:00,4.4
RD-0000443,SH-00010,LG-000018,2026-08-01 18:09:00,4.1
RD-0000444,SH-00010,LG-000018,2026-08-01 18:39:00,4.1
RD-0000445,SH-00010,LG-000018,2026-08-01 19:09:00,4.9
RD-0000446,SH-00010,LG-000018,2026-08-01 19:39:00,5.1
RD-0000447,SH-00010,LG-000018,2026-08-01 20:09:00,3.9
RD-0000448,SH-00010,LG-000018,2026-08-01 20:39:00,4.4
RD-0000449,SH-00010,LG-000018,2026-08-01 21:09:00,3.4
RD-0000450,SH-00010,LG-000018,2026-08-01 21:39:00,4.6
RD-0000451,SH-00010,LG-000018,2026-08-01 22:09:00,5.3
RD-0000452,SH-00010,LG-000018,2026-08-01 22:39:00,4.0
RD-0000453,SH-00010,LG-000018,2026-08-01 23:09:00,3.6
RD-0000454,SH-00010,LG-000018,2026-08-01 23:39:00,5.2
RD-0000455,SH-00010,LG-000018,2026-08-02 00:09:00,3.4
RD-0000456,SH-00010,LG-000018,2026-08-02 00:39:00,3.6
RD-0000457,SH-00010,LG-000018,2026-08-02 01:09:00,4.9
RD-0000458,SH-00010,LG-000018,2026-08-02 01:39:00,2.8
RD-0000459,SH-00010,LG-000018,2026-08-02 02:09:00,4.3
RD-0000460,SH-00010,LG-000018,2026-08-02 02:39:00,3.9
RD-0000461,SH-00010,LG-000018,2026-08-02 03:09:00,3.6
RD-0000462,SH-00010,LG-000018,2026-08-02 03:39:00,4.5
RD-0000463,SH-00010,LG-000018,2026-08-02 04:09:00,3.3
RD-0000464,SH-00010,LG-000018,2026-08-02 04:39:00,3.7
RD-0000465,SH-00010,LG-000018,2026-08-02 05:09:00,3.4
RD-0000466,SH-00010,LG-000018,2026-08-02 05:39:00,3.5
RD-0000467,SH-00010,LG-000018,2026-08-02 06:09:00,4.9
RD-0000468,SH-00010,LG-000018,2026-08-02 06:39:00,4.1
RD-0000469,SH-00010,LG-000018,2026-08-02 07:09:00,3.6
RD-0000470,SH-00010,LG-000018,2026-08-02 07:39:00,3.0
RD-0000471,SH-00010,LG-000019,2026-08-02 08:09:00,4.3
RD-0000472,SH-00010,LG-000019,2026-08-02 08:39:00,3.0
RD-0000473,SH-00010,LG-000019,2026-08-02 09:09:00,4.3
RD-0000474,SH-00010,LG-000019,2026-08-02 09:39:00,3.5
RD-0000475,SH-00010,LG-000019,2026-08-02 10:09:00,4.2
RD-0000476,SH-00010,LG-000019,2026-08-02 10:39:00,4.2
RD-0000477,SH-00010,LG-000019,2026-08-02 11:09:00,4.1
RD-0000478,SH-00010,LG-000019,2026-08-02 11:39:00,3.7
RD-0000479,SH-00010,LG-000019,2026-08-02 12:09:00,2.5
RD-0000480,SH-00010,LG-000019,2026-08-02 12:39:00,2.7
RD-0000481,SH-00010,LG-000019,2026-08-02 13:09:00,3.0
RD-0000482,SH-00010,LG-000019,2026-08-02 13:39:00,3.1
RD-0000483,SH-00010,LG-000019,2026-08-02 14:09:00,4.6
RD-0000484,SH-00010,LG-000019,2026-08-02 14:39:00,4.2
RD-0000485,SH-00010,LG-000019,2026-08-02 15:09:00,3.1
RD-0000486,SH-00010,LG-000019,2026-08-02 15:39:00,4.7
RD-0000487,SH-00010,LG-000019,2026-08-02 16:09:00,3.5
RD-0000488,SH-00010,LG-000019,2026-08-02 16:39:00,4.1
RD-0000489,SH-00010,LG-000019,2026-08-02 17:09:00,4.3
RD-0000490,SH-00010,LG-000019,2026-08-02 17:39:00,4.4
RD-0000491,SH-00010,LG-000019,2026-08-02 18:09:00,4.9
RD-0000492,SH-00010,LG-000019,2026-08-02 18:39:00,3.9
RD-0000493,SH-00010,LG-000019,2026-08-02 19:09:00,4.4
RD-0000494,SH-00010,LG-000019,2026-08-02 19:39:00,4.1
RD-0000495,SH-00010,LG-000019,2026-08-02 20:09:00,4.6
RD-0000496,SH-00010,LG-000019,2026-08-02 20:39:00,4.8
RD-0000497,SH-00010,LG-000019,2026-08-02 21:09:00,4.6
RD-0000498,SH-00010,LG-000019,2026-08-02 21:39:00,4.9
RD-0000499,SH-00010,LG-000019,2026-08-02 22:09:00,4.1
RD-0000500,SH-00010,LG-000019,2026-08-02 22:39:00,3.6
RD-0000501,SH-00010,LG-000019,2026-08-02 23:09:00,3.8
RD-0000502,SH-00010,LG-000019,2026-08-02 23:39:00,5.1
RD-0000503,SH-00010,LG-000019,2026-08-03 00:09:00,4.2
RD-0000504,SH-00010,LG-000019,2026-08-03 00:39:00,4.4
RD-0000505,SH-00010,LG-000019,2026-08-03 01:09:00,4.2
RD-0000506,SH-00010,LG-000019,2026-08-03 01:39:00,4.0
RD-0000507,SH-00010,LG-000019,2026-08-03 02:09:00,-999
RD-0000508,SH-00010,LG-000019,2026-08-03 02:39:00,4.5
RD-0000509,SH-00010,LG-000019,2026-08-03 03:09:00,3.3
RD-0000510,SH-00010,LG-000019,2026-08-03 03:39:00,2.5
RD-0000511,SH-00011,LG-000020,2026-08-21 01:09:00,55.2
RD-0000512,SH-00011,LG-000020,2026-08-21 01:39:00,44.1
RD-0000513,SH-00011,LG-000020,2026-08-21 02:09:00,41.4
RD-0000514,SH-00011,LG-000020,2026-08-21 02:39:00,38.0
RD-0000515,SH-00011,LG-000020,2026-08-21 03:09:00,53.4
RD-0000516,SH-00011,LG-000020,2026-08-21 03:39:00,41.7
RD-0000517,SH-00011,LG-000020,2026-08-21 04:09:00,41.6
RD-0000518,SH-00011,LG-000020,2026-08-21 04:39:00,40.3
RD-0000519,SH-00011,LG-000020,2026-08-21 05:09:00,41.2
RD-0000520,SH-00011,LG-000020,2026-08-21 05:39:00,42.8
RD-0000521,SH-00011,LG-000020,2026-08-21 06:09:00,52.3
RD-0000522,SH-00011,LG-000020,2026-08-21 06:39:00,42.3
RD-0000523,SH-00011,LG-000020,2026-08-21 07:09:00,41.6
RD-0000524,SH-00011,LG-000020,2026-08-21 07:39:00,39.0
RD-0000525,SH-00011,LG-000020,2026-08-21 08:09:00,44.0
RD-0000526,SH-00011,LG-000020,2026-08-21 08:39:00,39.8
RD-0000527,SH-00011,LG-000020,2026-08-21 09:09:00,41.5
RD-0000528,SH-00011,LG-000020,2026-08-21 09:39:00,38.2
RD-0000529,SH-00011,LG-000020,2026-08-21 10:09:00,47.1
RD-0000530,SH-00011,LG-000020,2026-08-21 10:39:00,42.6
RD-0000531,SH-00011,LG-000021,2026-08-21 11:09:00,10.6
RD-0000532,SH-00011,LG-000021,2026-08-21 11:39:00,6.0
RD-0000533,SH-00011,LG-000021,2026-08-21 12:09:00,5.3
RD-0000534,SH-00011,LG-000021,2026-08-21 12:39:00,5.4
RD-0000535,SH-00011,LG-000021,2026-08-21 13:09:00,4.1
RD-0000536,SH-00011,LG-000021,2026-08-21 13:39:00,4.5
RD-0000537,SH-00011,LG-000021,2026-08-21 14:09:00,12.2
RD-0000538,SH-00011,LG-000021,2026-08-21 14:39:00,4.0
RD-0000539,SH-00011,LG-000021,2026-08-21 15:09:00,3.9
RD-0000540,SH-00011,LG-000021,2026-08-21 15:39:00,14.0
RD-0000541,SH-00011,LG-000021,2026-08-21 16:09:00,4.2
RD-0000542,SH-00011,LG-000021,2026-08-21 16:39:00,5.4
RD-0000543,SH-00011,LG-000021,2026-08-21 17:09:00,5.3
RD-0000544,SH-00011,LG-000021,2026-08-21 17:39:00,5.9
RD-0000545,SH-00011,LG-000021,2026-08-21 18:09:00,4.9
RD-0000546,SH-00011,LG-000021,2026-08-21 18:39:00,4.7
RD-0000547,SH-00011,LG-000021,2026-08-21 19:09:00,4.4
RD-0000548,SH-00011,LG-000021,2026-08-21 19:39:00,5.5
RD-0000549,SH-00011,LG-000021,2026-08-21 20:09:00,4.8
RD-0000550,SH-00011,LG-000021,2026-08-21 20:39:00,4.9
RD-0000551,SH-00012,LG-000022,2026-07-18 15:01:00,-1.9
RD-0000552,SH-00012,LG-000022,2026-07-18 15:31:00,-1.2
RD-0000553,SH-00012,LG-000022,2026-07-18 16:01:00,-0.1
RD-0000554,SH-00012,LG-000022,2026-07-18 16:31:00,-1.4
RD-0000555,SH-00012,LG-000022,2026-07-18 17:01:00,-1.1
RD-0000556,SH-00012,LG-000022,2026-07-18 17:31:00,-2.5
RD-0000557,SH-00012,LG-000022,2026-07-18 18:01:00,0.8
RD-0000558,SH-00012,LG-000022,2026-07-18 18:31:00,-4.1
RD-0000559,SH-00012,LG-000022,2026-07-18 19:01:00,0.9
RD-0000560,SH-00012,LG-000022,2026-07-18 19:31:00,0.7
RD-0000561,SH-00012,LG-000022,2026-07-18 20:01:00,-1.2
RD-0000562,SH-00012,LG-000022,2026-07-18 20:31:00,0.3
RD-0000563,SH-00012,LG-000022,2026-07-18 21:01:00,2.8
RD-0000564,SH-00012,LG-000022,2026-07-18 21:31:00,1.7
RD-0000565,SH-00012,LG-000023,2026-07-18 22:01:00,-18.3
RD-0000566,SH-00012,LG-000023,2026-07-18 22:31:00,-19.2
RD-0000567,SH-00012,LG-000023,2026-07-18 23:01:00,-18.4
RD-0000568,SH-00012,LG-000023,2026-07-18 23:31:00,-19.4
RD-0000569,SH-00012,LG-000023,2026-07-19 00:01:00,-18.6
RD-0000570,SH-00012,LG-000023,2026-07-19 00:31:00,-18.7
RD-0000571,SH-00012,LG-000023,2026-07-19 01:01:00,-18.3
RD-0000572,SH-00012,LG-000023,2026-07-19 01:31:00,-18.5
RD-0000573,SH-00012,LG-000023,2026-07-19 02:01:00,-17.8
RD-0000574,SH-00012,LG-000023,2026-07-19 02:31:00,-18.2
RD-0000575,SH-00012,LG-000023,2026-07-19 03:01:00,-17.4
RD-0000576,SH-00012,LG-000023,2026-07-19 03:31:00,-19.2
RD-0000577,SH-00012,LG-000023,2026-07-19 04:01:00,-18.9
RD-0000578,SH-00012,LG-000023,2026-07-19 04:31:00,-17.1
RD-0000579,SH-00012,LG-000024,2026-07-19 05:01:00,-17.5
RD-0000580,SH-00012,LG-000024,2026-07-19 05:31:00,-17.1
RD-0000581,SH-00012,LG-000024,2026-07-19 06:01:00,-18.2
RD-0000582,SH-00012,LG-000024,2026-07-19 06:31:00,-19.2
RD-0000583,SH-00012,LG-000024,2026-07-19 07:01:00,-18.8
RD-0000584,SH-00012,LG-000024,2026-07-19 07:31:00,-18.5
RD-0000585,SH-00012,LG-000024,2026-07-19 08:01:00,-17.8
RD-0000586,SH-00012,LG-000024,2026-07-19 08:31:00,-18.0
RD-0000587,SH-00012,LG-000024,2026-07-19 09:01:00,-17.6
RD-0000588,SH-00012,LG-000024,2026-07-19 09:31:00,-18.9
RD-0000589,SH-00012,LG-000024,2026-07-19 10:01:00,-17.5
RD-0000590,SH-00012,LG-000024,2026-07-19 10:31:00,-18.0
RD-0000591,SH-00012,LG-000024,2026-07-19 11:01:00,-18.5
RD-0000592,SH-00012,LG-000024,2026-07-19 11:31:00,-17.7
RD-0000593,SH-00013,LG-000025,2026-06-22 10:31:00,3.7
RD-0000594,SH-00013,LG-000025,2026-06-22 11:01:00,3.7
RD-0000595,SH-00013,LG-000025,2026-06-22 11:31:00,3.9
RD-0000596,SH-00013,LG-000025,2026-06-22 12:01:00,4.7
RD-0000597,SH-00013,LG-000025,2026-06-22 12:31:00,1.9
RD-0000598,SH-00013,LG-000025,2026-06-22 13:01:00,3.8
RD-0000599,SH-00013,LG-000025,2026-06-22 13:31:00,5.3
RD-0000600,SH-00013,LG-000025,2026-06-22 14:01:00,4.8
RD-0000601,SH-00013,LG-000025,2026-06-22 14:31:00,4.5
RD-0000602,SH-00013,LG-000025,2026-06-22 15:01:00,5.2
RD-0000603,SH-00013,LG-000025,2026-06-22 15:31:00,4.3
RD-0000604,SH-00013,LG-000025,2026-06-22 16:01:00,4.4
RD-0000605,SH-00013,LG-000025,2026-06-22 16:31:00,4.0
RD-0000606,SH-00013,LG-000025,2026-06-22 17:01:00,4.7
RD-0000607,SH-00013,LG-000025,2026-06-22 17:31:00,3.8
RD-0000608,SH-00013,LG-000025,2026-06-22 18:01:00,3.6
RD-0000609,SH-00013,LG-000025,2026-06-22 18:31:00,4.7
RD-0000610,SH-00013,LG-000025,2026-06-22 19:01:00,4.0
RD-0000611,SH-00013,LG-000025,2026-06-22 19:31:00,5.0
RD-0000612,SH-00013,LG-000025,2026-06-22 20:01:00,2.8
RD-0000613,SH-00013,LG-000026,2026-06-22 20:31:00,2.7
RD-0000614,SH-00013,LG-000026,2026-06-22 21:01:00,3.7
RD-0000615,SH-00013,LG-000026,2026-06-22 21:31:00,1.8
RD-0000616,SH-00013,LG-000026,2026-06-22 22:01:00,5.8
RD-0000617,SH-00013,LG-000026,2026-06-22 22:31:00,4.6
RD-0000618,SH-00013,LG-000026,2026-06-22 23:01:00,4.5
RD-0000619,SH-00013,LG-000026,2026-06-22 23:31:00,4.7
RD-0000620,SH-00013,LG-000026,2026-06-23 00:01:00,3.3
RD-0000621,SH-00013,LG-000026,2026-06-23 00:31:00,4.6
RD-0000622,SH-00013,LG-000026,2026-06-23 01:01:00,3.8
RD-0000623,SH-00013,LG-000026,2026-06-23 01:31:00,3.6
RD-0000624,SH-00013,LG-000026,2026-06-23 02:01:00,3.4
RD-0000625,SH-00013,LG-000026,2026-06-23 02:31:00,4.1
RD-0000626,SH-00013,LG-000026,2026-06-23 03:01:00,4.0
RD-0000627,SH-00013,LG-000026,2026-06-23 03:31:00,5.6
RD-0000628,SH-00013,LG-000026,2026-06-23 04:01:00,4.2
RD-0000629,SH-00013,LG-000026,2026-06-23 04:31:00,-999
RD-0000630,SH-00013,LG-000026,2026-06-23 05:01:00,4.0
RD-0000631,SH-00013,LG-000026,2026-06-23 05:31:00,3.4
RD-0000632,SH-00013,LG-000026,2026-06-23 06:01:00,5.2
RD-0000633,SH-00014,LG-000027,2026-08-20 22:43:00,-18.6
RD-0000634,SH-00014,LG-000027,2026-08-20 23:13:00,-17.8
RD-0000635,SH-00014,LG-000027,2026-08-20 23:43:00,-18.3
RD-0000636,SH-00014,LG-000027,2026-08-21 00:13:00,-17.8
RD-0000637,SH-00014,LG-000027,2026-08-21 00:43:00,-17.0
RD-0000638,SH-00014,LG-000027,2026-08-21 01:13:00,-16.2
RD-0000639,SH-00014,LG-000027,2026-08-21 01:43:00,-16.9
RD-0000640,SH-00014,LG-000027,2026-08-21 02:13:00,-18.1
RD-0000641,SH-00014,LG-000027,2026-08-21 02:43:00,-18.4
RD-0000642,SH-00014,LG-000027,2026-08-21 03:13:00,-18.4
RD-0000643,SH-00014,LG-000027,2026-08-21 03:43:00,-18.5
RD-0000644,SH-00014,LG-000027,2026-08-21 04:13:00,-18.0
RD-0000645,SH-00014,LG-000027,2026-08-21 04:43:00,-18.7
RD-0000646,SH-00014,LG-000027,2026-08-21 05:13:00,-18.8
RD-0000647,SH-00014,LG-000027,2026-08-21 05:43:00,-19.8
RD-0000648,SH-00014,LG-000027,2026-08-21 06:13:00,-16.9
RD-0000649,SH-00014,LG-000027,2026-08-21 06:43:00,-17.6
RD-0000650,SH-00014,LG-000027,2026-08-21 07:13:00,-18.2
RD-0000651,SH-00014,LG-000027,2026-08-21 07:43:00,-18.3
RD-0000652,SH-00014,LG-000027,2026-08-21 08:13:00,-18.7
RD-0000653,SH-00014,LG-000027,2026-08-21 08:43:00,-16.8
RD-0000654,SH-00014,LG-000027,2026-08-21 09:13:00,-16.6
RD-0000655,SH-00014,LG-000027,2026-08-21 09:43:00,-18.5
RD-0000656,SH-00014,LG-000027,2026-08-21 10:13:00,-17.4
RD-0000657,SH-00014,LG-000027,2026-08-21 10:43:00,-17.5
RD-0000658,SH-00014,LG-000027,2026-08-21 11:13:00,-18.6
RD-0000659,SH-00014,LG-000027,2026-08-21 11:43:00,-16.7
RD-0000660,SH-00014,LG-000027,2026-08-21 12:13:00,-17.6
RD-0000661,SH-00014,LG-000027,2026-08-21 12:43:00,-19.0
RD-0000662,SH-00014,LG-000027,2026-08-21 13:13:00,-18.1
RD-0000663,SH-00014,LG-000027,2026-08-21 13:43:00,-18.4
RD-0000664,SH-00014,LG-000027,2026-08-21 14:13:00,-16.7
RD-0000665,SH-00014,LG-000027,2026-08-21 14:43:00,-18.7
RD-0000666,SH-00014,LG-000027,2026-08-21 15:13:00,-17.1
RD-0000667,SH-00014,LG-000027,2026-08-21 15:43:00,-17.7
RD-0000668,SH-00014,LG-000027,2026-08-21 16:13:00,-17.8
RD-0000669,SH-00014,LG-000027,2026-08-21 16:43:00,-18.8
RD-0000670,SH-00014,LG-000027,2026-08-21 17:13:00,-17.5
RD-0000671,SH-00014,LG-000027,2026-08-21 17:43:00,-19.3
RD-0000672,SH-00014,LG-000027,2026-08-21 18:13:00,-18.4
RD-0000673,SH-00014,LG-000027,2026-08-21 18:43:00,-17.9
RD-0000674,SH-00014,LG-000027,2026-08-21 19:13:00,-18.0
RD-0000675,SH-00014,LG-000027,2026-08-21 19:43:00,-16.9
RD-0000676,SH-00014,LG-000027,2026-08-21 20:13:00,-18.2
RD-0000677,SH-00014,LG-000027,2026-08-21 20:43:00,-18.0
RD-0000678,SH-00014,LG-000027,2026-08-21 21:13:00,-18.6
RD-0000679,SH-00014,LG-000027,2026-08-21 21:43:00,-16.6
RD-0000680,SH-00014,LG-000027,2026-08-21 22:13:00,-20.3
RD-0000681,SH-00014,LG-000027,2026-08-21 22:43:00,-19.0
RD-0000682,SH-00014,LG-000027,2026-08-21 23:13:00,-17.1
RD-0000683,SH-00014,LG-000027,2026-08-21 23:43:00,-18.5
RD-0000684,SH-00014,LG-000027,2026-08-22 00:13:00,-17.6
RD-0000685,SH-00014,LG-000027,2026-08-22 00:43:00,-18.1
RD-0000686,SH-00014,LG-000027,2026-08-22 01:13:00,-17.4
RD-0000687,SH-00014,LG-000027,2026-08-22 01:43:00,-17.7
RD-0000688,SH-00014,LG-000027,2026-08-22 02:13:00,-17.1
RD-0000689,SH-00014,LG-000027,2026-08-22 02:43:00,-17.5
RD-0000690,SH-00014,LG-000027,2026-08-22 03:13:00,-17.5
RD-0000691,SH-00014,LG-000027,2026-08-22 03:43:00,-18.8
RD-0000692,SH-00014,LG-000027,2026-08-22 04:13:00,-17.1
RD-0000693,SH-00014,LG-000027,2026-08-22 04:43:00,-17.7
RD-0000694,SH-00014,LG-000027,2026-08-22 05:13:00,-18.2
RD-0000695,SH-00014,LG-000027,2026-08-22 05:43:00,-17.7
RD-0000696,SH-00014,LG-000027,2026-08-22 06:13:00,-17.0
RD-0000697,SH-00014,LG-000027,2026-08-22 06:43:00,-17.0
RD-0000698,SH-00014,LG-000027,2026-08-22 07:13:00,-19.4
RD-0000699,SH-00014,LG-000027,2026-08-22 07:43:00,-17.7
RD-0000700,SH-00014,LG-000027,2026-08-22 08:13:00,-18.8
RD-0000701,SH-00015,LG-000028,2026-08-08 20:32:00,-1.3
RD-0000702,SH-00015,LG-000028,2026-08-08 21:02:00,-1.4
RD-0000703,SH-00015,LG-000028,2026-08-08 21:32:00,2.7
RD-0000704,SH-00015,LG-000028,2026-08-08 22:02:00,1.6
RD-0000705,SH-00015,LG-000028,2026-08-08 22:32:00,1.4
RD-0000706,SH-00015,LG-000028,2026-08-08 23:02:00,-2.1
RD-0000707,SH-00015,LG-000028,2026-08-08 23:32:00,-1.9
RD-0000708,SH-00015,LG-000028,2026-08-09 00:02:00,-0.5
RD-0000709,SH-00015,LG-000028,2026-08-09 00:32:00,0.9
RD-0000710,SH-00015,LG-000028,2026-08-09 01:02:00,2.2
RD-0000711,SH-00015,LG-000028,2026-08-09 01:32:00,-2.6
RD-0000712,SH-00015,LG-000028,2026-08-09 02:02:00,-4.4
RD-0000713,SH-00015,LG-000029,2026-08-09 02:32:00,-18.6
RD-0000714,SH-00015,LG-000029,2026-08-09 03:02:00,-15.4
RD-0000715,SH-00015,LG-000029,2026-08-09 03:32:00,-17.6
RD-0000716,SH-00015,LG-000029,2026-08-09 04:02:00,-17.7
RD-0000717,SH-00015,LG-000029,2026-08-09 04:32:00,-19.0
RD-0000718,SH-00015,LG-000029,2026-08-09 05:02:00,-17.0
RD-0000719,SH-00015,LG-000029,2026-08-09 05:32:00,-16.0
RD-0000720,SH-00015,LG-000029,2026-08-09 06:02:00,-18.2
RD-0000721,SH-00015,LG-000029,2026-08-09 06:32:00,-16.7
RD-0000722,SH-00015,LG-000029,2026-08-09 07:02:00,-19.1
RD-0000723,SH-00015,LG-000029,2026-08-09 07:32:00,-18.7
RD-0000724,SH-00015,LG-000029,2026-08-09 08:02:00,-17.7
RD-0000725,SH-00015,LG-000030,2026-08-09 08:32:00,-17.5
RD-0000726,SH-00015,LG-000030,2026-08-09 09:02:00,-17.2
RD-0000727,SH-00015,LG-000030,2026-08-09 09:32:00,-17.1
RD-0000728,SH-00015,LG-000030,2026-08-09 10:02:00,-18.7
RD-0000729,SH-00015,LG-000030,2026-08-09 10:32:00,-16.6
RD-0000730,SH-00015,LG-000030,2026-08-09 11:02:00,-18.1
RD-0000731,SH-00015,LG-000030,2026-08-09 11:32:00,-17.0
RD-0000732,SH-00015,LG-000030,2026-08-09 12:02:00,-17.8
RD-0000733,SH-00015,LG-000030,2026-08-09 12:32:00,-18.2
RD-0000734,SH-00015,LG-000030,2026-08-09 13:02:00,-18.4
RD-0000735,SH-00015,LG-000030,2026-08-09 13:32:00,-18.0
RD-0000736,SH-00015,LG-000030,2026-08-09 14:02:00,-18.0
RD-0000737,SH-00016,LG-000031,2026-06-21 15:34:00,-17.9
RD-0000738,SH-00016,LG-000031,2026-06-21 16:04:00,-18.6
RD-0000739,SH-00016,LG-000031,2026-06-21 16:34:00,-18.5
RD-0000740,SH-00016,LG-000031,2026-06-21 17:04:00,-16.6
RD-0000741,SH-00016,LG-000031,2026-06-21 17:34:00,-20.5
RD-0000742,SH-00016,LG-000031,2026-06-21 18:04:00,-17.8
RD-0000743,SH-00016,LG-000031,2026-06-21 18:34:00,-18.1
RD-0000744,SH-00016,LG-000031,2026-06-21 19:04:00,-16.8
RD-0000745,SH-00016,LG-000031,2026-06-21 19:34:00,-18.7
RD-0000746,SH-00016,LG-000031,2026-06-21 20:04:00,-16.3
RD-0000747,SH-00016,LG-000031,2026-06-21 20:34:00,-18.4
RD-0000748,SH-00016,LG-000031,2026-06-21 21:04:00,-18.2
RD-0000749,SH-00016,LG-000031,2026-06-21 21:34:00,-18.8
RD-0000750,SH-00016,LG-000031,2026-06-21 22:04:00,-19.4
RD-0000751,SH-00016,LG-000031,2026-06-21 22:34:00,-17.5
RD-0000752,SH-00016,LG-000031,2026-06-21 23:04:00,-18.3
RD-0000753,SH-00016,LG-000031,2026-06-21 23:34:00,-18.0
RD-0000754,SH-00016,LG-000031,2026-06-22 00:04:00,-18.8
RD-0000755,SH-00016,LG-000031,2026-06-22 00:34:00,-18.8
RD-0000756,SH-00016,LG-000031,2026-06-22 01:04:00,-18.9
RD-0000757,SH-00016,LG-000031,2026-06-22 01:34:00,-18.0
RD-0000758,SH-00016,LG-000031,2026-06-22 02:04:00,-18.4
RD-0000759,SH-00016,LG-000031,2026-06-22 02:34:00,-17.3
RD-0000760,SH-00016,LG-000031,2026-06-22 03:04:00,-18.6
RD-0000761,SH-00016,LG-000031,2026-06-22 03:34:00,-999
RD-0000762,SH-00016,LG-000031,2026-06-22 04:04:00,-18.8
RD-0000763,SH-00016,LG-000031,2026-06-22 04:34:00,-17.9
RD-0000764,SH-00016,LG-000031,2026-06-22 05:04:00,-16.5
RD-0000765,SH-00016,LG-000031,2026-06-22 05:34:00,-18.1
RD-0000766,SH-00016,LG-000031,2026-06-22 06:04:00,-17.8
RD-0000767,SH-00016,LG-000031,2026-06-22 06:34:00,-16.8
RD-0000768,SH-00016,LG-000031,2026-06-22 07:04:00,-17.5
RD-0000769,SH-00016,LG-000031,2026-06-22 07:34:00,-17.7
RD-0000770,SH-00016,LG-000031,2026-06-22 08:04:00,-17.6
RD-0000771,SH-00016,LG-000031,2026-06-22 08:34:00,-17.9
RD-0000772,SH-00016,LG-000031,2026-06-22 09:04:00,-19.6
RD-0000773,SH-00016,LG-000031,2026-06-22 09:34:00,-17.1
RD-0000774,SH-00016,LG-000031,2026-06-22 10:04:00,-18.2
RD-0000775,SH-00016,LG-000031,2026-06-22 10:34:00,-18.4
RD-0000776,SH-00016,LG-000031,2026-06-22 11:04:00,-17.7
RD-0000777,SH-00016,LG-000031,2026-06-22 11:34:00,-17.4
RD-0000778,SH-00016,LG-000031,2026-06-22 12:04:00,-18.9
RD-0000779,SH-00016,LG-000031,2026-06-22 12:34:00,-18.6
RD-0000780,SH-00016,LG-000031,2026-06-22 13:04:00,-18.3
RD-0000781,SH-00016,LG-000031,2026-06-22 13:34:00,-18.2
RD-0000782,SH-00016,LG-000031,2026-06-22 14:04:00,-17.6
RD-0000783,SH-00017,LG-000032,2026-07-19 11:08:00,3.3
RD-0000784,SH-00017,LG-000032,2026-07-19 11:38:00,3.1
RD-0000785,SH-00017,LG-000032,2026-07-19 12:08:00,4.1
RD-0000786,SH-00017,LG-000032,2026-07-19 12:38:00,3.8
RD-0000787,SH-00017,LG-000032,2026-07-19 13:08:00,3.6
RD-0000788,SH-00017,LG-000032,2026-07-19 13:38:00,3.4
RD-0000789,SH-00017,LG-000032,2026-07-19 14:08:00,1.4
RD-0000790,SH-00017,LG-000032,2026-07-19 14:38:00,2.3
RD-0000791,SH-00017,LG-000033,2026-07-19 15:08:00,6.3
RD-0000792,SH-00017,LG-000033,2026-07-19 15:38:00,4.0
RD-0000793,SH-00017,LG-000033,2026-07-19 16:08:00,3.9
RD-0000794,SH-00017,LG-000033,2026-07-19 16:38:00,6.0
RD-0000795,SH-00017,LG-000033,2026-07-19 17:08:00,3.2
RD-0000796,SH-00017,LG-000033,2026-07-19 17:38:00,4.7
RD-0000797,SH-00017,LG-000033,2026-07-19 18:08:00,4.2
RD-0000798,SH-00017,LG-000033,2026-07-19 18:38:00,5.1
RD-0000799,SH-00018,LG-000034,2026-06-18 15:31:00,4.6
RD-0000800,SH-00018,LG-000034,2026-06-18 16:01:00,4.2
RD-0000801,SH-00018,LG-000034,2026-06-18 16:31:00,4.0
RD-0000802,SH-00018,LG-000034,2026-06-18 17:01:00,2.7
RD-0000803,SH-00018,LG-000034,2026-06-18 17:31:00,3.7
RD-0000804,SH-00018,LG-000034,2026-06-18 18:01:00,3.6
RD-0000805,SH-00018,LG-000034,2026-06-18 18:31:00,4.5
RD-0000806,SH-00018,LG-000034,2026-06-18 19:01:00,3.7
RD-0000807,SH-00018,LG-000034,2026-06-18 19:31:00,4.1
RD-0000808,SH-00018,LG-000034,2026-06-18 20:01:00,4.9
RD-0000809,SH-00018,LG-000034,2026-06-18 20:31:00,5.0
RD-0000810,SH-00018,LG-000034,2026-06-18 21:01:00,3.5
RD-0000811,SH-00018,LG-000034,2026-06-18 21:31:00,4.6
RD-0000812,SH-00018,LG-000034,2026-06-18 22:01:00,4.6
RD-0000813,SH-00018,LG-000034,2026-06-18 22:31:00,2.9
RD-0000814,SH-00018,LG-000034,2026-06-18 23:01:00,4.2
RD-0000815,SH-00018,LG-000035,2026-06-18 23:31:00,3.7
RD-0000816,SH-00018,LG-000035,2026-06-19 00:01:00,4.7
RD-0000817,SH-00018,LG-000035,2026-06-19 00:31:00,3.8
RD-0000818,SH-00018,LG-000035,2026-06-19 01:01:00,3.3
RD-0000819,SH-00018,LG-000035,2026-06-19 01:31:00,4.0
RD-0000820,SH-00018,LG-000035,2026-06-19 02:01:00,4.9
RD-0000821,SH-00018,LG-000035,2026-06-19 02:31:00,3.6
RD-0000822,SH-00018,LG-000035,2026-06-19 03:01:00,3.7
RD-0000823,SH-00018,LG-000035,2026-06-19 03:31:00,3.9
RD-0000824,SH-00018,LG-000035,2026-06-19 04:01:00,3.0
RD-0000825,SH-00018,LG-000035,2026-06-19 04:31:00,3.7
RD-0000826,SH-00018,LG-000035,2026-06-19 05:01:00,5.1
RD-0000827,SH-00018,LG-000035,2026-06-19 05:31:00,4.6
RD-0000828,SH-00018,LG-000035,2026-06-19 06:01:00,4.0
RD-0000829,SH-00018,LG-000035,2026-06-19 06:31:00,4.3
RD-0000830,SH-00018,LG-000035,2026-06-19 07:01:00,3.5
RD-0000831,SH-00019,LG-000036,2026-06-29 09:55:00,3.0
RD-0000832,SH-00019,LG-000036,2026-06-29 10:25:00,4.0
RD-0000833,SH-00019,LG-000036,2026-06-29 10:55:00,4.2
RD-0000834,SH-00019,LG-000036,2026-06-29 11:25:00,4.0
RD-0000835,SH-00019,LG-000036,2026-06-29 11:55:00,5.1
RD-0000836,SH-00019,LG-000036,2026-06-29 12:25:00,3.6
RD-0000837,SH-00019,LG-000036,2026-06-29 12:55:00,5.4
RD-0000838,SH-00019,LG-000036,2026-06-29 13:25:00,3.2
RD-0000839,SH-00019,LG-000036,2026-06-29 13:55:00,4.1
RD-0000840,SH-00019,LG-000036,2026-06-29 14:25:00,-999
RD-0000841,SH-00019,LG-000036,2026-06-29 14:55:00,3.7
RD-0000842,SH-00019,LG-000036,2026-06-29 15:25:00,4.7
RD-0000843,SH-00019,LG-000036,2026-06-29 15:55:00,3.7
RD-0000844,SH-00019,LG-000036,2026-06-29 16:25:00,3.7
RD-0000845,SH-00019,LG-000036,2026-06-29 16:55:00,5.3
RD-0000846,SH-00019,LG-000036,2026-06-29 17:25:00,4.2
RD-0000847,SH-00019,LG-000036,2026-06-29 17:55:00,3.2
RD-0000848,SH-00019,LG-000036,2026-06-29 18:25:00,5.5
RD-0000849,SH-00019,LG-000036,2026-06-29 18:55:00,4.4
RD-0000850,SH-00019,LG-000036,2026-06-29 19:25:00,4.7
RD-0000851,SH-00019,LG-000036,2026-06-29 19:55:00,2.8
RD-0000852,SH-00019,LG-000036,2026-06-29 20:25:00,3.0
RD-0000853,SH-00019,LG-000036,2026-06-29 20:55:00,2.3
RD-0000854,SH-00019,LG-000036,2026-06-29 21:25:00,4.3
RD-0000855,SH-00019,LG-000036,2026-06-29 21:55:00,2.3
RD-0000856,SH-00019,LG-000036,2026-06-29 22:25:00,3.3
RD-0000857,SH-00019,LG-000037,2026-06-29 22:55:00,3.2
RD-0000858,SH-00019,LG-000037,2026-06-29 23:25:00,4.2
RD-0000859,SH-00019,LG-000037,2026-06-29 23:55:00,4.1
RD-0000860,SH-00019,LG-000037,2026-06-30 00:25:00,3.5
RD-0000861,SH-00019,LG-000037,2026-06-30 00:55:00,3.6
RD-0000862,SH-00019,LG-000037,2026-06-30 01:25:00,4.6
RD-0000863,SH-00019,LG-000037,2026-06-30 01:55:00,4.3
RD-0000864,SH-00019,LG-000037,2026-06-30 02:25:00,6.1
RD-0000865,SH-00019,LG-000037,2026-06-30 02:55:00,3.9
RD-0000866,SH-00019,LG-000037,2026-06-30 03:25:00,4.4
RD-0000867,SH-00019,LG-000037,2026-06-30 03:55:00,4.8
RD-0000868,SH-00019,LG-000037,2026-06-30 04:25:00,3.5
RD-0000869,SH-00019,LG-000037,2026-06-30 04:55:00,4.0
RD-0000870,SH-00019,LG-000037,2026-06-30 05:25:00,4.2
RD-0000871,SH-00019,LG-000037,2026-06-30 05:55:00,4.3
RD-0000872,SH-00019,LG-000037,2026-06-30 06:25:00,4.9
RD-0000873,SH-00019,LG-000037,2026-06-30 06:55:00,5.1
RD-0000874,SH-00019,LG-000037,2026-06-30 07:25:00,3.8
RD-0000875,SH-00019,LG-000037,2026-06-30 07:55:00,3.6
RD-0000876,SH-00019,LG-000037,2026-06-30 08:25:00,4.4
RD-0000877,SH-00019,LG-000037,2026-06-30 08:55:00,3.1
RD-0000878,SH-00019,LG-000037,2026-06-30 09:25:00,4.3
RD-0000879,SH-00019,LG-000037,2026-06-30 09:55:00,2.7
RD-0000880,SH-00019,LG-000037,2026-06-30 10:25:00,3.8
RD-0000881,SH-00019,LG-000037,2026-06-30 10:55:00,2.1
RD-0000882,SH-00019,LG-000037,2026-06-30 11:25:00,4.9
RD-0000883,SH-00020,LG-000038,2026-08-23 04:28:00,3.4
RD-0000884,SH-00020,LG-000038,2026-08-23 04:58:00,3.6
RD-0000885,SH-00020,LG-000038,2026-08-23 05:28:00,4.0
RD-0000886,SH-00020,LG-000038,2026-08-23 05:58:00,5.0
RD-0000887,SH-00020,LG-000038,2026-08-23 06:28:00,2.1
RD-0000888,SH-00020,LG-000038,2026-08-23 06:58:00,5.8
RD-0000889,SH-00020,LG-000038,2026-08-23 07:28:00,2.1
RD-0000890,SH-00020,LG-000038,2026-08-23 07:58:00,3.9
RD-0000891,SH-00020,LG-000038,2026-08-23 08:28:00,3.8
RD-0000892,SH-00020,LG-000038,2026-08-23 08:58:00,4.2
RD-0000893,SH-00020,LG-000038,2026-08-23 09:28:00,2.6
RD-0000894,SH-00020,LG-000038,2026-08-23 09:58:00,4.4
RD-0000895,SH-00020,LG-000038,2026-08-23 10:28:00,3.5
RD-0000896,SH-00020,LG-000038,2026-08-23 10:58:00,2.7
RD-0000897,SH-00020,LG-000038,2026-08-23 11:28:00,4.8
RD-0000898,SH-00020,LG-000038,2026-08-23 11:58:00,3.3
RD-0000899,SH-00020,LG-000038,2026-08-23 12:28:00,4.8
RD-0000900,SH-00020,LG-000038,2026-08-23 12:58:00,4.2
RD-0000901,SH-00020,LG-000038,2026-08-23 13:28:00,3.2
RD-0000902,SH-00020,LG-000038,2026-08-23 13:58:00,4.9
RD-0000903,SH-00020,LG-000038,2026-08-23 14:28:00,5.1
RD-0000904,SH-00020,LG-000038,2026-08-23 14:58:00,3.9
RD-0000905,SH-00020,LG-000038,2026-08-23 15:28:00,3.3
RD-0000906,SH-00020,LG-000038,2026-08-23 15:58:00,4.2
RD-0000907,SH-00020,LG-000038,2026-08-23 16:28:00,3.8
RD-0000908,SH-00020,LG-000038,2026-08-23 16:58:00,3.4
RD-0000909,SH-00020,LG-000038,2026-08-23 17:28:00,2.6
RD-0000910,SH-00020,LG-000038,2026-08-23 17:58:00,3.3
RD-0000911,SH-00020,LG-000038,2026-08-23 18:28:00,4.5
RD-0000912,SH-00020,LG-000038,2026-08-23 18:58:00,3.5
RD-0000913,SH-00020,LG-000038,2026-08-23 19:28:00,4.4
RD-0000914,SH-00020,LG-000038,2026-08-23 19:58:00,3.7
RD-0000915,SH-00020,LG-000038,2026-08-23 20:28:00,4.1
RD-0000916,SH-00020,LG-000038,2026-08-23 20:58:00,3.1
RD-0000917,SH-00021,LG-000039,2026-06-12 00:22:00,5.0
RD-0000918,SH-00021,LG-000039,2026-06-12 00:52:00,5.0
RD-0000919,SH-00021,LG-000039,2026-06-12 01:22:00,6.2
RD-0000920,SH-00021,LG-000039,2026-06-12 01:52:00,5.2
RD-0000921,SH-00021,LG-000039,2026-06-12 02:22:00,4.9
RD-0000922,SH-00021,LG-000039,2026-06-12 02:52:00,5.2
RD-0000923,SH-00021,LG-000039,2026-06-12 03:22:00,5.1
RD-0000924,SH-00021,LG-000039,2026-06-12 03:52:00,4.7
RD-0000925,SH-00021,LG-000039,2026-06-12 04:22:00,6.6
RD-0000926,SH-00021,LG-000039,2026-06-12 04:52:00,5.0
RD-0000927,SH-00021,LG-000039,2026-06-12 05:22:00,4.2
RD-0000928,SH-00021,LG-000039,2026-06-12 05:52:00,5.6
RD-0000929,SH-00021,LG-000039,2026-06-12 06:22:00,5.3
RD-0000930,SH-00021,LG-000039,2026-06-12 06:52:00,5.2
RD-0000931,SH-00021,LG-000039,2026-06-12 07:22:00,5.1
RD-0000932,SH-00021,LG-000039,2026-06-12 07:52:00,5.4
RD-0000933,SH-00021,LG-000039,2026-06-12 08:22:00,5.0
RD-0000934,SH-00021,LG-000039,2026-06-12 08:52:00,3.0
RD-0000935,SH-00021,LG-000039,2026-06-12 09:22:00,5.2
RD-0000936,SH-00021,LG-000039,2026-06-12 09:52:00,3.9
RD-0000937,SH-00021,LG-000039,2026-06-12 10:22:00,4.0
RD-0000938,SH-00021,LG-000039,2026-06-12 10:52:00,5.2
RD-0000939,SH-00021,LG-000039,2026-06-12 11:22:00,4.3
RD-0000940,SH-00021,LG-000039,2026-06-12 11:52:00,5.0
RD-0000941,SH-00021,LG-000039,2026-06-12 12:22:00,3.9
RD-0000942,SH-00021,LG-000039,2026-06-12 12:52:00,4.5
RD-0000943,SH-00021,LG-000039,2026-06-12 13:22:00,6.0
RD-0000944,SH-00021,LG-000039,2026-06-12 13:52:00,5.4
RD-0000945,SH-00021,LG-000039,2026-06-12 14:22:00,3.7
RD-0000946,SH-00021,LG-000039,2026-06-12 14:52:00,6.5
RD-0000947,SH-00021,LG-000039,2026-06-12 15:22:00,5.9
RD-0000948,SH-00021,LG-000039,2026-06-12 15:52:00,5.5
RD-0000949,SH-00021,LG-000039,2026-06-12 16:22:00,4.6
RD-0000950,SH-00021,LG-000039,2026-06-12 16:52:00,4.0
RD-0000951,SH-00021,LG-000039,2026-06-12 17:22:00,4.5
RD-0000952,SH-00021,LG-000039,2026-06-12 17:52:00,5.4
RD-0000953,SH-00021,LG-000040,2026-06-12 18:22:00,6.0
RD-0000954,SH-00021,LG-000040,2026-06-12 18:52:00,4.0
RD-0000955,SH-00021,LG-000040,2026-06-12 19:22:00,5.0
RD-0000956,SH-00021,LG-000040,2026-06-12 19:52:00,4.3
RD-0000957,SH-00021,LG-000040,2026-06-12 20:22:00,6.0
RD-0000958,SH-00021,LG-000040,2026-06-12 20:52:00,5.6
RD-0000959,SH-00021,LG-000040,2026-06-12 21:22:00,6.1
RD-0000960,SH-00021,LG-000040,2026-06-12 21:52:00,6.9
RD-0000961,SH-00021,LG-000040,2026-06-12 22:22:00,5.9
RD-0000962,SH-00021,LG-000040,2026-06-12 22:52:00,5.0
RD-0000963,SH-00021,LG-000040,2026-06-12 23:22:00,3.8
RD-0000964,SH-00021,LG-000040,2026-06-12 23:52:00,4.5
RD-0000965,SH-00021,LG-000040,2026-06-13 00:22:00,5.2
RD-0000966,SH-00021,LG-000040,2026-06-13 00:52:00,4.7
RD-0000967,SH-00021,LG-000040,2026-06-13 01:22:00,5.1
RD-0000968,SH-00021,LG-000040,2026-06-13 01:52:00,6.6
RD-0000969,SH-00021,LG-000040,2026-06-13 02:22:00,4.5
RD-0000970,SH-00021,LG-000040,2026-06-13 02:52:00,6.6
RD-0000971,SH-00021,LG-000040,2026-06-13 03:22:00,4.8
RD-0000972,SH-00021,LG-000040,2026-06-13 03:52:00,-999
RD-0000973,SH-00021,LG-000040,2026-06-13 04:22:00,5.1
RD-0000974,SH-00021,LG-000040,2026-06-13 04:52:00,4.5
RD-0000975,SH-00021,LG-000040,2026-06-13 05:22:00,5.8
RD-0000976,SH-00021,LG-000040,2026-06-13 05:52:00,5.2
RD-0000977,SH-00021,LG-000040,2026-06-13 06:22:00,4.1
RD-0000978,SH-00021,LG-000040,2026-06-13 06:52:00,6.0
RD-0000979,SH-00021,LG-000040,2026-06-13 07:22:00,5.8
RD-0000980,SH-00021,LG-000040,2026-06-13 07:52:00,5.6
RD-0000981,SH-00021,LG-000040,2026-06-13 08:22:00,4.1
RD-0000982,SH-00021,LG-000040,2026-06-13 08:52:00,5.1
RD-0000983,SH-00021,LG-000040,2026-06-13 09:22:00,5.6
RD-0000984,SH-00021,LG-000040,2026-06-13 09:52:00,5.6
RD-0000985,SH-00021,LG-000040,2026-06-13 10:22:00,5.1
RD-0000986,SH-00021,LG-000040,2026-06-13 10:52:00,3.6
RD-0000987,SH-00021,LG-000040,2026-06-13 11:22:00,4.1
RD-0000988,SH-00021,LG-000040,2026-06-13 11:52:00,5.4
RD-0000989,SH-00022,LG-000041,2026-08-24 16:17:00,4.6
RD-0000990,SH-00022,LG-000041,2026-08-24 16:47:00,5.8
RD-0000991,SH-00022,LG-000041,2026-08-24 17:17:00,5.8
RD-0000992,SH-00022,LG-000041,2026-08-24 17:47:00,6.7
RD-0000993,SH-00022,LG-000041,2026-08-24 18:17:00,4.8
RD-0000994,SH-00022,LG-000041,2026-08-24 18:47:00,5.0
RD-0000995,SH-00022,LG-000041,2026-08-24 19:17:00,4.2
RD-0000996,SH-00022,LG-000041,2026-08-24 19:47:00,5.4
RD-0000997,SH-00022,LG-000041,2026-08-24 20:17:00,4.9
RD-0000998,SH-00022,LG-000041,2026-08-24 20:47:00,4.7
RD-0000999,SH-00022,LG-000041,2026-08-24 21:17:00,12.0
RD-0001000,SH-00022,LG-000041,2026-08-24 21:47:00,4.3
RD-0001001,SH-00022,LG-000041,2026-08-24 22:17:00,5.6
RD-0001002,SH-00022,LG-000041,2026-08-24 22:47:00,4.9
RD-0001003,SH-00022,LG-000041,2026-08-24 23:17:00,5.8
RD-0001004,SH-00022,LG-000041,2026-08-24 23:47:00,5.2
RD-0001005,SH-00022,LG-000041,2026-08-25 00:17:00,10.7
RD-0001006,SH-00022,LG-000041,2026-08-25 00:47:00,5.6
RD-0001007,SH-00022,LG-000041,2026-08-25 01:17:00,5.4
RD-0001008,SH-00022,LG-000041,2026-08-25 01:47:00,3.9
RD-0001009,SH-00022,LG-000041,2026-08-25 02:17:00,4.9
RD-0001010,SH-00022,LG-000041,2026-08-25 02:47:00,4.6
RD-0001011,SH-00022,LG-000041,2026-08-25 03:17:00,3.7
RD-0001012,SH-00022,LG-000041,2026-08-25 03:47:00,6.5
RD-0001013,SH-00022,LG-000041,2026-08-25 04:17:00,6.0
RD-0001014,SH-00022,LG-000041,2026-08-25 04:47:00,5.3
RD-0001015,SH-00022,LG-000041,2026-08-25 05:17:00,5.3
RD-0001016,SH-00022,LG-000041,2026-08-25 05:47:00,5.6
RD-0001017,SH-00022,LG-000041,2026-08-25 06:17:00,5.0
RD-0001018,SH-00022,LG-000041,2026-08-25 06:47:00,5.6
RD-0001019,SH-00022,LG-000041,2026-08-25 07:17:00,5.8
RD-0001020,SH-00022,LG-000041,2026-08-25 07:47:00,5.0
RD-0001021,SH-00022,LG-000041,2026-08-25 08:17:00,4.6
RD-0001022,SH-00022,LG-000041,2026-08-25 08:47:00,5.7
RD-0001023,SH-00022,LG-000042,2026-08-25 09:17:00,4.3
RD-0001024,SH-00022,LG-000042,2026-08-25 09:47:00,10.8
RD-0001025,SH-00022,LG-000042,2026-08-25 10:17:00,4.0
RD-0001026,SH-00022,LG-000042,2026-08-25 10:47:00,5.9
RD-0001027,SH-00022,LG-000042,2026-08-25 11:17:00,11.7
RD-0001028,SH-00022,LG-000042,2026-08-25 11:47:00,5.3
RD-0001029,SH-00022,LG-000042,2026-08-25 12:17:00,5.8
RD-0001030,SH-00022,LG-000042,2026-08-25 12:47:00,12.0
RD-0001031,SH-00022,LG-000042,2026-08-25 13:17:00,4.8
RD-0001032,SH-00022,LG-000042,2026-08-25 13:47:00,12.4
RD-0001033,SH-00022,LG-000042,2026-08-25 14:17:00,4.8
RD-0001034,SH-00022,LG-000042,2026-08-25 14:47:00,3.7
RD-0001035,SH-00022,LG-000042,2026-08-25 15:17:00,5.4
RD-0001036,SH-00022,LG-000042,2026-08-25 15:47:00,5.6
RD-0001037,SH-00022,LG-000042,2026-08-25 16:17:00,4.3
RD-0001038,SH-00022,LG-000042,2026-08-25 16:47:00,5.4
RD-0001039,SH-00022,LG-000042,2026-08-25 17:17:00,5.5
RD-0001040,SH-00022,LG-000042,2026-08-25 17:47:00,14.1
RD-0001041,SH-00022,LG-000042,2026-08-25 18:17:00,4.8
RD-0001042,SH-00022,LG-000042,2026-08-25 18:47:00,5.1
RD-0001043,SH-00022,LG-000042,2026-08-25 19:17:00,5.9
RD-0001044,SH-00022,LG-000042,2026-08-25 19:47:00,5.2
RD-0001045,SH-00022,LG-000042,2026-08-25 20:17:00,5.7
RD-0001046,SH-00022,LG-000042,2026-08-25 20:47:00,5.4
RD-0001047,SH-00022,LG-000042,2026-08-25 21:17:00,4.6
RD-0001048,SH-00022,LG-000042,2026-08-25 21:47:00,14.3
RD-0001049,SH-00022,LG-000042,2026-08-25 22:17:00,5.5
RD-0001050,SH-00022,LG-000042,2026-08-25 22:47:00,5.0
RD-0001051,SH-00022,LG-000042,2026-08-25 23:17:00,4.8
RD-0001052,SH-00022,LG-000042,2026-08-25 23:47:00,4.6
RD-0001053,SH-00022,LG-000042,2026-08-26 00:17:00,4.2
RD-0001054,SH-00022,LG-000042,2026-08-26 00:47:00,4.5
RD-0001055,SH-00022,LG-000042,2026-08-26 01:17:00,5.5
RD-0001056,SH-00022,LG-000042,2026-08-26 01:47:00,13.3
RD-0001057,SH-00023,LG-000043,2026-07-07 09:44:00,5.6
RD-0001058,SH-00023,LG-000043,2026-07-07 10:14:00,5.0
RD-0001059,SH-00023,LG-000043,2026-07-07 10:44:00,4.7
RD-0001060,SH-00023,LG-000043,2026-07-07 11:14:00,2.8
RD-0001061,SH-00023,LG-000043,2026-07-07 11:44:00,4.4
RD-0001062,SH-00023,LG-000043,2026-07-07 12:14:00,3.4
RD-0001063,SH-00023,LG-000043,2026-07-07 12:44:00,4.7
RD-0001064,SH-00023,LG-000043,2026-07-07 13:14:00,5.5
RD-0001065,SH-00023,LG-000043,2026-07-07 13:44:00,3.7
RD-0001066,SH-00023,LG-000043,2026-07-07 14:14:00,3.0
RD-0001067,SH-00023,LG-000043,2026-07-07 14:44:00,4.4
RD-0001068,SH-00023,LG-000043,2026-07-07 15:14:00,4.3
RD-0001069,SH-00023,LG-000043,2026-07-07 15:44:00,4.0
RD-0001070,SH-00023,LG-000043,2026-07-07 16:14:00,2.9
RD-0001071,SH-00023,LG-000043,2026-07-07 16:44:00,4.3
RD-0001072,SH-00023,LG-000043,2026-07-07 17:14:00,4.5
RD-0001073,SH-00023,LG-000043,2026-07-07 17:44:00,2.2
RD-0001074,SH-00023,LG-000043,2026-07-07 18:14:00,3.2
RD-0001075,SH-00023,LG-000043,2026-07-07 18:44:00,3.4
RD-0001076,SH-00023,LG-000043,2026-07-07 19:14:00,4.5
RD-0001077,SH-00023,LG-000043,2026-07-07 19:44:00,-999
RD-0001078,SH-00023,LG-000043,2026-07-07 20:14:00,3.3
RD-0001079,SH-00023,LG-000043,2026-07-07 20:44:00,4.6
RD-0001080,SH-00023,LG-000043,2026-07-07 21:14:00,4.1
RD-0001081,SH-00023,LG-000043,2026-07-07 21:44:00,2.5
RD-0001082,SH-00023,LG-000043,2026-07-07 22:14:00,3.7
RD-0001083,SH-00023,LG-000043,2026-07-07 22:44:00,2.3
RD-0001084,SH-00023,LG-000043,2026-07-07 23:14:00,5.1
RD-0001085,SH-00023,LG-000043,2026-07-07 23:44:00,3.2
RD-0001086,SH-00023,LG-000043,2026-07-08 00:14:00,3.7
RD-0001087,SH-00023,LG-000043,2026-07-08 00:44:00,4.4
RD-0001088,SH-00023,LG-000043,2026-07-08 01:14:00,4.4
RD-0001089,SH-00023,LG-000043,2026-07-08 01:44:00,3.8
RD-0001090,SH-00023,LG-000043,2026-07-08 02:14:00,4.5
RD-0001091,SH-00023,LG-000043,2026-07-08 02:44:00,4.2
RD-0001092,SH-00023,LG-000043,2026-07-08 03:14:00,4.1
RD-0001093,SH-00023,LG-000044,2026-07-08 03:44:00,3.8
RD-0001094,SH-00023,LG-000044,2026-07-08 04:14:00,4.4
RD-0001095,SH-00023,LG-000044,2026-07-08 04:44:00,3.7
RD-0001096,SH-00023,LG-000044,2026-07-08 05:14:00,4.5
RD-0001097,SH-00023,LG-000044,2026-07-08 05:44:00,3.7
RD-0001098,SH-00023,LG-000044,2026-07-08 06:14:00,4.3
RD-0001099,SH-00023,LG-000044,2026-07-08 06:44:00,4.5
RD-0001100,SH-00023,LG-000044,2026-07-08 07:14:00,3.0
RD-0001101,SH-00023,LG-000044,2026-07-08 07:44:00,4.1
RD-0001102,SH-00023,LG-000044,2026-07-08 08:14:00,3.5
RD-0001103,SH-00023,LG-000044,2026-07-08 08:44:00,3.4
RD-0001104,SH-00023,LG-000044,2026-07-08 09:14:00,4.5
RD-0001105,SH-00023,LG-000044,2026-07-08 09:44:00,3.3
RD-0001106,SH-00023,LG-000044,2026-07-08 10:14:00,4.0
RD-0001107,SH-00023,LG-000044,2026-07-08 10:44:00,5.4
RD-0001108,SH-00023,LG-000044,2026-07-08 11:14:00,5.3
RD-0001109,SH-00023,LG-000044,2026-07-08 11:44:00,3.7
RD-0001110,SH-00023,LG-000044,2026-07-08 12:14:00,4.7
RD-0001111,SH-00023,LG-000044,2026-07-08 12:44:00,3.4
RD-0001112,SH-00023,LG-000044,2026-07-08 13:14:00,4.3
RD-0001113,SH-00023,LG-000044,2026-07-08 13:44:00,-999
RD-0001114,SH-00023,LG-000044,2026-07-08 14:14:00,4.1
RD-0001115,SH-00023,LG-000044,2026-07-08 14:44:00,4.3
RD-0001116,SH-00023,LG-000044,2026-07-08 15:14:00,4.0
RD-0001117,SH-00023,LG-000044,2026-07-08 15:44:00,5.4
RD-0001118,SH-00023,LG-000044,2026-07-08 16:14:00,2.3
RD-0001119,SH-00023,LG-000044,2026-07-08 16:44:00,4.7
RD-0001120,SH-00023,LG-000044,2026-07-08 17:14:00,4.8
RD-0001121,SH-00023,LG-000044,2026-07-08 17:44:00,5.3
RD-0001122,SH-00023,LG-000044,2026-07-08 18:14:00,2.5
RD-0001123,SH-00023,LG-000044,2026-07-08 18:44:00,2.9
RD-0001124,SH-00023,LG-000044,2026-07-08 19:14:00,2.9
RD-0001125,SH-00023,LG-000044,2026-07-08 19:44:00,3.4
RD-0001126,SH-00023,LG-000044,2026-07-08 20:14:00,3.3
RD-0001127,SH-00023,LG-000044,2026-07-08 20:44:00,3.9
RD-0001128,SH-00023,LG-000044,2026-07-08 21:14:00,4.2
RD-0001129,SH-00024,LG-000045,2026-08-18 06:56:00,5.7
RD-0001130,SH-00024,LG-000045,2026-08-18 07:26:00,5.1
RD-0001131,SH-00024,LG-000045,2026-08-18 07:56:00,4.9
RD-0001132,SH-00024,LG-000045,2026-08-18 08:26:00,4.9
RD-0001133,SH-00024,LG-000045,2026-08-18 08:56:00,5.3
RD-0001134,SH-00024,LG-000045,2026-08-18 09:26:00,5.1
RD-0001135,SH-00024,LG-000045,2026-08-18 09:56:00,4.5
RD-0001136,SH-00024,LG-000045,2026-08-18 10:26:00,5.3
RD-0001137,SH-00024,LG-000045,2026-08-18 10:56:00,5.3
RD-0001138,SH-00024,LG-000045,2026-08-18 11:26:00,4.3
RD-0001139,SH-00024,LG-000045,2026-08-18 11:56:00,5.4
RD-0001140,SH-00024,LG-000045,2026-08-18 12:26:00,4.7
RD-0001141,SH-00024,LG-000045,2026-08-18 12:56:00,5.4
RD-0001142,SH-00024,LG-000045,2026-08-18 13:26:00,4.7
RD-0001143,SH-00024,LG-000045,2026-08-18 13:56:00,5.1
RD-0001144,SH-00024,LG-000045,2026-08-18 14:26:00,3.6
RD-0001145,SH-00024,LG-000045,2026-08-18 14:56:00,4.9
RD-0001146,SH-00024,LG-000045,2026-08-18 15:26:00,4.8
RD-0001147,SH-00024,LG-000045,2026-08-18 15:56:00,4.5
RD-0001148,SH-00024,LG-000045,2026-08-18 16:26:00,4.3
RD-0001149,SH-00024,LG-000045,2026-08-18 16:56:00,5.5
RD-0001150,SH-00024,LG-000045,2026-08-18 17:26:00,4.7
RD-0001151,SH-00024,LG-000045,2026-08-18 17:56:00,5.2
RD-0001152,SH-00024,LG-000045,2026-08-18 18:26:00,4.6
RD-0001153,SH-00024,LG-000045,2026-08-18 18:56:00,5.0
RD-0001154,SH-00024,LG-000045,2026-08-18 19:26:00,5.1
RD-0001155,SH-00024,LG-000045,2026-08-18 19:56:00,5.6
RD-0001156,SH-00024,LG-000045,2026-08-18 20:26:00,5.8
RD-0001157,SH-00024,LG-000045,2026-08-18 20:56:00,4.9
RD-0001158,SH-00024,LG-000045,2026-08-18 21:26:00,4.1
RD-0001159,SH-00024,LG-000045,2026-08-18 21:56:00,5.5
RD-0001160,SH-00024,LG-000045,2026-08-18 22:26:00,6.5
RD-0001161,SH-00024,LG-000045,2026-08-18 22:56:00,3.9
RD-0001162,SH-00024,LG-000045,2026-08-18 23:26:00,4.3
RD-0001163,SH-00024,LG-000045,2026-08-18 23:56:00,5.1
RD-0001164,SH-00024,LG-000045,2026-08-19 00:26:00,4.1
RD-0001165,SH-00024,LG-000045,2026-08-19 00:56:00,4.5
RD-0001166,SH-00024,LG-000045,2026-08-19 01:26:00,5.3
RD-0001167,SH-00024,LG-000045,2026-08-19 01:56:00,6.0
RD-0001168,SH-00024,LG-000045,2026-08-19 02:26:00,4.9
RD-0001169,SH-00024,LG-000045,2026-08-19 02:56:00,6.4
RD-0001170,SH-00024,LG-000045,2026-08-19 03:26:00,4.8
RD-0001171,SH-00024,LG-000045,2026-08-19 03:56:00,4.8
RD-0001172,SH-00024,LG-000045,2026-08-19 04:26:00,6.3
RD-0001173,SH-00024,LG-000045,2026-08-19 04:56:00,5.5
RD-0001174,SH-00024,LG-000045,2026-08-19 05:26:00,4.2
RD-0001175,SH-00024,LG-000045,2026-08-19 05:56:00,4.9
RD-0001176,SH-00024,LG-000045,2026-08-19 06:26:00,5.6
RD-0001177,SH-00024,LG-000045,2026-08-19 06:56:00,4.6
RD-0001178,SH-00024,LG-000045,2026-08-19 07:26:00,6.1
RD-0001179,SH-00025,LG-000046,2026-08-02 10:57:00,4.2
RD-0001180,SH-00025,LG-000046,2026-08-02 11:27:00,4.0
RD-0001181,SH-00025,LG-000046,2026-08-02 11:57:00,5.6
RD-0001182,SH-00025,LG-000046,2026-08-02 12:27:00,3.6
RD-0001183,SH-00025,LG-000046,2026-08-02 12:57:00,3.9
RD-0001184,SH-00025,LG-000046,2026-08-02 13:27:00,3.4
RD-0001185,SH-00025,LG-000046,2026-08-02 13:57:00,3.0
RD-0001186,SH-00025,LG-000046,2026-08-02 14:27:00,4.1
RD-0001187,SH-00025,LG-000046,2026-08-02 14:57:00,2.8
RD-0001188,SH-00025,LG-000046,2026-08-02 15:27:00,3.6
RD-0001189,SH-00025,LG-000046,2026-08-02 15:57:00,4.0
RD-0001190,SH-00025,LG-000046,2026-08-02 16:27:00,4.0
RD-0001191,SH-00025,LG-000046,2026-08-02 16:57:00,2.9
RD-0001192,SH-00025,LG-000046,2026-08-02 17:27:00,6.1
RD-0001193,SH-00025,LG-000046,2026-08-02 17:57:00,4.2
RD-0001194,SH-00025,LG-000046,2026-08-02 18:27:00,5.5
RD-0001195,SH-00025,LG-000046,2026-08-02 18:57:00,4.1
RD-0001196,SH-00025,LG-000046,2026-08-02 19:27:00,3.7
RD-0001197,SH-00025,LG-000046,2026-08-02 19:57:00,3.1
RD-0001198,SH-00025,LG-000046,2026-08-02 20:27:00,4.6
RD-0001199,SH-00025,LG-000046,2026-08-02 20:57:00,4.2
RD-0001200,SH-00025,LG-000046,2026-08-02 21:27:00,4.3
RD-0001201,SH-00025,LG-000046,2026-08-02 21:57:00,2.5
RD-0001202,SH-00025,LG-000046,2026-08-02 22:27:00,4.8
RD-0001203,SH-00025,LG-000046,2026-08-02 22:57:00,3.6
RD-0001204,SH-00025,LG-000046,2026-08-02 23:27:00,3.8
RD-0001205,SH-00025,LG-000046,2026-08-02 23:57:00,4.9
RD-0001206,SH-00025,LG-000046,2026-08-03 00:27:00,3.9
RD-0001207,SH-00025,LG-000046,2026-08-03 00:57:00,5.3
RD-0001208,SH-00025,LG-000046,2026-08-03 01:27:00,4.1
RD-0001209,SH-00025,LG-000046,2026-08-03 01:57:00,3.9
RD-0001210,SH-00025,LG-000046,2026-08-03 02:27:00,-999
RD-0001211,SH-00025,LG-000046,2026-08-03 02:57:00,4.7
RD-0001212,SH-00025,LG-000046,2026-08-03 03:27:00,3.9
RD-0001213,SH-00025,LG-000046,2026-08-03 03:57:00,4.1
RD-0001214,SH-00025,LG-000046,2026-08-03 04:27:00,4.1
RD-0001215,SH-00025,LG-000047,2026-08-03 04:57:00,3.7
RD-0001216,SH-00025,LG-000047,2026-08-03 05:27:00,3.0
RD-0001217,SH-00025,LG-000047,2026-08-03 05:57:00,5.1
RD-0001218,SH-00025,LG-000047,2026-08-03 06:27:00,3.8
RD-0001219,SH-00025,LG-000047,2026-08-03 06:57:00,3.9
RD-0001220,SH-00025,LG-000047,2026-08-03 07:27:00,4.6
RD-0001221,SH-00025,LG-000047,2026-08-03 07:57:00,3.5
RD-0001222,SH-00025,LG-000047,2026-08-03 08:27:00,5.1
RD-0001223,SH-00025,LG-000047,2026-08-03 08:57:00,3.2
RD-0001224,SH-00025,LG-000047,2026-08-03 09:27:00,4.9
RD-0001225,SH-00025,LG-000047,2026-08-03 09:57:00,-999
RD-0001226,SH-00025,LG-000047,2026-08-03 10:27:00,4.9
RD-0001227,SH-00025,LG-000047,2026-08-03 10:57:00,3.9
RD-0001228,SH-00025,LG-000047,2026-08-03 11:27:00,3.6
RD-0001229,SH-00025,LG-000047,2026-08-03 11:57:00,3.9
RD-0001230,SH-00025,LG-000047,2026-08-03 12:27:00,4.4
RD-0001231,SH-00025,LG-000047,2026-08-03 12:57:00,5.0
RD-0001232,SH-00025,LG-000047,2026-08-03 13:27:00,-999
RD-0001233,SH-00025,LG-000047,2026-08-03 13:57:00,3.9
RD-0001234,SH-00025,LG-000047,2026-08-03 14:27:00,3.8
RD-0001235,SH-00025,LG-000047,2026-08-03 14:57:00,4.0
RD-0001236,SH-00025,LG-000047,2026-08-03 15:27:00,3.4
RD-0001237,SH-00025,LG-000047,2026-08-03 15:57:00,4.7
RD-0001238,SH-00025,LG-000047,2026-08-03 16:27:00,5.1
RD-0001239,SH-00025,LG-000047,2026-08-03 16:57:00,3.7
RD-0001240,SH-00025,LG-000047,2026-08-03 17:27:00,1.8
RD-0001241,SH-00025,LG-000047,2026-08-03 17:57:00,4.7
RD-0001242,SH-00025,LG-000047,2026-08-03 18:27:00,3.1
RD-0001243,SH-00025,LG-000047,2026-08-03 18:57:00,5.0
RD-0001244,SH-00025,LG-000047,2026-08-03 19:27:00,-999
RD-0001245,SH-00025,LG-000047,2026-08-03 19:57:00,4.8
RD-0001246,SH-00025,LG-000047,2026-08-03 20:27:00,2.8
RD-0001247,SH-00025,LG-000047,2026-08-03 20:57:00,3.9
RD-0001248,SH-00025,LG-000047,2026-08-03 21:27:00,4.8
RD-0001249,SH-00025,LG-000047,2026-08-03 21:57:00,4.4
RD-0001250,SH-00025,LG-000047,2026-08-03 22:27:00,4.0
RD-0001251,SH-00026,LG-000048,2026-07-06 00:10:00,-16.2
RD-0001252,SH-00026,LG-000048,2026-07-06 00:40:00,-13.1
RD-0001253,SH-00026,LG-000048,2026-07-06 01:10:00,-17.2
RD-0001254,SH-00026,LG-000048,2026-07-06 01:40:00,-18.8
RD-0001255,SH-00026,LG-000048,2026-07-06 02:10:00,-17.4
RD-0001256,SH-00026,LG-000048,2026-07-06 02:40:00,-16.9
RD-0001257,SH-00026,LG-000048,2026-07-06 03:10:00,-13.5
RD-0001258,SH-00026,LG-000048,2026-07-06 03:40:00,-18.8
RD-0001259,SH-00026,LG-000048,2026-07-06 04:10:00,-17.3
RD-0001260,SH-00026,LG-000048,2026-07-06 04:40:00,-18.1
RD-0001261,SH-00026,LG-000048,2026-07-06 05:10:00,-8.7
RD-0001262,SH-00026,LG-000048,2026-07-06 05:40:00,-17.9
RD-0001263,SH-00026,LG-000048,2026-07-06 06:10:00,-18.8
RD-0001264,SH-00026,LG-000048,2026-07-06 06:40:00,-19.9
RD-0001265,SH-00026,LG-000048,2026-07-06 07:10:00,-17.7
RD-0001266,SH-00026,LG-000048,2026-07-06 07:40:00,-14.0
RD-0001267,SH-00026,LG-000048,2026-07-06 08:10:00,-18.4
RD-0001268,SH-00026,LG-000048,2026-07-06 08:40:00,-18.4
RD-0001269,SH-00026,LG-000048,2026-07-06 09:10:00,-18.3
RD-0001270,SH-00026,LG-000048,2026-07-06 09:40:00,-17.4
RD-0001271,SH-00026,LG-000048,2026-07-06 10:10:00,-17.9
RD-0001272,SH-00026,LG-000048,2026-07-06 10:40:00,-19.6
RD-0001273,SH-00026,LG-000048,2026-07-06 11:10:00,-13.1
RD-0001274,SH-00026,LG-000048,2026-07-06 11:40:00,-18.1
RD-0001275,SH-00026,LG-000048,2026-07-06 12:10:00,-17.7
RD-0001276,SH-00026,LG-000048,2026-07-06 12:40:00,-14.2
RD-0001277,SH-00026,LG-000049,2026-07-06 13:10:00,-9.5
RD-0001278,SH-00026,LG-000049,2026-07-06 13:40:00,-18.2
RD-0001279,SH-00026,LG-000049,2026-07-06 14:10:00,-17.4
RD-0001280,SH-00026,LG-000049,2026-07-06 14:40:00,-17.5
RD-0001281,SH-00026,LG-000049,2026-07-06 15:10:00,-18.6
RD-0001282,SH-00026,LG-000049,2026-07-06 15:40:00,-17.7
RD-0001283,SH-00026,LG-000049,2026-07-06 16:10:00,-11.6
RD-0001284,SH-00026,LG-000049,2026-07-06 16:40:00,-13.1
RD-0001285,SH-00026,LG-000049,2026-07-06 17:10:00,-17.9
RD-0001286,SH-00026,LG-000049,2026-07-06 17:40:00,-10.3
RD-0001287,SH-00026,LG-000049,2026-07-06 18:10:00,-17.4
RD-0001288,SH-00026,LG-000049,2026-07-06 18:40:00,-18.1
RD-0001289,SH-00026,LG-000049,2026-07-06 19:10:00,-12.7
RD-0001290,SH-00026,LG-000049,2026-07-06 19:40:00,-17.0
RD-0001291,SH-00026,LG-000049,2026-07-06 20:10:00,-18.1
RD-0001292,SH-00026,LG-000049,2026-07-06 20:40:00,-17.0
RD-0001293,SH-00026,LG-000049,2026-07-06 21:10:00,-17.3
RD-0001294,SH-00026,LG-000049,2026-07-06 21:40:00,-18.0
RD-0001295,SH-00026,LG-000049,2026-07-06 22:10:00,-10.3
RD-0001296,SH-00026,LG-000049,2026-07-06 22:40:00,-999
RD-0001297,SH-00026,LG-000049,2026-07-06 23:10:00,-18.9
RD-0001298,SH-00026,LG-000049,2026-07-06 23:40:00,-17.6
RD-0001299,SH-00026,LG-000049,2026-07-07 00:10:00,-17.6
RD-0001300,SH-00026,LG-000049,2026-07-07 00:40:00,-17.8
RD-0001301,SH-00026,LG-000049,2026-07-07 01:10:00,-10.8
RD-0001302,SH-00026,LG-000049,2026-07-07 01:40:00,-17.2
RD-0001303,SH-00027,LG-000050,2026-08-15 23:11:00,-19.6
RD-0001304,SH-00027,LG-000050,2026-08-15 23:41:00,-17.8
RD-0001305,SH-00027,LG-000050,2026-08-16 00:11:00,-18.3
RD-0001306,SH-00027,LG-000050,2026-08-16 00:41:00,-18.5
RD-0001307,SH-00027,LG-000050,2026-08-16 01:11:00,-16.7
RD-0001308,SH-00027,LG-000050,2026-08-16 01:41:00,-18.5
RD-0001309,SH-00027,LG-000050,2026-08-16 02:11:00,-18.8
RD-0001310,SH-00027,LG-000050,2026-08-16 02:41:00,-17.9
RD-0001311,SH-00027,LG-000051,2026-08-16 03:11:00,-18.2
RD-0001312,SH-00027,LG-000051,2026-08-16 03:41:00,-16.8
RD-0001313,SH-00027,LG-000051,2026-08-16 04:11:00,-17.9
RD-0001314,SH-00027,LG-000051,2026-08-16 04:41:00,-17.7
RD-0001315,SH-00027,LG-000051,2026-08-16 05:11:00,-19.3
RD-0001316,SH-00027,LG-000051,2026-08-16 05:41:00,-17.9
RD-0001317,SH-00027,LG-000051,2026-08-16 06:11:00,-18.5
RD-0001318,SH-00027,LG-000051,2026-08-16 06:41:00,-18.2
RD-0001319,SH-00028,LG-000052,2026-06-16 05:21:00,4.7
RD-0001320,SH-00028,LG-000052,2026-06-16 05:51:00,5.4
RD-0001321,SH-00028,LG-000052,2026-06-16 06:21:00,5.7
RD-0001322,SH-00028,LG-000052,2026-06-16 06:51:00,5.7
RD-0001323,SH-00028,LG-000052,2026-06-16 07:21:00,4.7
RD-0001324,SH-00028,LG-000052,2026-06-16 07:51:00,5.0
RD-0001325,SH-00028,LG-000052,2026-06-16 08:21:00,6.1
RD-0001326,SH-00028,LG-000052,2026-06-16 08:51:00,4.6
RD-0001327,SH-00028,LG-000052,2026-06-16 09:21:00,4.1
RD-0001328,SH-00028,LG-000052,2026-06-16 09:51:00,4.4
RD-0001329,SH-00028,LG-000053,2026-06-16 10:21:00,6.9
RD-0001330,SH-00028,LG-000053,2026-06-16 10:51:00,6.0
RD-0001331,SH-00028,LG-000053,2026-06-16 11:21:00,5.2
RD-0001332,SH-00028,LG-000053,2026-06-16 11:51:00,5.5
RD-0001333,SH-00028,LG-000053,2026-06-16 12:21:00,6.3
RD-0001334,SH-00028,LG-000053,2026-06-16 12:51:00,3.8
RD-0001335,SH-00028,LG-000053,2026-06-16 13:21:00,5.6
RD-0001336,SH-00028,LG-000053,2026-06-16 13:51:00,5.3
RD-0001337,SH-00028,LG-000053,2026-06-16 14:21:00,5.0
RD-0001338,SH-00028,LG-000053,2026-06-16 14:51:00,5.6
RD-0001339,SH-00029,LG-000054,2026-08-26 06:25:00,6.2
RD-0001340,SH-00029,LG-000054,2026-08-26 06:55:00,5.5
RD-0001341,SH-00029,LG-000054,2026-08-26 07:25:00,4.1
RD-0001342,SH-00029,LG-000054,2026-08-26 07:55:00,5.3
RD-0001343,SH-00029,LG-000054,2026-08-26 08:25:00,4.7
RD-0001344,SH-00029,LG-000054,2026-08-26 08:55:00,5.6
RD-0001345,SH-00029,LG-000054,2026-08-26 09:25:00,5.5
RD-0001346,SH-00029,LG-000054,2026-08-26 09:55:00,6.1
RD-0001347,SH-00029,LG-000054,2026-08-26 10:25:00,5.9
RD-0001348,SH-00029,LG-000054,2026-08-26 10:55:00,4.4
RD-0001349,SH-00029,LG-000054,2026-08-26 11:25:00,5.1
RD-0001350,SH-00029,LG-000054,2026-08-26 11:55:00,4.3
RD-0001351,SH-00029,LG-000054,2026-08-26 12:25:00,5.0
RD-0001352,SH-00029,LG-000054,2026-08-26 12:55:00,3.3
RD-0001353,SH-00029,LG-000054,2026-08-26 13:25:00,5.7
RD-0001354,SH-00029,LG-000054,2026-08-26 13:55:00,-999
RD-0001355,SH-00029,LG-000054,2026-08-26 14:25:00,7.6
RD-0001356,SH-00029,LG-000054,2026-08-26 14:55:00,4.3
RD-0001357,SH-00029,LG-000054,2026-08-26 15:25:00,5.4
RD-0001358,SH-00029,LG-000054,2026-08-26 15:55:00,4.0
RD-0001359,SH-00029,LG-000054,2026-08-26 16:25:00,4.5
RD-0001360,SH-00029,LG-000054,2026-08-26 16:55:00,4.2
RD-0001361,SH-00029,LG-000054,2026-08-26 17:25:00,4.4
RD-0001362,SH-00029,LG-000054,2026-08-26 17:55:00,4.9
RD-0001363,SH-00029,LG-000054,2026-08-26 18:25:00,4.3
RD-0001364,SH-00029,LG-000054,2026-08-26 18:55:00,4.8
RD-0001365,SH-00029,LG-000054,2026-08-26 19:25:00,3.1
RD-0001366,SH-00029,LG-000054,2026-08-26 19:55:00,4.2
RD-0001367,SH-00029,LG-000054,2026-08-26 20:25:00,6.4
RD-0001368,SH-00029,LG-000054,2026-08-26 20:55:00,6.4
RD-0001369,SH-00029,LG-000055,2026-08-26 21:25:00,3.3
RD-0001370,SH-00029,LG-000055,2026-08-26 21:55:00,4.0
RD-0001371,SH-00029,LG-000055,2026-08-26 22:25:00,5.1
RD-0001372,SH-00029,LG-000055,2026-08-26 22:55:00,3.7
RD-0001373,SH-00029,LG-000055,2026-08-26 23:25:00,5.0
RD-0001374,SH-00029,LG-000055,2026-08-26 23:55:00,6.0
RD-0001375,SH-00029,LG-000055,2026-08-27 00:25:00,4.8
RD-0001376,SH-00029,LG-000055,2026-08-27 00:55:00,4.3
RD-0001377,SH-00029,LG-000055,2026-08-27 01:25:00,4.2
RD-0001378,SH-00029,LG-000055,2026-08-27 01:55:00,-999
RD-0001379,SH-00029,LG-000055,2026-08-27 02:25:00,5.1
RD-0001380,SH-00029,LG-000055,2026-08-27 02:55:00,5.3
RD-0001381,SH-00029,LG-000055,2026-08-27 03:25:00,4.7
RD-0001382,SH-00029,LG-000055,2026-08-27 03:55:00,4.5
RD-0001383,SH-00029,LG-000055,2026-08-27 04:25:00,5.3
RD-0001384,SH-00029,LG-000055,2026-08-27 04:55:00,4.2
RD-0001385,SH-00029,LG-000055,2026-08-27 05:25:00,4.1
RD-0001386,SH-00029,LG-000055,2026-08-27 05:55:00,5.2
RD-0001387,SH-00029,LG-000055,2026-08-27 06:25:00,4.8
RD-0001388,SH-00029,LG-000055,2026-08-27 06:55:00,6.3
RD-0001389,SH-00029,LG-000055,2026-08-27 07:25:00,6.0
RD-0001390,SH-00029,LG-000055,2026-08-27 07:55:00,4.4
RD-0001391,SH-00029,LG-000055,2026-08-27 08:25:00,4.5
RD-0001392,SH-00029,LG-000055,2026-08-27 08:55:00,6.4
RD-0001393,SH-00029,LG-000055,2026-08-27 09:25:00,6.7
RD-0001394,SH-00029,LG-000055,2026-08-27 09:55:00,5.1
RD-0001395,SH-00029,LG-000055,2026-08-27 10:25:00,5.5
RD-0001396,SH-00029,LG-000055,2026-08-27 10:55:00,5.1
RD-0001397,SH-00029,LG-000055,2026-08-27 11:25:00,5.2
RD-0001398,SH-00029,LG-000055,2026-08-27 11:55:00,4.8
RD-0001399,SH-00030,LG-000056,2026-06-01 05:23:00,-16.9
RD-0001400,SH-00030,LG-000056,2026-06-01 05:53:00,-17.3
RD-0001401,SH-00030,LG-000056,2026-06-01 06:23:00,-17.8
RD-0001402,SH-00030,LG-000056,2026-06-01 06:53:00,-16.9
RD-0001403,SH-00030,LG-000056,2026-06-01 07:23:00,-16.1
RD-0001404,SH-00030,LG-000056,2026-06-01 07:53:00,-19.4
RD-0001405,SH-00030,LG-000056,2026-06-01 08:23:00,-17.5
RD-0001406,SH-00030,LG-000056,2026-06-01 08:53:00,-18.2
RD-0001407,SH-00030,LG-000056,2026-06-01 09:23:00,-18.9
RD-0001408,SH-00030,LG-000056,2026-06-01 09:53:00,-18.3
RD-0001409,SH-00030,LG-000056,2026-06-01 10:23:00,-18.5
RD-0001410,SH-00030,LG-000056,2026-06-01 10:53:00,-17.6
RD-0001411,SH-00030,LG-000056,2026-06-01 11:23:00,-18.5
RD-0001412,SH-00030,LG-000056,2026-06-01 11:53:00,-18.6
RD-0001413,SH-00030,LG-000056,2026-06-01 12:23:00,-18.3
RD-0001414,SH-00030,LG-000056,2026-06-01 12:53:00,-17.5
RD-0001415,SH-00030,LG-000056,2026-06-01 13:23:00,-17.6
RD-0001416,SH-00030,LG-000056,2026-06-01 13:53:00,-17.9
RD-0001417,SH-00030,LG-000056,2026-06-01 14:23:00,-18.1
RD-0001418,SH-00030,LG-000056,2026-06-01 14:53:00,-17.9
RD-0001419,SH-00030,LG-000056,2026-06-01 15:23:00,-17.0
RD-0001420,SH-00030,LG-000056,2026-06-01 15:53:00,-19.0
RD-0001421,SH-00030,LG-000057,2026-06-01 16:23:00,-18.4
RD-0001422,SH-00030,LG-000057,2026-06-01 16:53:00,-19.5
RD-0001423,SH-00030,LG-000057,2026-06-01 17:23:00,-19.9
RD-0001424,SH-00030,LG-000057,2026-06-01 17:53:00,-17.2
RD-0001425,SH-00030,LG-000057,2026-06-01 18:23:00,-17.2
RD-0001426,SH-00030,LG-000057,2026-06-01 18:53:00,-18.4
RD-0001427,SH-00030,LG-000057,2026-06-01 19:23:00,-17.5
RD-0001428,SH-00030,LG-000057,2026-06-01 19:53:00,-18.3
RD-0001429,SH-00030,LG-000057,2026-06-01 20:23:00,-18.6
RD-0001430,SH-00030,LG-000057,2026-06-01 20:53:00,-16.8
RD-0001431,SH-00030,LG-000057,2026-06-01 21:23:00,-17.0
RD-0001432,SH-00030,LG-000057,2026-06-01 21:53:00,-17.3
RD-0001433,SH-00030,LG-000057,2026-06-01 22:23:00,-16.8
RD-0001434,SH-00030,LG-000057,2026-06-01 22:53:00,-999
RD-0001435,SH-00030,LG-000057,2026-06-01 23:23:00,-17.3
RD-0001436,SH-00030,LG-000057,2026-06-01 23:53:00,-17.2
RD-0001437,SH-00030,LG-000057,2026-06-02 00:23:00,-18.1
RD-0001438,SH-00030,LG-000057,2026-06-02 00:53:00,-15.4
RD-0001439,SH-00030,LG-000057,2026-06-02 01:23:00,-17.8
RD-0001440,SH-00030,LG-000057,2026-06-02 01:53:00,-19.0
RD-0001441,SH-00030,LG-000057,2026-06-02 02:23:00,-17.6
RD-0001442,SH-00030,LG-000057,2026-06-02 02:53:00,-17.1
RD-0001443,SH-00030,LG-000058,2026-06-02 03:23:00,-16.8
RD-0001444,SH-00030,LG-000058,2026-06-02 03:53:00,-19.0
RD-0001445,SH-00030,LG-000058,2026-06-02 04:23:00,-18.1
RD-0001446,SH-00030,LG-000058,2026-06-02 04:53:00,-17.8
RD-0001447,SH-00030,LG-000058,2026-06-02 05:23:00,-17.3
RD-0001448,SH-00030,LG-000058,2026-06-02 05:53:00,-18.0
RD-0001449,SH-00030,LG-000058,2026-06-02 06:23:00,-17.8
RD-0001450,SH-00030,LG-000058,2026-06-02 06:53:00,-18.0
RD-0001451,SH-00030,LG-000058,2026-06-02 07:23:00,-17.8
RD-0001452,SH-00030,LG-000058,2026-06-02 07:53:00,-19.0
RD-0001453,SH-00030,LG-000058,2026-06-02 08:23:00,-17.0
RD-0001454,SH-00030,LG-000058,2026-06-02 08:53:00,-17.0
RD-0001455,SH-00030,LG-000058,2026-06-02 09:23:00,-17.7
RD-0001456,SH-00030,LG-000058,2026-06-02 09:53:00,-17.7
RD-0001457,SH-00030,LG-000058,2026-06-02 10:23:00,-20.1
RD-0001458,SH-00030,LG-000058,2026-06-02 10:53:00,-16.9
RD-0001459,SH-00030,LG-000058,2026-06-02 11:23:00,-17.6
RD-0001460,SH-00030,LG-000058,2026-06-02 11:53:00,-17.4
RD-0001461,SH-00030,LG-000058,2026-06-02 12:23:00,-17.6
RD-0001462,SH-00030,LG-000058,2026-06-02 12:53:00,-19.4
RD-0001463,SH-00030,LG-000058,2026-06-02 13:23:00,-18.8
RD-0001464,SH-00030,LG-000058,2026-06-02 13:53:00,-18.0
RD-0001465,SH-00031,LG-000059,2026-08-10 04:46:00,3.4
RD-0001466,SH-00031,LG-000059,2026-08-10 05:16:00,3.0
RD-0001467,SH-00031,LG-000059,2026-08-10 05:46:00,3.8
RD-0001468,SH-00031,LG-000059,2026-08-10 06:16:00,3.7
RD-0001469,SH-00031,LG-000059,2026-08-10 06:46:00,2.9
RD-0001470,SH-00031,LG-000059,2026-08-10 07:16:00,5.1
RD-0001471,SH-00031,LG-000059,2026-08-10 07:46:00,3.4
RD-0001472,SH-00031,LG-000059,2026-08-10 08:16:00,5.0
RD-0001473,SH-00031,LG-000059,2026-08-10 08:46:00,4.0
RD-0001474,SH-00031,LG-000059,2026-08-10 09:16:00,3.9
RD-0001475,SH-00031,LG-000059,2026-08-10 09:46:00,3.9
RD-0001476,SH-00031,LG-000059,2026-08-10 10:16:00,3.7
RD-0001477,SH-00031,LG-000059,2026-08-10 10:46:00,1.9
RD-0001478,SH-00031,LG-000059,2026-08-10 11:16:00,4.1
RD-0001479,SH-00031,LG-000059,2026-08-10 11:46:00,2.7
RD-0001480,SH-00031,LG-000059,2026-08-10 12:16:00,5.4
RD-0001481,SH-00031,LG-000059,2026-08-10 12:46:00,4.7
RD-0001482,SH-00031,LG-000059,2026-08-10 13:16:00,2.4
RD-0001483,SH-00031,LG-000059,2026-08-10 13:46:00,4.8
RD-0001484,SH-00031,LG-000059,2026-08-10 14:16:00,3.7
RD-0001485,SH-00031,LG-000059,2026-08-10 14:46:00,-999
RD-0001486,SH-00031,LG-000059,2026-08-10 15:16:00,4.0
RD-0001487,SH-00031,LG-000059,2026-08-10 15:46:00,4.7
RD-0001488,SH-00031,LG-000059,2026-08-10 16:16:00,4.2
RD-0001489,SH-00031,LG-000059,2026-08-10 16:46:00,3.3
RD-0001490,SH-00031,LG-000059,2026-08-10 17:16:00,3.7
RD-0001491,SH-00031,LG-000059,2026-08-10 17:46:00,3.8
RD-0001492,SH-00031,LG-000059,2026-08-10 18:16:00,2.5
RD-0001493,SH-00031,LG-000059,2026-08-10 18:46:00,3.2
RD-0001494,SH-00031,LG-000059,2026-08-10 19:16:00,4.7
RD-0001495,SH-00031,LG-000059,2026-08-10 19:46:00,4.5
RD-0001496,SH-00031,LG-000059,2026-08-10 20:16:00,3.1
RD-0001497,SH-00031,LG-000059,2026-08-10 20:46:00,3.6
RD-0001498,SH-00031,LG-000059,2026-08-10 21:16:00,2.3
RD-0001499,SH-00031,LG-000059,2026-08-10 21:46:00,4.3
RD-0001500,SH-00031,LG-000059,2026-08-10 22:16:00,1.5
RD-0001501,SH-00031,LG-000059,2026-08-10 22:46:00,5.2
RD-0001502,SH-00031,LG-000059,2026-08-10 23:16:00,4.2
RD-0001503,SH-00031,LG-000060,2026-08-10 23:46:00,4.5
RD-0001504,SH-00031,LG-000060,2026-08-11 00:16:00,4.0
RD-0001505,SH-00031,LG-000060,2026-08-11 00:46:00,4.1
RD-0001506,SH-00031,LG-000060,2026-08-11 01:16:00,3.7
RD-0001507,SH-00031,LG-000060,2026-08-11 01:46:00,3.8
RD-0001508,SH-00031,LG-000060,2026-08-11 02:16:00,3.8
RD-0001509,SH-00031,LG-000060,2026-08-11 02:46:00,4.3
RD-0001510,SH-00031,LG-000060,2026-08-11 03:16:00,4.7
RD-0001511,SH-00031,LG-000060,2026-08-11 03:46:00,4.5
RD-0001512,SH-00031,LG-000060,2026-08-11 04:16:00,3.2
RD-0001513,SH-00031,LG-000060,2026-08-11 04:46:00,3.7
RD-0001514,SH-00031,LG-000060,2026-08-11 05:16:00,5.3
RD-0001515,SH-00031,LG-000060,2026-08-11 05:46:00,3.3
RD-0001516,SH-00031,LG-000060,2026-08-11 06:16:00,5.0
RD-0001517,SH-00031,LG-000060,2026-08-11 06:46:00,3.8
RD-0001518,SH-00031,LG-000060,2026-08-11 07:16:00,3.2
RD-0001519,SH-00031,LG-000060,2026-08-11 07:46:00,4.3
RD-0001520,SH-00031,LG-000060,2026-08-11 08:16:00,3.2
RD-0001521,SH-00031,LG-000060,2026-08-11 08:46:00,4.6
RD-0001522,SH-00031,LG-000060,2026-08-11 09:16:00,3.4
RD-0001523,SH-00031,LG-000060,2026-08-11 09:46:00,4.5
RD-0001524,SH-00031,LG-000060,2026-08-11 10:16:00,4.6
RD-0001525,SH-00031,LG-000060,2026-08-11 10:46:00,5.1
RD-0001526,SH-00031,LG-000060,2026-08-11 11:16:00,4.4
RD-0001527,SH-00031,LG-000060,2026-08-11 11:46:00,4.9
RD-0001528,SH-00031,LG-000060,2026-08-11 12:16:00,3.8
RD-0001529,SH-00031,LG-000060,2026-08-11 12:46:00,3.2
RD-0001530,SH-00031,LG-000060,2026-08-11 13:16:00,4.5
RD-0001531,SH-00031,LG-000060,2026-08-11 13:46:00,4.6
RD-0001532,SH-00031,LG-000060,2026-08-11 14:16:00,3.5
RD-0001533,SH-00031,LG-000060,2026-08-11 14:46:00,3.0
RD-0001534,SH-00031,LG-000060,2026-08-11 15:16:00,3.9
RD-0001535,SH-00031,LG-000060,2026-08-11 15:46:00,3.2
RD-0001536,SH-00031,LG-000060,2026-08-11 16:16:00,4.4
RD-0001537,SH-00031,LG-000060,2026-08-11 16:46:00,4.0
RD-0001538,SH-00031,LG-000060,2026-08-11 17:16:00,4.3
RD-0001539,SH-00031,LG-000060,2026-08-11 17:46:00,4.4
RD-0001540,SH-00031,LG-000060,2026-08-11 18:16:00,5.9
RD-0001541,SH-00032,LG-000061,2026-07-23 06:05:00,5.9
RD-0001542,SH-00032,LG-000061,2026-07-23 06:35:00,6.1
RD-0001543,SH-00032,LG-000061,2026-07-23 07:05:00,6.0
RD-0001544,SH-00032,LG-000061,2026-07-23 07:35:00,4.1
RD-0001545,SH-00032,LG-000061,2026-07-23 08:05:00,4.9
RD-0001546,SH-00032,LG-000061,2026-07-23 08:35:00,2.8
RD-0001547,SH-00032,LG-000061,2026-07-23 09:05:00,6.6
RD-0001548,SH-00032,LG-000061,2026-07-23 09:35:00,3.9
RD-0001549,SH-00032,LG-000061,2026-07-23 10:05:00,4.8
RD-0001550,SH-00032,LG-000061,2026-07-23 10:35:00,4.3
RD-0001551,SH-00032,LG-000061,2026-07-23 11:05:00,5.4
RD-0001552,SH-00032,LG-000061,2026-07-23 11:35:00,5.3
RD-0001553,SH-00032,LG-000061,2026-07-23 12:05:00,5.3
RD-0001554,SH-00032,LG-000061,2026-07-23 12:35:00,3.5
RD-0001555,SH-00032,LG-000062,2026-07-23 13:05:00,5.2
RD-0001556,SH-00032,LG-000062,2026-07-23 13:35:00,4.0
RD-0001557,SH-00032,LG-000062,2026-07-23 14:05:00,3.6
RD-0001558,SH-00032,LG-000062,2026-07-23 14:35:00,5.3
RD-0001559,SH-00032,LG-000062,2026-07-23 15:05:00,3.8
RD-0001560,SH-00032,LG-000062,2026-07-23 15:35:00,4.7
RD-0001561,SH-00032,LG-000062,2026-07-23 16:05:00,5.1
RD-0001562,SH-00032,LG-000062,2026-07-23 16:35:00,6.0
RD-0001563,SH-00032,LG-000062,2026-07-23 17:05:00,4.2
RD-0001564,SH-00032,LG-000062,2026-07-23 17:35:00,4.4
RD-0001565,SH-00032,LG-000062,2026-07-23 18:05:00,4.6
RD-0001566,SH-00032,LG-000062,2026-07-23 18:35:00,4.3
RD-0001567,SH-00032,LG-000062,2026-07-23 19:05:00,3.8
RD-0001568,SH-00032,LG-000062,2026-07-23 19:35:00,5.2
RD-0001569,SH-00033,LG-000063,2026-07-02 01:38:00,-17.5
RD-0001570,SH-00033,LG-000063,2026-07-02 02:08:00,-18.2
RD-0001571,SH-00033,LG-000063,2026-07-02 02:38:00,-17.3
RD-0001572,SH-00033,LG-000063,2026-07-02 03:08:00,-17.8
RD-0001573,SH-00033,LG-000063,2026-07-02 03:38:00,-17.1
RD-0001574,SH-00033,LG-000063,2026-07-02 04:08:00,-18.1
RD-0001575,SH-00033,LG-000063,2026-07-02 04:38:00,-18.5
RD-0001576,SH-00033,LG-000063,2026-07-02 05:08:00,-18.6
RD-0001577,SH-00033,LG-000063,2026-07-02 05:38:00,-18.6
RD-0001578,SH-00033,LG-000063,2026-07-02 06:08:00,-18.1
RD-0001579,SH-00033,LG-000063,2026-07-02 06:38:00,-999
RD-0001580,SH-00033,LG-000063,2026-07-02 07:08:00,-18.9
RD-0001581,SH-00033,LG-000063,2026-07-02 07:38:00,-18.7
RD-0001582,SH-00033,LG-000063,2026-07-02 08:08:00,-18.0
RD-0001583,SH-00033,LG-000063,2026-07-02 08:38:00,-18.7
RD-0001584,SH-00033,LG-000063,2026-07-02 09:08:00,-17.4
RD-0001585,SH-00033,LG-000063,2026-07-02 09:38:00,-18.7
RD-0001586,SH-00033,LG-000063,2026-07-02 10:08:00,-18.1
RD-0001587,SH-00033,LG-000063,2026-07-02 10:38:00,-999
RD-0001588,SH-00033,LG-000063,2026-07-02 11:08:00,-17.7
RD-0001589,SH-00033,LG-000063,2026-07-02 11:38:00,-17.7
RD-0001590,SH-00033,LG-000063,2026-07-02 12:08:00,-20.0
RD-0001591,SH-00033,LG-000064,2026-07-02 12:38:00,-17.1
RD-0001592,SH-00033,LG-000064,2026-07-02 13:08:00,-19.4
RD-0001593,SH-00033,LG-000064,2026-07-02 13:38:00,-18.7
RD-0001594,SH-00033,LG-000064,2026-07-02 14:08:00,-18.4
RD-0001595,SH-00033,LG-000064,2026-07-02 14:38:00,-19.1
RD-0001596,SH-00033,LG-000064,2026-07-02 15:08:00,-17.2
RD-0001597,SH-00033,LG-000064,2026-07-02 15:38:00,-18.3
RD-0001598,SH-00033,LG-000064,2026-07-02 16:08:00,-18.6
RD-0001599,SH-00033,LG-000064,2026-07-02 16:38:00,-19.0
RD-0001600,SH-00033,LG-000064,2026-07-02 17:08:00,-17.4
RD-0001601,SH-00033,LG-000064,2026-07-02 17:38:00,-18.8
RD-0001602,SH-00033,LG-000064,2026-07-02 18:08:00,-19.2
RD-0001603,SH-00033,LG-000064,2026-07-02 18:38:00,-18.4
RD-0001604,SH-00033,LG-000064,2026-07-02 19:08:00,-17.6
RD-0001605,SH-00033,LG-000064,2026-07-02 19:38:00,-18.0
RD-0001606,SH-00033,LG-000064,2026-07-02 20:08:00,-18.1
RD-0001607,SH-00033,LG-000064,2026-07-02 20:38:00,-17.9
RD-0001608,SH-00033,LG-000064,2026-07-02 21:08:00,-17.5
RD-0001609,SH-00033,LG-000064,2026-07-02 21:38:00,-18.1
RD-0001610,SH-00033,LG-000064,2026-07-02 22:08:00,-17.4
RD-0001611,SH-00033,LG-000064,2026-07-02 22:38:00,-17.0
RD-0001612,SH-00033,LG-000064,2026-07-02 23:08:00,-17.7
RD-0001613,SH-00034,LG-000065,2026-07-08 13:46:00,-16.3
RD-0001614,SH-00034,LG-000065,2026-07-08 14:16:00,-17.8
RD-0001615,SH-00034,LG-000065,2026-07-08 14:46:00,-18.2
RD-0001616,SH-00034,LG-000065,2026-07-08 15:16:00,-17.4
RD-0001617,SH-00034,LG-000065,2026-07-08 15:46:00,-18.7
RD-0001618,SH-00034,LG-000065,2026-07-08 16:16:00,-20.1
RD-0001619,SH-00034,LG-000065,2026-07-08 16:46:00,-19.1
RD-0001620,SH-00034,LG-000065,2026-07-08 17:16:00,-18.9
RD-0001621,SH-00034,LG-000065,2026-07-08 17:46:00,-17.8
RD-0001622,SH-00034,LG-000065,2026-07-08 18:16:00,-17.1
RD-0001623,SH-00034,LG-000065,2026-07-08 18:46:00,-17.9
RD-0001624,SH-00034,LG-000065,2026-07-08 19:16:00,-17.4
RD-0001625,SH-00034,LG-000065,2026-07-08 19:46:00,-18.5
RD-0001626,SH-00034,LG-000065,2026-07-08 20:16:00,-18.8
RD-0001627,SH-00034,LG-000065,2026-07-08 20:46:00,-17.5
RD-0001628,SH-00034,LG-000065,2026-07-08 21:16:00,-17.9
RD-0001629,SH-00034,LG-000065,2026-07-08 21:46:00,-17.9
RD-0001630,SH-00034,LG-000065,2026-07-08 22:16:00,-18.4
RD-0001631,SH-00034,LG-000065,2026-07-08 22:46:00,-17.5
RD-0001632,SH-00034,LG-000065,2026-07-08 23:16:00,-18.6
RD-0001633,SH-00034,LG-000065,2026-07-08 23:46:00,-19.3
RD-0001634,SH-00034,LG-000065,2026-07-09 00:16:00,-20.0
RD-0001635,SH-00034,LG-000065,2026-07-09 00:46:00,-18.7
RD-0001636,SH-00034,LG-000065,2026-07-09 01:16:00,-17.0
RD-0001637,SH-00034,LG-000065,2026-07-09 01:46:00,-17.6
RD-0001638,SH-00034,LG-000065,2026-07-09 02:16:00,-999
RD-0001639,SH-00034,LG-000065,2026-07-09 02:46:00,-16.7
RD-0001640,SH-00034,LG-000065,2026-07-09 03:16:00,-17.4
RD-0001641,SH-00034,LG-000065,2026-07-09 03:46:00,-16.9
RD-0001642,SH-00034,LG-000065,2026-07-09 04:16:00,-19.2
RD-0001643,SH-00034,LG-000065,2026-07-09 04:46:00,-17.1
RD-0001644,SH-00034,LG-000065,2026-07-09 05:16:00,-19.4
RD-0001645,SH-00034,LG-000065,2026-07-09 05:46:00,-18.9
RD-0001646,SH-00034,LG-000065,2026-07-09 06:16:00,-16.8
RD-0001647,SH-00034,LG-000065,2026-07-09 06:46:00,-18.2
RD-0001648,SH-00034,LG-000065,2026-07-09 07:16:00,-18.7
RD-0001649,SH-00034,LG-000065,2026-07-09 07:46:00,-17.9
RD-0001650,SH-00034,LG-000065,2026-07-09 08:16:00,-18.5
RD-0001651,SH-00034,LG-000065,2026-07-09 08:46:00,-18.0
RD-0001652,SH-00034,LG-000065,2026-07-09 09:16:00,-18.3
RD-0001653,SH-00035,LG-000066,2026-08-08 19:27:00,-19.5
RD-0001654,SH-00035,LG-000066,2026-08-08 19:57:00,-18.2
RD-0001655,SH-00035,LG-000066,2026-08-08 20:27:00,-17.4
RD-0001656,SH-00035,LG-000066,2026-08-08 20:57:00,-16.6
RD-0001657,SH-00035,LG-000066,2026-08-08 21:27:00,-16.7
RD-0001658,SH-00035,LG-000066,2026-08-08 21:57:00,-18.0
RD-0001659,SH-00035,LG-000066,2026-08-08 22:27:00,-18.3
RD-0001660,SH-00035,LG-000066,2026-08-08 22:57:00,-18.0
RD-0001661,SH-00035,LG-000066,2026-08-08 23:27:00,-17.8
RD-0001662,SH-00035,LG-000066,2026-08-08 23:57:00,-18.5
RD-0001663,SH-00035,LG-000066,2026-08-09 00:27:00,-19.4
RD-0001664,SH-00035,LG-000066,2026-08-09 00:57:00,-19.0
RD-0001665,SH-00035,LG-000066,2026-08-09 01:27:00,-17.2
RD-0001666,SH-00035,LG-000066,2026-08-09 01:57:00,-17.8
RD-0001667,SH-00035,LG-000066,2026-08-09 02:27:00,-18.7
RD-0001668,SH-00035,LG-000066,2026-08-09 02:57:00,-18.2
RD-0001669,SH-00035,LG-000066,2026-08-09 03:27:00,-18.2
RD-0001670,SH-00035,LG-000066,2026-08-09 03:57:00,-17.7
RD-0001671,SH-00035,LG-000066,2026-08-09 04:27:00,-15.9
RD-0001672,SH-00035,LG-000066,2026-08-09 04:57:00,-18.4
RD-0001673,SH-00035,LG-000067,2026-08-09 05:27:00,-17.2
RD-0001674,SH-00035,LG-000067,2026-08-09 05:57:00,-17.4
RD-0001675,SH-00035,LG-000067,2026-08-09 06:27:00,-17.8
RD-0001676,SH-00035,LG-000067,2026-08-09 06:57:00,-17.6
RD-0001677,SH-00035,LG-000067,2026-08-09 07:27:00,-999
RD-0001678,SH-00035,LG-000067,2026-08-09 07:57:00,-18.3
RD-0001679,SH-00035,LG-000067,2026-08-09 08:27:00,-17.5
RD-0001680,SH-00035,LG-000067,2026-08-09 08:57:00,-18.6
RD-0001681,SH-00035,LG-000067,2026-08-09 09:27:00,-17.7
RD-0001682,SH-00035,LG-000067,2026-08-09 09:57:00,-18.0
RD-0001683,SH-00035,LG-000067,2026-08-09 10:27:00,-17.9
RD-0001684,SH-00035,LG-000067,2026-08-09 10:57:00,-16.6
RD-0001685,SH-00035,LG-000067,2026-08-09 11:27:00,-18.5
RD-0001686,SH-00035,LG-000067,2026-08-09 11:57:00,-17.1
RD-0001687,SH-00035,LG-000067,2026-08-09 12:27:00,-19.1
RD-0001688,SH-00035,LG-000067,2026-08-09 12:57:00,-999
RD-0001689,SH-00035,LG-000067,2026-08-09 13:27:00,-17.9
RD-0001690,SH-00035,LG-000067,2026-08-09 13:57:00,-17.4
RD-0001691,SH-00035,LG-000067,2026-08-09 14:27:00,-18.5
RD-0001692,SH-00035,LG-000067,2026-08-09 14:57:00,-18.4
RD-0001693,SH-00035,LG-000068,2026-08-09 15:27:00,-17.9
RD-0001694,SH-00035,LG-000068,2026-08-09 15:57:00,-17.3
RD-0001695,SH-00035,LG-000068,2026-08-09 16:27:00,-16.6
RD-0001696,SH-00035,LG-000068,2026-08-09 16:57:00,-18.6
RD-0001697,SH-00035,LG-000068,2026-08-09 17:27:00,-19.8
RD-0001698,SH-00035,LG-000068,2026-08-09 17:57:00,-17.2
RD-0001699,SH-00035,LG-000068,2026-08-09 18:27:00,-19.6
RD-0001700,SH-00035,LG-000068,2026-08-09 18:57:00,-17.8
RD-0001701,SH-00035,LG-000068,2026-08-09 19:27:00,-16.7
RD-0001702,SH-00035,LG-000068,2026-08-09 19:57:00,-17.7
RD-0001703,SH-00035,LG-000068,2026-08-09 20:27:00,-18.5
RD-0001704,SH-00035,LG-000068,2026-08-09 20:57:00,-17.3
RD-0001705,SH-00035,LG-000068,2026-08-09 21:27:00,-18.3
RD-0001706,SH-00035,LG-000068,2026-08-09 21:57:00,-17.5
RD-0001707,SH-00035,LG-000068,2026-08-09 22:27:00,-18.3
RD-0001708,SH-00035,LG-000068,2026-08-09 22:57:00,-18.2
RD-0001709,SH-00035,LG-000068,2026-08-09 23:27:00,-19.5
RD-0001710,SH-00035,LG-000068,2026-08-09 23:57:00,-17.5
RD-0001711,SH-00035,LG-000068,2026-08-10 00:27:00,-16.5
RD-0001712,SH-00035,LG-000068,2026-08-10 00:57:00,-17.6
RD-0001713,SH-00036,LG-000069,2026-08-06 05:42:00,5.6
RD-0001714,SH-00036,LG-000069,2026-08-06 06:12:00,5.3
RD-0001715,SH-00036,LG-000069,2026-08-06 06:42:00,5.4
RD-0001716,SH-00036,LG-000069,2026-08-06 07:12:00,4.2
RD-0001717,SH-00036,LG-000069,2026-08-06 07:42:00,4.5
RD-0001718,SH-00036,LG-000069,2026-08-06 08:12:00,5.4
RD-0001719,SH-00036,LG-000069,2026-08-06 08:42:00,4.9
RD-0001720,SH-00036,LG-000069,2026-08-06 09:12:00,5.5
RD-0001721,SH-00036,LG-000069,2026-08-06 09:42:00,3.4
RD-0001722,SH-00036,LG-000069,2026-08-06 10:12:00,5.1
RD-0001723,SH-00036,LG-000070,2026-08-06 10:42:00,5.0
RD-0001724,SH-00036,LG-000070,2026-08-06 11:12:00,5.1
RD-0001725,SH-00036,LG-000070,2026-08-06 11:42:00,4.5
RD-0001726,SH-00036,LG-000070,2026-08-06 12:12:00,3.6
RD-0001727,SH-00036,LG-000070,2026-08-06 12:42:00,5.3
RD-0001728,SH-00036,LG-000070,2026-08-06 13:12:00,4.8
RD-0001729,SH-00036,LG-000070,2026-08-06 13:42:00,5.1
RD-0001730,SH-00036,LG-000070,2026-08-06 14:12:00,4.4
RD-0001731,SH-00036,LG-000070,2026-08-06 14:42:00,5.3
RD-0001732,SH-00036,LG-000070,2026-08-06 15:12:00,5.0
RD-0001733,SH-00037,LG-000071,2026-07-05 11:36:00,4.4
RD-0001734,SH-00037,LG-000071,2026-07-05 12:06:00,5.0
RD-0001735,SH-00037,LG-000071,2026-07-05 12:36:00,3.6
RD-0001736,SH-00037,LG-000071,2026-07-05 13:06:00,5.0
RD-0001737,SH-00037,LG-000071,2026-07-05 13:36:00,2.4
RD-0001738,SH-00037,LG-000071,2026-07-05 14:06:00,4.2
RD-0001739,SH-00037,LG-000071,2026-07-05 14:36:00,3.2
RD-0001740,SH-00037,LG-000071,2026-07-05 15:06:00,3.0
RD-0001741,SH-00037,LG-000071,2026-07-05 15:36:00,4.6
RD-0001742,SH-00037,LG-000071,2026-07-05 16:06:00,3.8
RD-0001743,SH-00037,LG-000071,2026-07-05 16:36:00,4.8
RD-0001744,SH-00037,LG-000071,2026-07-05 17:06:00,4.6
RD-0001745,SH-00037,LG-000071,2026-07-05 17:36:00,5.0
RD-0001746,SH-00037,LG-000071,2026-07-05 18:06:00,4.4
RD-0001747,SH-00037,LG-000071,2026-07-05 18:36:00,4.4
RD-0001748,SH-00037,LG-000071,2026-07-05 19:06:00,5.5
RD-0001749,SH-00037,LG-000071,2026-07-05 19:36:00,4.1
RD-0001750,SH-00037,LG-000071,2026-07-05 20:06:00,3.3
RD-0001751,SH-00037,LG-000071,2026-07-05 20:36:00,4.1
RD-0001752,SH-00037,LG-000071,2026-07-05 21:06:00,3.7
RD-0001753,SH-00037,LG-000071,2026-07-05 21:36:00,4.1
RD-0001754,SH-00037,LG-000071,2026-07-05 22:06:00,4.9
RD-0001755,SH-00037,LG-000071,2026-07-05 22:36:00,4.6
RD-0001756,SH-00037,LG-000071,2026-07-05 23:06:00,4.1
RD-0001757,SH-00037,LG-000071,2026-07-05 23:36:00,4.3
RD-0001758,SH-00037,LG-000071,2026-07-06 00:06:00,3.7
RD-0001759,SH-00037,LG-000071,2026-07-06 00:36:00,3.4
RD-0001760,SH-00037,LG-000071,2026-07-06 01:06:00,6.5
RD-0001761,SH-00037,LG-000071,2026-07-06 01:36:00,3.9
RD-0001762,SH-00037,LG-000071,2026-07-06 02:06:00,3.3
RD-0001763,SH-00037,LG-000071,2026-07-06 02:36:00,4.3
RD-0001764,SH-00037,LG-000071,2026-07-06 03:06:00,4.7
RD-0001765,SH-00037,LG-000071,2026-07-06 03:36:00,4.0
RD-0001766,SH-00037,LG-000071,2026-07-06 04:06:00,4.8
RD-0001767,SH-00037,LG-000071,2026-07-06 04:36:00,3.1
RD-0001768,SH-00037,LG-000071,2026-07-06 05:06:00,3.6
RD-0001769,SH-00037,LG-000071,2026-07-06 05:36:00,4.1
RD-0001770,SH-00037,LG-000071,2026-07-06 06:06:00,3.9
RD-0001771,SH-00037,LG-000071,2026-07-06 06:36:00,4.2
RD-0001772,SH-00037,LG-000071,2026-07-06 07:06:00,4.4
RD-0001773,SH-00037,LG-000071,2026-07-06 07:36:00,4.5
RD-0001774,SH-00037,LG-000071,2026-07-06 08:06:00,4.9
RD-0001775,SH-00037,LG-000071,2026-07-06 08:36:00,4.1
RD-0001776,SH-00037,LG-000071,2026-07-06 09:06:00,3.7
RD-0001777,SH-00037,LG-000071,2026-07-06 09:36:00,3.6
RD-0001778,SH-00037,LG-000071,2026-07-06 10:06:00,5.0
RD-0001779,SH-00037,LG-000071,2026-07-06 10:36:00,4.4
RD-0001780,SH-00037,LG-000071,2026-07-06 11:06:00,3.9
RD-0001781,SH-00037,LG-000071,2026-07-06 11:36:00,3.1
RD-0001782,SH-00037,LG-000071,2026-07-06 12:06:00,4.6
RD-0001783,SH-00037,LG-000071,2026-07-06 12:36:00,3.9
RD-0001784,SH-00037,LG-000071,2026-07-06 13:06:00,4.6
RD-0001785,SH-00037,LG-000071,2026-07-06 13:36:00,4.3
RD-0001786,SH-00037,LG-000071,2026-07-06 14:06:00,3.0
RD-0001787,SH-00037,LG-000071,2026-07-06 14:36:00,2.0
RD-0001788,SH-00037,LG-000071,2026-07-06 15:06:00,3.4
RD-0001789,SH-00037,LG-000071,2026-07-06 15:36:00,3.3
RD-0001790,SH-00037,LG-000071,2026-07-06 16:06:00,4.4
RD-0001791,SH-00037,LG-000071,2026-07-06 16:36:00,4.3
RD-0001792,SH-00037,LG-000071,2026-07-06 17:06:00,4.7
RD-0001793,SH-00038,LG-000072,2026-07-03 17:15:00,-19.3
RD-0001794,SH-00038,LG-000072,2026-07-03 17:45:00,-19.7
RD-0001795,SH-00038,LG-000072,2026-07-03 18:15:00,-18.3
RD-0001796,SH-00038,LG-000072,2026-07-03 18:45:00,-19.1
RD-0001797,SH-00038,LG-000072,2026-07-03 19:15:00,-17.2
RD-0001798,SH-00038,LG-000072,2026-07-03 19:45:00,-17.6
RD-0001799,SH-00038,LG-000072,2026-07-03 20:15:00,-16.8
RD-0001800,SH-00038,LG-000072,2026-07-03 20:45:00,-17.7
RD-0001801,SH-00038,LG-000073,2026-07-03 21:15:00,-18.2
RD-0001802,SH-00038,LG-000073,2026-07-03 21:45:00,-17.4
RD-0001803,SH-00038,LG-000073,2026-07-03 22:15:00,-18.5
RD-0001804,SH-00038,LG-000073,2026-07-03 22:45:00,-18.1
RD-0001805,SH-00038,LG-000073,2026-07-03 23:15:00,-18.9
RD-0001806,SH-00038,LG-000073,2026-07-03 23:45:00,-17.5
RD-0001807,SH-00038,LG-000073,2026-07-04 00:15:00,-17.3
RD-0001808,SH-00038,LG-000073,2026-07-04 00:45:00,-19.0
RD-0001809,SH-00038,LG-000074,2026-07-04 01:15:00,-18.2
RD-0001810,SH-00038,LG-000074,2026-07-04 01:45:00,-18.5
RD-0001811,SH-00038,LG-000074,2026-07-04 02:15:00,-18.6
RD-0001812,SH-00038,LG-000074,2026-07-04 02:45:00,-18.2
RD-0001813,SH-00038,LG-000074,2026-07-04 03:15:00,-18.3
RD-0001814,SH-00038,LG-000074,2026-07-04 03:45:00,-18.0
RD-0001815,SH-00038,LG-000074,2026-07-04 04:15:00,-19.7
RD-0001816,SH-00038,LG-000074,2026-07-04 04:45:00,-17.0
RD-0001817,SH-00039,LG-000075,2026-08-21 15:50:00,3.8
RD-0001818,SH-00039,LG-000075,2026-08-21 16:20:00,3.8
RD-0001819,SH-00039,LG-000075,2026-08-21 16:50:00,4.4
RD-0001820,SH-00039,LG-000075,2026-08-21 17:20:00,3.6
RD-0001821,SH-00039,LG-000075,2026-08-21 17:50:00,5.4
RD-0001822,SH-00039,LG-000075,2026-08-21 18:20:00,4.5
RD-0001823,SH-00039,LG-000075,2026-08-21 18:50:00,4.8
RD-0001824,SH-00039,LG-000075,2026-08-21 19:20:00,4.0
RD-0001825,SH-00039,LG-000075,2026-08-21 19:50:00,5.3
RD-0001826,SH-00039,LG-000075,2026-08-21 20:20:00,4.3
RD-0001827,SH-00039,LG-000075,2026-08-21 20:50:00,4.7
RD-0001828,SH-00039,LG-000075,2026-08-21 21:20:00,4.8
RD-0001829,SH-00039,LG-000075,2026-08-21 21:50:00,4.5
RD-0001830,SH-00039,LG-000075,2026-08-21 22:20:00,-999
RD-0001831,SH-00039,LG-000075,2026-08-21 22:50:00,4.4
RD-0001832,SH-00039,LG-000075,2026-08-21 23:20:00,9.5
RD-0001833,SH-00039,LG-000075,2026-08-21 23:50:00,4.0
RD-0001834,SH-00039,LG-000075,2026-08-22 00:20:00,3.0
RD-0001835,SH-00039,LG-000075,2026-08-22 00:50:00,3.1
RD-0001836,SH-00039,LG-000075,2026-08-22 01:20:00,8.9
RD-0001837,SH-00039,LG-000075,2026-08-22 01:50:00,4.1
RD-0001838,SH-00039,LG-000075,2026-08-22 02:20:00,4.4
RD-0001839,SH-00039,LG-000075,2026-08-22 02:50:00,3.3
RD-0001840,SH-00039,LG-000075,2026-08-22 03:20:00,3.8
RD-0001841,SH-00039,LG-000075,2026-08-22 03:50:00,-999
RD-0001842,SH-00039,LG-000075,2026-08-22 04:20:00,3.5
RD-0001843,SH-00039,LG-000075,2026-08-22 04:50:00,9.8
RD-0001844,SH-00039,LG-000075,2026-08-22 05:20:00,3.5
RD-0001845,SH-00039,LG-000075,2026-08-22 05:50:00,2.5
RD-0001846,SH-00039,LG-000075,2026-08-22 06:20:00,3.7
RD-0001847,SH-00039,LG-000075,2026-08-22 06:50:00,4.1
RD-0001848,SH-00039,LG-000075,2026-08-22 07:20:00,5.0
RD-0001849,SH-00039,LG-000075,2026-08-22 07:50:00,3.8
RD-0001850,SH-00039,LG-000075,2026-08-22 08:20:00,2.6
RD-0001851,SH-00039,LG-000075,2026-08-22 08:50:00,4.5
RD-0001852,SH-00039,LG-000075,2026-08-22 09:20:00,12.9
RD-0001853,SH-00039,LG-000075,2026-08-22 09:50:00,3.6
RD-0001854,SH-00039,LG-000075,2026-08-22 10:20:00,4.0
RD-0001855,SH-00039,LG-000075,2026-08-22 10:50:00,5.0
RD-0001856,SH-00039,LG-000075,2026-08-22 11:20:00,-999
RD-0001857,SH-00039,LG-000075,2026-08-22 11:50:00,4.0
RD-0001858,SH-00039,LG-000075,2026-08-22 12:20:00,3.1
RD-0001859,SH-00039,LG-000075,2026-08-22 12:50:00,4.4
RD-0001860,SH-00039,LG-000075,2026-08-22 13:20:00,4.2
RD-0001861,SH-00039,LG-000075,2026-08-22 13:50:00,11.8
RD-0001862,SH-00039,LG-000075,2026-08-22 14:20:00,4.0
RD-0001863,SH-00039,LG-000075,2026-08-22 14:50:00,-999
RD-0001864,SH-00039,LG-000075,2026-08-22 15:20:00,3.5
RD-0001865,SH-00039,LG-000075,2026-08-22 15:50:00,4.5
RD-0001866,SH-00039,LG-000075,2026-08-22 16:20:00,3.0
RD-0001867,SH-00039,LG-000075,2026-08-22 16:50:00,11.0
RD-0001868,SH-00039,LG-000075,2026-08-22 17:20:00,5.5
RD-0001869,SH-00039,LG-000075,2026-08-22 17:50:00,13.0
RD-0001870,SH-00039,LG-000075,2026-08-22 18:20:00,4.3
RD-0001871,SH-00039,LG-000075,2026-08-22 18:50:00,2.5
RD-0001872,SH-00039,LG-000075,2026-08-22 19:20:00,4.5
RD-0001873,SH-00039,LG-000075,2026-08-22 19:50:00,10.9
RD-0001874,SH-00039,LG-000075,2026-08-22 20:20:00,3.2
RD-0001875,SH-00039,LG-000075,2026-08-22 20:50:00,4.1
RD-0001876,SH-00039,LG-000075,2026-08-22 21:20:00,3.4
RD-0001877,SH-00039,LG-000075,2026-08-22 21:50:00,5.0
RD-0001878,SH-00039,LG-000075,2026-08-22 22:20:00,3.0
RD-0001879,SH-00039,LG-000075,2026-08-22 22:50:00,4.4
RD-0001880,SH-00039,LG-000075,2026-08-22 23:20:00,10.6
RD-0001881,SH-00039,LG-000075,2026-08-22 23:50:00,4.4
RD-0001882,SH-00039,LG-000075,2026-08-23 00:20:00,4.2
RD-0001883,SH-00039,LG-000075,2026-08-23 00:50:00,3.9
RD-0001884,SH-00039,LG-000075,2026-08-23 01:20:00,3.3
RD-0001885,SH-00039,LG-000075,2026-08-23 01:50:00,4.5
RD-0001886,SH-00039,LG-000075,2026-08-23 02:20:00,12.4
RD-0001887,SH-00040,LG-000076,2026-08-11 16:49:00,0.8
RD-0001888,SH-00040,LG-000076,2026-08-11 17:19:00,0.7
RD-0001889,SH-00040,LG-000076,2026-08-11 17:49:00,-0.5
RD-0001890,SH-00040,LG-000076,2026-08-11 18:19:00,2.6
RD-0001891,SH-00040,LG-000076,2026-08-11 18:49:00,-2.1
RD-0001892,SH-00040,LG-000076,2026-08-11 19:19:00,0.6
RD-0001893,SH-00040,LG-000076,2026-08-11 19:49:00,-0.7
RD-0001894,SH-00040,LG-000076,2026-08-11 20:19:00,-1.7
RD-0001895,SH-00040,LG-000076,2026-08-11 20:49:00,-1.6
RD-0001896,SH-00040,LG-000076,2026-08-11 21:19:00,-3.0
RD-0001897,SH-00040,LG-000076,2026-08-11 21:49:00,-999
RD-0001898,SH-00040,LG-000076,2026-08-11 22:19:00,0.2
RD-0001899,SH-00040,LG-000076,2026-08-11 22:49:00,-1.4
RD-0001900,SH-00040,LG-000076,2026-08-11 23:19:00,1.5
RD-0001901,SH-00040,LG-000076,2026-08-11 23:49:00,-0.2
RD-0001902,SH-00040,LG-000076,2026-08-12 00:19:00,-1.2
RD-0001903,SH-00040,LG-000076,2026-08-12 00:49:00,0.6
RD-0001904,SH-00040,LG-000076,2026-08-12 01:19:00,0.0
RD-0001905,SH-00040,LG-000076,2026-08-12 01:49:00,0.2
RD-0001906,SH-00040,LG-000076,2026-08-12 02:19:00,1.4
RD-0001907,SH-00040,LG-000076,2026-08-12 02:49:00,1.7
RD-0001908,SH-00040,LG-000076,2026-08-12 03:19:00,0.5
RD-0001909,SH-00040,LG-000076,2026-08-12 03:49:00,-1.9
RD-0001910,SH-00040,LG-000076,2026-08-12 04:19:00,-2.8
RD-0001911,SH-00040,LG-000076,2026-08-12 04:49:00,-2.6
RD-0001912,SH-00040,LG-000076,2026-08-12 05:19:00,-1.5
RD-0001913,SH-00040,LG-000077,2026-08-12 05:49:00,-17.8
RD-0001914,SH-00040,LG-000077,2026-08-12 06:19:00,-19.3
RD-0001915,SH-00040,LG-000077,2026-08-12 06:49:00,-18.0
RD-0001916,SH-00040,LG-000077,2026-08-12 07:19:00,-17.0
RD-0001917,SH-00040,LG-000077,2026-08-12 07:49:00,-17.4
RD-0001918,SH-00040,LG-000077,2026-08-12 08:19:00,-19.0
RD-0001919,SH-00040,LG-000077,2026-08-12 08:49:00,-18.7
RD-0001920,SH-00040,LG-000077,2026-08-12 09:19:00,-18.8
RD-0001921,SH-00040,LG-000077,2026-08-12 09:49:00,-18.9
RD-0001922,SH-00040,LG-000077,2026-08-12 10:19:00,-18.4
RD-0001923,SH-00040,LG-000077,2026-08-12 10:49:00,-17.3
RD-0001924,SH-00040,LG-000077,2026-08-12 11:19:00,-19.0
RD-0001925,SH-00040,LG-000077,2026-08-12 11:49:00,-16.1
RD-0001926,SH-00040,LG-000077,2026-08-12 12:19:00,-16.6
RD-0001927,SH-00040,LG-000077,2026-08-12 12:49:00,-17.8
RD-0001928,SH-00040,LG-000077,2026-08-12 13:19:00,-999
RD-0001929,SH-00040,LG-000077,2026-08-12 13:49:00,-18.5
RD-0001930,SH-00040,LG-000077,2026-08-12 14:19:00,-17.6
RD-0001931,SH-00040,LG-000077,2026-08-12 14:49:00,-16.4
RD-0001932,SH-00040,LG-000077,2026-08-12 15:19:00,-17.7
RD-0001933,SH-00040,LG-000077,2026-08-12 15:49:00,-17.2
RD-0001934,SH-00040,LG-000077,2026-08-12 16:19:00,-17.6
RD-0001935,SH-00040,LG-000077,2026-08-12 16:49:00,-18.0
RD-0001936,SH-00040,LG-000077,2026-08-12 17:19:00,-18.5
RD-0001937,SH-00040,LG-000077,2026-08-12 17:49:00,-18.4
RD-0001938,SH-00040,LG-000077,2026-08-12 18:19:00,-16.8
RD-0001939,SH-00041,LG-000078,2026-07-27 07:19:00,-18.6
RD-0001940,SH-00041,LG-000078,2026-07-27 07:49:00,-17.0
RD-0001941,SH-00041,LG-000078,2026-07-27 08:19:00,-18.8
RD-0001942,SH-00041,LG-000078,2026-07-27 08:49:00,-18.3
RD-0001943,SH-00041,LG-000078,2026-07-27 09:19:00,-18.9
RD-0001944,SH-00041,LG-000078,2026-07-27 09:49:00,-17.0
RD-0001945,SH-00041,LG-000078,2026-07-27 10:19:00,-17.4
RD-0001946,SH-00041,LG-000078,2026-07-27 10:49:00,-18.9
RD-0001947,SH-00041,LG-000078,2026-07-27 11:19:00,-17.3
RD-0001948,SH-00041,LG-000078,2026-07-27 11:49:00,-19.7
RD-0001949,SH-00041,LG-000078,2026-07-27 12:19:00,-18.0
RD-0001950,SH-00041,LG-000078,2026-07-27 12:49:00,-18.9
RD-0001951,SH-00041,LG-000078,2026-07-27 13:19:00,-18.7
RD-0001952,SH-00041,LG-000078,2026-07-27 13:49:00,-18.2
RD-0001953,SH-00041,LG-000078,2026-07-27 14:19:00,-17.5
RD-0001954,SH-00041,LG-000078,2026-07-27 14:49:00,-16.3
RD-0001955,SH-00041,LG-000078,2026-07-27 15:19:00,-17.9
RD-0001956,SH-00041,LG-000078,2026-07-27 15:49:00,-17.8
RD-0001957,SH-00041,LG-000078,2026-07-27 16:19:00,-18.1
RD-0001958,SH-00041,LG-000078,2026-07-27 16:49:00,-18.3
RD-0001959,SH-00041,LG-000078,2026-07-27 17:19:00,-16.3
RD-0001960,SH-00041,LG-000078,2026-07-27 17:49:00,-19.5
RD-0001961,SH-00041,LG-000078,2026-07-27 18:19:00,-18.7
RD-0001962,SH-00041,LG-000078,2026-07-27 18:49:00,-17.4
RD-0001963,SH-00041,LG-000079,2026-07-27 19:19:00,-2.9
RD-0001964,SH-00041,LG-000079,2026-07-27 19:49:00,1.9
RD-0001965,SH-00041,LG-000079,2026-07-27 20:19:00,-2.7
RD-0001966,SH-00041,LG-000079,2026-07-27 20:49:00,-2.5
RD-0001967,SH-00041,LG-000079,2026-07-27 21:19:00,-4.9
RD-0001968,SH-00041,LG-000079,2026-07-27 21:49:00,-0.8
RD-0001969,SH-00041,LG-000079,2026-07-27 22:19:00,-1.8
RD-0001970,SH-00041,LG-000079,2026-07-27 22:49:00,-0.2
RD-0001971,SH-00041,LG-000079,2026-07-27 23:19:00,0.8
RD-0001972,SH-00041,LG-000079,2026-07-27 23:49:00,-1.0
RD-0001973,SH-00041,LG-000079,2026-07-28 00:19:00,-0.4
RD-0001974,SH-00041,LG-000079,2026-07-28 00:49:00,-0.3
RD-0001975,SH-00041,LG-000079,2026-07-28 01:19:00,-1.2
RD-0001976,SH-00041,LG-000079,2026-07-28 01:49:00,0.8
RD-0001977,SH-00041,LG-000079,2026-07-28 02:19:00,-0.7
RD-0001978,SH-00041,LG-000079,2026-07-28 02:49:00,0.3
RD-0001979,SH-00041,LG-000079,2026-07-28 03:19:00,-1.3
RD-0001980,SH-00041,LG-000079,2026-07-28 03:49:00,-1.2
RD-0001981,SH-00041,LG-000079,2026-07-28 04:19:00,-1.5
RD-0001982,SH-00041,LG-000079,2026-07-28 04:49:00,0.2
RD-0001983,SH-00041,LG-000079,2026-07-28 05:19:00,1.6
RD-0001984,SH-00041,LG-000079,2026-07-28 05:49:00,1.4
RD-0001985,SH-00041,LG-000079,2026-07-28 06:19:00,1.9
RD-0001986,SH-00041,LG-000079,2026-07-28 06:49:00,-0.9
RD-0001987,SH-00041,LG-000080,2026-07-28 07:19:00,-17.4
RD-0001988,SH-00041,LG-000080,2026-07-28 07:49:00,-19.6
RD-0001989,SH-00041,LG-000080,2026-07-28 08:19:00,-16.5
RD-0001990,SH-00041,LG-000080,2026-07-28 08:49:00,-16.7
RD-0001991,SH-00041,LG-000080,2026-07-28 09:19:00,-17.5
RD-0001992,SH-00041,LG-000080,2026-07-28 09:49:00,-18.0
RD-0001993,SH-00041,LG-000080,2026-07-28 10:19:00,-17.3
RD-0001994,SH-00041,LG-000080,2026-07-28 10:49:00,-17.2
RD-0001995,SH-00041,LG-000080,2026-07-28 11:19:00,-16.9
RD-0001996,SH-00041,LG-000080,2026-07-28 11:49:00,-17.9
RD-0001997,SH-00041,LG-000080,2026-07-28 12:19:00,-18.8
RD-0001998,SH-00041,LG-000080,2026-07-28 12:49:00,-18.1
RD-0001999,SH-00041,LG-000080,2026-07-28 13:19:00,-18.2
RD-0002000,SH-00041,LG-000080,2026-07-28 13:49:00,-18.4
RD-0002001,SH-00041,LG-000080,2026-07-28 14:19:00,-18.3
RD-0002002,SH-00041,LG-000080,2026-07-28 14:49:00,-18.4
RD-0002003,SH-00041,LG-000080,2026-07-28 15:19:00,-17.8
RD-0002004,SH-00041,LG-000080,2026-07-28 15:49:00,-17.6
RD-0002005,SH-00041,LG-000080,2026-07-28 16:19:00,-17.0
RD-0002006,SH-00041,LG-000080,2026-07-28 16:49:00,-17.4
RD-0002007,SH-00041,LG-000080,2026-07-28 17:19:00,-18.8
RD-0002008,SH-00041,LG-000080,2026-07-28 17:49:00,-18.4
RD-0002009,SH-00041,LG-000080,2026-07-28 18:19:00,-18.9
RD-0002010,SH-00041,LG-000080,2026-07-28 18:49:00,-17.7
RD-0002011,SH-00042,LG-000081,2026-08-25 15:03:00,-16.0
RD-0002012,SH-00042,LG-000081,2026-08-25 15:33:00,-18.0
RD-0002013,SH-00042,LG-000081,2026-08-25 16:03:00,-16.4
RD-0002014,SH-00042,LG-000081,2026-08-25 16:33:00,-16.9
RD-0002015,SH-00042,LG-000081,2026-08-25 17:03:00,-17.7
RD-0002016,SH-00042,LG-000081,2026-08-25 17:33:00,-17.8
RD-0002017,SH-00042,LG-000081,2026-08-25 18:03:00,-18.9
RD-0002018,SH-00042,LG-000081,2026-08-25 18:33:00,-17.4
RD-0002019,SH-00042,LG-000081,2026-08-25 19:03:00,-16.6
RD-0002020,SH-00042,LG-000081,2026-08-25 19:33:00,-18.0
RD-0002021,SH-00042,LG-000081,2026-08-25 20:03:00,-18.1
RD-0002022,SH-00042,LG-000081,2026-08-25 20:33:00,-17.7
RD-0002023,SH-00042,LG-000081,2026-08-25 21:03:00,-17.7
RD-0002024,SH-00042,LG-000081,2026-08-25 21:33:00,-19.7
RD-0002025,SH-00042,LG-000081,2026-08-25 22:03:00,-999
RD-0002026,SH-00042,LG-000081,2026-08-25 22:33:00,-18.3
RD-0002027,SH-00042,LG-000081,2026-08-25 23:03:00,-19.0
RD-0002028,SH-00042,LG-000081,2026-08-25 23:33:00,-17.2
RD-0002029,SH-00042,LG-000081,2026-08-26 00:03:00,-17.1
RD-0002030,SH-00042,LG-000081,2026-08-26 00:33:00,-17.1
RD-0002031,SH-00042,LG-000081,2026-08-26 01:03:00,-17.5
RD-0002032,SH-00042,LG-000081,2026-08-26 01:33:00,-16.4
RD-0002033,SH-00042,LG-000081,2026-08-26 02:03:00,-17.7
RD-0002034,SH-00042,LG-000081,2026-08-26 02:33:00,-17.7
RD-0002035,SH-00042,LG-000082,2026-08-26 03:03:00,-18.4
RD-0002036,SH-00042,LG-000082,2026-08-26 03:33:00,-16.7
RD-0002037,SH-00042,LG-000082,2026-08-26 04:03:00,-19.5
RD-0002038,SH-00042,LG-000082,2026-08-26 04:33:00,-16.5
RD-0002039,SH-00042,LG-000082,2026-08-26 05:03:00,-17.4
RD-0002040,SH-00042,LG-000082,2026-08-26 05:33:00,-19.1
RD-0002041,SH-00042,LG-000082,2026-08-26 06:03:00,-18.6
RD-0002042,SH-00042,LG-000082,2026-08-26 06:33:00,-16.7
RD-0002043,SH-00042,LG-000082,2026-08-26 07:03:00,-18.0
RD-0002044,SH-00042,LG-000082,2026-08-26 07:33:00,-18.0
RD-0002045,SH-00042,LG-000082,2026-08-26 08:03:00,-18.5
RD-0002046,SH-00042,LG-000082,2026-08-26 08:33:00,-17.4
RD-0002047,SH-00042,LG-000082,2026-08-26 09:03:00,-17.0
RD-0002048,SH-00042,LG-000082,2026-08-26 09:33:00,-18.7
RD-0002049,SH-00042,LG-000082,2026-08-26 10:03:00,-18.1
RD-0002050,SH-00042,LG-000082,2026-08-26 10:33:00,-18.1
RD-0002051,SH-00042,LG-000082,2026-08-26 11:03:00,-18.1
RD-0002052,SH-00042,LG-000082,2026-08-26 11:33:00,-19.1
RD-0002053,SH-00042,LG-000082,2026-08-26 12:03:00,-18.2
RD-0002054,SH-00042,LG-000082,2026-08-26 12:33:00,-17.5
RD-0002055,SH-00042,LG-000082,2026-08-26 13:03:00,-18.1
RD-0002056,SH-00042,LG-000082,2026-08-26 13:33:00,-18.7
RD-0002057,SH-00042,LG-000082,2026-08-26 14:03:00,-17.7
RD-0002058,SH-00042,LG-000082,2026-08-26 14:33:00,-18.1
RD-0002059,SH-00042,LG-000083,2026-08-26 15:03:00,-19.1
RD-0002060,SH-00042,LG-000083,2026-08-26 15:33:00,-18.6
RD-0002061,SH-00042,LG-000083,2026-08-26 16:03:00,-18.8
RD-0002062,SH-00042,LG-000083,2026-08-26 16:33:00,-19.5
RD-0002063,SH-00042,LG-000083,2026-08-26 17:03:00,-18.9
RD-0002064,SH-00042,LG-000083,2026-08-26 17:33:00,-17.5
RD-0002065,SH-00042,LG-000083,2026-08-26 18:03:00,-17.5
RD-0002066,SH-00042,LG-000083,2026-08-26 18:33:00,-18.5
RD-0002067,SH-00042,LG-000083,2026-08-26 19:03:00,-19.0
RD-0002068,SH-00042,LG-000083,2026-08-26 19:33:00,-18.9
RD-0002069,SH-00042,LG-000083,2026-08-26 20:03:00,-17.2
RD-0002070,SH-00042,LG-000083,2026-08-26 20:33:00,-18.3
RD-0002071,SH-00042,LG-000083,2026-08-26 21:03:00,-19.3
RD-0002072,SH-00042,LG-000083,2026-08-26 21:33:00,-17.4
RD-0002073,SH-00042,LG-000083,2026-08-26 22:03:00,-19.4
RD-0002074,SH-00042,LG-000083,2026-08-26 22:33:00,-17.6
RD-0002075,SH-00042,LG-000083,2026-08-26 23:03:00,-17.1
RD-0002076,SH-00042,LG-000083,2026-08-26 23:33:00,-16.4
RD-0002077,SH-00042,LG-000083,2026-08-27 00:03:00,-18.0
RD-0002078,SH-00042,LG-000083,2026-08-27 00:33:00,-18.2
RD-0002079,SH-00042,LG-000083,2026-08-27 01:03:00,-17.5
RD-0002080,SH-00042,LG-000083,2026-08-27 01:33:00,-19.2
RD-0002081,SH-00042,LG-000083,2026-08-27 02:03:00,-18.1
RD-0002082,SH-00042,LG-000083,2026-08-27 02:33:00,-18.1
RD-0002083,SH-00043,LG-000084,2026-06-29 15:18:00,5.2
RD-0002084,SH-00043,LG-000084,2026-06-29 15:48:00,4.5
RD-0002085,SH-00043,LG-000084,2026-06-29 16:18:00,3.9
RD-0002086,SH-00043,LG-000084,2026-06-29 16:48:00,4.1
RD-0002087,SH-00043,LG-000084,2026-06-29 17:18:00,2.3
RD-0002088,SH-00043,LG-000084,2026-06-29 17:48:00,4.3
RD-0002089,SH-00043,LG-000084,2026-06-29 18:18:00,5.1
RD-0002090,SH-00043,LG-000084,2026-06-29 18:48:00,5.3
RD-0002091,SH-00043,LG-000084,2026-06-29 19:18:00,1.7
RD-0002092,SH-00043,LG-000084,2026-06-29 19:48:00,4.7
RD-0002093,SH-00043,LG-000084,2026-06-29 20:18:00,3.8
RD-0002094,SH-00043,LG-000084,2026-06-29 20:48:00,3.7
RD-0002095,SH-00043,LG-000084,2026-06-29 21:18:00,3.5
RD-0002096,SH-00043,LG-000084,2026-06-29 21:48:00,3.9
RD-0002097,SH-00043,LG-000084,2026-06-29 22:18:00,4.6
RD-0002098,SH-00043,LG-000084,2026-06-29 22:48:00,3.4
RD-0002099,SH-00043,LG-000084,2026-06-29 23:18:00,9.3
RD-0002100,SH-00043,LG-000084,2026-06-29 23:48:00,4.8
RD-0002101,SH-00043,LG-000084,2026-06-30 00:18:00,13.6
RD-0002102,SH-00043,LG-000084,2026-06-30 00:48:00,3.7
RD-0002103,SH-00043,LG-000084,2026-06-30 01:18:00,3.8
RD-0002104,SH-00043,LG-000084,2026-06-30 01:48:00,3.9
RD-0002105,SH-00043,LG-000084,2026-06-30 02:18:00,4.6
RD-0002106,SH-00043,LG-000084,2026-06-30 02:48:00,4.2
RD-0002107,SH-00043,LG-000084,2026-06-30 03:18:00,3.4
RD-0002108,SH-00043,LG-000084,2026-06-30 03:48:00,4.0
RD-0002109,SH-00043,LG-000084,2026-06-30 04:18:00,3.3
RD-0002110,SH-00043,LG-000084,2026-06-30 04:48:00,4.4
RD-0002111,SH-00043,LG-000084,2026-06-30 05:18:00,4.2
RD-0002112,SH-00043,LG-000084,2026-06-30 05:48:00,3.6
RD-0002113,SH-00043,LG-000084,2026-06-30 06:18:00,3.9
RD-0002114,SH-00043,LG-000084,2026-06-30 06:48:00,8.0
RD-0002115,SH-00043,LG-000085,2026-06-30 07:18:00,5.4
RD-0002116,SH-00043,LG-000085,2026-06-30 07:48:00,3.5
RD-0002117,SH-00043,LG-000085,2026-06-30 08:18:00,5.0
RD-0002118,SH-00043,LG-000085,2026-06-30 08:48:00,5.1
RD-0002119,SH-00043,LG-000085,2026-06-30 09:18:00,3.1
RD-0002120,SH-00043,LG-000085,2026-06-30 09:48:00,4.0
RD-0002121,SH-00043,LG-000085,2026-06-30 10:18:00,10.7
RD-0002122,SH-00043,LG-000085,2026-06-30 10:48:00,3.5
RD-0002123,SH-00043,LG-000085,2026-06-30 11:18:00,4.6
RD-0002124,SH-00043,LG-000085,2026-06-30 11:48:00,4.7
RD-0002125,SH-00043,LG-000085,2026-06-30 12:18:00,3.8
RD-0002126,SH-00043,LG-000085,2026-06-30 12:48:00,4.3
RD-0002127,SH-00043,LG-000085,2026-06-30 13:18:00,4.9
RD-0002128,SH-00043,LG-000085,2026-06-30 13:48:00,9.5
RD-0002129,SH-00043,LG-000085,2026-06-30 14:18:00,5.1
RD-0002130,SH-00043,LG-000085,2026-06-30 14:48:00,5.0
RD-0002131,SH-00043,LG-000085,2026-06-30 15:18:00,2.9
RD-0002132,SH-00043,LG-000085,2026-06-30 15:48:00,4.9
RD-0002133,SH-00043,LG-000085,2026-06-30 16:18:00,3.9
RD-0002134,SH-00043,LG-000085,2026-06-30 16:48:00,4.2
RD-0002135,SH-00043,LG-000085,2026-06-30 17:18:00,12.6
RD-0002136,SH-00043,LG-000085,2026-06-30 17:48:00,4.7
RD-0002137,SH-00043,LG-000085,2026-06-30 18:18:00,14.0
RD-0002138,SH-00043,LG-000085,2026-06-30 18:48:00,4.6
RD-0002139,SH-00043,LG-000085,2026-06-30 19:18:00,3.3
RD-0002140,SH-00043,LG-000085,2026-06-30 19:48:00,12.4
RD-0002141,SH-00043,LG-000085,2026-06-30 20:18:00,4.1
RD-0002142,SH-00043,LG-000085,2026-06-30 20:48:00,3.4
RD-0002143,SH-00043,LG-000085,2026-06-30 21:18:00,3.8
RD-0002144,SH-00043,LG-000085,2026-06-30 21:48:00,4.0
RD-0002145,SH-00043,LG-000085,2026-06-30 22:18:00,4.0
RD-0002146,SH-00043,LG-000085,2026-06-30 22:48:00,4.8
RD-0002147,SH-00044,LG-000086,2026-06-11 13:22:00,4.7
RD-0002148,SH-00044,LG-000086,2026-06-11 13:52:00,3.0
RD-0002149,SH-00044,LG-000086,2026-06-11 14:22:00,3.9
RD-0002150,SH-00044,LG-000086,2026-06-11 14:52:00,4.3
RD-0002151,SH-00044,LG-000086,2026-06-11 15:22:00,4.3
RD-0002152,SH-00044,LG-000086,2026-06-11 15:52:00,5.5
RD-0002153,SH-00044,LG-000086,2026-06-11 16:22:00,5.2
RD-0002154,SH-00044,LG-000086,2026-06-11 16:52:00,3.4
RD-0002155,SH-00044,LG-000086,2026-06-11 17:22:00,6.2
RD-0002156,SH-00044,LG-000086,2026-06-11 17:52:00,4.1
RD-0002157,SH-00044,LG-000086,2026-06-11 18:22:00,5.5
RD-0002158,SH-00044,LG-000086,2026-06-11 18:52:00,2.2
RD-0002159,SH-00044,LG-000086,2026-06-11 19:22:00,5.2
RD-0002160,SH-00044,LG-000086,2026-06-11 19:52:00,4.5
RD-0002161,SH-00044,LG-000086,2026-06-11 20:22:00,4.5
RD-0002162,SH-00044,LG-000086,2026-06-11 20:52:00,4.5
RD-0002163,SH-00044,LG-000086,2026-06-11 21:22:00,-999
RD-0002164,SH-00044,LG-000086,2026-06-11 21:52:00,3.8
RD-0002165,SH-00044,LG-000086,2026-06-11 22:22:00,3.3
RD-0002166,SH-00044,LG-000086,2026-06-11 22:52:00,2.5
RD-0002167,SH-00044,LG-000086,2026-06-11 23:22:00,2.4
RD-0002168,SH-00044,LG-000086,2026-06-11 23:52:00,4.2
RD-0002169,SH-00044,LG-000086,2026-06-12 00:22:00,5.2
RD-0002170,SH-00044,LG-000086,2026-06-12 00:52:00,4.5
RD-0002171,SH-00044,LG-000086,2026-06-12 01:22:00,3.1
RD-0002172,SH-00044,LG-000086,2026-06-12 01:52:00,3.5
RD-0002173,SH-00044,LG-000086,2026-06-12 02:22:00,2.5
RD-0002174,SH-00044,LG-000086,2026-06-12 02:52:00,3.0
RD-0002175,SH-00044,LG-000086,2026-06-12 03:22:00,4.0
RD-0002176,SH-00044,LG-000086,2026-06-12 03:52:00,4.0
RD-0002177,SH-00044,LG-000086,2026-06-12 04:22:00,3.5
RD-0002178,SH-00044,LG-000086,2026-06-12 04:52:00,2.8
RD-0002179,SH-00044,LG-000086,2026-06-12 05:22:00,4.2
RD-0002180,SH-00044,LG-000086,2026-06-12 05:52:00,3.3
RD-0002181,SH-00044,LG-000086,2026-06-12 06:22:00,4.3
RD-0002182,SH-00044,LG-000086,2026-06-12 06:52:00,3.7
RD-0002183,SH-00044,LG-000086,2026-06-12 07:22:00,3.7
RD-0002184,SH-00044,LG-000086,2026-06-12 07:52:00,3.2
RD-0002185,SH-00044,LG-000086,2026-06-12 08:22:00,4.3
RD-0002186,SH-00044,LG-000086,2026-06-12 08:52:00,4.9
RD-0002187,SH-00044,LG-000086,2026-06-12 09:22:00,5.4
RD-0002188,SH-00044,LG-000086,2026-06-12 09:52:00,5.1
RD-0002189,SH-00044,LG-000086,2026-06-12 10:22:00,3.3
RD-0002190,SH-00044,LG-000086,2026-06-12 10:52:00,3.4
RD-0002191,SH-00044,LG-000086,2026-06-12 11:22:00,4.1
RD-0002192,SH-00044,LG-000086,2026-06-12 11:52:00,5.0
RD-0002193,SH-00044,LG-000086,2026-06-12 12:22:00,4.1
RD-0002194,SH-00044,LG-000086,2026-06-12 12:52:00,4.0
RD-0002195,SH-00044,LG-000086,2026-06-12 13:22:00,6.2
RD-0002196,SH-00044,LG-000086,2026-06-12 13:52:00,3.5
RD-0002197,SH-00044,LG-000086,2026-06-12 14:22:00,2.5
RD-0002198,SH-00044,LG-000086,2026-06-12 14:52:00,5.4
RD-0002199,SH-00044,LG-000086,2026-06-12 15:22:00,3.9
RD-0002200,SH-00044,LG-000086,2026-06-12 15:52:00,4.7
RD-0002201,SH-00044,LG-000086,2026-06-12 16:22:00,-999
RD-0002202,SH-00044,LG-000086,2026-06-12 16:52:00,3.3
RD-0002203,SH-00044,LG-000086,2026-06-12 17:22:00,3.7
RD-0002204,SH-00044,LG-000086,2026-06-12 17:52:00,4.3
RD-0002205,SH-00044,LG-000086,2026-06-12 18:22:00,3.6
RD-0002206,SH-00044,LG-000086,2026-06-12 18:52:00,2.1
RD-0002207,SH-00044,LG-000086,2026-06-12 19:22:00,4.1
RD-0002208,SH-00044,LG-000086,2026-06-12 19:52:00,2.4
RD-0002209,SH-00044,LG-000086,2026-06-12 20:22:00,4.0
RD-0002210,SH-00044,LG-000086,2026-06-12 20:52:00,6.5
RD-0002211,SH-00044,LG-000086,2026-06-12 21:22:00,4.4
RD-0002212,SH-00044,LG-000086,2026-06-12 21:52:00,-999
RD-0002213,SH-00044,LG-000086,2026-06-12 22:22:00,5.5
RD-0002214,SH-00044,LG-000086,2026-06-12 22:52:00,4.1
RD-0002215,SH-00044,LG-000086,2026-06-12 23:22:00,3.6
RD-0002216,SH-00044,LG-000086,2026-06-12 23:52:00,2.8
RD-0002217,SH-00045,LG-000087,2026-07-15 00:20:00,-18.4
RD-0002218,SH-00045,LG-000087,2026-07-15 00:50:00,-18.9
RD-0002219,SH-00045,LG-000087,2026-07-15 01:20:00,-18.3
RD-0002220,SH-00045,LG-000087,2026-07-15 01:50:00,-999
RD-0002221,SH-00045,LG-000087,2026-07-15 02:20:00,-17.8
RD-0002222,SH-00045,LG-000087,2026-07-15 02:50:00,-17.8
RD-0002223,SH-00045,LG-000087,2026-07-15 03:20:00,-16.1
RD-0002224,SH-00045,LG-000087,2026-07-15 03:50:00,-18.5
RD-0002225,SH-00045,LG-000087,2026-07-15 04:20:00,-17.6
RD-0002226,SH-00045,LG-000087,2026-07-15 04:50:00,-18.4
RD-0002227,SH-00045,LG-000087,2026-07-15 05:20:00,-18.2
RD-0002228,SH-00045,LG-000087,2026-07-15 05:50:00,-18.6
RD-0002229,SH-00045,LG-000087,2026-07-15 06:20:00,-18.3
RD-0002230,SH-00045,LG-000087,2026-07-15 06:50:00,-18.8
RD-0002231,SH-00045,LG-000087,2026-07-15 07:20:00,-999
RD-0002232,SH-00045,LG-000087,2026-07-15 07:50:00,-18.8
RD-0002233,SH-00045,LG-000087,2026-07-15 08:20:00,-17.3
RD-0002234,SH-00045,LG-000087,2026-07-15 08:50:00,-17.6
RD-0002235,SH-00045,LG-000087,2026-07-15 09:20:00,-18.2
RD-0002236,SH-00045,LG-000087,2026-07-15 09:50:00,-19.2
RD-0002237,SH-00045,LG-000087,2026-07-15 10:20:00,-17.9
RD-0002238,SH-00045,LG-000087,2026-07-15 10:50:00,-16.3
RD-0002239,SH-00045,LG-000087,2026-07-15 11:20:00,-18.9
RD-0002240,SH-00045,LG-000087,2026-07-15 11:50:00,-18.5
RD-0002241,SH-00045,LG-000087,2026-07-15 12:20:00,-18.7
RD-0002242,SH-00045,LG-000087,2026-07-15 12:50:00,-16.7
RD-0002243,SH-00045,LG-000087,2026-07-15 13:20:00,-16.5
RD-0002244,SH-00045,LG-000087,2026-07-15 13:50:00,-18.3
RD-0002245,SH-00045,LG-000087,2026-07-15 14:20:00,-18.4
RD-0002246,SH-00045,LG-000087,2026-07-15 14:50:00,-18.6
RD-0002247,SH-00045,LG-000087,2026-07-15 15:20:00,-18.1
RD-0002248,SH-00045,LG-000087,2026-07-15 15:50:00,-17.7
RD-0002249,SH-00045,LG-000087,2026-07-15 16:20:00,-18.7
RD-0002250,SH-00045,LG-000087,2026-07-15 16:50:00,-18.3
RD-0002251,SH-00045,LG-000087,2026-07-15 17:20:00,-16.8
RD-0002252,SH-00045,LG-000087,2026-07-15 17:50:00,-17.5
RD-0002253,SH-00045,LG-000087,2026-07-15 18:20:00,-19.0
RD-0002254,SH-00045,LG-000087,2026-07-15 18:50:00,-16.0
RD-0002255,SH-00045,LG-000087,2026-07-15 19:20:00,-17.4
RD-0002256,SH-00045,LG-000087,2026-07-15 19:50:00,-17.3
RD-0002257,SH-00045,LG-000087,2026-07-15 20:20:00,-18.6
RD-0002258,SH-00045,LG-000087,2026-07-15 20:50:00,-17.6
RD-0002259,SH-00045,LG-000087,2026-07-15 21:20:00,-18.2
RD-0002260,SH-00045,LG-000087,2026-07-15 21:50:00,-17.3
RD-0002261,SH-00045,LG-000087,2026-07-15 22:20:00,-17.4
RD-0002262,SH-00045,LG-000087,2026-07-15 22:50:00,-17.5
RD-0002263,SH-00045,LG-000087,2026-07-15 23:20:00,-18.0
RD-0002264,SH-00045,LG-000087,2026-07-15 23:50:00,-18.2
RD-0002265,SH-00045,LG-000087,2026-07-16 00:20:00,-17.8
RD-0002266,SH-00045,LG-000087,2026-07-16 00:50:00,-18.3
RD-0002267,SH-00045,LG-000087,2026-07-16 01:20:00,-17.5
RD-0002268,SH-00045,LG-000087,2026-07-16 01:50:00,-17.8
RD-0002269,SH-00045,LG-000087,2026-07-16 02:20:00,-18.7
RD-0002270,SH-00045,LG-000087,2026-07-16 02:50:00,-17.4
RD-0002271,SH-00045,LG-000087,2026-07-16 03:20:00,-18.4
RD-0002272,SH-00045,LG-000087,2026-07-16 03:50:00,-18.6
RD-0002273,SH-00045,LG-000087,2026-07-16 04:20:00,-18.4
RD-0002274,SH-00045,LG-000087,2026-07-16 04:50:00,-19.1
RD-0002275,SH-00045,LG-000087,2026-07-16 05:20:00,-17.6
RD-0002276,SH-00045,LG-000087,2026-07-16 05:50:00,-17.0
RD-0002277,SH-00045,LG-000087,2026-07-16 06:20:00,-999
RD-0002278,SH-00045,LG-000087,2026-07-16 06:50:00,-18.3
RD-0002279,SH-00045,LG-000087,2026-07-16 07:20:00,-18.6
RD-0002280,SH-00045,LG-000087,2026-07-16 07:50:00,-18.8
RD-0002281,SH-00045,LG-000087,2026-07-16 08:20:00,-17.5
RD-0002282,SH-00045,LG-000087,2026-07-16 08:50:00,-17.4
RD-0002283,SH-00045,LG-000087,2026-07-16 09:20:00,-18.4
RD-0002284,SH-00045,LG-000087,2026-07-16 09:50:00,-17.7
RD-0002285,SH-00046,LG-000088,2026-08-28 15:27:00,-18.0
RD-0002286,SH-00046,LG-000088,2026-08-28 15:57:00,-16.8
RD-0002287,SH-00046,LG-000088,2026-08-28 16:27:00,-17.2
RD-0002288,SH-00046,LG-000088,2026-08-28 16:57:00,-18.3
RD-0002289,SH-00046,LG-000088,2026-08-28 17:27:00,-16.5
RD-0002290,SH-00046,LG-000088,2026-08-28 17:57:00,-18.3
RD-0002291,SH-00046,LG-000088,2026-08-28 18:27:00,-17.9
RD-0002292,SH-00046,LG-000088,2026-08-28 18:57:00,-13.6
RD-0002293,SH-00046,LG-000088,2026-08-28 19:27:00,-18.1
RD-0002294,SH-00046,LG-000088,2026-08-28 19:57:00,-8.8
RD-0002295,SH-00046,LG-000088,2026-08-28 20:27:00,-18.0
RD-0002296,SH-00046,LG-000088,2026-08-28 20:57:00,-18.0
RD-0002297,SH-00046,LG-000088,2026-08-28 21:27:00,-18.4
RD-0002298,SH-00046,LG-000088,2026-08-28 21:57:00,-12.6
RD-0002299,SH-00046,LG-000088,2026-08-28 22:27:00,-17.9
RD-0002300,SH-00046,LG-000088,2026-08-28 22:57:00,-18.6
RD-0002301,SH-00046,LG-000088,2026-08-28 23:27:00,-18.1
RD-0002302,SH-00046,LG-000088,2026-08-28 23:57:00,-18.8
RD-0002303,SH-00046,LG-000088,2026-08-29 00:27:00,-12.3
RD-0002304,SH-00046,LG-000088,2026-08-29 00:57:00,-12.5
RD-0002305,SH-00046,LG-000088,2026-08-29 01:27:00,-17.6
RD-0002306,SH-00046,LG-000088,2026-08-29 01:57:00,-17.9
RD-0002307,SH-00046,LG-000088,2026-08-29 02:27:00,-8.3
RD-0002308,SH-00046,LG-000088,2026-08-29 02:57:00,-17.0
RD-0002309,SH-00046,LG-000088,2026-08-29 03:27:00,-18.2
RD-0002310,SH-00046,LG-000088,2026-08-29 03:57:00,-18.7
RD-0002311,SH-00046,LG-000088,2026-08-29 04:27:00,-8.2
RD-0002312,SH-00046,LG-000088,2026-08-29 04:57:00,-18.0
RD-0002313,SH-00046,LG-000088,2026-08-29 05:27:00,-19.3
RD-0002314,SH-00046,LG-000088,2026-08-29 05:57:00,-19.0
RD-0002315,SH-00046,LG-000088,2026-08-29 06:27:00,-18.7
RD-0002316,SH-00046,LG-000088,2026-08-29 06:57:00,-12.6
RD-0002317,SH-00046,LG-000088,2026-08-29 07:27:00,-16.3
RD-0002318,SH-00046,LG-000088,2026-08-29 07:57:00,-18.2
RD-0002319,SH-00046,LG-000088,2026-08-29 08:27:00,-18.2
RD-0002320,SH-00046,LG-000088,2026-08-29 08:57:00,-16.7
RD-0002321,SH-00046,LG-000088,2026-08-29 09:27:00,-16.7
RD-0002322,SH-00046,LG-000088,2026-08-29 09:57:00,-16.1
RD-0002323,SH-00046,LG-000088,2026-08-29 10:27:00,-18.2
RD-0002324,SH-00046,LG-000088,2026-08-29 10:57:00,-17.6
RD-0002325,SH-00047,LG-000089,2026-07-12 06:04:00,4.9
RD-0002326,SH-00047,LG-000089,2026-07-12 06:34:00,3.8
RD-0002327,SH-00047,LG-000089,2026-07-12 07:04:00,5.4
RD-0002328,SH-00047,LG-000089,2026-07-12 07:34:00,5.1
RD-0002329,SH-00047,LG-000089,2026-07-12 08:04:00,3.8
RD-0002330,SH-00047,LG-000089,2026-07-12 08:34:00,5.6
RD-0002331,SH-00047,LG-000089,2026-07-12 09:04:00,5.0
RD-0002332,SH-00047,LG-000089,2026-07-12 09:34:00,4.4
RD-0002333,SH-00047,LG-000089,2026-07-12 10:04:00,6.4
RD-0002334,SH-00047,LG-000089,2026-07-12 10:34:00,4.7
RD-0002335,SH-00047,LG-000089,2026-07-12 11:04:00,4.7
RD-0002336,SH-00047,LG-000089,2026-07-12 11:34:00,4.2
RD-0002337,SH-00047,LG-000089,2026-07-12 12:04:00,4.2
RD-0002338,SH-00047,LG-000089,2026-07-12 12:34:00,5.4
RD-0002339,SH-00047,LG-000089,2026-07-12 13:04:00,-999
RD-0002340,SH-00047,LG-000089,2026-07-12 13:34:00,5.0
RD-0002341,SH-00047,LG-000089,2026-07-12 14:04:00,4.6
RD-0002342,SH-00047,LG-000089,2026-07-12 14:34:00,5.3
RD-0002343,SH-00047,LG-000089,2026-07-12 15:04:00,4.6
RD-0002344,SH-00047,LG-000089,2026-07-12 15:34:00,3.9
RD-0002345,SH-00047,LG-000089,2026-07-12 16:04:00,5.9
RD-0002346,SH-00047,LG-000089,2026-07-12 16:34:00,4.9
RD-0002347,SH-00047,LG-000089,2026-07-12 17:04:00,4.6
RD-0002348,SH-00047,LG-000089,2026-07-12 17:34:00,5.0
RD-0002349,SH-00047,LG-000089,2026-07-12 18:04:00,5.4
RD-0002350,SH-00047,LG-000089,2026-07-12 18:34:00,4.8
RD-0002351,SH-00047,LG-000089,2026-07-12 19:04:00,6.2
RD-0002352,SH-00047,LG-000089,2026-07-12 19:34:00,2.4
RD-0002353,SH-00047,LG-000089,2026-07-12 20:04:00,5.6
RD-0002354,SH-00047,LG-000089,2026-07-12 20:34:00,3.9
RD-0002355,SH-00047,LG-000090,2026-07-12 21:04:00,40.7
RD-0002356,SH-00047,LG-000090,2026-07-12 21:34:00,40.4
RD-0002357,SH-00047,LG-000090,2026-07-12 22:04:00,39.9
RD-0002358,SH-00047,LG-000090,2026-07-12 22:34:00,41.5
RD-0002359,SH-00047,LG-000090,2026-07-12 23:04:00,41.0
RD-0002360,SH-00047,LG-000090,2026-07-12 23:34:00,39.8
RD-0002361,SH-00047,LG-000090,2026-07-13 00:04:00,42.6
RD-0002362,SH-00047,LG-000090,2026-07-13 00:34:00,40.6
RD-0002363,SH-00047,LG-000090,2026-07-13 01:04:00,40.6
RD-0002364,SH-00047,LG-000090,2026-07-13 01:34:00,39.7
RD-0002365,SH-00047,LG-000090,2026-07-13 02:04:00,44.1
RD-0002366,SH-00047,LG-000090,2026-07-13 02:34:00,39.9
RD-0002367,SH-00047,LG-000090,2026-07-13 03:04:00,41.6
RD-0002368,SH-00047,LG-000090,2026-07-13 03:34:00,40.0
RD-0002369,SH-00047,LG-000090,2026-07-13 04:04:00,42.1
RD-0002370,SH-00047,LG-000090,2026-07-13 04:34:00,40.8
RD-0002371,SH-00047,LG-000090,2026-07-13 05:04:00,41.2
RD-0002372,SH-00047,LG-000090,2026-07-13 05:34:00,40.3
RD-0002373,SH-00047,LG-000090,2026-07-13 06:04:00,41.3
RD-0002374,SH-00047,LG-000090,2026-07-13 06:34:00,41.5
RD-0002375,SH-00047,LG-000090,2026-07-13 07:04:00,41.4
RD-0002376,SH-00047,LG-000090,2026-07-13 07:34:00,42.3
RD-0002377,SH-00047,LG-000090,2026-07-13 08:04:00,39.1
RD-0002378,SH-00047,LG-000090,2026-07-13 08:34:00,39.5
RD-0002379,SH-00047,LG-000090,2026-07-13 09:04:00,40.6
RD-0002380,SH-00047,LG-000090,2026-07-13 09:34:00,39.3
RD-0002381,SH-00047,LG-000090,2026-07-13 10:04:00,40.7
RD-0002382,SH-00047,LG-000090,2026-07-13 10:34:00,40.8
RD-0002383,SH-00047,LG-000090,2026-07-13 11:04:00,41.4
RD-0002384,SH-00047,LG-000090,2026-07-13 11:34:00,40.2
RD-0002385,SH-00048,LG-000091,2026-07-28 03:33:00,-18.4
RD-0002386,SH-00048,LG-000091,2026-07-28 04:03:00,-17.0
RD-0002387,SH-00048,LG-000091,2026-07-28 04:33:00,-18.2
RD-0002388,SH-00048,LG-000091,2026-07-28 05:03:00,-18.5
RD-0002389,SH-00048,LG-000091,2026-07-28 05:33:00,-18.4
RD-0002390,SH-00048,LG-000091,2026-07-28 06:03:00,-17.6
RD-0002391,SH-00048,LG-000091,2026-07-28 06:33:00,-17.9
RD-0002392,SH-00048,LG-000091,2026-07-28 07:03:00,-18.2
RD-0002393,SH-00048,LG-000091,2026-07-28 07:33:00,-18.8
RD-0002394,SH-00048,LG-000091,2026-07-28 08:03:00,-17.4
RD-0002395,SH-00048,LG-000091,2026-07-28 08:33:00,-18.7
RD-0002396,SH-00048,LG-000091,2026-07-28 09:03:00,-16.2
RD-0002397,SH-00048,LG-000091,2026-07-28 09:33:00,-18.0
RD-0002398,SH-00048,LG-000091,2026-07-28 10:03:00,-18.9
RD-0002399,SH-00048,LG-000091,2026-07-28 10:33:00,-18.0
RD-0002400,SH-00048,LG-000091,2026-07-28 11:03:00,-18.3
RD-0002401,SH-00048,LG-000091,2026-07-28 11:33:00,-18.2
RD-0002402,SH-00048,LG-000091,2026-07-28 12:03:00,-17.7
RD-0002403,SH-00048,LG-000091,2026-07-28 12:33:00,-17.5
RD-0002404,SH-00048,LG-000091,2026-07-28 13:03:00,-19.1
RD-0002405,SH-00048,LG-000091,2026-07-28 13:33:00,-17.4
RD-0002406,SH-00048,LG-000091,2026-07-28 14:03:00,-18.7
RD-0002407,SH-00048,LG-000092,2026-07-28 14:33:00,-17.5
RD-0002408,SH-00048,LG-000092,2026-07-28 15:03:00,-17.7
RD-0002409,SH-00048,LG-000092,2026-07-28 15:33:00,-18.7
RD-0002410,SH-00048,LG-000092,2026-07-28 16:03:00,-999
RD-0002411,SH-00048,LG-000092,2026-07-28 16:33:00,-16.6
RD-0002412,SH-00048,LG-000092,2026-07-28 17:03:00,-17.3
RD-0002413,SH-00048,LG-000092,2026-07-28 17:33:00,-19.0
RD-0002414,SH-00048,LG-000092,2026-07-28 18:03:00,-16.8
RD-0002415,SH-00048,LG-000092,2026-07-28 18:33:00,-17.8
RD-0002416,SH-00048,LG-000092,2026-07-28 19:03:00,-17.5
RD-0002417,SH-00048,LG-000092,2026-07-28 19:33:00,-19.0
RD-0002418,SH-00048,LG-000092,2026-07-28 20:03:00,-18.2
RD-0002419,SH-00048,LG-000092,2026-07-28 20:33:00,-18.8
RD-0002420,SH-00048,LG-000092,2026-07-28 21:03:00,-16.9
RD-0002421,SH-00048,LG-000092,2026-07-28 21:33:00,-18.4
RD-0002422,SH-00048,LG-000092,2026-07-28 22:03:00,-16.8
RD-0002423,SH-00048,LG-000092,2026-07-28 22:33:00,-18.5
RD-0002424,SH-00048,LG-000092,2026-07-28 23:03:00,-16.0
RD-0002425,SH-00048,LG-000092,2026-07-28 23:33:00,-19.4
RD-0002426,SH-00048,LG-000092,2026-07-29 00:03:00,-18.2
RD-0002427,SH-00048,LG-000092,2026-07-29 00:33:00,-19.0
RD-0002428,SH-00048,LG-000092,2026-07-29 01:03:00,-999
RD-0002429,SH-00048,LG-000093,2026-07-29 01:33:00,-999
RD-0002430,SH-00048,LG-000093,2026-07-29 02:03:00,-17.1
RD-0002431,SH-00048,LG-000093,2026-07-29 02:33:00,-17.4
RD-0002432,SH-00048,LG-000093,2026-07-29 03:03:00,-18.5
RD-0002433,SH-00048,LG-000093,2026-07-29 03:33:00,-17.3
RD-0002434,SH-00048,LG-000093,2026-07-29 04:03:00,-18.7
RD-0002435,SH-00048,LG-000093,2026-07-29 04:33:00,-17.3
RD-0002436,SH-00048,LG-000093,2026-07-29 05:03:00,-18.2
RD-0002437,SH-00048,LG-000093,2026-07-29 05:33:00,-17.2
RD-0002438,SH-00048,LG-000093,2026-07-29 06:03:00,-19.2
RD-0002439,SH-00048,LG-000093,2026-07-29 06:33:00,-17.6
RD-0002440,SH-00048,LG-000093,2026-07-29 07:03:00,-18.0
RD-0002441,SH-00048,LG-000093,2026-07-29 07:33:00,-17.9
RD-0002442,SH-00048,LG-000093,2026-07-29 08:03:00,-17.9
RD-0002443,SH-00048,LG-000093,2026-07-29 08:33:00,-19.9
RD-0002444,SH-00048,LG-000093,2026-07-29 09:03:00,-18.6
RD-0002445,SH-00048,LG-000093,2026-07-29 09:33:00,-18.7
RD-0002446,SH-00048,LG-000093,2026-07-29 10:03:00,-16.7
RD-0002447,SH-00048,LG-000093,2026-07-29 10:33:00,-18.9
RD-0002448,SH-00048,LG-000093,2026-07-29 11:03:00,-17.8
RD-0002449,SH-00048,LG-000093,2026-07-29 11:33:00,-19.0
RD-0002450,SH-00048,LG-000093,2026-07-29 12:03:00,-17.9
RD-0002451,SH-00049,LG-000094,2026-08-11 04:01:00,3.8
RD-0002452,SH-00049,LG-000094,2026-08-11 04:31:00,4.7
RD-0002453,SH-00049,LG-000094,2026-08-11 05:01:00,4.4
RD-0002454,SH-00049,LG-000094,2026-08-11 05:31:00,5.8
RD-0002455,SH-00049,LG-000094,2026-08-11 06:01:00,5.5
RD-0002456,SH-00049,LG-000094,2026-08-11 06:31:00,5.6
RD-0002457,SH-00049,LG-000094,2026-08-11 07:01:00,4.9
RD-0002458,SH-00049,LG-000094,2026-08-11 07:31:00,4.1
RD-0002459,SH-00049,LG-000094,2026-08-11 08:01:00,4.4
RD-0002460,SH-00049,LG-000094,2026-08-11 08:31:00,4.7
RD-0002461,SH-00049,LG-000094,2026-08-11 09:01:00,5.7
RD-0002462,SH-00049,LG-000094,2026-08-11 09:31:00,4.6
RD-0002463,SH-00049,LG-000094,2026-08-11 10:01:00,4.7
RD-0002464,SH-00049,LG-000094,2026-08-11 10:31:00,3.5
RD-0002465,SH-00049,LG-000094,2026-08-11 11:01:00,4.0
RD-0002466,SH-00049,LG-000094,2026-08-11 11:31:00,4.6
RD-0002467,SH-00049,LG-000094,2026-08-11 12:01:00,5.4
RD-0002468,SH-00049,LG-000094,2026-08-11 12:31:00,5.5
RD-0002469,SH-00049,LG-000094,2026-08-11 13:01:00,4.6
RD-0002470,SH-00049,LG-000094,2026-08-11 13:31:00,5.1
RD-0002471,SH-00049,LG-000095,2026-08-11 14:01:00,4.7
RD-0002472,SH-00049,LG-000095,2026-08-11 14:31:00,5.8
RD-0002473,SH-00049,LG-000095,2026-08-11 15:01:00,3.7
RD-0002474,SH-00049,LG-000095,2026-08-11 15:31:00,4.8
RD-0002475,SH-00049,LG-000095,2026-08-11 16:01:00,6.1
RD-0002476,SH-00049,LG-000095,2026-08-11 16:31:00,6.4
RD-0002477,SH-00049,LG-000095,2026-08-11 17:01:00,4.7
RD-0002478,SH-00049,LG-000095,2026-08-11 17:31:00,4.8
RD-0002479,SH-00049,LG-000095,2026-08-11 18:01:00,5.1
RD-0002480,SH-00049,LG-000095,2026-08-11 18:31:00,5.9
RD-0002481,SH-00049,LG-000095,2026-08-11 19:01:00,3.5
RD-0002482,SH-00049,LG-000095,2026-08-11 19:31:00,4.5
RD-0002483,SH-00049,LG-000095,2026-08-11 20:01:00,4.8
RD-0002484,SH-00049,LG-000095,2026-08-11 20:31:00,6.3
RD-0002485,SH-00049,LG-000095,2026-08-11 21:01:00,5.6
RD-0002486,SH-00049,LG-000095,2026-08-11 21:31:00,4.3
RD-0002487,SH-00049,LG-000095,2026-08-11 22:01:00,6.0
RD-0002488,SH-00049,LG-000095,2026-08-11 22:31:00,4.3
RD-0002489,SH-00049,LG-000095,2026-08-11 23:01:00,5.3
RD-0002490,SH-00049,LG-000095,2026-08-11 23:31:00,4.3
RD-0002491,SH-00050,LG-000096,2026-06-24 13:01:00,-18.8
RD-0002492,SH-00050,LG-000096,2026-06-24 13:31:00,-17.9
RD-0002493,SH-00050,LG-000096,2026-06-24 14:01:00,-18.7
RD-0002494,SH-00050,LG-000096,2026-06-24 14:31:00,-17.7
RD-0002495,SH-00050,LG-000096,2026-06-24 15:01:00,-17.2
RD-0002496,SH-00050,LG-000096,2026-06-24 15:31:00,-16.8
RD-0002497,SH-00050,LG-000096,2026-06-24 16:01:00,-18.2
RD-0002498,SH-00050,LG-000096,2026-06-24 16:31:00,-18.1
RD-0002499,SH-00050,LG-000096,2026-06-24 17:01:00,-17.9
RD-0002500,SH-00050,LG-000096,2026-06-24 17:31:00,-19.6
RD-0002501,SH-00050,LG-000096,2026-06-24 18:01:00,-17.0
RD-0002502,SH-00050,LG-000096,2026-06-24 18:31:00,-17.7
RD-0002503,SH-00050,LG-000096,2026-06-24 19:01:00,-16.4
RD-0002504,SH-00050,LG-000096,2026-06-24 19:31:00,-16.6
RD-0002505,SH-00050,LG-000096,2026-06-24 20:01:00,-18.4
RD-0002506,SH-00050,LG-000096,2026-06-24 20:31:00,-19.4
RD-0002507,SH-00050,LG-000096,2026-06-24 21:01:00,-18.7
RD-0002508,SH-00050,LG-000096,2026-06-24 21:31:00,-17.7
RD-0002509,SH-00050,LG-000096,2026-06-24 22:01:00,-16.0
RD-0002510,SH-00050,LG-000096,2026-06-24 22:31:00,-16.0
RD-0002511,SH-00050,LG-000096,2026-06-24 23:01:00,-17.4
RD-0002512,SH-00050,LG-000096,2026-06-24 23:31:00,-17.4
RD-0002513,SH-00050,LG-000096,2026-06-25 00:01:00,-18.0
RD-0002514,SH-00050,LG-000096,2026-06-25 00:31:00,-19.3
RD-0002515,SH-00050,LG-000096,2026-06-25 01:01:00,-16.9
RD-0002516,SH-00050,LG-000096,2026-06-25 01:31:00,-17.7
RD-0002517,SH-00050,LG-000096,2026-06-25 02:01:00,-18.3
RD-0002518,SH-00050,LG-000096,2026-06-25 02:31:00,-17.7
RD-0002519,SH-00050,LG-000096,2026-06-25 03:01:00,-18.8
RD-0002520,SH-00050,LG-000096,2026-06-25 03:31:00,-19.2
RD-0002521,SH-00050,LG-000096,2026-06-25 04:01:00,-19.7
RD-0002522,SH-00050,LG-000096,2026-06-25 04:31:00,-19.4
RD-0002523,SH-00050,LG-000096,2026-06-25 05:01:00,-17.6
RD-0002524,SH-00050,LG-000096,2026-06-25 05:31:00,-19.3
RD-0002525,SH-00050,LG-000096,2026-06-25 06:01:00,-18.8
RD-0002526,SH-00050,LG-000096,2026-06-25 06:31:00,-18.1
RD-0002527,SH-00050,LG-000096,2026-06-25 07:01:00,-18.6
RD-0002528,SH-00050,LG-000096,2026-06-25 07:31:00,-19.1
RD-0002529,SH-00050,LG-000096,2026-06-25 08:01:00,-17.8
RD-0002530,SH-00050,LG-000096,2026-06-25 08:31:00,-17.1
RD-0002531,SH-00050,LG-000096,2026-06-25 09:01:00,-18.5
RD-0002532,SH-00050,LG-000096,2026-06-25 09:31:00,-19.3
RD-0002533,SH-00050,LG-000096,2026-06-25 10:01:00,-19.0
RD-0002534,SH-00050,LG-000096,2026-06-25 10:31:00,-17.8
RD-0002535,SH-00050,LG-000096,2026-06-25 11:01:00,-18.1
RD-0002536,SH-00050,LG-000096,2026-06-25 11:31:00,-16.9
RD-0002537,SH-00050,LG-000096,2026-06-25 12:01:00,-18.1
RD-0002538,SH-00050,LG-000096,2026-06-25 12:31:00,-18.1
RD-0002539,SH-00050,LG-000096,2026-06-25 13:01:00,-17.5
RD-0002540,SH-00050,LG-000096,2026-06-25 13:31:00,-17.8
RD-0002541,SH-00050,LG-000096,2026-06-25 14:01:00,-18.4
RD-0002542,SH-00050,LG-000096,2026-06-25 14:31:00,-18.0
RD-0002543,SH-00050,LG-000096,2026-06-25 15:01:00,-18.1
RD-0002544,SH-00050,LG-000096,2026-06-25 15:31:00,-17.6
RD-0002545,SH-00051,LG-000097,2026-06-22 09:19:00,4.4
RD-0002546,SH-00051,LG-000097,2026-06-22 09:49:00,4.0
RD-0002547,SH-00051,LG-000097,2026-06-22 10:19:00,6.3
RD-0002548,SH-00051,LG-000097,2026-06-22 10:49:00,4.9
RD-0002549,SH-00051,LG-000097,2026-06-22 11:19:00,5.4
RD-0002550,SH-00051,LG-000097,2026-06-22 11:49:00,4.0
RD-0002551,SH-00051,LG-000097,2026-06-22 12:19:00,5.5
RD-0002552,SH-00051,LG-000097,2026-06-22 12:49:00,4.2
RD-0002553,SH-00051,LG-000097,2026-06-22 13:19:00,4.8
RD-0002554,SH-00051,LG-000097,2026-06-22 13:49:00,4.8
RD-0002555,SH-00051,LG-000097,2026-06-22 14:19:00,-999
RD-0002556,SH-00051,LG-000097,2026-06-22 14:49:00,6.0
RD-0002557,SH-00051,LG-000097,2026-06-22 15:19:00,5.7
RD-0002558,SH-00051,LG-000097,2026-06-22 15:49:00,4.8
RD-0002559,SH-00051,LG-000097,2026-06-22 16:19:00,6.4
RD-0002560,SH-00051,LG-000097,2026-06-22 16:49:00,4.7
RD-0002561,SH-00051,LG-000097,2026-06-22 17:19:00,5.7
RD-0002562,SH-00051,LG-000097,2026-06-22 17:49:00,4.3
RD-0002563,SH-00051,LG-000097,2026-06-22 18:19:00,5.5
RD-0002564,SH-00051,LG-000097,2026-06-22 18:49:00,3.5
RD-0002565,SH-00051,LG-000097,2026-06-22 19:19:00,4.7
RD-0002566,SH-00051,LG-000097,2026-06-22 19:49:00,3.5
RD-0002567,SH-00051,LG-000097,2026-06-22 20:19:00,5.6
RD-0002568,SH-00051,LG-000097,2026-06-22 20:49:00,5.2
RD-0002569,SH-00051,LG-000097,2026-06-22 21:19:00,5.3
RD-0002570,SH-00051,LG-000097,2026-06-22 21:49:00,5.5
RD-0002571,SH-00051,LG-000097,2026-06-22 22:19:00,5.6
RD-0002572,SH-00051,LG-000097,2026-06-22 22:49:00,4.8
RD-0002573,SH-00051,LG-000097,2026-06-22 23:19:00,3.8
RD-0002574,SH-00051,LG-000097,2026-06-22 23:49:00,4.9
RD-0002575,SH-00051,LG-000097,2026-06-23 00:19:00,4.3
RD-0002576,SH-00051,LG-000097,2026-06-23 00:49:00,4.9
RD-0002577,SH-00051,LG-000097,2026-06-23 01:19:00,6.0
RD-0002578,SH-00051,LG-000097,2026-06-23 01:49:00,6.0
RD-0002579,SH-00051,LG-000097,2026-06-23 02:19:00,4.6
RD-0002580,SH-00051,LG-000097,2026-06-23 02:49:00,4.5
RD-0002581,SH-00051,LG-000098,2026-06-23 03:19:00,5.9
RD-0002582,SH-00051,LG-000098,2026-06-23 03:49:00,5.0
RD-0002583,SH-00051,LG-000098,2026-06-23 04:19:00,5.7
RD-0002584,SH-00051,LG-000098,2026-06-23 04:49:00,4.0
RD-0002585,SH-00051,LG-000098,2026-06-23 05:19:00,3.6
RD-0002586,SH-00051,LG-000098,2026-06-23 05:49:00,5.0
RD-0002587,SH-00051,LG-000098,2026-06-23 06:19:00,3.6
RD-0002588,SH-00051,LG-000098,2026-06-23 06:49:00,3.9
RD-0002589,SH-00051,LG-000098,2026-06-23 07:19:00,5.1
RD-0002590,SH-00051,LG-000098,2026-06-23 07:49:00,5.3
RD-0002591,SH-00051,LG-000098,2026-06-23 08:19:00,5.3
RD-0002592,SH-00051,LG-000098,2026-06-23 08:49:00,5.0
RD-0002593,SH-00051,LG-000098,2026-06-23 09:19:00,5.2
RD-0002594,SH-00051,LG-000098,2026-06-23 09:49:00,3.5
RD-0002595,SH-00051,LG-000098,2026-06-23 10:19:00,3.8
RD-0002596,SH-00051,LG-000098,2026-06-23 10:49:00,5.0
RD-0002597,SH-00051,LG-000098,2026-06-23 11:19:00,5.1
RD-0002598,SH-00051,LG-000098,2026-06-23 11:49:00,4.1
RD-0002599,SH-00051,LG-000098,2026-06-23 12:19:00,4.3
RD-0002600,SH-00051,LG-000098,2026-06-23 12:49:00,7.3
RD-0002601,SH-00051,LG-000098,2026-06-23 13:19:00,5.2
RD-0002602,SH-00051,LG-000098,2026-06-23 13:49:00,4.0
RD-0002603,SH-00051,LG-000098,2026-06-23 14:19:00,7.1
RD-0002604,SH-00051,LG-000098,2026-06-23 14:49:00,4.9
RD-0002605,SH-00051,LG-000098,2026-06-23 15:19:00,5.4
RD-0002606,SH-00051,LG-000098,2026-06-23 15:49:00,4.0
RD-0002607,SH-00051,LG-000098,2026-06-23 16:19:00,4.4
RD-0002608,SH-00051,LG-000098,2026-06-23 16:49:00,4.9
RD-0002609,SH-00051,LG-000098,2026-06-23 17:19:00,5.9
RD-0002610,SH-00051,LG-000098,2026-06-23 17:49:00,3.9
RD-0002611,SH-00051,LG-000098,2026-06-23 18:19:00,4.9
RD-0002612,SH-00051,LG-000098,2026-06-23 18:49:00,4.2
RD-0002613,SH-00051,LG-000098,2026-06-23 19:19:00,4.1
RD-0002614,SH-00051,LG-000098,2026-06-23 19:49:00,4.2
RD-0002615,SH-00051,LG-000098,2026-06-23 20:19:00,4.4
RD-0002616,SH-00051,LG-000098,2026-06-23 20:49:00,6.2
RD-0002617,SH-00052,LG-000099,2026-08-15 20:49:00,-18.4
RD-0002618,SH-00052,LG-000099,2026-08-15 21:19:00,-18.1
RD-0002619,SH-00052,LG-000099,2026-08-15 21:49:00,-17.0
RD-0002620,SH-00052,LG-000099,2026-08-15 22:19:00,-18.2
RD-0002621,SH-00052,LG-000100,2026-08-15 22:49:00,-18.6
RD-0002622,SH-00052,LG-000100,2026-08-15 23:19:00,-17.3
RD-0002623,SH-00052,LG-000100,2026-08-15 23:49:00,-18.7
RD-0002624,SH-00052,LG-000100,2026-08-16 00:19:00,-19.0
RD-0002625,SH-00052,LG-000101,2026-08-16 00:49:00,-1.2
RD-0002626,SH-00052,LG-000101,2026-08-16 01:19:00,0.1
RD-0002627,SH-00052,LG-000101,2026-08-16 01:49:00,-2.2
RD-0002628,SH-00052,LG-000101,2026-08-16 02:19:00,1.8
RD-0002629,SH-00053,LG-000102,2026-07-16 18:58:00,3.9
RD-0002630,SH-00053,LG-000102,2026-07-16 19:28:00,5.2
RD-0002631,SH-00053,LG-000102,2026-07-16 19:58:00,5.2
RD-0002632,SH-00053,LG-000102,2026-07-16 20:28:00,3.8
RD-0002633,SH-00053,LG-000102,2026-07-16 20:58:00,3.8
RD-0002634,SH-00053,LG-000102,2026-07-16 21:28:00,2.1
RD-0002635,SH-00053,LG-000102,2026-07-16 21:58:00,4.3
RD-0002636,SH-00053,LG-000102,2026-07-16 22:28:00,2.3
RD-0002637,SH-00053,LG-000102,2026-07-16 22:58:00,3.2
RD-0002638,SH-00053,LG-000102,2026-07-16 23:28:00,-999
RD-0002639,SH-00053,LG-000102,2026-07-16 23:58:00,6.4
RD-0002640,SH-00053,LG-000102,2026-07-17 00:28:00,3.3
RD-0002641,SH-00053,LG-000102,2026-07-17 00:58:00,4.1
RD-0002642,SH-00053,LG-000102,2026-07-17 01:28:00,5.3
RD-0002643,SH-00053,LG-000102,2026-07-17 01:58:00,3.2
RD-0002644,SH-00053,LG-000102,2026-07-17 02:28:00,3.9
RD-0002645,SH-00053,LG-000103,2026-07-17 02:58:00,2.7
RD-0002646,SH-00053,LG-000103,2026-07-17 03:28:00,4.9
RD-0002647,SH-00053,LG-000103,2026-07-17 03:58:00,3.0
RD-0002648,SH-00053,LG-000103,2026-07-17 04:28:00,5.1
RD-0002649,SH-00053,LG-000103,2026-07-17 04:58:00,5.3
RD-0002650,SH-00053,LG-000103,2026-07-17 05:28:00,4.2
RD-0002651,SH-00053,LG-000103,2026-07-17 05:58:00,4.1
RD-0002652,SH-00053,LG-000103,2026-07-17 06:28:00,3.1
RD-0002653,SH-00053,LG-000103,2026-07-17 06:58:00,6.0
RD-0002654,SH-00053,LG-000103,2026-07-17 07:28:00,3.7
RD-0002655,SH-00053,LG-000103,2026-07-17 07:58:00,4.5
RD-0002656,SH-00053,LG-000103,2026-07-17 08:28:00,4.3
RD-0002657,SH-00053,LG-000103,2026-07-17 08:58:00,4.9
RD-0002658,SH-00053,LG-000103,2026-07-17 09:28:00,4.0
RD-0002659,SH-00053,LG-000103,2026-07-17 09:58:00,3.4
RD-0002660,SH-00053,LG-000103,2026-07-17 10:28:00,4.4
RD-0002661,SH-00053,LG-000104,2026-07-17 10:58:00,40.5
RD-0002662,SH-00053,LG-000104,2026-07-17 11:28:00,37.5
RD-0002663,SH-00053,LG-000104,2026-07-17 11:58:00,38.7
RD-0002664,SH-00053,LG-000104,2026-07-17 12:28:00,38.6
RD-0002665,SH-00053,LG-000104,2026-07-17 12:58:00,39.0
RD-0002666,SH-00053,LG-000104,2026-07-17 13:28:00,40.5
RD-0002667,SH-00053,LG-000104,2026-07-17 13:58:00,40.4
RD-0002668,SH-00053,LG-000104,2026-07-17 14:28:00,-999
RD-0002669,SH-00053,LG-000104,2026-07-17 14:58:00,38.7
RD-0002670,SH-00053,LG-000104,2026-07-17 15:28:00,40.9
RD-0002671,SH-00053,LG-000104,2026-07-17 15:58:00,39.2
RD-0002672,SH-00053,LG-000104,2026-07-17 16:28:00,39.0
RD-0002673,SH-00053,LG-000104,2026-07-17 16:58:00,41.2
RD-0002674,SH-00053,LG-000104,2026-07-17 17:28:00,39.8
RD-0002675,SH-00053,LG-000104,2026-07-17 17:58:00,39.0
RD-0002676,SH-00053,LG-000104,2026-07-17 18:28:00,39.6
RD-0002677,SH-00054,LG-000105,2026-08-29 15:37:00,5.3
RD-0002678,SH-00054,LG-000105,2026-08-29 16:07:00,5.0
RD-0002679,SH-00054,LG-000105,2026-08-29 16:37:00,3.0
RD-0002680,SH-00054,LG-000105,2026-08-29 17:07:00,3.5
RD-0002681,SH-00054,LG-000105,2026-08-29 17:37:00,3.7
RD-0002682,SH-00054,LG-000105,2026-08-29 18:07:00,3.2
RD-0002683,SH-00054,LG-000105,2026-08-29 18:37:00,8.7
RD-0002684,SH-00054,LG-000105,2026-08-29 19:07:00,3.9
RD-0002685,SH-00054,LG-000105,2026-08-29 19:37:00,3.9
RD-0002686,SH-00054,LG-000105,2026-08-29 20:07:00,2.7
RD-0002687,SH-00054,LG-000105,2026-08-29 20:37:00,3.6
RD-0002688,SH-00054,LG-000105,2026-08-29 21:07:00,5.0
RD-0002689,SH-00054,LG-000105,2026-08-29 21:37:00,3.7
RD-0002690,SH-00054,LG-000105,2026-08-29 22:07:00,13.6
RD-0002691,SH-00054,LG-000105,2026-08-29 22:37:00,3.8
RD-0002692,SH-00054,LG-000105,2026-08-29 23:07:00,4.5
RD-0002693,SH-00054,LG-000105,2026-08-29 23:37:00,5.5
RD-0002694,SH-00054,LG-000105,2026-08-30 00:07:00,3.9
RD-0002695,SH-00054,LG-000106,2026-08-30 00:37:00,41.3
RD-0002696,SH-00054,LG-000106,2026-08-30 01:07:00,51.5
RD-0002697,SH-00054,LG-000106,2026-08-30 01:37:00,54.5
RD-0002698,SH-00054,LG-000106,2026-08-30 02:07:00,39.4
RD-0002699,SH-00054,LG-000106,2026-08-30 02:37:00,37.7
RD-0002700,SH-00054,LG-000106,2026-08-30 03:07:00,40.0
RD-0002701,SH-00054,LG-000106,2026-08-30 03:37:00,37.9
RD-0002702,SH-00054,LG-000106,2026-08-30 04:07:00,38.3
RD-0002703,SH-00054,LG-000106,2026-08-30 04:37:00,36.5
RD-0002704,SH-00054,LG-000106,2026-08-30 05:07:00,42.3
RD-0002705,SH-00054,LG-000106,2026-08-30 05:37:00,40.2
RD-0002706,SH-00054,LG-000106,2026-08-30 06:07:00,39.3
RD-0002707,SH-00054,LG-000106,2026-08-30 06:37:00,37.6
RD-0002708,SH-00054,LG-000106,2026-08-30 07:07:00,-999
RD-0002709,SH-00054,LG-000106,2026-08-30 07:37:00,39.6
RD-0002710,SH-00054,LG-000106,2026-08-30 08:07:00,40.7
RD-0002711,SH-00054,LG-000106,2026-08-30 08:37:00,42.0
RD-0002712,SH-00054,LG-000106,2026-08-30 09:07:00,38.7
RD-0002713,SH-00055,LG-000107,2026-06-12 21:24:00,5.7
RD-0002714,SH-00055,LG-000107,2026-06-12 21:54:00,3.0
RD-0002715,SH-00055,LG-000107,2026-06-12 22:24:00,4.8
RD-0002716,SH-00055,LG-000107,2026-06-12 22:54:00,5.8
RD-0002717,SH-00055,LG-000107,2026-06-12 23:24:00,4.3
RD-0002718,SH-00055,LG-000107,2026-06-12 23:54:00,6.1
RD-0002719,SH-00055,LG-000107,2026-06-13 00:24:00,5.3
RD-0002720,SH-00055,LG-000107,2026-06-13 00:54:00,6.2
RD-0002721,SH-00055,LG-000107,2026-06-13 01:24:00,4.2
RD-0002722,SH-00055,LG-000107,2026-06-13 01:54:00,5.1
RD-0002723,SH-00055,LG-000107,2026-06-13 02:24:00,3.9
RD-0002724,SH-00055,LG-000107,2026-06-13 02:54:00,4.8
RD-0002725,SH-00055,LG-000107,2026-06-13 03:24:00,4.8
RD-0002726,SH-00055,LG-000107,2026-06-13 03:54:00,3.5
RD-0002727,SH-00055,LG-000107,2026-06-13 04:24:00,3.6
RD-0002728,SH-00055,LG-000107,2026-06-13 04:54:00,5.2
RD-0002729,SH-00055,LG-000107,2026-06-13 05:24:00,5.1
RD-0002730,SH-00055,LG-000107,2026-06-13 05:54:00,4.7
RD-0002731,SH-00055,LG-000107,2026-06-13 06:24:00,5.2
RD-0002732,SH-00055,LG-000107,2026-06-13 06:54:00,5.7
RD-0002733,SH-00055,LG-000107,2026-06-13 07:24:00,4.1
RD-0002734,SH-00055,LG-000107,2026-06-13 07:54:00,5.1
RD-0002735,SH-00055,LG-000107,2026-06-13 08:24:00,4.9
RD-0002736,SH-00055,LG-000107,2026-06-13 08:54:00,4.7
RD-0002737,SH-00055,LG-000107,2026-06-13 09:24:00,5.8
RD-0002738,SH-00055,LG-000107,2026-06-13 09:54:00,5.0
RD-0002739,SH-00055,LG-000108,2026-06-13 10:24:00,4.4
RD-0002740,SH-00055,LG-000108,2026-06-13 10:54:00,5.5
RD-0002741,SH-00055,LG-000108,2026-06-13 11:24:00,4.8
RD-0002742,SH-00055,LG-000108,2026-06-13 11:54:00,5.1
RD-0002743,SH-00055,LG-000108,2026-06-13 12:24:00,5.1
RD-0002744,SH-00055,LG-000108,2026-06-13 12:54:00,4.9
RD-0002745,SH-00055,LG-000108,2026-06-13 13:24:00,4.4
RD-0002746,SH-00055,LG-000108,2026-06-13 13:54:00,6.8
RD-0002747,SH-00055,LG-000108,2026-06-13 14:24:00,5.9
RD-0002748,SH-00055,LG-000108,2026-06-13 14:54:00,5.3
RD-0002749,SH-00055,LG-000108,2026-06-13 15:24:00,4.2
RD-0002750,SH-00055,LG-000108,2026-06-13 15:54:00,6.0
RD-0002751,SH-00055,LG-000108,2026-06-13 16:24:00,5.5
RD-0002752,SH-00055,LG-000108,2026-06-13 16:54:00,4.9
RD-0002753,SH-00055,LG-000108,2026-06-13 17:24:00,4.2
RD-0002754,SH-00055,LG-000108,2026-06-13 17:54:00,4.9
RD-0002755,SH-00055,LG-000108,2026-06-13 18:24:00,6.4
RD-0002756,SH-00055,LG-000108,2026-06-13 18:54:00,4.4
RD-0002757,SH-00055,LG-000108,2026-06-13 19:24:00,4.6
RD-0002758,SH-00055,LG-000108,2026-06-13 19:54:00,5.3
RD-0002759,SH-00055,LG-000108,2026-06-13 20:24:00,5.0
RD-0002760,SH-00055,LG-000108,2026-06-13 20:54:00,4.6
RD-0002761,SH-00055,LG-000108,2026-06-13 21:24:00,4.9
RD-0002762,SH-00055,LG-000108,2026-06-13 21:54:00,4.7
RD-0002763,SH-00055,LG-000108,2026-06-13 22:24:00,4.6
RD-0002764,SH-00055,LG-000108,2026-06-13 22:54:00,5.6
RD-0002765,SH-00056,LG-000109,2026-08-17 06:30:00,2.8
RD-0002766,SH-00056,LG-000109,2026-08-17 07:00:00,3.4
RD-0002767,SH-00056,LG-000109,2026-08-17 07:30:00,5.5
RD-0002768,SH-00056,LG-000109,2026-08-17 08:00:00,4.3
RD-0002769,SH-00056,LG-000109,2026-08-17 08:30:00,4.4
RD-0002770,SH-00056,LG-000109,2026-08-17 09:00:00,3.9
RD-0002771,SH-00056,LG-000109,2026-08-17 09:30:00,4.0
RD-0002772,SH-00056,LG-000109,2026-08-17 10:00:00,2.9
RD-0002773,SH-00056,LG-000109,2026-08-17 10:30:00,4.3
RD-0002774,SH-00056,LG-000109,2026-08-17 11:00:00,2.9
RD-0002775,SH-00056,LG-000109,2026-08-17 11:30:00,4.2
RD-0002776,SH-00056,LG-000109,2026-08-17 12:00:00,3.2
RD-0002777,SH-00056,LG-000109,2026-08-17 12:30:00,4.6
RD-0002778,SH-00056,LG-000109,2026-08-17 13:00:00,3.4
RD-0002779,SH-00056,LG-000109,2026-08-17 13:30:00,3.8
RD-0002780,SH-00056,LG-000109,2026-08-17 14:00:00,2.9
RD-0002781,SH-00056,LG-000109,2026-08-17 14:30:00,4.4
RD-0002782,SH-00056,LG-000109,2026-08-17 15:00:00,3.0
RD-0002783,SH-00056,LG-000109,2026-08-17 15:30:00,2.5
RD-0002784,SH-00056,LG-000109,2026-08-17 16:00:00,5.4
RD-0002785,SH-00056,LG-000109,2026-08-17 16:30:00,3.3
RD-0002786,SH-00056,LG-000109,2026-08-17 17:00:00,3.9
RD-0002787,SH-00056,LG-000109,2026-08-17 17:30:00,4.6
RD-0002788,SH-00056,LG-000109,2026-08-17 18:00:00,3.6
RD-0002789,SH-00056,LG-000110,2026-08-17 18:30:00,4.4
RD-0002790,SH-00056,LG-000110,2026-08-17 19:00:00,4.6
RD-0002791,SH-00056,LG-000110,2026-08-17 19:30:00,3.8
RD-0002792,SH-00056,LG-000110,2026-08-17 20:00:00,4.1
RD-0002793,SH-00056,LG-000110,2026-08-17 20:30:00,3.8
RD-0002794,SH-00056,LG-000110,2026-08-17 21:00:00,2.3
RD-0002795,SH-00056,LG-000110,2026-08-17 21:30:00,5.0
RD-0002796,SH-00056,LG-000110,2026-08-17 22:00:00,2.0
RD-0002797,SH-00056,LG-000110,2026-08-17 22:30:00,4.1
RD-0002798,SH-00056,LG-000110,2026-08-17 23:00:00,4.7
RD-0002799,SH-00056,LG-000110,2026-08-17 23:30:00,5.0
RD-0002800,SH-00056,LG-000110,2026-08-18 00:00:00,4.1
RD-0002801,SH-00056,LG-000110,2026-08-18 00:30:00,3.5
RD-0002802,SH-00056,LG-000110,2026-08-18 01:00:00,4.4
RD-0002803,SH-00056,LG-000110,2026-08-18 01:30:00,5.9
RD-0002804,SH-00056,LG-000110,2026-08-18 02:00:00,4.4
RD-0002805,SH-00056,LG-000110,2026-08-18 02:30:00,2.5
RD-0002806,SH-00056,LG-000110,2026-08-18 03:00:00,3.9
RD-0002807,SH-00056,LG-000110,2026-08-18 03:30:00,2.5
RD-0002808,SH-00056,LG-000110,2026-08-18 04:00:00,5.1
RD-0002809,SH-00056,LG-000110,2026-08-18 04:30:00,4.3
RD-0002810,SH-00056,LG-000110,2026-08-18 05:00:00,4.4
RD-0002811,SH-00056,LG-000110,2026-08-18 05:30:00,-999
RD-0002812,SH-00056,LG-000110,2026-08-18 06:00:00,4.2
RD-0002813,SH-00057,LG-000111,2026-06-04 00:14:00,4.9
RD-0002814,SH-00057,LG-000111,2026-06-04 00:44:00,4.9
RD-0002815,SH-00057,LG-000111,2026-06-04 01:14:00,5.5
RD-0002816,SH-00057,LG-000111,2026-06-04 01:44:00,4.9
RD-0002817,SH-00057,LG-000111,2026-06-04 02:14:00,4.6
RD-0002818,SH-00057,LG-000111,2026-06-04 02:44:00,5.0
RD-0002819,SH-00057,LG-000111,2026-06-04 03:14:00,4.4
RD-0002820,SH-00057,LG-000111,2026-06-04 03:44:00,-999
RD-0002821,SH-00057,LG-000111,2026-06-04 04:14:00,6.3
RD-0002822,SH-00057,LG-000111,2026-06-04 04:44:00,-999
RD-0002823,SH-00057,LG-000111,2026-06-04 05:14:00,5.1
RD-0002824,SH-00057,LG-000111,2026-06-04 05:44:00,4.1
RD-0002825,SH-00057,LG-000111,2026-06-04 06:14:00,6.1
RD-0002826,SH-00057,LG-000111,2026-06-04 06:44:00,5.0
RD-0002827,SH-00057,LG-000111,2026-06-04 07:14:00,3.1
RD-0002828,SH-00057,LG-000111,2026-06-04 07:44:00,4.5
RD-0002829,SH-00057,LG-000111,2026-06-04 08:14:00,4.4
RD-0002830,SH-00057,LG-000111,2026-06-04 08:44:00,5.1
RD-0002831,SH-00057,LG-000111,2026-06-04 09:14:00,-999
RD-0002832,SH-00057,LG-000111,2026-06-04 09:44:00,4.6
RD-0002833,SH-00057,LG-000111,2026-06-04 10:14:00,5.2
RD-0002834,SH-00057,LG-000111,2026-06-04 10:44:00,5.9
RD-0002835,SH-00057,LG-000111,2026-06-04 11:14:00,5.5
RD-0002836,SH-00057,LG-000111,2026-06-04 11:44:00,4.5
RD-0002837,SH-00057,LG-000111,2026-06-04 12:14:00,4.9
RD-0002838,SH-00057,LG-000111,2026-06-04 12:44:00,4.8
RD-0002839,SH-00057,LG-000111,2026-06-04 13:14:00,4.6
RD-0002840,SH-00057,LG-000111,2026-06-04 13:44:00,5.7
RD-0002841,SH-00057,LG-000111,2026-06-04 14:14:00,5.3
RD-0002842,SH-00057,LG-000111,2026-06-04 14:44:00,5.6
RD-0002843,SH-00057,LG-000111,2026-06-04 15:14:00,5.6
RD-0002844,SH-00057,LG-000111,2026-06-04 15:44:00,5.2
RD-0002845,SH-00057,LG-000111,2026-06-04 16:14:00,5.3
RD-0002846,SH-00057,LG-000111,2026-06-04 16:44:00,5.5
RD-0002847,SH-00057,LG-000111,2026-06-04 17:14:00,4.0
RD-0002848,SH-00057,LG-000111,2026-06-04 17:44:00,4.1
RD-0002849,SH-00057,LG-000111,2026-06-04 18:14:00,4.6
RD-0002850,SH-00057,LG-000111,2026-06-04 18:44:00,5.7
RD-0002851,SH-00057,LG-000111,2026-06-04 19:14:00,4.4
RD-0002852,SH-00057,LG-000111,2026-06-04 19:44:00,5.1
RD-0002853,SH-00057,LG-000111,2026-06-04 20:14:00,3.8
RD-0002854,SH-00057,LG-000111,2026-06-04 20:44:00,5.6
RD-0002855,SH-00057,LG-000111,2026-06-04 21:14:00,3.0
RD-0002856,SH-00057,LG-000111,2026-06-04 21:44:00,6.1
RD-0002857,SH-00057,LG-000111,2026-06-04 22:14:00,5.8
RD-0002858,SH-00057,LG-000111,2026-06-04 22:44:00,4.6
RD-0002859,SH-00057,LG-000111,2026-06-04 23:14:00,3.8
RD-0002860,SH-00057,LG-000111,2026-06-04 23:44:00,6.1
RD-0002861,SH-00057,LG-000111,2026-06-05 00:14:00,3.1
RD-0002862,SH-00057,LG-000111,2026-06-05 00:44:00,4.5
RD-0002863,SH-00057,LG-000111,2026-06-05 01:14:00,5.5
RD-0002864,SH-00057,LG-000111,2026-06-05 01:44:00,2.3
RD-0002865,SH-00057,LG-000111,2026-06-05 02:14:00,6.3
RD-0002866,SH-00057,LG-000111,2026-06-05 02:44:00,5.0
RD-0002867,SH-00057,LG-000111,2026-06-05 03:14:00,5.6
RD-0002868,SH-00057,LG-000111,2026-06-05 03:44:00,4.4
RD-0002869,SH-00057,LG-000111,2026-06-05 04:14:00,4.8
RD-0002870,SH-00057,LG-000111,2026-06-05 04:44:00,5.2
RD-0002871,SH-00057,LG-000111,2026-06-05 05:14:00,5.2
RD-0002872,SH-00057,LG-000111,2026-06-05 05:44:00,4.8
RD-0002873,SH-00057,LG-000111,2026-06-05 06:14:00,5.4
RD-0002874,SH-00057,LG-000111,2026-06-05 06:44:00,5.1
RD-0002875,SH-00057,LG-000111,2026-06-05 07:14:00,6.5
RD-0002876,SH-00057,LG-000111,2026-06-05 07:44:00,3.6
RD-0002877,SH-00057,LG-000111,2026-06-05 08:14:00,5.2
RD-0002878,SH-00057,LG-000111,2026-06-05 08:44:00,4.2
RD-0002879,SH-00057,LG-000111,2026-06-05 09:14:00,4.7
RD-0002880,SH-00057,LG-000111,2026-06-05 09:44:00,4.1
RD-0002881,SH-00057,LG-000111,2026-06-05 10:14:00,5.1
RD-0002882,SH-00057,LG-000111,2026-06-05 10:44:00,5.3
RD-0002883,SH-00057,LG-000111,2026-06-05 11:14:00,5.1
RD-0002884,SH-00057,LG-000111,2026-06-05 11:44:00,4.4
RD-0002885,SH-00057,LG-000111,2026-06-05 12:14:00,5.0
RD-0002886,SH-00057,LG-000111,2026-06-05 12:44:00,4.3
RD-0002887,SH-00057,LG-000111,2026-06-05 13:14:00,5.3
RD-0002888,SH-00057,LG-000111,2026-06-05 13:44:00,5.1
RD-0002889,SH-00057,LG-000111,2026-06-05 14:14:00,4.9
RD-0002890,SH-00057,LG-000111,2026-06-05 14:44:00,4.1
RD-0002891,SH-00057,LG-000111,2026-06-05 15:14:00,3.6
RD-0002892,SH-00057,LG-000111,2026-06-05 15:44:00,3.9
RD-0002893,SH-00058,LG-000112,2026-06-08 16:57:00,2.8
RD-0002894,SH-00058,LG-000112,2026-06-08 17:27:00,3.4
RD-0002895,SH-00058,LG-000112,2026-06-08 17:57:00,4.2
RD-0002896,SH-00058,LG-000112,2026-06-08 18:27:00,3.9
RD-0002897,SH-00058,LG-000112,2026-06-08 18:57:00,4.2
RD-0002898,SH-00058,LG-000112,2026-06-08 19:27:00,4.0
RD-0002899,SH-00058,LG-000112,2026-06-08 19:57:00,5.0
RD-0002900,SH-00058,LG-000112,2026-06-08 20:27:00,-999
RD-0002901,SH-00058,LG-000112,2026-06-08 20:57:00,3.3
RD-0002902,SH-00058,LG-000112,2026-06-08 21:27:00,3.7
RD-0002903,SH-00058,LG-000112,2026-06-08 21:57:00,4.4
RD-0002904,SH-00058,LG-000112,2026-06-08 22:27:00,4.1
RD-0002905,SH-00058,LG-000112,2026-06-08 22:57:00,3.6
RD-0002906,SH-00058,LG-000112,2026-06-08 23:27:00,3.9
RD-0002907,SH-00058,LG-000112,2026-06-08 23:57:00,3.3
RD-0002908,SH-00058,LG-000112,2026-06-09 00:27:00,4.1
RD-0002909,SH-00058,LG-000112,2026-06-09 00:57:00,3.7
RD-0002910,SH-00058,LG-000112,2026-06-09 01:27:00,4.6
RD-0002911,SH-00058,LG-000112,2026-06-09 01:57:00,4.4
RD-0002912,SH-00058,LG-000112,2026-06-09 02:27:00,3.5
RD-0002913,SH-00058,LG-000112,2026-06-09 02:57:00,4.7
RD-0002914,SH-00058,LG-000112,2026-06-09 03:27:00,3.5
RD-0002915,SH-00058,LG-000113,2026-06-09 03:57:00,4.8
RD-0002916,SH-00058,LG-000113,2026-06-09 04:27:00,3.3
RD-0002917,SH-00058,LG-000113,2026-06-09 04:57:00,4.5
RD-0002918,SH-00058,LG-000113,2026-06-09 05:27:00,3.1
RD-0002919,SH-00058,LG-000113,2026-06-09 05:57:00,4.2
RD-0002920,SH-00058,LG-000113,2026-06-09 06:27:00,3.9
RD-0002921,SH-00058,LG-000113,2026-06-09 06:57:00,3.3
RD-0002922,SH-00058,LG-000113,2026-06-09 07:27:00,5.6
RD-0002923,SH-00058,LG-000113,2026-06-09 07:57:00,3.8
RD-0002924,SH-00058,LG-000113,2026-06-09 08:27:00,2.7
RD-0002925,SH-00058,LG-000113,2026-06-09 08:57:00,3.8
RD-0002926,SH-00058,LG-000113,2026-06-09 09:27:00,4.2
RD-0002927,SH-00058,LG-000113,2026-06-09 09:57:00,3.1
RD-0002928,SH-00058,LG-000113,2026-06-09 10:27:00,2.6
RD-0002929,SH-00058,LG-000113,2026-06-09 10:57:00,3.8
RD-0002930,SH-00058,LG-000113,2026-06-09 11:27:00,3.7
RD-0002931,SH-00058,LG-000113,2026-06-09 11:57:00,-999
RD-0002932,SH-00058,LG-000113,2026-06-09 12:27:00,4.6
RD-0002933,SH-00058,LG-000113,2026-06-09 12:57:00,3.9
RD-0002934,SH-00058,LG-000113,2026-06-09 13:27:00,4.9
RD-0002935,SH-00058,LG-000113,2026-06-09 13:57:00,5.3
RD-0002936,SH-00058,LG-000113,2026-06-09 14:27:00,4.7
RD-0002937,SH-00059,LG-000114,2026-06-07 16:13:00,4.8
RD-0002938,SH-00059,LG-000114,2026-06-07 16:43:00,4.4
RD-0002939,SH-00059,LG-000114,2026-06-07 17:13:00,5.9
RD-0002940,SH-00059,LG-000114,2026-06-07 17:43:00,4.2
RD-0002941,SH-00059,LG-000114,2026-06-07 18:13:00,4.4
RD-0002942,SH-00059,LG-000114,2026-06-07 18:43:00,6.5
RD-0002943,SH-00059,LG-000114,2026-06-07 19:13:00,5.1
RD-0002944,SH-00059,LG-000114,2026-06-07 19:43:00,5.1
RD-0002945,SH-00059,LG-000114,2026-06-07 20:13:00,4.9
RD-0002946,SH-00059,LG-000114,2026-06-07 20:43:00,5.0
RD-0002947,SH-00059,LG-000114,2026-06-07 21:13:00,5.7
RD-0002948,SH-00059,LG-000114,2026-06-07 21:43:00,4.3
RD-0002949,SH-00059,LG-000114,2026-06-07 22:13:00,6.3
RD-0002950,SH-00059,LG-000114,2026-06-07 22:43:00,5.7
RD-0002951,SH-00059,LG-000114,2026-06-07 23:13:00,4.8
RD-0002952,SH-00059,LG-000114,2026-06-07 23:43:00,4.4
RD-0002953,SH-00059,LG-000114,2026-06-08 00:13:00,4.9
RD-0002954,SH-00059,LG-000114,2026-06-08 00:43:00,4.9
RD-0002955,SH-00059,LG-000114,2026-06-08 01:13:00,3.6
RD-0002956,SH-00059,LG-000114,2026-06-08 01:43:00,4.5
RD-0002957,SH-00059,LG-000114,2026-06-08 02:13:00,5.5
RD-0002958,SH-00059,LG-000114,2026-06-08 02:43:00,4.8
RD-0002959,SH-00059,LG-000114,2026-06-08 03:13:00,4.4
RD-0002960,SH-00059,LG-000114,2026-06-08 03:43:00,4.2
RD-0002961,SH-00059,LG-000114,2026-06-08 04:13:00,3.8
RD-0002962,SH-00059,LG-000114,2026-06-08 04:43:00,6.3
RD-0002963,SH-00059,LG-000114,2026-06-08 05:13:00,5.1
RD-0002964,SH-00059,LG-000114,2026-06-08 05:43:00,3.3
RD-0002965,SH-00059,LG-000115,2026-06-08 06:13:00,6.1
RD-0002966,SH-00059,LG-000115,2026-06-08 06:43:00,4.4
RD-0002967,SH-00059,LG-000115,2026-06-08 07:13:00,3.9
RD-0002968,SH-00059,LG-000115,2026-06-08 07:43:00,4.7
RD-0002969,SH-00059,LG-000115,2026-06-08 08:13:00,4.8
RD-0002970,SH-00059,LG-000115,2026-06-08 08:43:00,5.7
RD-0002971,SH-00059,LG-000115,2026-06-08 09:13:00,4.1
RD-0002972,SH-00059,LG-000115,2026-06-08 09:43:00,5.6
RD-0002973,SH-00059,LG-000115,2026-06-08 10:13:00,5.8
RD-0002974,SH-00059,LG-000115,2026-06-08 10:43:00,5.7
RD-0002975,SH-00059,LG-000115,2026-06-08 11:13:00,6.2
RD-0002976,SH-00059,LG-000115,2026-06-08 11:43:00,4.1
RD-0002977,SH-00059,LG-000115,2026-06-08 12:13:00,4.4
RD-0002978,SH-00059,LG-000115,2026-06-08 12:43:00,4.2
RD-0002979,SH-00059,LG-000115,2026-06-08 13:13:00,5.0
RD-0002980,SH-00059,LG-000115,2026-06-08 13:43:00,5.5
RD-0002981,SH-00059,LG-000115,2026-06-08 14:13:00,5.3
RD-0002982,SH-00059,LG-000115,2026-06-08 14:43:00,6.5
RD-0002983,SH-00059,LG-000115,2026-06-08 15:13:00,-999
RD-0002984,SH-00059,LG-000115,2026-06-08 15:43:00,6.3
RD-0002985,SH-00059,LG-000115,2026-06-08 16:13:00,5.5
RD-0002986,SH-00059,LG-000115,2026-06-08 16:43:00,3.9
RD-0002987,SH-00059,LG-000115,2026-06-08 17:13:00,4.5
RD-0002988,SH-00059,LG-000115,2026-06-08 17:43:00,6.0
RD-0002989,SH-00059,LG-000115,2026-06-08 18:13:00,4.3
RD-0002990,SH-00059,LG-000115,2026-06-08 18:43:00,5.7
RD-0002991,SH-00059,LG-000115,2026-06-08 19:13:00,4.2
RD-0002992,SH-00059,LG-000115,2026-06-08 19:43:00,-999
RD-0002993,SH-00060,LG-000116,2026-06-09 16:13:00,-999
RD-0002994,SH-00060,LG-000116,2026-06-09 16:43:00,39.2
RD-0002995,SH-00060,LG-000116,2026-06-09 17:13:00,37.7
RD-0002996,SH-00060,LG-000116,2026-06-09 17:43:00,37.0
RD-0002997,SH-00060,LG-000116,2026-06-09 18:13:00,40.0
RD-0002998,SH-00060,LG-000116,2026-06-09 18:43:00,38.4
RD-0002999,SH-00060,LG-000116,2026-06-09 19:13:00,38.4
RD-0003000,SH-00060,LG-000116,2026-06-09 19:43:00,40.7
RD-0003001,SH-00060,LG-000116,2026-06-09 20:13:00,40.3
RD-0003002,SH-00060,LG-000116,2026-06-09 20:43:00,37.8
RD-0003003,SH-00060,LG-000116,2026-06-09 21:13:00,38.5
RD-0003004,SH-00060,LG-000116,2026-06-09 21:43:00,40.8
RD-0003005,SH-00060,LG-000116,2026-06-09 22:13:00,38.8
RD-0003006,SH-00060,LG-000116,2026-06-09 22:43:00,38.3
RD-0003007,SH-00060,LG-000116,2026-06-09 23:13:00,41.3
RD-0003008,SH-00060,LG-000116,2026-06-09 23:43:00,38.0
RD-0003009,SH-00060,LG-000116,2026-06-10 00:13:00,39.9
RD-0003010,SH-00060,LG-000116,2026-06-10 00:43:00,39.7
RD-0003011,SH-00060,LG-000116,2026-06-10 01:13:00,39.9
RD-0003012,SH-00060,LG-000116,2026-06-10 01:43:00,39.4
RD-0003013,SH-00060,LG-000116,2026-06-10 02:13:00,36.9
RD-0003014,SH-00060,LG-000116,2026-06-10 02:43:00,39.8
RD-0003015,SH-00060,LG-000116,2026-06-10 03:13:00,41.1
RD-0003016,SH-00060,LG-000116,2026-06-10 03:43:00,38.1
RD-0003017,SH-00060,LG-000116,2026-06-10 04:13:00,39.4
RD-0003018,SH-00060,LG-000116,2026-06-10 04:43:00,38.3
RD-0003019,SH-00060,LG-000116,2026-06-10 05:13:00,38.8
RD-0003020,SH-00060,LG-000116,2026-06-10 05:43:00,-999
RD-0003021,SH-00060,LG-000116,2026-06-10 06:13:00,39.7
RD-0003022,SH-00060,LG-000116,2026-06-10 06:43:00,39.0
RD-0003023,SH-00060,LG-000117,2026-06-10 07:13:00,4.1
RD-0003024,SH-00060,LG-000117,2026-06-10 07:43:00,5.0
RD-0003025,SH-00060,LG-000117,2026-06-10 08:13:00,4.1
RD-0003026,SH-00060,LG-000117,2026-06-10 08:43:00,3.8
RD-0003027,SH-00060,LG-000117,2026-06-10 09:13:00,3.8
RD-0003028,SH-00060,LG-000117,2026-06-10 09:43:00,3.5
RD-0003029,SH-00060,LG-000117,2026-06-10 10:13:00,3.6
RD-0003030,SH-00060,LG-000117,2026-06-10 10:43:00,4.8
RD-0003031,SH-00060,LG-000117,2026-06-10 11:13:00,4.1
RD-0003032,SH-00060,LG-000117,2026-06-10 11:43:00,3.9
RD-0003033,SH-00060,LG-000117,2026-06-10 12:13:00,3.4
RD-0003034,SH-00060,LG-000117,2026-06-10 12:43:00,5.3
RD-0003035,SH-00060,LG-000117,2026-06-10 13:13:00,4.2
RD-0003036,SH-00060,LG-000117,2026-06-10 13:43:00,2.9
RD-0003037,SH-00060,LG-000117,2026-06-10 14:13:00,3.2
RD-0003038,SH-00060,LG-000117,2026-06-10 14:43:00,4.0
RD-0003039,SH-00060,LG-000117,2026-06-10 15:13:00,2.8
RD-0003040,SH-00060,LG-000117,2026-06-10 15:43:00,2.7
RD-0003041,SH-00060,LG-000117,2026-06-10 16:13:00,3.4
RD-0003042,SH-00060,LG-000117,2026-06-10 16:43:00,2.2
RD-0003043,SH-00060,LG-000117,2026-06-10 17:13:00,3.5
RD-0003044,SH-00060,LG-000117,2026-06-10 17:43:00,3.6
RD-0003045,SH-00060,LG-000117,2026-06-10 18:13:00,3.8
RD-0003046,SH-00060,LG-000117,2026-06-10 18:43:00,2.6
RD-0003047,SH-00060,LG-000117,2026-06-10 19:13:00,4.6
RD-0003048,SH-00060,LG-000117,2026-06-10 19:43:00,4.5
RD-0003049,SH-00060,LG-000117,2026-06-10 20:13:00,3.5
RD-0003050,SH-00060,LG-000117,2026-06-10 20:43:00,3.6
RD-0003051,SH-00060,LG-000117,2026-06-10 21:13:00,3.1
RD-0003052,SH-00060,LG-000117,2026-06-10 21:43:00,4.1
RD-0003053,SH-00061,LG-000118,2026-06-10 00:09:00,-17.2
RD-0003054,SH-00061,LG-000118,2026-06-10 00:39:00,-17.0
RD-0003055,SH-00061,LG-000118,2026-06-10 01:09:00,-999
RD-0003056,SH-00061,LG-000118,2026-06-10 01:39:00,-19.0
RD-0003057,SH-00061,LG-000118,2026-06-10 02:09:00,-19.0
RD-0003058,SH-00061,LG-000118,2026-06-10 02:39:00,-17.9
RD-0003059,SH-00061,LG-000118,2026-06-10 03:09:00,-18.6
RD-0003060,SH-00061,LG-000118,2026-06-10 03:39:00,-19.4
RD-0003061,SH-00061,LG-000118,2026-06-10 04:09:00,-17.5
RD-0003062,SH-00061,LG-000118,2026-06-10 04:39:00,-17.6
RD-0003063,SH-00061,LG-000118,2026-06-10 05:09:00,-17.3
RD-0003064,SH-00061,LG-000118,2026-06-10 05:39:00,-18.2
RD-0003065,SH-00061,LG-000118,2026-06-10 06:09:00,-17.7
RD-0003066,SH-00061,LG-000118,2026-06-10 06:39:00,-19.0
RD-0003067,SH-00061,LG-000118,2026-06-10 07:09:00,-18.1
RD-0003068,SH-00061,LG-000118,2026-06-10 07:39:00,-19.4
RD-0003069,SH-00061,LG-000118,2026-06-10 08:09:00,-16.3
RD-0003070,SH-00061,LG-000118,2026-06-10 08:39:00,-18.4
RD-0003071,SH-00061,LG-000118,2026-06-10 09:09:00,-18.5
RD-0003072,SH-00061,LG-000118,2026-06-10 09:39:00,-16.8
RD-0003073,SH-00061,LG-000118,2026-06-10 10:09:00,-18.7
RD-0003074,SH-00061,LG-000118,2026-06-10 10:39:00,-17.4
RD-0003075,SH-00061,LG-000118,2026-06-10 11:09:00,-18.7
RD-0003076,SH-00061,LG-000118,2026-06-10 11:39:00,-17.6
RD-0003077,SH-00061,LG-000118,2026-06-10 12:09:00,-17.9
RD-0003078,SH-00061,LG-000118,2026-06-10 12:39:00,-17.8
RD-0003079,SH-00061,LG-000118,2026-06-10 13:09:00,-18.1
RD-0003080,SH-00061,LG-000118,2026-06-10 13:39:00,-18.6
RD-0003081,SH-00061,LG-000118,2026-06-10 14:09:00,-18.4
RD-0003082,SH-00061,LG-000118,2026-06-10 14:39:00,-18.0
RD-0003083,SH-00061,LG-000118,2026-06-10 15:09:00,-17.4
RD-0003084,SH-00061,LG-000118,2026-06-10 15:39:00,-17.5
RD-0003085,SH-00061,LG-000118,2026-06-10 16:09:00,-19.1
RD-0003086,SH-00061,LG-000118,2026-06-10 16:39:00,-17.1
RD-0003087,SH-00061,LG-000118,2026-06-10 17:09:00,-20.2
RD-0003088,SH-00061,LG-000118,2026-06-10 17:39:00,-17.8
RD-0003089,SH-00061,LG-000119,2026-06-10 18:09:00,-999
RD-0003090,SH-00061,LG-000119,2026-06-10 18:39:00,-18.1
RD-0003091,SH-00061,LG-000119,2026-06-10 19:09:00,-16.8
RD-0003092,SH-00061,LG-000119,2026-06-10 19:39:00,-17.2
RD-0003093,SH-00061,LG-000119,2026-06-10 20:09:00,-18.3
RD-0003094,SH-00061,LG-000119,2026-06-10 20:39:00,-18.2
RD-0003095,SH-00061,LG-000119,2026-06-10 21:09:00,-18.5
RD-0003096,SH-00061,LG-000119,2026-06-10 21:39:00,-18.3
RD-0003097,SH-00061,LG-000119,2026-06-10 22:09:00,-19.8
RD-0003098,SH-00061,LG-000119,2026-06-10 22:39:00,-19.0
RD-0003099,SH-00061,LG-000119,2026-06-10 23:09:00,-18.6
RD-0003100,SH-00061,LG-000119,2026-06-10 23:39:00,-17.6
RD-0003101,SH-00061,LG-000119,2026-06-11 00:09:00,-18.4
RD-0003102,SH-00061,LG-000119,2026-06-11 00:39:00,-17.7
RD-0003103,SH-00061,LG-000119,2026-06-11 01:09:00,-19.0
RD-0003104,SH-00061,LG-000119,2026-06-11 01:39:00,-18.0
RD-0003105,SH-00061,LG-000119,2026-06-11 02:09:00,-18.4
RD-0003106,SH-00061,LG-000119,2026-06-11 02:39:00,-17.9
RD-0003107,SH-00061,LG-000119,2026-06-11 03:09:00,-17.2
RD-0003108,SH-00061,LG-000119,2026-06-11 03:39:00,-17.1
RD-0003109,SH-00061,LG-000119,2026-06-11 04:09:00,-18.8
RD-0003110,SH-00061,LG-000119,2026-06-11 04:39:00,-18.5
RD-0003111,SH-00061,LG-000119,2026-06-11 05:09:00,-17.4
RD-0003112,SH-00061,LG-000119,2026-06-11 05:39:00,-19.3
RD-0003113,SH-00061,LG-000119,2026-06-11 06:09:00,-17.0
RD-0003114,SH-00061,LG-000119,2026-06-11 06:39:00,-17.7
RD-0003115,SH-00061,LG-000119,2026-06-11 07:09:00,-17.8
RD-0003116,SH-00061,LG-000119,2026-06-11 07:39:00,-17.0
RD-0003117,SH-00061,LG-000119,2026-06-11 08:09:00,-17.6
RD-0003118,SH-00061,LG-000119,2026-06-11 08:39:00,-17.4
RD-0003119,SH-00061,LG-000119,2026-06-11 09:09:00,-19.2
RD-0003120,SH-00061,LG-000119,2026-06-11 09:39:00,-18.2
RD-0003121,SH-00061,LG-000119,2026-06-11 10:09:00,-18.6
RD-0003122,SH-00061,LG-000119,2026-06-11 10:39:00,-18.2
RD-0003123,SH-00061,LG-000119,2026-06-11 11:09:00,-18.0
RD-0003124,SH-00061,LG-000119,2026-06-11 11:39:00,-18.1
RD-0003125,SH-00062,LG-000120,2026-06-14 11:49:00,-17.4
RD-0003126,SH-00062,LG-000120,2026-06-14 12:19:00,-17.5
RD-0003127,SH-00062,LG-000120,2026-06-14 12:49:00,-17.2
RD-0003128,SH-00062,LG-000120,2026-06-14 13:19:00,-18.6
RD-0003129,SH-00062,LG-000120,2026-06-14 13:49:00,-17.4
RD-0003130,SH-00062,LG-000120,2026-06-14 14:19:00,-17.3
RD-0003131,SH-00062,LG-000120,2026-06-14 14:49:00,-17.2
RD-0003132,SH-00062,LG-000120,2026-06-14 15:19:00,-18.2
RD-0003133,SH-00062,LG-000120,2026-06-14 15:49:00,-18.8
RD-0003134,SH-00062,LG-000120,2026-06-14 16:19:00,-17.6
RD-0003135,SH-00062,LG-000120,2026-06-14 16:49:00,-17.8
RD-0003136,SH-00062,LG-000120,2026-06-14 17:19:00,-18.1
RD-0003137,SH-00062,LG-000120,2026-06-14 17:49:00,-17.4
RD-0003138,SH-00062,LG-000120,2026-06-14 18:19:00,-18.1
RD-0003139,SH-00062,LG-000120,2026-06-14 18:49:00,-17.7
RD-0003140,SH-00062,LG-000120,2026-06-14 19:19:00,-999
RD-0003141,SH-00062,LG-000120,2026-06-14 19:49:00,-17.4
RD-0003142,SH-00062,LG-000120,2026-06-14 20:19:00,-19.2
RD-0003143,SH-00062,LG-000120,2026-06-14 20:49:00,-17.1
RD-0003144,SH-00062,LG-000120,2026-06-14 21:19:00,-17.6
RD-0003145,SH-00062,LG-000120,2026-06-14 21:49:00,-19.4
RD-0003146,SH-00062,LG-000120,2026-06-14 22:19:00,-18.1
RD-0003147,SH-00062,LG-000120,2026-06-14 22:49:00,-18.5
RD-0003148,SH-00062,LG-000120,2026-06-14 23:19:00,-17.3
RD-0003149,SH-00062,LG-000120,2026-06-14 23:49:00,-18.1
RD-0003150,SH-00062,LG-000120,2026-06-15 00:19:00,-18.1
RD-0003151,SH-00062,LG-000120,2026-06-15 00:49:00,-19.7
RD-0003152,SH-00062,LG-000120,2026-06-15 01:19:00,-16.5
RD-0003153,SH-00062,LG-000120,2026-06-15 01:49:00,-18.2
RD-0003154,SH-00062,LG-000120,2026-06-15 02:19:00,-18.7
RD-0003155,SH-00062,LG-000120,2026-06-15 02:49:00,-19.2
RD-0003156,SH-00062,LG-000120,2026-06-15 03:19:00,-18.2
RD-0003157,SH-00062,LG-000120,2026-06-15 03:49:00,-17.0
RD-0003158,SH-00062,LG-000120,2026-06-15 04:19:00,-18.0
RD-0003159,SH-00062,LG-000120,2026-06-15 04:49:00,-17.2
RD-0003160,SH-00062,LG-000120,2026-06-15 05:19:00,-18.6
RD-0003161,SH-00062,LG-000120,2026-06-15 05:49:00,-17.3
RD-0003162,SH-00062,LG-000120,2026-06-15 06:19:00,-18.2
RD-0003163,SH-00062,LG-000120,2026-06-15 06:49:00,-18.9
RD-0003164,SH-00062,LG-000120,2026-06-15 07:19:00,-17.9
RD-0003165,SH-00062,LG-000120,2026-06-15 07:49:00,-18.0
RD-0003166,SH-00062,LG-000120,2026-06-15 08:19:00,-17.8
RD-0003167,SH-00062,LG-000120,2026-06-15 08:49:00,-19.2
RD-0003168,SH-00062,LG-000120,2026-06-15 09:19:00,-16.7
RD-0003169,SH-00062,LG-000120,2026-06-15 09:49:00,-18.8
RD-0003170,SH-00062,LG-000120,2026-06-15 10:19:00,-16.2
RD-0003171,SH-00062,LG-000120,2026-06-15 10:49:00,-17.8
RD-0003172,SH-00062,LG-000120,2026-06-15 11:19:00,-17.8
RD-0003173,SH-00062,LG-000120,2026-06-15 11:49:00,-17.0
RD-0003174,SH-00062,LG-000120,2026-06-15 12:19:00,-19.3
RD-0003175,SH-00062,LG-000120,2026-06-15 12:49:00,-17.8
RD-0003176,SH-00062,LG-000120,2026-06-15 13:19:00,-18.3
RD-0003177,SH-00063,LG-000121,2026-07-13 05:36:00,-17.4
RD-0003178,SH-00063,LG-000121,2026-07-13 06:06:00,-17.7
RD-0003179,SH-00063,LG-000121,2026-07-13 06:36:00,-15.7
RD-0003180,SH-00063,LG-000121,2026-07-13 07:06:00,-17.4
RD-0003181,SH-00063,LG-000121,2026-07-13 07:36:00,-18.1
RD-0003182,SH-00063,LG-000121,2026-07-13 08:06:00,-17.8
RD-0003183,SH-00063,LG-000121,2026-07-13 08:36:00,-18.8
RD-0003184,SH-00063,LG-000121,2026-07-13 09:06:00,-17.8
RD-0003185,SH-00063,LG-000121,2026-07-13 09:36:00,-18.1
RD-0003186,SH-00063,LG-000121,2026-07-13 10:06:00,-17.6
RD-0003187,SH-00063,LG-000122,2026-07-13 10:36:00,-16.7
RD-0003188,SH-00063,LG-000122,2026-07-13 11:06:00,-18.3
RD-0003189,SH-00063,LG-000122,2026-07-13 11:36:00,-17.9
RD-0003190,SH-00063,LG-000122,2026-07-13 12:06:00,-17.7
RD-0003191,SH-00063,LG-000122,2026-07-13 12:36:00,-17.5
RD-0003192,SH-00063,LG-000122,2026-07-13 13:06:00,-19.0
RD-0003193,SH-00063,LG-000122,2026-07-13 13:36:00,-18.6
RD-0003194,SH-00063,LG-000122,2026-07-13 14:06:00,-18.6
RD-0003195,SH-00063,LG-000122,2026-07-13 14:36:00,-999
RD-0003196,SH-00063,LG-000122,2026-07-13 15:06:00,-18.0
RD-0003197,SH-00064,LG-000123,2026-08-15 23:10:00,-12.1
RD-0003198,SH-00064,LG-000123,2026-08-15 23:40:00,-18.0
RD-0003199,SH-00064,LG-000123,2026-08-16 00:10:00,-16.9
RD-0003200,SH-00064,LG-000123,2026-08-16 00:40:00,-18.3
RD-0003201,SH-00064,LG-000123,2026-08-16 01:10:00,-17.7
RD-0003202,SH-00064,LG-000123,2026-08-16 01:40:00,-11.6
RD-0003203,SH-00064,LG-000123,2026-08-16 02:10:00,-17.7
RD-0003204,SH-00064,LG-000123,2026-08-16 02:40:00,-16.9
RD-0003205,SH-00064,LG-000123,2026-08-16 03:10:00,-17.3
RD-0003206,SH-00064,LG-000123,2026-08-16 03:40:00,-18.0
RD-0003207,SH-00064,LG-000123,2026-08-16 04:10:00,-10.1
RD-0003208,SH-00064,LG-000123,2026-08-16 04:40:00,-13.1
RD-0003209,SH-00064,LG-000123,2026-08-16 05:10:00,-17.0
RD-0003210,SH-00064,LG-000123,2026-08-16 05:40:00,-19.2
RD-0003211,SH-00064,LG-000123,2026-08-16 06:10:00,-19.2
RD-0003212,SH-00064,LG-000123,2026-08-16 06:40:00,-11.1
RD-0003213,SH-00064,LG-000123,2026-08-16 07:10:00,-18.7
RD-0003214,SH-00064,LG-000123,2026-08-16 07:40:00,-17.7
RD-0003215,SH-00064,LG-000123,2026-08-16 08:10:00,-19.0
RD-0003216,SH-00064,LG-000123,2026-08-16 08:40:00,-12.5
RD-0003217,SH-00064,LG-000123,2026-08-16 09:10:00,-11.8
RD-0003218,SH-00064,LG-000123,2026-08-16 09:40:00,-11.3
RD-0003219,SH-00064,LG-000123,2026-08-16 10:10:00,-18.4
RD-0003220,SH-00064,LG-000123,2026-08-16 10:40:00,-17.2
RD-0003221,SH-00064,LG-000123,2026-08-16 11:10:00,-17.0
RD-0003222,SH-00064,LG-000123,2026-08-16 11:40:00,-17.7
RD-0003223,SH-00064,LG-000123,2026-08-16 12:10:00,-18.9
RD-0003224,SH-00064,LG-000123,2026-08-16 12:40:00,-10.1
RD-0003225,SH-00064,LG-000123,2026-08-16 13:10:00,-14.3
RD-0003226,SH-00064,LG-000123,2026-08-16 13:40:00,-17.6
RD-0003227,SH-00064,LG-000123,2026-08-16 14:10:00,-18.7
RD-0003228,SH-00064,LG-000123,2026-08-16 14:40:00,-18.7
RD-0003229,SH-00064,LG-000123,2026-08-16 15:10:00,-9.8
RD-0003230,SH-00064,LG-000123,2026-08-16 15:40:00,-17.1
RD-0003231,SH-00064,LG-000123,2026-08-16 16:10:00,-19.5
RD-0003232,SH-00064,LG-000123,2026-08-16 16:40:00,-17.5
RD-0003233,SH-00064,LG-000123,2026-08-16 17:10:00,-18.5
RD-0003234,SH-00064,LG-000123,2026-08-16 17:40:00,-13.4
RD-0003235,SH-00064,LG-000123,2026-08-16 18:10:00,-17.3
RD-0003236,SH-00064,LG-000123,2026-08-16 18:40:00,-18.5
RD-0003237,SH-00065,LG-000124,2026-07-22 14:30:00,5.3
RD-0003238,SH-00065,LG-000124,2026-07-22 15:00:00,4.2
RD-0003239,SH-00065,LG-000124,2026-07-22 15:30:00,3.9
RD-0003240,SH-00065,LG-000124,2026-07-22 16:00:00,4.4
RD-0003241,SH-00065,LG-000124,2026-07-22 16:30:00,4.1
RD-0003242,SH-00065,LG-000124,2026-07-22 17:00:00,3.9
RD-0003243,SH-00065,LG-000124,2026-07-22 17:30:00,3.4
RD-0003244,SH-00065,LG-000124,2026-07-22 18:00:00,4.9
RD-0003245,SH-00065,LG-000124,2026-07-22 18:30:00,3.0
RD-0003246,SH-00065,LG-000124,2026-07-22 19:00:00,5.0
RD-0003247,SH-00065,LG-000124,2026-07-22 19:30:00,4.1
RD-0003248,SH-00065,LG-000124,2026-07-22 20:00:00,4.2
RD-0003249,SH-00065,LG-000124,2026-07-22 20:30:00,4.0
RD-0003250,SH-00065,LG-000124,2026-07-22 21:00:00,3.8
RD-0003251,SH-00065,LG-000124,2026-07-22 21:30:00,3.3
RD-0003252,SH-00065,LG-000124,2026-07-22 22:00:00,4.4
RD-0003253,SH-00065,LG-000124,2026-07-22 22:30:00,3.7
RD-0003254,SH-00065,LG-000124,2026-07-22 23:00:00,2.8
RD-0003255,SH-00065,LG-000124,2026-07-22 23:30:00,4.2
RD-0003256,SH-00065,LG-000124,2026-07-23 00:00:00,3.9
RD-0003257,SH-00065,LG-000124,2026-07-23 00:30:00,4.5
RD-0003258,SH-00065,LG-000124,2026-07-23 01:00:00,4.2
RD-0003259,SH-00065,LG-000125,2026-07-23 01:30:00,5.1
RD-0003260,SH-00065,LG-000125,2026-07-23 02:00:00,5.1
RD-0003261,SH-00065,LG-000125,2026-07-23 02:30:00,4.3
RD-0003262,SH-00065,LG-000125,2026-07-23 03:00:00,5.5
RD-0003263,SH-00065,LG-000125,2026-07-23 03:30:00,4.2
RD-0003264,SH-00065,LG-000125,2026-07-23 04:00:00,4.2
RD-0003265,SH-00065,LG-000125,2026-07-23 04:30:00,3.9
RD-0003266,SH-00065,LG-000125,2026-07-23 05:00:00,4.2
RD-0003267,SH-00065,LG-000125,2026-07-23 05:30:00,5.1
RD-0003268,SH-00065,LG-000125,2026-07-23 06:00:00,4.0
RD-0003269,SH-00065,LG-000125,2026-07-23 06:30:00,4.0
RD-0003270,SH-00065,LG-000125,2026-07-23 07:00:00,3.8
RD-0003271,SH-00065,LG-000125,2026-07-23 07:30:00,3.4
RD-0003272,SH-00065,LG-000125,2026-07-23 08:00:00,3.7
RD-0003273,SH-00065,LG-000125,2026-07-23 08:30:00,4.3
RD-0003274,SH-00065,LG-000125,2026-07-23 09:00:00,4.3
RD-0003275,SH-00065,LG-000125,2026-07-23 09:30:00,6.1
RD-0003276,SH-00065,LG-000125,2026-07-23 10:00:00,4.3
RD-0003277,SH-00065,LG-000125,2026-07-23 10:30:00,3.4
RD-0003278,SH-00065,LG-000125,2026-07-23 11:00:00,4.4
RD-0003279,SH-00065,LG-000125,2026-07-23 11:30:00,3.1
RD-0003280,SH-00065,LG-000125,2026-07-23 12:00:00,3.6
RD-0003281,SH-00065,LG-000126,2026-07-23 12:30:00,3.5
RD-0003282,SH-00065,LG-000126,2026-07-23 13:00:00,3.9
RD-0003283,SH-00065,LG-000126,2026-07-23 13:30:00,3.7
RD-0003284,SH-00065,LG-000126,2026-07-23 14:00:00,3.8
RD-0003285,SH-00065,LG-000126,2026-07-23 14:30:00,3.6
RD-0003286,SH-00065,LG-000126,2026-07-23 15:00:00,4.2
RD-0003287,SH-00065,LG-000126,2026-07-23 15:30:00,3.6
RD-0003288,SH-00065,LG-000126,2026-07-23 16:00:00,4.5
RD-0003289,SH-00065,LG-000126,2026-07-23 16:30:00,2.7
RD-0003290,SH-00065,LG-000126,2026-07-23 17:00:00,3.8
RD-0003291,SH-00065,LG-000126,2026-07-23 17:30:00,4.3
RD-0003292,SH-00065,LG-000126,2026-07-23 18:00:00,4.9
RD-0003293,SH-00065,LG-000126,2026-07-23 18:30:00,3.9
RD-0003294,SH-00065,LG-000126,2026-07-23 19:00:00,4.8
RD-0003295,SH-00065,LG-000126,2026-07-23 19:30:00,3.6
RD-0003296,SH-00065,LG-000126,2026-07-23 20:00:00,4.3
RD-0003297,SH-00065,LG-000126,2026-07-23 20:30:00,5.1
RD-0003298,SH-00065,LG-000126,2026-07-23 21:00:00,4.2
RD-0003299,SH-00065,LG-000126,2026-07-23 21:30:00,4.6
RD-0003300,SH-00065,LG-000126,2026-07-23 22:00:00,4.4
RD-0003301,SH-00065,LG-000126,2026-07-23 22:30:00,5.1
RD-0003302,SH-00065,LG-000126,2026-07-23 23:00:00,3.1
RD-0003303,SH-00066,LG-000127,2026-06-06 06:37:00,-18.3
RD-0003304,SH-00066,LG-000127,2026-06-06 07:07:00,-18.3
RD-0003305,SH-00066,LG-000127,2026-06-06 07:37:00,-17.9
RD-0003306,SH-00066,LG-000127,2026-06-06 08:07:00,-19.7
RD-0003307,SH-00066,LG-000127,2026-06-06 08:37:00,-18.3
RD-0003308,SH-00066,LG-000127,2026-06-06 09:07:00,-18.6
RD-0003309,SH-00066,LG-000127,2026-06-06 09:37:00,-17.2
RD-0003310,SH-00066,LG-000127,2026-06-06 10:07:00,-18.5
RD-0003311,SH-00066,LG-000127,2026-06-06 10:37:00,-18.1
RD-0003312,SH-00066,LG-000127,2026-06-06 11:07:00,-18.1
RD-0003313,SH-00066,LG-000127,2026-06-06 11:37:00,-16.9
RD-0003314,SH-00066,LG-000127,2026-06-06 12:07:00,-999
RD-0003315,SH-00066,LG-000127,2026-06-06 12:37:00,-18.7
RD-0003316,SH-00066,LG-000127,2026-06-06 13:07:00,-18.4
RD-0003317,SH-00066,LG-000127,2026-06-06 13:37:00,-18.2
RD-0003318,SH-00066,LG-000127,2026-06-06 14:07:00,-19.0
RD-0003319,SH-00066,LG-000127,2026-06-06 14:37:00,-19.0
RD-0003320,SH-00066,LG-000127,2026-06-06 15:07:00,-17.0
RD-0003321,SH-00066,LG-000128,2026-06-06 15:37:00,-18.0
RD-0003322,SH-00066,LG-000128,2026-06-06 16:07:00,-17.7
RD-0003323,SH-00066,LG-000128,2026-06-06 16:37:00,-17.9
RD-0003324,SH-00066,LG-000128,2026-06-06 17:07:00,-17.1
RD-0003325,SH-00066,LG-000128,2026-06-06 17:37:00,-18.1
RD-0003326,SH-00066,LG-000128,2026-06-06 18:07:00,-17.8
RD-0003327,SH-00066,LG-000128,2026-06-06 18:37:00,-19.5
RD-0003328,SH-00066,LG-000128,2026-06-06 19:07:00,-18.4
RD-0003329,SH-00066,LG-000128,2026-06-06 19:37:00,-16.8
RD-0003330,SH-00066,LG-000128,2026-06-06 20:07:00,-18.4
RD-0003331,SH-00066,LG-000128,2026-06-06 20:37:00,-18.3
RD-0003332,SH-00066,LG-000128,2026-06-06 21:07:00,-17.6
RD-0003333,SH-00066,LG-000128,2026-06-06 21:37:00,-18.3
RD-0003334,SH-00066,LG-000128,2026-06-06 22:07:00,-17.5
RD-0003335,SH-00066,LG-000128,2026-06-06 22:37:00,-18.2
RD-0003336,SH-00066,LG-000128,2026-06-06 23:07:00,-17.4
RD-0003337,SH-00066,LG-000128,2026-06-06 23:37:00,-17.4
RD-0003338,SH-00066,LG-000128,2026-06-07 00:07:00,-17.1
RD-0003339,SH-00067,LG-000129,2026-08-29 12:42:00,3.6
RD-0003340,SH-00067,LG-000129,2026-08-29 13:12:00,4.4
RD-0003341,SH-00067,LG-000129,2026-08-29 13:42:00,2.9
RD-0003342,SH-00067,LG-000129,2026-08-29 14:12:00,3.8
RD-0003343,SH-00067,LG-000129,2026-08-29 14:42:00,4.7
RD-0003344,SH-00067,LG-000129,2026-08-29 15:12:00,3.7
RD-0003345,SH-00067,LG-000129,2026-08-29 15:42:00,4.7
RD-0003346,SH-00067,LG-000129,2026-08-29 16:12:00,3.2
RD-0003347,SH-00067,LG-000129,2026-08-29 16:42:00,3.5
RD-0003348,SH-00067,LG-000129,2026-08-29 17:12:00,4.1
RD-0003349,SH-00067,LG-000129,2026-08-29 17:42:00,3.7
RD-0003350,SH-00067,LG-000129,2026-08-29 18:12:00,2.3
RD-0003351,SH-00067,LG-000130,2026-08-29 18:42:00,4.0
RD-0003352,SH-00067,LG-000130,2026-08-29 19:12:00,3.9
RD-0003353,SH-00067,LG-000130,2026-08-29 19:42:00,3.9
RD-0003354,SH-00067,LG-000130,2026-08-29 20:12:00,3.6
RD-0003355,SH-00067,LG-000130,2026-08-29 20:42:00,3.9
RD-0003356,SH-00067,LG-000130,2026-08-29 21:12:00,3.4
RD-0003357,SH-00067,LG-000130,2026-08-29 21:42:00,3.2
RD-0003358,SH-00067,LG-000130,2026-08-29 22:12:00,4.3
RD-0003359,SH-00067,LG-000130,2026-08-29 22:42:00,2.9
RD-0003360,SH-00067,LG-000130,2026-08-29 23:12:00,3.5
RD-0003361,SH-00067,LG-000130,2026-08-29 23:42:00,4.5
RD-0003362,SH-00067,LG-000130,2026-08-30 00:12:00,2.8
RD-0003363,SH-00068,LG-000131,2026-08-08 07:25:00,1.4
RD-0003364,SH-00068,LG-000131,2026-08-08 07:55:00,-1.9
RD-0003365,SH-00068,LG-000131,2026-08-08 08:25:00,-1.5
RD-0003366,SH-00068,LG-000131,2026-08-08 08:55:00,-0.2
RD-0003367,SH-00068,LG-000131,2026-08-08 09:25:00,-0.4
RD-0003368,SH-00068,LG-000131,2026-08-08 09:55:00,0.8
RD-0003369,SH-00068,LG-000131,2026-08-08 10:25:00,2.2
RD-0003370,SH-00068,LG-000131,2026-08-08 10:55:00,0.2
RD-0003371,SH-00068,LG-000131,2026-08-08 11:25:00,-0.4
RD-0003372,SH-00068,LG-000131,2026-08-08 11:55:00,-3.1
RD-0003373,SH-00068,LG-000131,2026-08-08 12:25:00,-2.9
RD-0003374,SH-00068,LG-000131,2026-08-08 12:55:00,1.8
RD-0003375,SH-00068,LG-000131,2026-08-08 13:25:00,0.4
RD-0003376,SH-00068,LG-000131,2026-08-08 13:55:00,1.2
RD-0003377,SH-00068,LG-000131,2026-08-08 14:25:00,0.0
RD-0003378,SH-00068,LG-000131,2026-08-08 14:55:00,0.4
RD-0003379,SH-00068,LG-000131,2026-08-08 15:25:00,-1.3
RD-0003380,SH-00068,LG-000131,2026-08-08 15:55:00,-0.8
RD-0003381,SH-00068,LG-000131,2026-08-08 16:25:00,-3.0
RD-0003382,SH-00068,LG-000131,2026-08-08 16:55:00,1.2
RD-0003383,SH-00068,LG-000131,2026-08-08 17:25:00,-0.8
RD-0003384,SH-00068,LG-000131,2026-08-08 17:55:00,-1.9
RD-0003385,SH-00068,LG-000131,2026-08-08 18:25:00,-0.6
RD-0003386,SH-00068,LG-000131,2026-08-08 18:55:00,1.4
RD-0003387,SH-00068,LG-000131,2026-08-08 19:25:00,1.4
RD-0003388,SH-00068,LG-000131,2026-08-08 19:55:00,1.0
RD-0003389,SH-00068,LG-000131,2026-08-08 20:25:00,-1.1
RD-0003390,SH-00068,LG-000131,2026-08-08 20:55:00,-0.4
RD-0003391,SH-00068,LG-000131,2026-08-08 21:25:00,-999
RD-0003392,SH-00068,LG-000131,2026-08-08 21:55:00,0.5
RD-0003393,SH-00068,LG-000132,2026-08-08 22:25:00,-18.7
RD-0003394,SH-00068,LG-000132,2026-08-08 22:55:00,-18.4
RD-0003395,SH-00068,LG-000132,2026-08-08 23:25:00,-18.2
RD-0003396,SH-00068,LG-000132,2026-08-08 23:55:00,-18.9
RD-0003397,SH-00068,LG-000132,2026-08-09 00:25:00,-17.5
RD-0003398,SH-00068,LG-000132,2026-08-09 00:55:00,-17.4
RD-0003399,SH-00068,LG-000132,2026-08-09 01:25:00,-18.0
RD-0003400,SH-00068,LG-000132,2026-08-09 01:55:00,-17.4
RD-0003401,SH-00068,LG-000132,2026-08-09 02:25:00,-18.0
RD-0003402,SH-00068,LG-000132,2026-08-09 02:55:00,-17.8
RD-0003403,SH-00068,LG-000132,2026-08-09 03:25:00,-18.5
RD-0003404,SH-00068,LG-000132,2026-08-09 03:55:00,-16.9
RD-0003405,SH-00068,LG-000132,2026-08-09 04:25:00,-19.2
RD-0003406,SH-00068,LG-000132,2026-08-09 04:55:00,-17.0
RD-0003407,SH-00068,LG-000132,2026-08-09 05:25:00,-17.4
RD-0003408,SH-00068,LG-000132,2026-08-09 05:55:00,-17.9
RD-0003409,SH-00068,LG-000132,2026-08-09 06:25:00,-17.2
RD-0003410,SH-00068,LG-000132,2026-08-09 06:55:00,-17.8
RD-0003411,SH-00068,LG-000132,2026-08-09 07:25:00,-18.1
RD-0003412,SH-00068,LG-000132,2026-08-09 07:55:00,-17.6
RD-0003413,SH-00068,LG-000132,2026-08-09 08:25:00,-17.3
RD-0003414,SH-00068,LG-000132,2026-08-09 08:55:00,-18.2
RD-0003415,SH-00068,LG-000132,2026-08-09 09:25:00,-18.0
RD-0003416,SH-00068,LG-000132,2026-08-09 09:55:00,-17.0
RD-0003417,SH-00068,LG-000132,2026-08-09 10:25:00,-18.9
RD-0003418,SH-00068,LG-000132,2026-08-09 10:55:00,-17.5
RD-0003419,SH-00068,LG-000132,2026-08-09 11:25:00,-18.8
RD-0003420,SH-00068,LG-000132,2026-08-09 11:55:00,-17.0
RD-0003421,SH-00068,LG-000132,2026-08-09 12:25:00,-17.1
RD-0003422,SH-00068,LG-000132,2026-08-09 12:55:00,-17.5
RD-0003423,SH-00069,LG-000133,2026-06-29 21:13:00,-17.9
RD-0003424,SH-00069,LG-000133,2026-06-29 21:43:00,-17.8
RD-0003425,SH-00069,LG-000133,2026-06-29 22:13:00,-18.6
RD-0003426,SH-00069,LG-000133,2026-06-29 22:43:00,-18.3
RD-0003427,SH-00069,LG-000133,2026-06-29 23:13:00,-18.7
RD-0003428,SH-00069,LG-000133,2026-06-29 23:43:00,-18.9
RD-0003429,SH-00069,LG-000133,2026-06-30 00:13:00,-17.2
RD-0003430,SH-00069,LG-000133,2026-06-30 00:43:00,-17.8
RD-0003431,SH-00069,LG-000133,2026-06-30 01:13:00,-17.1
RD-0003432,SH-00069,LG-000133,2026-06-30 01:43:00,-17.9
RD-0003433,SH-00069,LG-000133,2026-06-30 02:13:00,-18.4
RD-0003434,SH-00069,LG-000133,2026-06-30 02:43:00,-17.7
RD-0003435,SH-00069,LG-000133,2026-06-30 03:13:00,-17.4
RD-0003436,SH-00069,LG-000133,2026-06-30 03:43:00,-18.5
RD-0003437,SH-00069,LG-000133,2026-06-30 04:13:00,-18.1
RD-0003438,SH-00069,LG-000133,2026-06-30 04:43:00,-17.4
RD-0003439,SH-00069,LG-000133,2026-06-30 05:13:00,-17.9
RD-0003440,SH-00069,LG-000133,2026-06-30 05:43:00,-17.3
RD-0003441,SH-00069,LG-000133,2026-06-30 06:13:00,-17.5
RD-0003442,SH-00069,LG-000133,2026-06-30 06:43:00,-18.2
RD-0003443,SH-00069,LG-000133,2026-06-30 07:13:00,-18.3
RD-0003444,SH-00069,LG-000133,2026-06-30 07:43:00,-17.5
RD-0003445,SH-00069,LG-000133,2026-06-30 08:13:00,-18.2
RD-0003446,SH-00069,LG-000133,2026-06-30 08:43:00,-18.5
RD-0003447,SH-00069,LG-000133,2026-06-30 09:13:00,-17.4
RD-0003448,SH-00069,LG-000133,2026-06-30 09:43:00,-17.8
RD-0003449,SH-00069,LG-000133,2026-06-30 10:13:00,-18.0
RD-0003450,SH-00069,LG-000133,2026-06-30 10:43:00,-17.8
RD-0003451,SH-00069,LG-000133,2026-06-30 11:13:00,-17.7
RD-0003452,SH-00069,LG-000133,2026-06-30 11:43:00,-19.0
RD-0003453,SH-00069,LG-000133,2026-06-30 12:13:00,-17.2
RD-0003454,SH-00069,LG-000133,2026-06-30 12:43:00,-17.3
RD-0003455,SH-00069,LG-000133,2026-06-30 13:13:00,-18.6
RD-0003456,SH-00069,LG-000133,2026-06-30 13:43:00,-17.8
RD-0003457,SH-00069,LG-000133,2026-06-30 14:13:00,-17.9
RD-0003458,SH-00069,LG-000133,2026-06-30 14:43:00,-18.1
RD-0003459,SH-00069,LG-000133,2026-06-30 15:13:00,-17.4
RD-0003460,SH-00069,LG-000133,2026-06-30 15:43:00,-18.0
RD-0003461,SH-00069,LG-000133,2026-06-30 16:13:00,-18.3
RD-0003462,SH-00069,LG-000133,2026-06-30 16:43:00,-18.2
RD-0003463,SH-00069,LG-000133,2026-06-30 17:13:00,-18.3
RD-0003464,SH-00069,LG-000133,2026-06-30 17:43:00,-18.7
RD-0003465,SH-00069,LG-000133,2026-06-30 18:13:00,-17.3
RD-0003466,SH-00069,LG-000133,2026-06-30 18:43:00,-17.9
RD-0003467,SH-00069,LG-000133,2026-06-30 19:13:00,-16.1
RD-0003468,SH-00069,LG-000133,2026-06-30 19:43:00,-17.7
RD-0003469,SH-00069,LG-000133,2026-06-30 20:13:00,-18.2
RD-0003470,SH-00069,LG-000133,2026-06-30 20:43:00,-18.3
RD-0003471,SH-00069,LG-000133,2026-06-30 21:13:00,-18.3
RD-0003472,SH-00069,LG-000133,2026-06-30 21:43:00,-18.5
RD-0003473,SH-00069,LG-000133,2026-06-30 22:13:00,-18.4
RD-0003474,SH-00069,LG-000133,2026-06-30 22:43:00,-18.3
RD-0003475,SH-00069,LG-000133,2026-06-30 23:13:00,-17.5
RD-0003476,SH-00069,LG-000133,2026-06-30 23:43:00,-18.3
RD-0003477,SH-00069,LG-000133,2026-07-01 00:13:00,-18.7
RD-0003478,SH-00069,LG-000133,2026-07-01 00:43:00,-17.3
RD-0003479,SH-00069,LG-000133,2026-07-01 01:13:00,-18.2
RD-0003480,SH-00069,LG-000133,2026-07-01 01:43:00,-18.6
RD-0003481,SH-00069,LG-000133,2026-07-01 02:13:00,-18.5
RD-0003482,SH-00069,LG-000133,2026-07-01 02:43:00,-19.3
RD-0003483,SH-00070,LG-000134,2026-06-01 01:14:00,-18.0
RD-0003484,SH-00070,LG-000134,2026-06-01 01:44:00,-18.1
RD-0003485,SH-00070,LG-000134,2026-06-01 02:14:00,-19.3
RD-0003486,SH-00070,LG-000134,2026-06-01 02:44:00,-17.9
RD-0003487,SH-00070,LG-000134,2026-06-01 03:14:00,-16.8
RD-0003488,SH-00070,LG-000134,2026-06-01 03:44:00,-17.4
RD-0003489,SH-00070,LG-000134,2026-06-01 04:14:00,-17.8
RD-0003490,SH-00070,LG-000134,2026-06-01 04:44:00,-17.9
RD-0003491,SH-00070,LG-000134,2026-06-01 05:14:00,-18.0
RD-0003492,SH-00070,LG-000134,2026-06-01 05:44:00,-19.4
RD-0003493,SH-00070,LG-000134,2026-06-01 06:14:00,-17.9
RD-0003494,SH-00070,LG-000134,2026-06-01 06:44:00,-18.5
RD-0003495,SH-00070,LG-000134,2026-06-01 07:14:00,-18.1
RD-0003496,SH-00070,LG-000134,2026-06-01 07:44:00,-17.7
RD-0003497,SH-00070,LG-000134,2026-06-01 08:14:00,-17.4
RD-0003498,SH-00070,LG-000134,2026-06-01 08:44:00,-16.7
RD-0003499,SH-00070,LG-000134,2026-06-01 09:14:00,-18.5
RD-0003500,SH-00070,LG-000134,2026-06-01 09:44:00,-17.6
RD-0003501,SH-00070,LG-000134,2026-06-01 10:14:00,-17.8
RD-0003502,SH-00070,LG-000134,2026-06-01 10:44:00,-18.9
RD-0003503,SH-00070,LG-000135,2026-06-01 11:14:00,-17.4
RD-0003504,SH-00070,LG-000135,2026-06-01 11:44:00,-18.8
RD-0003505,SH-00070,LG-000135,2026-06-01 12:14:00,-17.5
RD-0003506,SH-00070,LG-000135,2026-06-01 12:44:00,-18.4
RD-0003507,SH-00070,LG-000135,2026-06-01 13:14:00,-18.5
RD-0003508,SH-00070,LG-000135,2026-06-01 13:44:00,-16.8
RD-0003509,SH-00070,LG-000135,2026-06-01 14:14:00,-18.7
RD-0003510,SH-00070,LG-000135,2026-06-01 14:44:00,-17.3
RD-0003511,SH-00070,LG-000135,2026-06-01 15:14:00,-17.4
RD-0003512,SH-00070,LG-000135,2026-06-01 15:44:00,-18.9
RD-0003513,SH-00070,LG-000135,2026-06-01 16:14:00,-19.6
RD-0003514,SH-00070,LG-000135,2026-06-01 16:44:00,-17.7
RD-0003515,SH-00070,LG-000135,2026-06-01 17:14:00,-18.6
RD-0003516,SH-00070,LG-000135,2026-06-01 17:44:00,-17.9
RD-0003517,SH-00070,LG-000135,2026-06-01 18:14:00,-17.5
RD-0003518,SH-00070,LG-000135,2026-06-01 18:44:00,-17.8
RD-0003519,SH-00070,LG-000135,2026-06-01 19:14:00,-16.5
RD-0003520,SH-00070,LG-000135,2026-06-01 19:44:00,-18.5
RD-0003521,SH-00070,LG-000135,2026-06-01 20:14:00,-17.9
RD-0003522,SH-00070,LG-000135,2026-06-01 20:44:00,-18.0
RD-0003523,SH-00071,LG-000136,2026-08-23 12:06:00,6.3
RD-0003524,SH-00071,LG-000136,2026-08-23 12:36:00,5.4
RD-0003525,SH-00071,LG-000136,2026-08-23 13:06:00,5.0
RD-0003526,SH-00071,LG-000136,2026-08-23 13:36:00,4.4
RD-0003527,SH-00071,LG-000136,2026-08-23 14:06:00,5.2
RD-0003528,SH-00071,LG-000136,2026-08-23 14:36:00,6.4
RD-0003529,SH-00071,LG-000136,2026-08-23 15:06:00,6.4
RD-0003530,SH-00071,LG-000136,2026-08-23 15:36:00,5.0
RD-0003531,SH-00071,LG-000136,2026-08-23 16:06:00,4.6
RD-0003532,SH-00071,LG-000136,2026-08-23 16:36:00,3.7
RD-0003533,SH-00071,LG-000136,2026-08-23 17:06:00,5.8
RD-0003534,SH-00071,LG-000136,2026-08-23 17:36:00,3.8
RD-0003535,SH-00071,LG-000136,2026-08-23 18:06:00,5.6
RD-0003536,SH-00071,LG-000136,2026-08-23 18:36:00,5.1
RD-0003537,SH-00071,LG-000137,2026-08-23 19:06:00,4.2
RD-0003538,SH-00071,LG-000137,2026-08-23 19:36:00,4.5
RD-0003539,SH-00071,LG-000137,2026-08-23 20:06:00,6.8
RD-0003540,SH-00071,LG-000137,2026-08-23 20:36:00,5.3
RD-0003541,SH-00071,LG-000137,2026-08-23 21:06:00,4.4
RD-0003542,SH-00071,LG-000137,2026-08-23 21:36:00,5.1
RD-0003543,SH-00071,LG-000137,2026-08-23 22:06:00,4.4
RD-0003544,SH-00071,LG-000137,2026-08-23 22:36:00,5.0
RD-0003545,SH-00071,LG-000137,2026-08-23 23:06:00,5.4
RD-0003546,SH-00071,LG-000137,2026-08-23 23:36:00,4.7
RD-0003547,SH-00071,LG-000137,2026-08-24 00:06:00,5.0
RD-0003548,SH-00071,LG-000137,2026-08-24 00:36:00,4.6
RD-0003549,SH-00071,LG-000137,2026-08-24 01:06:00,4.8
RD-0003550,SH-00071,LG-000137,2026-08-24 01:36:00,5.7
RD-0003551,SH-00072,LG-000138,2026-08-27 07:40:00,-0.7
RD-0003552,SH-00072,LG-000138,2026-08-27 08:10:00,-3.4
RD-0003553,SH-00072,LG-000138,2026-08-27 08:40:00,-1.8
RD-0003554,SH-00072,LG-000138,2026-08-27 09:10:00,-0.4
RD-0003555,SH-00072,LG-000138,2026-08-27 09:40:00,2.9
RD-0003556,SH-00072,LG-000138,2026-08-27 10:10:00,0.1
RD-0003557,SH-00072,LG-000138,2026-08-27 10:40:00,-1.3
RD-0003558,SH-00072,LG-000138,2026-08-27 11:10:00,0.3
RD-0003559,SH-00072,LG-000138,2026-08-27 11:40:00,-0.8
RD-0003560,SH-00072,LG-000138,2026-08-27 12:10:00,-0.7
RD-0003561,SH-00072,LG-000138,2026-08-27 12:40:00,-3.2
RD-0003562,SH-00072,LG-000138,2026-08-27 13:10:00,0.5
RD-0003563,SH-00072,LG-000138,2026-08-27 13:40:00,-1.0
RD-0003564,SH-00072,LG-000138,2026-08-27 14:10:00,1.7
RD-0003565,SH-00072,LG-000139,2026-08-27 14:40:00,-19.1
RD-0003566,SH-00072,LG-000139,2026-08-27 15:10:00,-19.2
RD-0003567,SH-00072,LG-000139,2026-08-27 15:40:00,-17.7
RD-0003568,SH-00072,LG-000139,2026-08-27 16:10:00,-18.7
RD-0003569,SH-00072,LG-000139,2026-08-27 16:40:00,-18.6
RD-0003570,SH-00072,LG-000139,2026-08-27 17:10:00,-18.2
RD-0003571,SH-00072,LG-000139,2026-08-27 17:40:00,-17.6
RD-0003572,SH-00072,LG-000139,2026-08-27 18:10:00,-17.7
RD-0003573,SH-00072,LG-000139,2026-08-27 18:40:00,-18.4
RD-0003574,SH-00072,LG-000139,2026-08-27 19:10:00,-17.6
RD-0003575,SH-00072,LG-000139,2026-08-27 19:40:00,-17.8
RD-0003576,SH-00072,LG-000139,2026-08-27 20:10:00,-18.6
RD-0003577,SH-00072,LG-000139,2026-08-27 20:40:00,-999
RD-0003578,SH-00072,LG-000139,2026-08-27 21:10:00,-16.5
RD-0003579,SH-00073,LG-000140,2026-07-03 06:42:00,-18.7
RD-0003580,SH-00073,LG-000140,2026-07-03 07:12:00,-18.6
RD-0003581,SH-00073,LG-000140,2026-07-03 07:42:00,-18.8
RD-0003582,SH-00073,LG-000140,2026-07-03 08:12:00,-18.4
RD-0003583,SH-00073,LG-000140,2026-07-03 08:42:00,-17.3
RD-0003584,SH-00073,LG-000140,2026-07-03 09:12:00,-19.0
RD-0003585,SH-00073,LG-000140,2026-07-03 09:42:00,-17.3
RD-0003586,SH-00073,LG-000140,2026-07-03 10:12:00,-19.0
RD-0003587,SH-00073,LG-000140,2026-07-03 10:42:00,-17.3
RD-0003588,SH-00073,LG-000140,2026-07-03 11:12:00,-16.9
RD-0003589,SH-00073,LG-000140,2026-07-03 11:42:00,-18.0
RD-0003590,SH-00073,LG-000140,2026-07-03 12:12:00,-17.3
RD-0003591,SH-00073,LG-000140,2026-07-03 12:42:00,-18.4
RD-0003592,SH-00073,LG-000140,2026-07-03 13:12:00,-18.6
RD-0003593,SH-00073,LG-000140,2026-07-03 13:42:00,-17.7
RD-0003594,SH-00073,LG-000140,2026-07-03 14:12:00,-18.6
RD-0003595,SH-00073,LG-000140,2026-07-03 14:42:00,-17.0
RD-0003596,SH-00073,LG-000140,2026-07-03 15:12:00,-18.8
RD-0003597,SH-00073,LG-000140,2026-07-03 15:42:00,-17.6
RD-0003598,SH-00073,LG-000140,2026-07-03 16:12:00,-17.5
RD-0003599,SH-00073,LG-000140,2026-07-03 16:42:00,-18.8
RD-0003600,SH-00073,LG-000140,2026-07-03 17:12:00,-17.7
RD-0003601,SH-00073,LG-000140,2026-07-03 17:42:00,-19.1
RD-0003602,SH-00073,LG-000140,2026-07-03 18:12:00,-17.3
RD-0003603,SH-00073,LG-000140,2026-07-03 18:42:00,-18.4
RD-0003604,SH-00073,LG-000140,2026-07-03 19:12:00,-17.5
RD-0003605,SH-00073,LG-000140,2026-07-03 19:42:00,-17.9
RD-0003606,SH-00073,LG-000140,2026-07-03 20:12:00,-17.9
RD-0003607,SH-00073,LG-000140,2026-07-03 20:42:00,-17.6
RD-0003608,SH-00073,LG-000140,2026-07-03 21:12:00,-18.5
RD-0003609,SH-00073,LG-000140,2026-07-03 21:42:00,-16.8
RD-0003610,SH-00073,LG-000140,2026-07-03 22:12:00,-17.1
RD-0003611,SH-00073,LG-000140,2026-07-03 22:42:00,-19.4
RD-0003612,SH-00073,LG-000140,2026-07-03 23:12:00,-18.5
RD-0003613,SH-00073,LG-000140,2026-07-03 23:42:00,-18.6
RD-0003614,SH-00073,LG-000140,2026-07-04 00:12:00,-18.0
RD-0003615,SH-00073,LG-000140,2026-07-04 00:42:00,-17.6
RD-0003616,SH-00073,LG-000140,2026-07-04 01:12:00,-18.8
RD-0003617,SH-00073,LG-000140,2026-07-04 01:42:00,-17.3
RD-0003618,SH-00073,LG-000140,2026-07-04 02:12:00,-18.4
RD-0003619,SH-00073,LG-000140,2026-07-04 02:42:00,-18.3
RD-0003620,SH-00073,LG-000140,2026-07-04 03:12:00,-17.4
RD-0003621,SH-00073,LG-000140,2026-07-04 03:42:00,-18.0
RD-0003622,SH-00073,LG-000140,2026-07-04 04:12:00,-16.8
RD-0003623,SH-00073,LG-000140,2026-07-04 04:42:00,-17.4
RD-0003624,SH-00073,LG-000140,2026-07-04 05:12:00,-999
RD-0003625,SH-00073,LG-000140,2026-07-04 05:42:00,-18.5
RD-0003626,SH-00073,LG-000140,2026-07-04 06:12:00,-17.2
RD-0003627,SH-00073,LG-000140,2026-07-04 06:42:00,-18.3
RD-0003628,SH-00073,LG-000140,2026-07-04 07:12:00,-19.2
RD-0003629,SH-00073,LG-000140,2026-07-04 07:42:00,-18.2
RD-0003630,SH-00073,LG-000140,2026-07-04 08:12:00,-17.1
RD-0003631,SH-00073,LG-000140,2026-07-04 08:42:00,-18.2
RD-0003632,SH-00073,LG-000140,2026-07-04 09:12:00,-18.7
RD-0003633,SH-00073,LG-000140,2026-07-04 09:42:00,-18.5
RD-0003634,SH-00073,LG-000140,2026-07-04 10:12:00,-17.7
RD-0003635,SH-00073,LG-000140,2026-07-04 10:42:00,-18.0
RD-0003636,SH-00073,LG-000140,2026-07-04 11:12:00,-18.0
RD-0003637,SH-00073,LG-000140,2026-07-04 11:42:00,-17.2
RD-0003638,SH-00073,LG-000140,2026-07-04 12:12:00,-19.2
RD-0003639,SH-00073,LG-000140,2026-07-04 12:42:00,-16.6
RD-0003640,SH-00073,LG-000140,2026-07-04 13:12:00,-17.0
RD-0003641,SH-00073,LG-000140,2026-07-04 13:42:00,-17.5
RD-0003642,SH-00073,LG-000140,2026-07-04 14:12:00,-18.4
RD-0003643,SH-00073,LG-000140,2026-07-04 14:42:00,-18.0
RD-0003644,SH-00073,LG-000140,2026-07-04 15:12:00,-18.2
RD-0003645,SH-00073,LG-000140,2026-07-04 15:42:00,-17.5
RD-0003646,SH-00073,LG-000140,2026-07-04 16:12:00,-18.6
RD-0003647,SH-00073,LG-000140,2026-07-04 16:42:00,-17.6
RD-0003648,SH-00073,LG-000140,2026-07-04 17:12:00,-18.5
RD-0003649,SH-00073,LG-000140,2026-07-04 17:42:00,-17.2
RD-0003650,SH-00073,LG-000140,2026-07-04 18:12:00,-18.7
RD-0003651,SH-00073,LG-000140,2026-07-04 18:42:00,-16.7
RD-0003652,SH-00073,LG-000140,2026-07-04 19:12:00,-16.9
RD-0003653,SH-00073,LG-000140,2026-07-04 19:42:00,-17.6
RD-0003654,SH-00073,LG-000140,2026-07-04 20:12:00,-19.2
RD-0003655,SH-00073,LG-000140,2026-07-04 20:42:00,-15.8
RD-0003656,SH-00073,LG-000140,2026-07-04 21:12:00,-18.6
RD-0003657,SH-00074,LG-000141,2026-06-22 04:48:00,4.4
RD-0003658,SH-00074,LG-000141,2026-06-22 05:18:00,3.5
RD-0003659,SH-00074,LG-000141,2026-06-22 05:48:00,4.7
RD-0003660,SH-00074,LG-000141,2026-06-22 06:18:00,4.2
RD-0003661,SH-00074,LG-000141,2026-06-22 06:48:00,5.7
RD-0003662,SH-00074,LG-000141,2026-06-22 07:18:00,5.3
RD-0003663,SH-00074,LG-000141,2026-06-22 07:48:00,4.8
RD-0003664,SH-00074,LG-000141,2026-06-22 08:18:00,7.5
RD-0003665,SH-00074,LG-000141,2026-06-22 08:48:00,4.5
RD-0003666,SH-00074,LG-000141,2026-06-22 09:18:00,5.3
RD-0003667,SH-00074,LG-000141,2026-06-22 09:48:00,2.5
RD-0003668,SH-00074,LG-000141,2026-06-22 10:18:00,4.8
RD-0003669,SH-00074,LG-000141,2026-06-22 10:48:00,4.6
RD-0003670,SH-00074,LG-000141,2026-06-22 11:18:00,4.3
RD-0003671,SH-00074,LG-000141,2026-06-22 11:48:00,5.0
RD-0003672,SH-00074,LG-000141,2026-06-22 12:18:00,5.1
RD-0003673,SH-00074,LG-000141,2026-06-22 12:48:00,3.9
RD-0003674,SH-00074,LG-000141,2026-06-22 13:18:00,3.8
RD-0003675,SH-00074,LG-000141,2026-06-22 13:48:00,6.0
RD-0003676,SH-00074,LG-000141,2026-06-22 14:18:00,6.2
RD-0003677,SH-00074,LG-000141,2026-06-22 14:48:00,5.2
RD-0003678,SH-00074,LG-000141,2026-06-22 15:18:00,4.7
RD-0003679,SH-00074,LG-000142,2026-06-22 15:48:00,6.2
RD-0003680,SH-00074,LG-000142,2026-06-22 16:18:00,4.6
RD-0003681,SH-00074,LG-000142,2026-06-22 16:48:00,4.6
RD-0003682,SH-00074,LG-000142,2026-06-22 17:18:00,5.2
RD-0003683,SH-00074,LG-000142,2026-06-22 17:48:00,5.4
RD-0003684,SH-00074,LG-000142,2026-06-22 18:18:00,4.8
RD-0003685,SH-00074,LG-000142,2026-06-22 18:48:00,5.4
RD-0003686,SH-00074,LG-000142,2026-06-22 19:18:00,5.5
RD-0003687,SH-00074,LG-000142,2026-06-22 19:48:00,5.2
RD-0003688,SH-00074,LG-000142,2026-06-22 20:18:00,-999
RD-0003689,SH-00074,LG-000142,2026-06-22 20:48:00,4.8
RD-0003690,SH-00074,LG-000142,2026-06-22 21:18:00,5.1
RD-0003691,SH-00074,LG-000142,2026-06-22 21:48:00,5.8
RD-0003692,SH-00074,LG-000142,2026-06-22 22:18:00,4.7
RD-0003693,SH-00074,LG-000142,2026-06-22 22:48:00,3.7
RD-0003694,SH-00074,LG-000142,2026-06-22 23:18:00,4.2
RD-0003695,SH-00074,LG-000142,2026-06-22 23:48:00,4.3
RD-0003696,SH-00074,LG-000142,2026-06-23 00:18:00,5.8
RD-0003697,SH-00074,LG-000142,2026-06-23 00:48:00,6.4
RD-0003698,SH-00074,LG-000142,2026-06-23 01:18:00,5.1
RD-0003699,SH-00074,LG-000142,2026-06-23 01:48:00,4.1
RD-0003700,SH-00074,LG-000142,2026-06-23 02:18:00,3.8
RD-0003701,SH-00075,LG-000143,2026-07-17 07:07:00,5.0
RD-0003702,SH-00075,LG-000143,2026-07-17 07:37:00,4.2
RD-0003703,SH-00075,LG-000143,2026-07-17 08:07:00,4.2
RD-0003704,SH-00075,LG-000143,2026-07-17 08:37:00,3.4
RD-0003705,SH-00075,LG-000143,2026-07-17 09:07:00,6.2
RD-0003706,SH-00075,LG-000143,2026-07-17 09:37:00,4.3
RD-0003707,SH-00075,LG-000143,2026-07-17 10:07:00,4.4
RD-0003708,SH-00075,LG-000143,2026-07-17 10:37:00,3.3
RD-0003709,SH-00075,LG-000144,2026-07-17 11:07:00,4.2
RD-0003710,SH-00075,LG-000144,2026-07-17 11:37:00,3.1
RD-0003711,SH-00075,LG-000144,2026-07-17 12:07:00,3.4
RD-0003712,SH-00075,LG-000144,2026-07-17 12:37:00,4.2
RD-0003713,SH-00075,LG-000144,2026-07-17 13:07:00,3.9
RD-0003714,SH-00075,LG-000144,2026-07-17 13:37:00,5.3
RD-0003715,SH-00075,LG-000144,2026-07-17 14:07:00,4.9
RD-0003716,SH-00075,LG-000144,2026-07-17 14:37:00,4.7
RD-0003717,SH-00075,LG-000145,2026-07-17 15:07:00,3.8
RD-0003718,SH-00075,LG-000145,2026-07-17 15:37:00,3.8
RD-0003719,SH-00075,LG-000145,2026-07-17 16:07:00,5.2
RD-0003720,SH-00075,LG-000145,2026-07-17 16:37:00,3.9
RD-0003721,SH-00075,LG-000145,2026-07-17 17:07:00,2.5
RD-0003722,SH-00075,LG-000145,2026-07-17 17:37:00,5.4
RD-0003723,SH-00075,LG-000145,2026-07-17 18:07:00,4.9
RD-0003724,SH-00075,LG-000145,2026-07-17 18:37:00,4.3
RD-0003725,SH-00076,LG-000146,2026-08-25 21:56:00,5.2
RD-0003726,SH-00076,LG-000146,2026-08-25 22:26:00,4.2
RD-0003727,SH-00076,LG-000146,2026-08-25 22:56:00,-999
RD-0003728,SH-00076,LG-000146,2026-08-25 23:26:00,5.4
RD-0003729,SH-00076,LG-000146,2026-08-25 23:56:00,4.3
RD-0003730,SH-00076,LG-000146,2026-08-26 00:26:00,3.4
RD-0003731,SH-00076,LG-000146,2026-08-26 00:56:00,4.8
RD-0003732,SH-00076,LG-000146,2026-08-26 01:26:00,4.2
RD-0003733,SH-00076,LG-000147,2026-08-26 01:56:00,3.0
RD-0003734,SH-00076,LG-000147,2026-08-26 02:26:00,3.2
RD-0003735,SH-00076,LG-000147,2026-08-26 02:56:00,2.3
RD-0003736,SH-00076,LG-000147,2026-08-26 03:26:00,5.4
RD-0003737,SH-00076,LG-000147,2026-08-26 03:56:00,5.5
RD-0003738,SH-00076,LG-000147,2026-08-26 04:26:00,4.1
RD-0003739,SH-00076,LG-000147,2026-08-26 04:56:00,4.4
RD-0003740,SH-00076,LG-000147,2026-08-26 05:26:00,3.5
RD-0003741,SH-00077,LG-000148,2026-07-15 18:19:00,3.7
RD-0003742,SH-00077,LG-000148,2026-07-15 18:49:00,3.4
RD-0003743,SH-00077,LG-000148,2026-07-15 19:19:00,4.2
RD-0003744,SH-00077,LG-000148,2026-07-15 19:49:00,4.4
RD-0003745,SH-00077,LG-000148,2026-07-15 20:19:00,4.3
RD-0003746,SH-00077,LG-000148,2026-07-15 20:49:00,3.8
RD-0003747,SH-00077,LG-000148,2026-07-15 21:19:00,4.6
RD-0003748,SH-00077,LG-000148,2026-07-15 21:49:00,4.1
RD-0003749,SH-00077,LG-000148,2026-07-15 22:19:00,3.9
RD-0003750,SH-00077,LG-000148,2026-07-15 22:49:00,4.7
RD-0003751,SH-00077,LG-000148,2026-07-15 23:19:00,5.1
RD-0003752,SH-00077,LG-000148,2026-07-15 23:49:00,3.5
RD-0003753,SH-00077,LG-000148,2026-07-16 00:19:00,5.3
RD-0003754,SH-00077,LG-000148,2026-07-16 00:49:00,3.0
RD-0003755,SH-00077,LG-000148,2026-07-16 01:19:00,3.8
RD-0003756,SH-00077,LG-000148,2026-07-16 01:49:00,4.5
RD-0003757,SH-00077,LG-000148,2026-07-16 02:19:00,3.7
RD-0003758,SH-00077,LG-000148,2026-07-16 02:49:00,4.3
RD-0003759,SH-00077,LG-000148,2026-07-16 03:19:00,3.4
RD-0003760,SH-00077,LG-000148,2026-07-16 03:49:00,2.9
RD-0003761,SH-00077,LG-000148,2026-07-16 04:19:00,4.2
RD-0003762,SH-00077,LG-000148,2026-07-16 04:49:00,3.8
RD-0003763,SH-00077,LG-000148,2026-07-16 05:19:00,4.3
RD-0003764,SH-00077,LG-000148,2026-07-16 05:49:00,4.0
RD-0003765,SH-00077,LG-000148,2026-07-16 06:19:00,5.4
RD-0003766,SH-00077,LG-000148,2026-07-16 06:49:00,4.0
RD-0003767,SH-00077,LG-000148,2026-07-16 07:19:00,4.5
RD-0003768,SH-00077,LG-000148,2026-07-16 07:49:00,3.7
RD-0003769,SH-00077,LG-000148,2026-07-16 08:19:00,3.5
RD-0003770,SH-00077,LG-000148,2026-07-16 08:49:00,5.4
RD-0003771,SH-00077,LG-000148,2026-07-16 09:19:00,4.4
RD-0003772,SH-00077,LG-000148,2026-07-16 09:49:00,4.9
RD-0003773,SH-00077,LG-000148,2026-07-16 10:19:00,-999
RD-0003774,SH-00077,LG-000148,2026-07-16 10:49:00,4.9
RD-0003775,SH-00077,LG-000148,2026-07-16 11:19:00,5.3
RD-0003776,SH-00077,LG-000148,2026-07-16 11:49:00,4.0
RD-0003777,SH-00077,LG-000148,2026-07-16 12:19:00,3.6
RD-0003778,SH-00077,LG-000148,2026-07-16 12:49:00,3.4
RD-0003779,SH-00077,LG-000148,2026-07-16 13:19:00,3.7
RD-0003780,SH-00077,LG-000148,2026-07-16 13:49:00,3.0
RD-0003781,SH-00077,LG-000148,2026-07-16 14:19:00,3.1
RD-0003782,SH-00077,LG-000148,2026-07-16 14:49:00,4.3
RD-0003783,SH-00077,LG-000148,2026-07-16 15:19:00,-999
RD-0003784,SH-00077,LG-000148,2026-07-16 15:49:00,4.6
RD-0003785,SH-00077,LG-000148,2026-07-16 16:19:00,4.8
RD-0003786,SH-00077,LG-000148,2026-07-16 16:49:00,4.4
RD-0003787,SH-00077,LG-000148,2026-07-16 17:19:00,3.7
RD-0003788,SH-00077,LG-000148,2026-07-16 17:49:00,4.1
RD-0003789,SH-00077,LG-000148,2026-07-16 18:19:00,4.4
RD-0003790,SH-00077,LG-000148,2026-07-16 18:49:00,4.7
RD-0003791,SH-00077,LG-000148,2026-07-16 19:19:00,3.3
RD-0003792,SH-00077,LG-000148,2026-07-16 19:49:00,5.3
RD-0003793,SH-00077,LG-000148,2026-07-16 20:19:00,3.8
RD-0003794,SH-00077,LG-000148,2026-07-16 20:49:00,2.2
RD-0003795,SH-00078,LG-000149,2026-08-02 22:50:00,3.0
RD-0003796,SH-00078,LG-000149,2026-08-02 23:20:00,5.2
RD-0003797,SH-00078,LG-000149,2026-08-02 23:50:00,4.3
RD-0003798,SH-00078,LG-000149,2026-08-03 00:20:00,5.8
RD-0003799,SH-00078,LG-000149,2026-08-03 00:50:00,3.5
RD-0003800,SH-00078,LG-000149,2026-08-03 01:20:00,3.4
RD-0003801,SH-00078,LG-000149,2026-08-03 01:50:00,3.5
RD-0003802,SH-00078,LG-000149,2026-08-03 02:20:00,4.8
RD-0003803,SH-00078,LG-000149,2026-08-03 02:50:00,4.3
RD-0003804,SH-00078,LG-000149,2026-08-03 03:20:00,2.7
RD-0003805,SH-00078,LG-000149,2026-08-03 03:50:00,3.3
RD-0003806,SH-00078,LG-000149,2026-08-03 04:20:00,4.5
RD-0003807,SH-00078,LG-000149,2026-08-03 04:50:00,2.7
RD-0003808,SH-00078,LG-000149,2026-08-03 05:20:00,2.9
RD-0003809,SH-00078,LG-000149,2026-08-03 05:50:00,4.3
RD-0003810,SH-00078,LG-000149,2026-08-03 06:20:00,3.9
RD-0003811,SH-00078,LG-000149,2026-08-03 06:50:00,4.3
RD-0003812,SH-00078,LG-000149,2026-08-03 07:20:00,5.7
RD-0003813,SH-00078,LG-000149,2026-08-03 07:50:00,3.4
RD-0003814,SH-00078,LG-000149,2026-08-03 08:20:00,5.9
RD-0003815,SH-00078,LG-000150,2026-08-03 08:50:00,39.9
RD-0003816,SH-00078,LG-000150,2026-08-03 09:20:00,38.0
RD-0003817,SH-00078,LG-000150,2026-08-03 09:50:00,41.7
RD-0003818,SH-00078,LG-000150,2026-08-03 10:20:00,40.3
RD-0003819,SH-00078,LG-000150,2026-08-03 10:50:00,38.8
RD-0003820,SH-00078,LG-000150,2026-08-03 11:20:00,39.6
RD-0003821,SH-00078,LG-000150,2026-08-03 11:50:00,-999
RD-0003822,SH-00078,LG-000150,2026-08-03 12:20:00,40.9
RD-0003823,SH-00078,LG-000150,2026-08-03 12:50:00,38.8
RD-0003824,SH-00078,LG-000150,2026-08-03 13:20:00,38.1
RD-0003825,SH-00078,LG-000150,2026-08-03 13:50:00,40.5
RD-0003826,SH-00078,LG-000150,2026-08-03 14:20:00,39.2
RD-0003827,SH-00078,LG-000150,2026-08-03 14:50:00,42.7
RD-0003828,SH-00078,LG-000150,2026-08-03 15:20:00,41.9
RD-0003829,SH-00078,LG-000150,2026-08-03 15:50:00,39.7
RD-0003830,SH-00078,LG-000150,2026-08-03 16:20:00,39.4
RD-0003831,SH-00078,LG-000150,2026-08-03 16:50:00,39.2
RD-0003832,SH-00078,LG-000150,2026-08-03 17:20:00,41.2
RD-0003833,SH-00078,LG-000150,2026-08-03 17:50:00,38.6
RD-0003834,SH-00078,LG-000150,2026-08-03 18:20:00,40.1
RD-0003835,SH-00078,LG-000151,2026-08-03 18:50:00,4.5
RD-0003836,SH-00078,LG-000151,2026-08-03 19:20:00,4.3
RD-0003837,SH-00078,LG-000151,2026-08-03 19:50:00,4.9
RD-0003838,SH-00078,LG-000151,2026-08-03 20:20:00,4.6
RD-0003839,SH-00078,LG-000151,2026-08-03 20:50:00,3.7
RD-0003840,SH-00078,LG-000151,2026-08-03 21:20:00,3.3
RD-0003841,SH-00078,LG-000151,2026-08-03 21:50:00,2.9
RD-0003842,SH-00078,LG-000151,2026-08-03 22:20:00,5.1
RD-0003843,SH-00078,LG-000151,2026-08-03 22:50:00,4.0
RD-0003844,SH-00078,LG-000151,2026-08-03 23:20:00,3.8
RD-0003845,SH-00078,LG-000151,2026-08-03 23:50:00,3.9
RD-0003846,SH-00078,LG-000151,2026-08-04 00:20:00,3.3
RD-0003847,SH-00078,LG-000151,2026-08-04 00:50:00,4.0
RD-0003848,SH-00078,LG-000151,2026-08-04 01:20:00,2.3
RD-0003849,SH-00078,LG-000151,2026-08-04 01:50:00,2.9
RD-0003850,SH-00078,LG-000151,2026-08-04 02:20:00,4.6
RD-0003851,SH-00078,LG-000151,2026-08-04 02:50:00,5.8
RD-0003852,SH-00078,LG-000151,2026-08-04 03:20:00,5.7
RD-0003853,SH-00078,LG-000151,2026-08-04 03:50:00,4.6
RD-0003854,SH-00078,LG-000151,2026-08-04 04:20:00,4.6
RD-0003855,SH-00079,LG-000152,2026-06-17 00:35:00,-19.3
RD-0003856,SH-00079,LG-000152,2026-06-17 01:05:00,-19.0
RD-0003857,SH-00079,LG-000152,2026-06-17 01:35:00,-18.5
RD-0003858,SH-00079,LG-000152,2026-06-17 02:05:00,-12.2
RD-0003859,SH-00079,LG-000152,2026-06-17 02:35:00,-18.6
RD-0003860,SH-00079,LG-000152,2026-06-17 03:05:00,-17.9
RD-0003861,SH-00079,LG-000152,2026-06-17 03:35:00,-10.7
RD-0003862,SH-00079,LG-000152,2026-06-17 04:05:00,-11.5
RD-0003863,SH-00079,LG-000152,2026-06-17 04:35:00,-17.9
RD-0003864,SH-00079,LG-000152,2026-06-17 05:05:00,-18.5
RD-0003865,SH-00079,LG-000152,2026-06-17 05:35:00,-18.8
RD-0003866,SH-00079,LG-000152,2026-06-17 06:05:00,-17.9
RD-0003867,SH-00079,LG-000152,2026-06-17 06:35:00,-17.6
RD-0003868,SH-00079,LG-000152,2026-06-17 07:05:00,-17.4
RD-0003869,SH-00079,LG-000152,2026-06-17 07:35:00,-20.5
RD-0003870,SH-00079,LG-000152,2026-06-17 08:05:00,-18.0
RD-0003871,SH-00079,LG-000152,2026-06-17 08:35:00,-13.3
RD-0003872,SH-00079,LG-000152,2026-06-17 09:05:00,-18.4
RD-0003873,SH-00079,LG-000152,2026-06-17 09:35:00,-17.5
RD-0003874,SH-00079,LG-000152,2026-06-17 10:05:00,-17.3
RD-0003875,SH-00079,LG-000152,2026-06-17 10:35:00,-12.8
RD-0003876,SH-00079,LG-000152,2026-06-17 11:05:00,-17.5
RD-0003877,SH-00079,LG-000152,2026-06-17 11:35:00,-16.6
RD-0003878,SH-00079,LG-000152,2026-06-17 12:05:00,-19.1
RD-0003879,SH-00079,LG-000152,2026-06-17 12:35:00,-17.2
RD-0003880,SH-00079,LG-000152,2026-06-17 13:05:00,-9.5
RD-0003881,SH-00079,LG-000152,2026-06-17 13:35:00,-16.8
RD-0003882,SH-00079,LG-000152,2026-06-17 14:05:00,-16.6
RD-0003883,SH-00079,LG-000152,2026-06-17 14:35:00,-17.7
RD-0003884,SH-00079,LG-000152,2026-06-17 15:05:00,-17.3
RD-0003885,SH-00079,LG-000152,2026-06-17 15:35:00,-14.1
RD-0003886,SH-00079,LG-000152,2026-06-17 16:05:00,-16.8
RD-0003887,SH-00079,LG-000152,2026-06-17 16:35:00,-17.0
RD-0003888,SH-00079,LG-000152,2026-06-17 17:05:00,-17.3
RD-0003889,SH-00079,LG-000152,2026-06-17 17:35:00,-18.8
RD-0003890,SH-00079,LG-000152,2026-06-17 18:05:00,-17.4
RD-0003891,SH-00079,LG-000152,2026-06-17 18:35:00,-17.5
RD-0003892,SH-00079,LG-000152,2026-06-17 19:05:00,-18.1
RD-0003893,SH-00079,LG-000152,2026-06-17 19:35:00,-19.4
RD-0003894,SH-00079,LG-000152,2026-06-17 20:05:00,-18.4
RD-0003895,SH-00079,LG-000152,2026-06-17 20:35:00,-17.7
RD-0003896,SH-00079,LG-000152,2026-06-17 21:05:00,-13.4
RD-0003897,SH-00080,LG-000153,2026-07-24 11:10:00,-17.9
RD-0003898,SH-00080,LG-000153,2026-07-24 11:40:00,-18.2
RD-0003899,SH-00080,LG-000153,2026-07-24 12:10:00,-18.1
RD-0003900,SH-00080,LG-000153,2026-07-24 12:40:00,-18.9
RD-0003901,SH-00080,LG-000153,2026-07-24 13:10:00,-17.3
RD-0003902,SH-00080,LG-000153,2026-07-24 13:40:00,-18.3
RD-0003903,SH-00080,LG-000153,2026-07-24 14:10:00,-19.3
RD-0003904,SH-00080,LG-000153,2026-07-24 14:40:00,-17.4
RD-0003905,SH-00080,LG-000153,2026-07-24 15:10:00,-17.7
RD-0003906,SH-00080,LG-000153,2026-07-24 15:40:00,-17.9
RD-0003907,SH-00080,LG-000153,2026-07-24 16:10:00,-17.7
RD-0003908,SH-00080,LG-000153,2026-07-24 16:40:00,-19.9
RD-0003909,SH-00080,LG-000153,2026-07-24 17:10:00,-18.0
RD-0003910,SH-00080,LG-000153,2026-07-24 17:40:00,-18.8
RD-0003911,SH-00080,LG-000153,2026-07-24 18:10:00,-17.1
RD-0003912,SH-00080,LG-000153,2026-07-24 18:40:00,-18.7
RD-0003913,SH-00080,LG-000153,2026-07-24 19:10:00,-18.9
RD-0003914,SH-00080,LG-000153,2026-07-24 19:40:00,-17.5
RD-0003915,SH-00080,LG-000153,2026-07-24 20:10:00,-17.3
RD-0003916,SH-00080,LG-000153,2026-07-24 20:40:00,-18.1
RD-0003917,SH-00080,LG-000153,2026-07-24 21:10:00,-18.5
RD-0003918,SH-00080,LG-000153,2026-07-24 21:40:00,-18.4
RD-0003919,SH-00080,LG-000153,2026-07-24 22:10:00,-18.5
RD-0003920,SH-00080,LG-000153,2026-07-24 22:40:00,-17.7
RD-0003921,SH-00080,LG-000153,2026-07-24 23:10:00,-18.3
RD-0003922,SH-00080,LG-000153,2026-07-24 23:40:00,-20.1
RD-0003923,SH-00080,LG-000153,2026-07-25 00:10:00,-17.8
RD-0003924,SH-00080,LG-000153,2026-07-25 00:40:00,-18.2
RD-0003925,SH-00080,LG-000153,2026-07-25 01:10:00,-18.1
RD-0003926,SH-00080,LG-000153,2026-07-25 01:40:00,-17.7
RD-0003927,SH-00080,LG-000153,2026-07-25 02:10:00,-19.2
RD-0003928,SH-00080,LG-000153,2026-07-25 02:40:00,-17.8
RD-0003929,SH-00080,LG-000153,2026-07-25 03:10:00,-16.9
RD-0003930,SH-00080,LG-000153,2026-07-25 03:40:00,-16.9
RD-0003931,SH-00080,LG-000154,2026-07-25 04:10:00,-17.1
RD-0003932,SH-00080,LG-000154,2026-07-25 04:40:00,-19.2
RD-0003933,SH-00080,LG-000154,2026-07-25 05:10:00,-18.2
RD-0003934,SH-00080,LG-000154,2026-07-25 05:40:00,-15.8
RD-0003935,SH-00080,LG-000154,2026-07-25 06:10:00,-18.5
RD-0003936,SH-00080,LG-000154,2026-07-25 06:40:00,-17.9
RD-0003937,SH-00080,LG-000154,2026-07-25 07:10:00,-999
RD-0003938,SH-00080,LG-000154,2026-07-25 07:40:00,-19.1
RD-0003939,SH-00080,LG-000154,2026-07-25 08:10:00,-17.6
RD-0003940,SH-00080,LG-000154,2026-07-25 08:40:00,-17.1
RD-0003941,SH-00080,LG-000154,2026-07-25 09:10:00,-17.6
RD-0003942,SH-00080,LG-000154,2026-07-25 09:40:00,-18.0
RD-0003943,SH-00080,LG-000154,2026-07-25 10:10:00,-18.4
RD-0003944,SH-00080,LG-000154,2026-07-25 10:40:00,-17.8
RD-0003945,SH-00080,LG-000154,2026-07-25 11:10:00,-18.0
RD-0003946,SH-00080,LG-000154,2026-07-25 11:40:00,-16.9
RD-0003947,SH-00080,LG-000154,2026-07-25 12:10:00,-18.5
RD-0003948,SH-00080,LG-000154,2026-07-25 12:40:00,-17.3
RD-0003949,SH-00080,LG-000154,2026-07-25 13:10:00,-17.6
RD-0003950,SH-00080,LG-000154,2026-07-25 13:40:00,-18.0
RD-0003951,SH-00080,LG-000154,2026-07-25 14:10:00,-19.4
RD-0003952,SH-00080,LG-000154,2026-07-25 14:40:00,-17.7
RD-0003953,SH-00080,LG-000154,2026-07-25 15:10:00,-18.8
RD-0003954,SH-00080,LG-000154,2026-07-25 15:40:00,-18.0
RD-0003955,SH-00080,LG-000154,2026-07-25 16:10:00,-17.9
RD-0003956,SH-00080,LG-000154,2026-07-25 16:40:00,-18.9
RD-0003957,SH-00080,LG-000154,2026-07-25 17:10:00,-17.9
RD-0003958,SH-00080,LG-000154,2026-07-25 17:40:00,-17.4
RD-0003959,SH-00080,LG-000154,2026-07-25 18:10:00,-18.4
RD-0003960,SH-00080,LG-000154,2026-07-25 18:40:00,-19.0
RD-0003961,SH-00080,LG-000154,2026-07-25 19:10:00,-18.0
RD-0003962,SH-00080,LG-000154,2026-07-25 19:40:00,-17.5
RD-0003963,SH-00080,LG-000154,2026-07-25 20:10:00,-18.1
RD-0003964,SH-00080,LG-000154,2026-07-25 20:40:00,-18.6
RD-0003965,SH-00081,LG-000155,2026-07-27 10:36:00,4.7
RD-0003966,SH-00081,LG-000155,2026-07-27 11:06:00,6.5
RD-0003967,SH-00081,LG-000155,2026-07-27 11:36:00,5.0
RD-0003968,SH-00081,LG-000155,2026-07-27 12:06:00,5.3
RD-0003969,SH-00081,LG-000155,2026-07-27 12:36:00,4.2
RD-0003970,SH-00081,LG-000155,2026-07-27 13:06:00,4.2
RD-0003971,SH-00081,LG-000155,2026-07-27 13:36:00,4.2
RD-0003972,SH-00081,LG-000155,2026-07-27 14:06:00,3.8
RD-0003973,SH-00081,LG-000155,2026-07-27 14:36:00,5.3
RD-0003974,SH-00081,LG-000155,2026-07-27 15:06:00,4.0
RD-0003975,SH-00081,LG-000155,2026-07-27 15:36:00,5.7
RD-0003976,SH-00081,LG-000155,2026-07-27 16:06:00,5.2
RD-0003977,SH-00081,LG-000155,2026-07-27 16:36:00,3.8
RD-0003978,SH-00081,LG-000155,2026-07-27 17:06:00,5.0
RD-0003979,SH-00081,LG-000156,2026-07-27 17:36:00,5.4
RD-0003980,SH-00081,LG-000156,2026-07-27 18:06:00,5.7
RD-0003981,SH-00081,LG-000156,2026-07-27 18:36:00,6.3
RD-0003982,SH-00081,LG-000156,2026-07-27 19:06:00,4.5
RD-0003983,SH-00081,LG-000156,2026-07-27 19:36:00,3.8
RD-0003984,SH-00081,LG-000156,2026-07-27 20:06:00,4.4
RD-0003985,SH-00081,LG-000156,2026-07-27 20:36:00,5.5
RD-0003986,SH-00081,LG-000156,2026-07-27 21:06:00,4.8
RD-0003987,SH-00081,LG-000156,2026-07-27 21:36:00,4.6
RD-0003988,SH-00081,LG-000156,2026-07-27 22:06:00,5.2
RD-0003989,SH-00081,LG-000156,2026-07-27 22:36:00,5.1
RD-0003990,SH-00081,LG-000156,2026-07-27 23:06:00,5.1
RD-0003991,SH-00081,LG-000156,2026-07-27 23:36:00,5.9
RD-0003992,SH-00081,LG-000156,2026-07-28 00:06:00,5.7
RD-0003993,SH-00082,LG-000157,2026-07-31 02:34:00,6.1
RD-0003994,SH-00082,LG-000157,2026-07-31 03:04:00,5.0
RD-0003995,SH-00082,LG-000157,2026-07-31 03:34:00,4.1
RD-0003996,SH-00082,LG-000157,2026-07-31 04:04:00,4.4
RD-0003997,SH-00082,LG-000157,2026-07-31 04:34:00,4.5
RD-0003998,SH-00082,LG-000157,2026-07-31 05:04:00,5.9
RD-0003999,SH-00082,LG-000157,2026-07-31 05:34:00,7.1
RD-0004000,SH-00082,LG-000157,2026-07-31 06:04:00,5.3
RD-0004001,SH-00082,LG-000157,2026-07-31 06:34:00,3.4
RD-0004002,SH-00082,LG-000157,2026-07-31 07:04:00,3.6
RD-0004003,SH-00082,LG-000157,2026-07-31 07:34:00,5.1
RD-0004004,SH-00082,LG-000157,2026-07-31 08:04:00,5.5
RD-0004005,SH-00082,LG-000157,2026-07-31 08:34:00,5.3
RD-0004006,SH-00082,LG-000157,2026-07-31 09:04:00,6.4
RD-0004007,SH-00082,LG-000157,2026-07-31 09:34:00,3.0
RD-0004008,SH-00082,LG-000157,2026-07-31 10:04:00,4.5
RD-0004009,SH-00082,LG-000158,2026-07-31 10:34:00,5.5
RD-0004010,SH-00082,LG-000158,2026-07-31 11:04:00,5.2
RD-0004011,SH-00082,LG-000158,2026-07-31 11:34:00,5.4
RD-0004012,SH-00082,LG-000158,2026-07-31 12:04:00,4.2
RD-0004013,SH-00082,LG-000158,2026-07-31 12:34:00,5.3
RD-0004014,SH-00082,LG-000158,2026-07-31 13:04:00,6.7
RD-0004015,SH-00082,LG-000158,2026-07-31 13:34:00,-999
RD-0004016,SH-00082,LG-000158,2026-07-31 14:04:00,5.2
RD-0004017,SH-00082,LG-000158,2026-07-31 14:34:00,5.2
RD-0004018,SH-00082,LG-000158,2026-07-31 15:04:00,4.1
RD-0004019,SH-00082,LG-000158,2026-07-31 15:34:00,4.1
RD-0004020,SH-00082,LG-000158,2026-07-31 16:04:00,5.1
RD-0004021,SH-00082,LG-000158,2026-07-31 16:34:00,6.3
RD-0004022,SH-00082,LG-000158,2026-07-31 17:04:00,5.4
RD-0004023,SH-00082,LG-000158,2026-07-31 17:34:00,4.1
RD-0004024,SH-00082,LG-000158,2026-07-31 18:04:00,6.5
RD-0004025,SH-00082,LG-000159,2026-07-31 18:34:00,3.8
RD-0004026,SH-00082,LG-000159,2026-07-31 19:04:00,5.0
RD-0004027,SH-00082,LG-000159,2026-07-31 19:34:00,6.3
RD-0004028,SH-00082,LG-000159,2026-07-31 20:04:00,6.2
RD-0004029,SH-00082,LG-000159,2026-07-31 20:34:00,5.9
RD-0004030,SH-00082,LG-000159,2026-07-31 21:04:00,6.0
RD-0004031,SH-00082,LG-000159,2026-07-31 21:34:00,5.2
RD-0004032,SH-00082,LG-000159,2026-07-31 22:04:00,3.3
RD-0004033,SH-00082,LG-000159,2026-07-31 22:34:00,6.9
RD-0004034,SH-00082,LG-000159,2026-07-31 23:04:00,4.2
RD-0004035,SH-00082,LG-000159,2026-07-31 23:34:00,5.9
RD-0004036,SH-00082,LG-000159,2026-08-01 00:04:00,5.4
RD-0004037,SH-00082,LG-000159,2026-08-01 00:34:00,5.1
RD-0004038,SH-00082,LG-000159,2026-08-01 01:04:00,4.8
RD-0004039,SH-00082,LG-000159,2026-08-01 01:34:00,4.3
RD-0004040,SH-00082,LG-000159,2026-08-01 02:04:00,5.6
RD-0004041,SH-00083,LG-000160,2026-08-09 18:12:00,-17.5
RD-0004042,SH-00083,LG-000160,2026-08-09 18:42:00,-18.2
RD-0004043,SH-00083,LG-000160,2026-08-09 19:12:00,-18.3
RD-0004044,SH-00083,LG-000160,2026-08-09 19:42:00,-18.0
RD-0004045,SH-00083,LG-000160,2026-08-09 20:12:00,-17.4
RD-0004046,SH-00083,LG-000160,2026-08-09 20:42:00,-18.9
RD-0004047,SH-00083,LG-000160,2026-08-09 21:12:00,-19.0
RD-0004048,SH-00083,LG-000160,2026-08-09 21:42:00,-18.8
RD-0004049,SH-00083,LG-000160,2026-08-09 22:12:00,-18.7
RD-0004050,SH-00083,LG-000160,2026-08-09 22:42:00,-17.5
RD-0004051,SH-00083,LG-000160,2026-08-09 23:12:00,-17.7
RD-0004052,SH-00083,LG-000160,2026-08-09 23:42:00,-18.2
RD-0004053,SH-00083,LG-000160,2026-08-10 00:12:00,-18.6
RD-0004054,SH-00083,LG-000160,2026-08-10 00:42:00,-18.3
RD-0004055,SH-00083,LG-000160,2026-08-10 01:12:00,-17.2
RD-0004056,SH-00083,LG-000160,2026-08-10 01:42:00,-18.4
RD-0004057,SH-00083,LG-000160,2026-08-10 02:12:00,-17.3
RD-0004058,SH-00083,LG-000160,2026-08-10 02:42:00,-18.6
RD-0004059,SH-00083,LG-000160,2026-08-10 03:12:00,-16.9
RD-0004060,SH-00083,LG-000160,2026-08-10 03:42:00,-18.4
RD-0004061,SH-00083,LG-000160,2026-08-10 04:12:00,-17.7
RD-0004062,SH-00083,LG-000160,2026-08-10 04:42:00,-18.3
RD-0004063,SH-00083,LG-000160,2026-08-10 05:12:00,-17.9
RD-0004064,SH-00083,LG-000160,2026-08-10 05:42:00,-18.6
RD-0004065,SH-00083,LG-000160,2026-08-10 06:12:00,-18.2
RD-0004066,SH-00083,LG-000160,2026-08-10 06:42:00,-16.3
RD-0004067,SH-00083,LG-000160,2026-08-10 07:12:00,-18.3
RD-0004068,SH-00083,LG-000160,2026-08-10 07:42:00,-18.3
RD-0004069,SH-00083,LG-000160,2026-08-10 08:12:00,-17.9
RD-0004070,SH-00083,LG-000160,2026-08-10 08:42:00,-18.7
RD-0004071,SH-00083,LG-000160,2026-08-10 09:12:00,-18.1
RD-0004072,SH-00083,LG-000160,2026-08-10 09:42:00,-17.5
RD-0004073,SH-00083,LG-000160,2026-08-10 10:12:00,-999
RD-0004074,SH-00083,LG-000160,2026-08-10 10:42:00,-16.8
RD-0004075,SH-00083,LG-000160,2026-08-10 11:12:00,-18.8
RD-0004076,SH-00083,LG-000160,2026-08-10 11:42:00,-17.9
RD-0004077,SH-00083,LG-000160,2026-08-10 12:12:00,-17.3
RD-0004078,SH-00083,LG-000160,2026-08-10 12:42:00,-18.4
RD-0004079,SH-00083,LG-000160,2026-08-10 13:12:00,-18.2
RD-0004080,SH-00083,LG-000160,2026-08-10 13:42:00,-17.1
RD-0004081,SH-00083,LG-000160,2026-08-10 14:12:00,-18.6
RD-0004082,SH-00083,LG-000160,2026-08-10 14:42:00,-18.5
RD-0004083,SH-00083,LG-000160,2026-08-10 15:12:00,-16.7
RD-0004084,SH-00083,LG-000160,2026-08-10 15:42:00,-18.7
RD-0004085,SH-00083,LG-000160,2026-08-10 16:12:00,-19.2
RD-0004086,SH-00083,LG-000160,2026-08-10 16:42:00,-19.6
RD-0004087,SH-00083,LG-000160,2026-08-10 17:12:00,-18.2
RD-0004088,SH-00083,LG-000160,2026-08-10 17:42:00,-18.2
RD-0004089,SH-00083,LG-000160,2026-08-10 18:12:00,-17.6
RD-0004090,SH-00083,LG-000160,2026-08-10 18:42:00,-17.3
RD-0004091,SH-00083,LG-000160,2026-08-10 19:12:00,-16.8
RD-0004092,SH-00083,LG-000160,2026-08-10 19:42:00,-17.6
RD-0004093,SH-00083,LG-000160,2026-08-10 20:12:00,-17.1
RD-0004094,SH-00083,LG-000160,2026-08-10 20:42:00,-17.9
RD-0004095,SH-00083,LG-000160,2026-08-10 21:12:00,-18.6
RD-0004096,SH-00083,LG-000160,2026-08-10 21:42:00,-18.2
RD-0004097,SH-00084,LG-000161,2026-06-29 18:33:00,3.6
RD-0004098,SH-00084,LG-000161,2026-06-29 19:03:00,3.6
RD-0004099,SH-00084,LG-000161,2026-06-29 19:33:00,5.0
RD-0004100,SH-00084,LG-000161,2026-06-29 20:03:00,2.5
RD-0004101,SH-00084,LG-000161,2026-06-29 20:33:00,4.1
RD-0004102,SH-00084,LG-000161,2026-06-29 21:03:00,3.2
RD-0004103,SH-00084,LG-000161,2026-06-29 21:33:00,3.7
RD-0004104,SH-00084,LG-000161,2026-06-29 22:03:00,3.1
RD-0004105,SH-00084,LG-000161,2026-06-29 22:33:00,5.5
RD-0004106,SH-00084,LG-000161,2026-06-29 23:03:00,3.8
RD-0004107,SH-00084,LG-000161,2026-06-29 23:33:00,3.5
RD-0004108,SH-00084,LG-000161,2026-06-30 00:03:00,4.8
RD-0004109,SH-00084,LG-000161,2026-06-30 00:33:00,3.3
RD-0004110,SH-00084,LG-000161,2026-06-30 01:03:00,2.5
RD-0004111,SH-00084,LG-000161,2026-06-30 01:33:00,5.2
RD-0004112,SH-00084,LG-000161,2026-06-30 02:03:00,3.2
RD-0004113,SH-00084,LG-000161,2026-06-30 02:33:00,3.9
RD-0004114,SH-00084,LG-000161,2026-06-30 03:03:00,3.7
RD-0004115,SH-00084,LG-000161,2026-06-30 03:33:00,4.1
RD-0004116,SH-00084,LG-000161,2026-06-30 04:03:00,4.6
RD-0004117,SH-00084,LG-000161,2026-06-30 04:33:00,3.9
RD-0004118,SH-00084,LG-000161,2026-06-30 05:03:00,3.2
RD-0004119,SH-00084,LG-000161,2026-06-30 05:33:00,3.4
RD-0004120,SH-00084,LG-000161,2026-06-30 06:03:00,4.1
RD-0004121,SH-00084,LG-000161,2026-06-30 06:33:00,4.7
RD-0004122,SH-00084,LG-000161,2026-06-30 07:03:00,3.9
RD-0004123,SH-00084,LG-000161,2026-06-30 07:33:00,4.7
RD-0004124,SH-00084,LG-000161,2026-06-30 08:03:00,3.2
RD-0004125,SH-00084,LG-000161,2026-06-30 08:33:00,5.6
RD-0004126,SH-00084,LG-000161,2026-06-30 09:03:00,4.8
RD-0004127,SH-00085,LG-000162,2026-08-23 08:17:00,4.9
RD-0004128,SH-00085,LG-000162,2026-08-23 08:47:00,5.8
RD-0004129,SH-00085,LG-000162,2026-08-23 09:17:00,4.6
RD-0004130,SH-00085,LG-000162,2026-08-23 09:47:00,4.1
RD-0004131,SH-00085,LG-000162,2026-08-23 10:17:00,5.7
RD-0004132,SH-00085,LG-000162,2026-08-23 10:47:00,4.6
RD-0004133,SH-00085,LG-000162,2026-08-23 11:17:00,1.7
RD-0004134,SH-00085,LG-000162,2026-08-23 11:47:00,3.3
RD-0004135,SH-00085,LG-000162,2026-08-23 12:17:00,3.2
RD-0004136,SH-00085,LG-000162,2026-08-23 12:47:00,3.9
RD-0004137,SH-00085,LG-000162,2026-08-23 13:17:00,4.1
RD-0004138,SH-00085,LG-000162,2026-08-23 13:47:00,4.5
RD-0004139,SH-00085,LG-000162,2026-08-23 14:17:00,3.8
RD-0004140,SH-00085,LG-000162,2026-08-23 14:47:00,3.2
RD-0004141,SH-00085,LG-000162,2026-08-23 15:17:00,3.4
RD-0004142,SH-00085,LG-000162,2026-08-23 15:47:00,-999
RD-0004143,SH-00085,LG-000162,2026-08-23 16:17:00,3.1
RD-0004144,SH-00085,LG-000162,2026-08-23 16:47:00,3.4
RD-0004145,SH-00085,LG-000162,2026-08-23 17:17:00,3.8
RD-0004146,SH-00085,LG-000162,2026-08-23 17:47:00,4.6
RD-0004147,SH-00085,LG-000162,2026-08-23 18:17:00,3.8
RD-0004148,SH-00085,LG-000162,2026-08-23 18:47:00,3.1
RD-0004149,SH-00085,LG-000163,2026-08-23 19:17:00,3.9
RD-0004150,SH-00085,LG-000163,2026-08-23 19:47:00,3.9
RD-0004151,SH-00085,LG-000163,2026-08-23 20:17:00,3.6
RD-0004152,SH-00085,LG-000163,2026-08-23 20:47:00,4.9
RD-0004153,SH-00085,LG-000163,2026-08-23 21:17:00,3.9
RD-0004154,SH-00085,LG-000163,2026-08-23 21:47:00,4.4
RD-0004155,SH-00085,LG-000163,2026-08-23 22:17:00,4.7
RD-0004156,SH-00085,LG-000163,2026-08-23 22:47:00,4.6
RD-0004157,SH-00085,LG-000163,2026-08-23 23:17:00,5.0
RD-0004158,SH-00085,LG-000163,2026-08-23 23:47:00,3.1
RD-0004159,SH-00085,LG-000163,2026-08-24 00:17:00,3.9
RD-0004160,SH-00085,LG-000163,2026-08-24 00:47:00,5.1
RD-0004161,SH-00085,LG-000163,2026-08-24 01:17:00,4.8
RD-0004162,SH-00085,LG-000163,2026-08-24 01:47:00,6.0
RD-0004163,SH-00085,LG-000163,2026-08-24 02:17:00,4.1
RD-0004164,SH-00085,LG-000163,2026-08-24 02:47:00,3.8
RD-0004165,SH-00085,LG-000163,2026-08-24 03:17:00,4.0
RD-0004166,SH-00085,LG-000163,2026-08-24 03:47:00,4.6
RD-0004167,SH-00085,LG-000163,2026-08-24 04:17:00,4.0
RD-0004168,SH-00085,LG-000163,2026-08-24 04:47:00,2.6
RD-0004169,SH-00085,LG-000163,2026-08-24 05:17:00,5.1
RD-0004170,SH-00085,LG-000163,2026-08-24 05:47:00,3.9
RD-0004171,SH-00086,LG-000164,2026-08-20 02:26:00,-9.1
RD-0004172,SH-00086,LG-000164,2026-08-20 02:56:00,-999
RD-0004173,SH-00086,LG-000164,2026-08-20 03:26:00,-17.4
RD-0004174,SH-00086,LG-000164,2026-08-20 03:56:00,-18.0
RD-0004175,SH-00086,LG-000164,2026-08-20 04:26:00,-10.0
RD-0004176,SH-00086,LG-000164,2026-08-20 04:56:00,-999
RD-0004177,SH-00086,LG-000164,2026-08-20 05:26:00,-18.2
RD-0004178,SH-00086,LG-000164,2026-08-20 05:56:00,-14.5
RD-0004179,SH-00086,LG-000164,2026-08-20 06:26:00,-17.5
RD-0004180,SH-00086,LG-000164,2026-08-20 06:56:00,-16.3
RD-0004181,SH-00086,LG-000164,2026-08-20 07:26:00,-17.5
RD-0004182,SH-00086,LG-000164,2026-08-20 07:56:00,-19.3
RD-0004183,SH-00086,LG-000164,2026-08-20 08:26:00,-19.5
RD-0004184,SH-00086,LG-000164,2026-08-20 08:56:00,-17.3
RD-0004185,SH-00086,LG-000164,2026-08-20 09:26:00,-19.4
RD-0004186,SH-00086,LG-000164,2026-08-20 09:56:00,-17.5
RD-0004187,SH-00086,LG-000164,2026-08-20 10:26:00,-18.1
RD-0004188,SH-00086,LG-000164,2026-08-20 10:56:00,-18.3
RD-0004189,SH-00086,LG-000164,2026-08-20 11:26:00,-8.7
RD-0004190,SH-00086,LG-000164,2026-08-20 11:56:00,-17.1
RD-0004191,SH-00086,LG-000164,2026-08-20 12:26:00,-17.3
RD-0004192,SH-00086,LG-000164,2026-08-20 12:56:00,-17.4
RD-0004193,SH-00086,LG-000164,2026-08-20 13:26:00,-11.9
RD-0004194,SH-00086,LG-000164,2026-08-20 13:56:00,-19.0
RD-0004195,SH-00086,LG-000164,2026-08-20 14:26:00,-17.7
RD-0004196,SH-00086,LG-000164,2026-08-20 14:56:00,-13.9
RD-0004197,SH-00086,LG-000164,2026-08-20 15:26:00,-17.5
RD-0004198,SH-00086,LG-000164,2026-08-20 15:56:00,-18.4
RD-0004199,SH-00086,LG-000164,2026-08-20 16:26:00,-999
RD-0004200,SH-00086,LG-000164,2026-08-20 16:56:00,-11.9
RD-0004201,SH-00086,LG-000164,2026-08-20 17:26:00,-17.6
RD-0004202,SH-00086,LG-000164,2026-08-20 17:56:00,-8.8
RD-0004203,SH-00086,LG-000165,2026-08-20 18:26:00,-18.4
RD-0004204,SH-00086,LG-000165,2026-08-20 18:56:00,-17.9
RD-0004205,SH-00086,LG-000165,2026-08-20 19:26:00,-17.8
RD-0004206,SH-00086,LG-000165,2026-08-20 19:56:00,-19.5
RD-0004207,SH-00086,LG-000165,2026-08-20 20:26:00,-17.0
RD-0004208,SH-00086,LG-000165,2026-08-20 20:56:00,-16.5
RD-0004209,SH-00086,LG-000165,2026-08-20 21:26:00,-17.0
RD-0004210,SH-00086,LG-000165,2026-08-20 21:56:00,-18.0
RD-0004211,SH-00086,LG-000165,2026-08-20 22:26:00,-18.9
RD-0004212,SH-00086,LG-000165,2026-08-20 22:56:00,-18.5
RD-0004213,SH-00086,LG-000165,2026-08-20 23:26:00,-17.6
RD-0004214,SH-00086,LG-000165,2026-08-20 23:56:00,-12.7
RD-0004215,SH-00086,LG-000165,2026-08-21 00:26:00,-11.0
RD-0004216,SH-00086,LG-000165,2026-08-21 00:56:00,-12.1
RD-0004217,SH-00086,LG-000165,2026-08-21 01:26:00,-16.8
RD-0004218,SH-00086,LG-000165,2026-08-21 01:56:00,-18.2
RD-0004219,SH-00086,LG-000165,2026-08-21 02:26:00,-16.7
RD-0004220,SH-00086,LG-000165,2026-08-21 02:56:00,-16.7
RD-0004221,SH-00086,LG-000165,2026-08-21 03:26:00,-17.8
RD-0004222,SH-00086,LG-000165,2026-08-21 03:56:00,-20.1
RD-0004223,SH-00086,LG-000165,2026-08-21 04:26:00,-13.6
RD-0004224,SH-00086,LG-000165,2026-08-21 04:56:00,-18.3
RD-0004225,SH-00086,LG-000165,2026-08-21 05:26:00,-18.2
RD-0004226,SH-00086,LG-000165,2026-08-21 05:56:00,-18.2
RD-0004227,SH-00086,LG-000165,2026-08-21 06:26:00,-18.2
RD-0004228,SH-00086,LG-000165,2026-08-21 06:56:00,-18.8
RD-0004229,SH-00086,LG-000165,2026-08-21 07:26:00,-17.1
RD-0004230,SH-00086,LG-000165,2026-08-21 07:56:00,-17.9
RD-0004231,SH-00086,LG-000165,2026-08-21 08:26:00,-11.9
RD-0004232,SH-00086,LG-000165,2026-08-21 08:56:00,-18.2
RD-0004233,SH-00086,LG-000165,2026-08-21 09:26:00,-12.8
RD-0004234,SH-00086,LG-000165,2026-08-21 09:56:00,-17.5
RD-0004235,SH-00087,LG-000166,2026-08-17 14:20:00,8.2
RD-0004236,SH-00087,LG-000166,2026-08-17 14:50:00,3.8
RD-0004237,SH-00087,LG-000166,2026-08-17 15:20:00,3.9
RD-0004238,SH-00087,LG-000166,2026-08-17 15:50:00,3.6
RD-0004239,SH-00087,LG-000166,2026-08-17 16:20:00,3.6
RD-0004240,SH-00087,LG-000166,2026-08-17 16:50:00,4.3
RD-0004241,SH-00087,LG-000166,2026-08-17 17:20:00,4.7
RD-0004242,SH-00087,LG-000166,2026-08-17 17:50:00,3.9
RD-0004243,SH-00087,LG-000166,2026-08-17 18:20:00,3.8
RD-0004244,SH-00087,LG-000166,2026-08-17 18:50:00,11.9
RD-0004245,SH-00087,LG-000166,2026-08-17 19:20:00,3.4
RD-0004246,SH-00087,LG-000166,2026-08-17 19:50:00,3.8
RD-0004247,SH-00087,LG-000166,2026-08-17 20:20:00,8.6
RD-0004248,SH-00087,LG-000166,2026-08-17 20:50:00,3.7
RD-0004249,SH-00087,LG-000166,2026-08-17 21:20:00,4.2
RD-0004250,SH-00087,LG-000166,2026-08-17 21:50:00,12.6
RD-0004251,SH-00087,LG-000166,2026-08-17 22:20:00,4.1
RD-0004252,SH-00087,LG-000166,2026-08-17 22:50:00,2.9
RD-0004253,SH-00087,LG-000166,2026-08-17 23:20:00,12.8
RD-0004254,SH-00087,LG-000166,2026-08-17 23:50:00,5.9
RD-0004255,SH-00087,LG-000166,2026-08-18 00:20:00,5.0
RD-0004256,SH-00087,LG-000166,2026-08-18 00:50:00,4.6
RD-0004257,SH-00087,LG-000166,2026-08-18 01:20:00,3.5
RD-0004258,SH-00087,LG-000166,2026-08-18 01:50:00,12.9
RD-0004259,SH-00087,LG-000166,2026-08-18 02:20:00,5.5
RD-0004260,SH-00087,LG-000166,2026-08-18 02:50:00,12.5
RD-0004261,SH-00087,LG-000166,2026-08-18 03:20:00,5.9
RD-0004262,SH-00087,LG-000166,2026-08-18 03:50:00,3.3
RD-0004263,SH-00087,LG-000166,2026-08-18 04:20:00,2.6
RD-0004264,SH-00087,LG-000166,2026-08-18 04:50:00,5.1
RD-0004265,SH-00087,LG-000166,2026-08-18 05:20:00,13.0
RD-0004266,SH-00087,LG-000166,2026-08-18 05:50:00,4.5
RD-0004267,SH-00087,LG-000166,2026-08-18 06:20:00,5.7
RD-0004268,SH-00087,LG-000166,2026-08-18 06:50:00,3.8
RD-0004269,SH-00087,LG-000166,2026-08-18 07:20:00,3.5
RD-0004270,SH-00087,LG-000166,2026-08-18 07:50:00,8.4
RD-0004271,SH-00087,LG-000166,2026-08-18 08:20:00,2.9
RD-0004272,SH-00087,LG-000166,2026-08-18 08:50:00,3.4
RD-0004273,SH-00087,LG-000167,2026-08-18 09:20:00,4.4
RD-0004274,SH-00087,LG-000167,2026-08-18 09:50:00,3.8
RD-0004275,SH-00087,LG-000167,2026-08-18 10:20:00,8.8
RD-0004276,SH-00087,LG-000167,2026-08-18 10:50:00,3.9
RD-0004277,SH-00087,LG-000167,2026-08-18 11:20:00,3.2
RD-0004278,SH-00087,LG-000167,2026-08-18 11:50:00,3.7
RD-0004279,SH-00087,LG-000167,2026-08-18 12:20:00,9.1
RD-0004280,SH-00087,LG-000167,2026-08-18 12:50:00,2.3
RD-0004281,SH-00087,LG-000167,2026-08-18 13:20:00,3.2
RD-0004282,SH-00087,LG-000167,2026-08-18 13:50:00,3.9
RD-0004283,SH-00087,LG-000167,2026-08-18 14:20:00,3.8
RD-0004284,SH-00087,LG-000167,2026-08-18 14:50:00,3.7
RD-0004285,SH-00087,LG-000167,2026-08-18 15:20:00,4.4
RD-0004286,SH-00087,LG-000167,2026-08-18 15:50:00,4.3
RD-0004287,SH-00087,LG-000167,2026-08-18 16:20:00,5.7
RD-0004288,SH-00087,LG-000167,2026-08-18 16:50:00,3.1
RD-0004289,SH-00087,LG-000167,2026-08-18 17:20:00,6.3
RD-0004290,SH-00087,LG-000167,2026-08-18 17:50:00,3.1
RD-0004291,SH-00087,LG-000167,2026-08-18 18:20:00,3.0
RD-0004292,SH-00087,LG-000167,2026-08-18 18:50:00,3.1
RD-0004293,SH-00087,LG-000167,2026-08-18 19:20:00,4.5
RD-0004294,SH-00087,LG-000167,2026-08-18 19:50:00,4.0
RD-0004295,SH-00087,LG-000167,2026-08-18 20:20:00,10.1
RD-0004296,SH-00087,LG-000167,2026-08-18 20:50:00,4.9
RD-0004297,SH-00087,LG-000167,2026-08-18 21:20:00,4.4
RD-0004298,SH-00087,LG-000167,2026-08-18 21:50:00,4.1
RD-0004299,SH-00087,LG-000167,2026-08-18 22:20:00,8.1
RD-0004300,SH-00087,LG-000167,2026-08-18 22:50:00,4.6
RD-0004301,SH-00087,LG-000167,2026-08-18 23:20:00,4.7
RD-0004302,SH-00087,LG-000167,2026-08-18 23:50:00,4.1
RD-0004303,SH-00087,LG-000167,2026-08-19 00:20:00,3.3
RD-0004304,SH-00087,LG-000167,2026-08-19 00:50:00,6.8
RD-0004305,SH-00087,LG-000167,2026-08-19 01:20:00,11.1
RD-0004306,SH-00087,LG-000167,2026-08-19 01:50:00,9.4
RD-0004307,SH-00087,LG-000167,2026-08-19 02:20:00,5.6
RD-0004308,SH-00087,LG-000167,2026-08-19 02:50:00,4.2
RD-0004309,SH-00087,LG-000167,2026-08-19 03:20:00,3.9
RD-0004310,SH-00087,LG-000167,2026-08-19 03:50:00,2.9
RD-0004311,SH-00088,LG-000168,2026-08-18 16:52:00,-17.4
RD-0004312,SH-00088,LG-000168,2026-08-18 17:22:00,-18.9
RD-0004313,SH-00088,LG-000168,2026-08-18 17:52:00,-16.6
RD-0004314,SH-00088,LG-000168,2026-08-18 18:22:00,-18.8
RD-0004315,SH-00088,LG-000168,2026-08-18 18:52:00,-18.7
RD-0004316,SH-00088,LG-000168,2026-08-18 19:22:00,-17.8
RD-0004317,SH-00088,LG-000168,2026-08-18 19:52:00,-19.0
RD-0004318,SH-00088,LG-000168,2026-08-18 20:22:00,-19.0
RD-0004319,SH-00088,LG-000168,2026-08-18 20:52:00,-18.9
RD-0004320,SH-00088,LG-000168,2026-08-18 21:22:00,-18.1
RD-0004321,SH-00088,LG-000168,2026-08-18 21:52:00,-16.2
RD-0004322,SH-00088,LG-000168,2026-08-18 22:22:00,-17.7
RD-0004323,SH-00088,LG-000168,2026-08-18 22:52:00,-17.9
RD-0004324,SH-00088,LG-000168,2026-08-18 23:22:00,-19.1
RD-0004325,SH-00088,LG-000168,2026-08-18 23:52:00,-16.8
RD-0004326,SH-00088,LG-000168,2026-08-19 00:22:00,-18.4
RD-0004327,SH-00088,LG-000168,2026-08-19 00:52:00,-17.2
RD-0004328,SH-00088,LG-000168,2026-08-19 01:22:00,-18.4
RD-0004329,SH-00088,LG-000168,2026-08-19 01:52:00,-17.8
RD-0004330,SH-00088,LG-000168,2026-08-19 02:22:00,-18.7
RD-0004331,SH-00088,LG-000168,2026-08-19 02:52:00,-19.9
RD-0004332,SH-00088,LG-000168,2026-08-19 03:22:00,-18.0
RD-0004333,SH-00088,LG-000168,2026-08-19 03:52:00,-17.7
RD-0004334,SH-00088,LG-000168,2026-08-19 04:22:00,-18.8
RD-0004335,SH-00088,LG-000168,2026-08-19 04:52:00,-17.5
RD-0004336,SH-00088,LG-000168,2026-08-19 05:22:00,-18.3
RD-0004337,SH-00088,LG-000168,2026-08-19 05:52:00,-18.9
RD-0004338,SH-00088,LG-000168,2026-08-19 06:22:00,-18.8
RD-0004339,SH-00088,LG-000168,2026-08-19 06:52:00,-17.7
RD-0004340,SH-00088,LG-000168,2026-08-19 07:22:00,-18.1
RD-0004341,SH-00088,LG-000168,2026-08-19 07:52:00,-17.7
RD-0004342,SH-00088,LG-000168,2026-08-19 08:22:00,-18.0
RD-0004343,SH-00088,LG-000168,2026-08-19 08:52:00,-17.7
RD-0004344,SH-00088,LG-000168,2026-08-19 09:22:00,-16.0
RD-0004345,SH-00088,LG-000169,2026-08-19 09:52:00,-0.8
RD-0004346,SH-00088,LG-000169,2026-08-19 10:22:00,0.0
RD-0004347,SH-00088,LG-000169,2026-08-19 10:52:00,-0.0
RD-0004348,SH-00088,LG-000169,2026-08-19 11:22:00,1.2
RD-0004349,SH-00088,LG-000169,2026-08-19 11:52:00,-0.5
RD-0004350,SH-00088,LG-000169,2026-08-19 12:22:00,0.0
RD-0004351,SH-00088,LG-000169,2026-08-19 12:52:00,-1.0
RD-0004352,SH-00088,LG-000169,2026-08-19 13:22:00,-0.7
RD-0004353,SH-00088,LG-000169,2026-08-19 13:52:00,-999
RD-0004354,SH-00088,LG-000169,2026-08-19 14:22:00,-999
RD-0004355,SH-00088,LG-000169,2026-08-19 14:52:00,-2.7
RD-0004356,SH-00088,LG-000169,2026-08-19 15:22:00,-1.1
RD-0004357,SH-00088,LG-000169,2026-08-19 15:52:00,0.8
RD-0004358,SH-00088,LG-000169,2026-08-19 16:22:00,2.3
RD-0004359,SH-00088,LG-000169,2026-08-19 16:52:00,0.7
RD-0004360,SH-00088,LG-000169,2026-08-19 17:22:00,0.1
RD-0004361,SH-00088,LG-000169,2026-08-19 17:52:00,-1.4
RD-0004362,SH-00088,LG-000169,2026-08-19 18:22:00,-1.3
RD-0004363,SH-00088,LG-000169,2026-08-19 18:52:00,-0.8
RD-0004364,SH-00088,LG-000169,2026-08-19 19:22:00,0.1
RD-0004365,SH-00088,LG-000169,2026-08-19 19:52:00,-3.8
RD-0004366,SH-00088,LG-000169,2026-08-19 20:22:00,0.3
RD-0004367,SH-00088,LG-000169,2026-08-19 20:52:00,-2.2
RD-0004368,SH-00088,LG-000169,2026-08-19 21:22:00,-2.4
RD-0004369,SH-00088,LG-000169,2026-08-19 21:52:00,0.6
RD-0004370,SH-00088,LG-000169,2026-08-19 22:22:00,-0.5
RD-0004371,SH-00088,LG-000169,2026-08-19 22:52:00,-1.1
RD-0004372,SH-00088,LG-000169,2026-08-19 23:22:00,0.4
RD-0004373,SH-00088,LG-000169,2026-08-19 23:52:00,-3.0
RD-0004374,SH-00088,LG-000169,2026-08-20 00:22:00,-2.1
RD-0004375,SH-00088,LG-000169,2026-08-20 00:52:00,-2.2
RD-0004376,SH-00088,LG-000169,2026-08-20 01:22:00,-0.9
RD-0004377,SH-00088,LG-000169,2026-08-20 01:52:00,0.1
RD-0004378,SH-00088,LG-000169,2026-08-20 02:22:00,-1.6
RD-0004379,SH-00089,LG-000170,2026-08-15 10:32:00,5.7
RD-0004380,SH-00089,LG-000170,2026-08-15 11:02:00,5.2
RD-0004381,SH-00089,LG-000170,2026-08-15 11:32:00,5.5
RD-0004382,SH-00089,LG-000170,2026-08-15 12:02:00,5.4
RD-0004383,SH-00089,LG-000170,2026-08-15 12:32:00,5.1
RD-0004384,SH-00089,LG-000170,2026-08-15 13:02:00,5.9
RD-0004385,SH-00089,LG-000170,2026-08-15 13:32:00,4.7
RD-0004386,SH-00089,LG-000170,2026-08-15 14:02:00,5.1
RD-0004387,SH-00089,LG-000170,2026-08-15 14:32:00,5.1
RD-0004388,SH-00089,LG-000170,2026-08-15 15:02:00,5.1
RD-0004389,SH-00089,LG-000170,2026-08-15 15:32:00,4.5
RD-0004390,SH-00089,LG-000170,2026-08-15 16:02:00,5.4
RD-0004391,SH-00089,LG-000170,2026-08-15 16:32:00,4.7
RD-0004392,SH-00089,LG-000170,2026-08-15 17:02:00,5.5
RD-0004393,SH-00089,LG-000170,2026-08-15 17:32:00,4.9
RD-0004394,SH-00089,LG-000170,2026-08-15 18:02:00,5.4
RD-0004395,SH-00089,LG-000170,2026-08-15 18:32:00,4.9
RD-0004396,SH-00089,LG-000170,2026-08-15 19:02:00,5.1
RD-0004397,SH-00089,LG-000170,2026-08-15 19:32:00,4.2
RD-0004398,SH-00089,LG-000170,2026-08-15 20:02:00,3.8
RD-0004399,SH-00089,LG-000170,2026-08-15 20:32:00,4.9
RD-0004400,SH-00089,LG-000170,2026-08-15 21:02:00,5.7
RD-0004401,SH-00089,LG-000170,2026-08-15 21:32:00,5.3
RD-0004402,SH-00089,LG-000170,2026-08-15 22:02:00,4.9
RD-0004403,SH-00089,LG-000170,2026-08-15 22:32:00,4.7
RD-0004404,SH-00089,LG-000170,2026-08-15 23:02:00,5.1
RD-0004405,SH-00089,LG-000170,2026-08-15 23:32:00,5.0
RD-0004406,SH-00089,LG-000170,2026-08-16 00:02:00,4.7
RD-0004407,SH-00089,LG-000170,2026-08-16 00:32:00,4.7
RD-0004408,SH-00089,LG-000170,2026-08-16 01:02:00,6.0
RD-0004409,SH-00089,LG-000170,2026-08-16 01:32:00,6.3
RD-0004410,SH-00089,LG-000170,2026-08-16 02:02:00,3.3
RD-0004411,SH-00089,LG-000170,2026-08-16 02:32:00,5.2
RD-0004412,SH-00089,LG-000170,2026-08-16 03:02:00,4.4
RD-0004413,SH-00089,LG-000170,2026-08-16 03:32:00,5.2
RD-0004414,SH-00089,LG-000170,2026-08-16 04:02:00,4.7
RD-0004415,SH-00089,LG-000170,2026-08-16 04:32:00,6.4
RD-0004416,SH-00089,LG-000170,2026-08-16 05:02:00,6.4
RD-0004417,SH-00089,LG-000170,2026-08-16 05:32:00,3.6
RD-0004418,SH-00089,LG-000170,2026-08-16 06:02:00,4.5
RD-0004419,SH-00089,LG-000170,2026-08-16 06:32:00,4.7
RD-0004420,SH-00089,LG-000170,2026-08-16 07:02:00,6.0
RD-0004421,SH-00089,LG-000170,2026-08-16 07:32:00,5.1
RD-0004422,SH-00089,LG-000170,2026-08-16 08:02:00,4.9
RD-0004423,SH-00089,LG-000170,2026-08-16 08:32:00,5.3
RD-0004424,SH-00089,LG-000170,2026-08-16 09:02:00,5.6
RD-0004425,SH-00089,LG-000170,2026-08-16 09:32:00,4.2
RD-0004426,SH-00089,LG-000170,2026-08-16 10:02:00,5.6
RD-0004427,SH-00089,LG-000170,2026-08-16 10:32:00,6.0
RD-0004428,SH-00089,LG-000170,2026-08-16 11:02:00,4.9
RD-0004429,SH-00089,LG-000170,2026-08-16 11:32:00,6.1
RD-0004430,SH-00089,LG-000170,2026-08-16 12:02:00,6.1
RD-0004431,SH-00089,LG-000170,2026-08-16 12:32:00,5.9
RD-0004432,SH-00089,LG-000170,2026-08-16 13:02:00,5.9
RD-0004433,SH-00089,LG-000170,2026-08-16 13:32:00,5.1
RD-0004434,SH-00089,LG-000170,2026-08-16 14:02:00,4.4
RD-0004435,SH-00089,LG-000170,2026-08-16 14:32:00,5.4
RD-0004436,SH-00089,LG-000170,2026-08-16 15:02:00,4.0
RD-0004437,SH-00089,LG-000170,2026-08-16 15:32:00,4.8
RD-0004438,SH-00089,LG-000170,2026-08-16 16:02:00,4.6
RD-0004439,SH-00089,LG-000170,2026-08-16 16:32:00,5.4
RD-0004440,SH-00089,LG-000170,2026-08-16 17:02:00,5.0
RD-0004441,SH-00089,LG-000170,2026-08-16 17:32:00,5.3
RD-0004442,SH-00089,LG-000170,2026-08-16 18:02:00,4.3
RD-0004443,SH-00089,LG-000170,2026-08-16 18:32:00,5.7
RD-0004444,SH-00089,LG-000170,2026-08-16 19:02:00,4.7
RD-0004445,SH-00089,LG-000170,2026-08-16 19:32:00,5.3
RD-0004446,SH-00089,LG-000170,2026-08-16 20:02:00,5.3
RD-0004447,SH-00089,LG-000170,2026-08-16 20:32:00,4.7
RD-0004448,SH-00089,LG-000170,2026-08-16 21:02:00,5.7
RD-0004449,SH-00089,LG-000170,2026-08-16 21:32:00,4.9
RD-0004450,SH-00089,LG-000170,2026-08-16 22:02:00,4.0
RD-0004451,SH-00089,LG-000170,2026-08-16 22:32:00,4.4
RD-0004452,SH-00089,LG-000170,2026-08-16 23:02:00,5.1
RD-0004453,SH-00089,LG-000170,2026-08-16 23:32:00,-999
RD-0004454,SH-00089,LG-000170,2026-08-17 00:02:00,6.1
RD-0004455,SH-00089,LG-000170,2026-08-17 00:32:00,5.1
RD-0004456,SH-00089,LG-000170,2026-08-17 01:02:00,6.0
RD-0004457,SH-00090,LG-000171,2026-08-24 17:25:00,5.6
RD-0004458,SH-00090,LG-000171,2026-08-24 17:55:00,4.3
RD-0004459,SH-00090,LG-000171,2026-08-24 18:25:00,4.3
RD-0004460,SH-00090,LG-000171,2026-08-24 18:55:00,4.0
RD-0004461,SH-00090,LG-000171,2026-08-24 19:25:00,2.2
RD-0004462,SH-00090,LG-000171,2026-08-24 19:55:00,4.0
RD-0004463,SH-00090,LG-000171,2026-08-24 20:25:00,2.9
RD-0004464,SH-00090,LG-000171,2026-08-24 20:55:00,3.0
RD-0004465,SH-00090,LG-000171,2026-08-24 21:25:00,3.7
RD-0004466,SH-00090,LG-000171,2026-08-24 21:55:00,3.3
RD-0004467,SH-00090,LG-000171,2026-08-24 22:25:00,3.8
RD-0004468,SH-00090,LG-000171,2026-08-24 22:55:00,3.6
RD-0004469,SH-00090,LG-000171,2026-08-24 23:25:00,3.6
RD-0004470,SH-00090,LG-000171,2026-08-24 23:55:00,3.4
RD-0004471,SH-00090,LG-000171,2026-08-25 00:25:00,5.6
RD-0004472,SH-00090,LG-000171,2026-08-25 00:55:00,4.3
RD-0004473,SH-00090,LG-000171,2026-08-25 01:25:00,2.9
RD-0004474,SH-00090,LG-000171,2026-08-25 01:55:00,3.9
RD-0004475,SH-00090,LG-000171,2026-08-25 02:25:00,3.8
RD-0004476,SH-00090,LG-000171,2026-08-25 02:55:00,4.8
RD-0004477,SH-00090,LG-000171,2026-08-25 03:25:00,4.9
RD-0004478,SH-00090,LG-000171,2026-08-25 03:55:00,3.7
RD-0004479,SH-00090,LG-000171,2026-08-25 04:25:00,4.1
RD-0004480,SH-00090,LG-000171,2026-08-25 04:55:00,4.1
RD-0004481,SH-00090,LG-000171,2026-08-25 05:25:00,4.5
RD-0004482,SH-00090,LG-000171,2026-08-25 05:55:00,2.9
RD-0004483,SH-00090,LG-000171,2026-08-25 06:25:00,4.3
RD-0004484,SH-00090,LG-000171,2026-08-25 06:55:00,3.7
RD-0004485,SH-00090,LG-000172,2026-08-25 07:25:00,5.6
RD-0004486,SH-00090,LG-000172,2026-08-25 07:55:00,3.8
RD-0004487,SH-00090,LG-000172,2026-08-25 08:25:00,4.0
RD-0004488,SH-00090,LG-000172,2026-08-25 08:55:00,4.2
RD-0004489,SH-00090,LG-000172,2026-08-25 09:25:00,4.2
RD-0004490,SH-00090,LG-000172,2026-08-25 09:55:00,3.4
RD-0004491,SH-00090,LG-000172,2026-08-25 10:25:00,1.7
RD-0004492,SH-00090,LG-000172,2026-08-25 10:55:00,3.8
RD-0004493,SH-00090,LG-000172,2026-08-25 11:25:00,3.9
RD-0004494,SH-00090,LG-000172,2026-08-25 11:55:00,3.5
RD-0004495,SH-00090,LG-000172,2026-08-25 12:25:00,4.9
RD-0004496,SH-00090,LG-000172,2026-08-25 12:55:00,3.9
RD-0004497,SH-00090,LG-000172,2026-08-25 13:25:00,4.7
RD-0004498,SH-00090,LG-000172,2026-08-25 13:55:00,4.7
RD-0004499,SH-00090,LG-000172,2026-08-25 14:25:00,3.7
RD-0004500,SH-00090,LG-000172,2026-08-25 14:55:00,2.8
RD-0004501,SH-00090,LG-000172,2026-08-25 15:25:00,4.3
RD-0004502,SH-00090,LG-000172,2026-08-25 15:55:00,3.3
RD-0004503,SH-00090,LG-000172,2026-08-25 16:25:00,5.9
RD-0004504,SH-00090,LG-000172,2026-08-25 16:55:00,3.6
RD-0004505,SH-00090,LG-000172,2026-08-25 17:25:00,3.9
RD-0004506,SH-00090,LG-000172,2026-08-25 17:55:00,3.8
RD-0004507,SH-00090,LG-000172,2026-08-25 18:25:00,4.8
RD-0004508,SH-00090,LG-000172,2026-08-25 18:55:00,3.6
RD-0004509,SH-00090,LG-000172,2026-08-25 19:25:00,2.7
RD-0004510,SH-00090,LG-000172,2026-08-25 19:55:00,3.5
RD-0004511,SH-00090,LG-000172,2026-08-25 20:25:00,5.9
RD-0004512,SH-00090,LG-000172,2026-08-25 20:55:00,4.9
RD-0004513,SH-00091,LG-000173,2026-06-28 11:14:00,38.4
RD-0004514,SH-00091,LG-000173,2026-06-28 11:44:00,-999
RD-0004515,SH-00091,LG-000173,2026-06-28 12:14:00,38.6
RD-0004516,SH-00091,LG-000173,2026-06-28 12:44:00,38.4
RD-0004517,SH-00091,LG-000173,2026-06-28 13:14:00,40.3
RD-0004518,SH-00091,LG-000173,2026-06-28 13:44:00,39.5
RD-0004519,SH-00091,LG-000173,2026-06-28 14:14:00,41.3
RD-0004520,SH-00091,LG-000173,2026-06-28 14:44:00,38.9
RD-0004521,SH-00091,LG-000173,2026-06-28 15:14:00,40.0
RD-0004522,SH-00091,LG-000173,2026-06-28 15:44:00,39.6
RD-0004523,SH-00091,LG-000173,2026-06-28 16:14:00,37.1
RD-0004524,SH-00091,LG-000173,2026-06-28 16:44:00,40.0
RD-0004525,SH-00091,LG-000173,2026-06-28 17:14:00,39.7
RD-0004526,SH-00091,LG-000173,2026-06-28 17:44:00,40.4
RD-0004527,SH-00091,LG-000173,2026-06-28 18:14:00,41.0
RD-0004528,SH-00091,LG-000173,2026-06-28 18:44:00,36.7
RD-0004529,SH-00091,LG-000173,2026-06-28 19:14:00,36.9
RD-0004530,SH-00091,LG-000173,2026-06-28 19:44:00,37.8
RD-0004531,SH-00091,LG-000173,2026-06-28 20:14:00,38.7
RD-0004532,SH-00091,LG-000173,2026-06-28 20:44:00,37.6
RD-0004533,SH-00091,LG-000173,2026-06-28 21:14:00,39.3
RD-0004534,SH-00091,LG-000173,2026-06-28 21:44:00,38.9
RD-0004535,SH-00091,LG-000173,2026-06-28 22:14:00,39.4
RD-0004536,SH-00091,LG-000173,2026-06-28 22:44:00,39.3
RD-0004537,SH-00091,LG-000173,2026-06-28 23:14:00,38.9
RD-0004538,SH-00091,LG-000173,2026-06-28 23:44:00,39.5
RD-0004539,SH-00091,LG-000173,2026-06-29 00:14:00,39.9
RD-0004540,SH-00091,LG-000173,2026-06-29 00:44:00,38.2
RD-0004541,SH-00091,LG-000173,2026-06-29 01:14:00,38.5
RD-0004542,SH-00091,LG-000173,2026-06-29 01:44:00,40.1
RD-0004543,SH-00091,LG-000173,2026-06-29 02:14:00,39.7
RD-0004544,SH-00091,LG-000173,2026-06-29 02:44:00,38.8
RD-0004545,SH-00091,LG-000173,2026-06-29 03:14:00,40.9
RD-0004546,SH-00091,LG-000173,2026-06-29 03:44:00,41.2
RD-0004547,SH-00092,LG-000174,2026-08-08 22:45:00,2.8
RD-0004548,SH-00092,LG-000174,2026-08-08 23:15:00,3.2
RD-0004549,SH-00092,LG-000174,2026-08-08 23:45:00,2.5
RD-0004550,SH-00092,LG-000174,2026-08-09 00:15:00,4.5
RD-0004551,SH-00092,LG-000174,2026-08-09 00:45:00,2.9
RD-0004552,SH-00092,LG-000174,2026-08-09 01:15:00,3.5
RD-0004553,SH-00092,LG-000174,2026-08-09 01:45:00,3.9
RD-0004554,SH-00092,LG-000174,2026-08-09 02:15:00,3.5
RD-0004555,SH-00092,LG-000174,2026-08-09 02:45:00,4.6
RD-0004556,SH-00092,LG-000174,2026-08-09 03:15:00,3.8
RD-0004557,SH-00092,LG-000174,2026-08-09 03:45:00,3.9
RD-0004558,SH-00092,LG-000174,2026-08-09 04:15:00,3.8
RD-0004559,SH-00092,LG-000174,2026-08-09 04:45:00,4.1
RD-0004560,SH-00092,LG-000174,2026-08-09 05:15:00,3.9
RD-0004561,SH-00092,LG-000174,2026-08-09 05:45:00,5.2
RD-0004562,SH-00092,LG-000174,2026-08-09 06:15:00,3.4
RD-0004563,SH-00092,LG-000174,2026-08-09 06:45:00,3.6
RD-0004564,SH-00092,LG-000174,2026-08-09 07:15:00,4.9
RD-0004565,SH-00092,LG-000174,2026-08-09 07:45:00,4.9
RD-0004566,SH-00092,LG-000174,2026-08-09 08:15:00,4.3
RD-0004567,SH-00092,LG-000174,2026-08-09 08:45:00,3.3
RD-0004568,SH-00092,LG-000174,2026-08-09 09:15:00,5.4
RD-0004569,SH-00092,LG-000174,2026-08-09 09:45:00,-999
RD-0004570,SH-00092,LG-000174,2026-08-09 10:15:00,-999
RD-0004571,SH-00092,LG-000174,2026-08-09 10:45:00,4.6
RD-0004572,SH-00092,LG-000174,2026-08-09 11:15:00,5.3
RD-0004573,SH-00092,LG-000174,2026-08-09 11:45:00,3.8
RD-0004574,SH-00092,LG-000174,2026-08-09 12:15:00,3.1
RD-0004575,SH-00092,LG-000174,2026-08-09 12:45:00,2.1
RD-0004576,SH-00092,LG-000174,2026-08-09 13:15:00,4.5
RD-0004577,SH-00092,LG-000174,2026-08-09 13:45:00,4.4
RD-0004578,SH-00092,LG-000174,2026-08-09 14:15:00,2.9
RD-0004579,SH-00092,LG-000174,2026-08-09 14:45:00,4.0
RD-0004580,SH-00092,LG-000174,2026-08-09 15:15:00,4.2
RD-0004581,SH-00092,LG-000175,2026-08-09 15:45:00,2.6
RD-0004582,SH-00092,LG-000175,2026-08-09 16:15:00,3.2
RD-0004583,SH-00092,LG-000175,2026-08-09 16:45:00,5.9
RD-0004584,SH-00092,LG-000175,2026-08-09 17:15:00,5.7
RD-0004585,SH-00092,LG-000175,2026-08-09 17:45:00,4.4
RD-0004586,SH-00092,LG-000175,2026-08-09 18:15:00,3.8
RD-0004587,SH-00092,LG-000175,2026-08-09 18:45:00,5.2
RD-0004588,SH-00092,LG-000175,2026-08-09 19:15:00,4.7
RD-0004589,SH-00092,LG-000175,2026-08-09 19:45:00,5.2
RD-0004590,SH-00092,LG-000175,2026-08-09 20:15:00,4.0
RD-0004591,SH-00092,LG-000175,2026-08-09 20:45:00,2.0
RD-0004592,SH-00092,LG-000175,2026-08-09 21:15:00,4.2
RD-0004593,SH-00092,LG-000175,2026-08-09 21:45:00,3.1
RD-0004594,SH-00092,LG-000175,2026-08-09 22:15:00,4.3
RD-0004595,SH-00092,LG-000175,2026-08-09 22:45:00,3.5
RD-0004596,SH-00092,LG-000175,2026-08-09 23:15:00,4.2
RD-0004597,SH-00092,LG-000175,2026-08-09 23:45:00,3.9
RD-0004598,SH-00092,LG-000175,2026-08-10 00:15:00,-999
RD-0004599,SH-00092,LG-000175,2026-08-10 00:45:00,3.4
RD-0004600,SH-00092,LG-000175,2026-08-10 01:15:00,5.5
RD-0004601,SH-00092,LG-000175,2026-08-10 01:45:00,3.2
RD-0004602,SH-00092,LG-000175,2026-08-10 02:15:00,4.0
RD-0004603,SH-00092,LG-000175,2026-08-10 02:45:00,2.8
RD-0004604,SH-00092,LG-000175,2026-08-10 03:15:00,2.3
RD-0004605,SH-00092,LG-000175,2026-08-10 03:45:00,4.2
RD-0004606,SH-00092,LG-000175,2026-08-10 04:15:00,5.0
RD-0004607,SH-00092,LG-000175,2026-08-10 04:45:00,4.6
RD-0004608,SH-00092,LG-000175,2026-08-10 05:15:00,4.0
RD-0004609,SH-00092,LG-000175,2026-08-10 05:45:00,2.5
RD-0004610,SH-00092,LG-000175,2026-08-10 06:15:00,3.5
RD-0004611,SH-00092,LG-000175,2026-08-10 06:45:00,4.7
RD-0004612,SH-00092,LG-000175,2026-08-10 07:15:00,3.9
RD-0004613,SH-00092,LG-000175,2026-08-10 07:45:00,4.2
RD-0004614,SH-00092,LG-000175,2026-08-10 08:15:00,3.7
RD-0004615,SH-00093,LG-000176,2026-07-31 13:07:00,-17.8
RD-0004616,SH-00093,LG-000176,2026-07-31 13:37:00,-18.6
RD-0004617,SH-00093,LG-000176,2026-07-31 14:07:00,-18.1
RD-0004618,SH-00093,LG-000176,2026-07-31 14:37:00,-18.2
RD-0004619,SH-00093,LG-000176,2026-07-31 15:07:00,-18.8
RD-0004620,SH-00093,LG-000176,2026-07-31 15:37:00,-17.8
RD-0004621,SH-00093,LG-000176,2026-07-31 16:07:00,-17.0
RD-0004622,SH-00093,LG-000176,2026-07-31 16:37:00,-18.4
RD-0004623,SH-00093,LG-000176,2026-07-31 17:07:00,-17.5
RD-0004624,SH-00093,LG-000176,2026-07-31 17:37:00,-17.6
RD-0004625,SH-00093,LG-000176,2026-07-31 18:07:00,-999
RD-0004626,SH-00093,LG-000176,2026-07-31 18:37:00,-17.9
RD-0004627,SH-00093,LG-000176,2026-07-31 19:07:00,-17.9
RD-0004628,SH-00093,LG-000176,2026-07-31 19:37:00,-17.5
RD-0004629,SH-00093,LG-000176,2026-07-31 20:07:00,-19.0
RD-0004630,SH-00093,LG-000176,2026-07-31 20:37:00,-18.2
RD-0004631,SH-00093,LG-000177,2026-07-31 21:07:00,-18.2
RD-0004632,SH-00093,LG-000177,2026-07-31 21:37:00,-18.7
RD-0004633,SH-00093,LG-000177,2026-07-31 22:07:00,-18.0
RD-0004634,SH-00093,LG-000177,2026-07-31 22:37:00,-19.1
RD-0004635,SH-00093,LG-000177,2026-07-31 23:07:00,-18.8
RD-0004636,SH-00093,LG-000177,2026-07-31 23:37:00,-16.2
RD-0004637,SH-00093,LG-000177,2026-08-01 00:07:00,-17.6
RD-0004638,SH-00093,LG-000177,2026-08-01 00:37:00,-18.2
RD-0004639,SH-00093,LG-000177,2026-08-01 01:07:00,-18.2
RD-0004640,SH-00093,LG-000177,2026-08-01 01:37:00,-17.0
RD-0004641,SH-00093,LG-000177,2026-08-01 02:07:00,-17.6
RD-0004642,SH-00093,LG-000177,2026-08-01 02:37:00,-18.5
RD-0004643,SH-00093,LG-000177,2026-08-01 03:07:00,-17.7
RD-0004644,SH-00093,LG-000177,2026-08-01 03:37:00,-18.1
RD-0004645,SH-00093,LG-000177,2026-08-01 04:07:00,-19.0
RD-0004646,SH-00093,LG-000177,2026-08-01 04:37:00,-19.3
RD-0004647,SH-00093,LG-000178,2026-08-01 05:07:00,-17.8
RD-0004648,SH-00093,LG-000178,2026-08-01 05:37:00,-999
RD-0004649,SH-00093,LG-000178,2026-08-01 06:07:00,-17.2
RD-0004650,SH-00093,LG-000178,2026-08-01 06:37:00,-16.8
RD-0004651,SH-00093,LG-000178,2026-08-01 07:07:00,-19.9
RD-0004652,SH-00093,LG-000178,2026-08-01 07:37:00,-18.0
RD-0004653,SH-00093,LG-000178,2026-08-01 08:07:00,-17.8
RD-0004654,SH-00093,LG-000178,2026-08-01 08:37:00,-18.5
RD-0004655,SH-00093,LG-000178,2026-08-01 09:07:00,-17.7
RD-0004656,SH-00093,LG-000178,2026-08-01 09:37:00,-18.4
RD-0004657,SH-00093,LG-000178,2026-08-01 10:07:00,-18.1
RD-0004658,SH-00093,LG-000178,2026-08-01 10:37:00,-17.1
RD-0004659,SH-00093,LG-000178,2026-08-01 11:07:00,-19.2
RD-0004660,SH-00093,LG-000178,2026-08-01 11:37:00,-17.4
RD-0004661,SH-00093,LG-000178,2026-08-01 12:07:00,-17.3
RD-0004662,SH-00093,LG-000178,2026-08-01 12:37:00,-18.8
RD-0004663,SH-00094,LG-000179,2026-08-21 19:30:00,5.4
RD-0004664,SH-00094,LG-000179,2026-08-21 20:00:00,5.0
RD-0004665,SH-00094,LG-000179,2026-08-21 20:30:00,4.4
RD-0004666,SH-00094,LG-000179,2026-08-21 21:00:00,-999
RD-0004667,SH-00094,LG-000179,2026-08-21 21:30:00,5.0
RD-0004668,SH-00094,LG-000179,2026-08-21 22:00:00,5.4
RD-0004669,SH-00094,LG-000179,2026-08-21 22:30:00,5.8
RD-0004670,SH-00094,LG-000179,2026-08-21 23:00:00,5.3
RD-0004671,SH-00094,LG-000179,2026-08-21 23:30:00,4.4
RD-0004672,SH-00094,LG-000179,2026-08-22 00:00:00,4.2
RD-0004673,SH-00094,LG-000179,2026-08-22 00:30:00,-999
RD-0004674,SH-00094,LG-000179,2026-08-22 01:00:00,6.1
RD-0004675,SH-00094,LG-000179,2026-08-22 01:30:00,5.8
RD-0004676,SH-00094,LG-000179,2026-08-22 02:00:00,5.0
RD-0004677,SH-00094,LG-000179,2026-08-22 02:30:00,5.4
RD-0004678,SH-00094,LG-000179,2026-08-22 03:00:00,5.7
RD-0004679,SH-00094,LG-000179,2026-08-22 03:30:00,5.6
RD-0004680,SH-00094,LG-000179,2026-08-22 04:00:00,4.2
RD-0004681,SH-00094,LG-000179,2026-08-22 04:30:00,5.1
RD-0004682,SH-00094,LG-000179,2026-08-22 05:00:00,4.9
RD-0004683,SH-00094,LG-000180,2026-08-22 05:30:00,4.8
RD-0004684,SH-00094,LG-000180,2026-08-22 06:00:00,4.6
RD-0004685,SH-00094,LG-000180,2026-08-22 06:30:00,5.4
RD-0004686,SH-00094,LG-000180,2026-08-22 07:00:00,4.4
RD-0004687,SH-00094,LG-000180,2026-08-22 07:30:00,5.4
RD-0004688,SH-00094,LG-000180,2026-08-22 08:00:00,6.3
RD-0004689,SH-00094,LG-000180,2026-08-22 08:30:00,5.6
RD-0004690,SH-00094,LG-000180,2026-08-22 09:00:00,5.4
RD-0004691,SH-00094,LG-000180,2026-08-22 09:30:00,5.4
RD-0004692,SH-00094,LG-000180,2026-08-22 10:00:00,4.7
RD-0004693,SH-00094,LG-000180,2026-08-22 10:30:00,3.3
RD-0004694,SH-00094,LG-000180,2026-08-22 11:00:00,4.8
RD-0004695,SH-00094,LG-000180,2026-08-22 11:30:00,4.4
RD-0004696,SH-00094,LG-000180,2026-08-22 12:00:00,4.5
RD-0004697,SH-00094,LG-000180,2026-08-22 12:30:00,5.0
RD-0004698,SH-00094,LG-000180,2026-08-22 13:00:00,5.0
RD-0004699,SH-00094,LG-000180,2026-08-22 13:30:00,4.8
RD-0004700,SH-00094,LG-000180,2026-08-22 14:00:00,5.2
RD-0004701,SH-00094,LG-000180,2026-08-22 14:30:00,5.1
RD-0004702,SH-00094,LG-000180,2026-08-22 15:00:00,3.4
RD-0004703,SH-00094,LG-000181,2026-08-22 15:30:00,4.4
RD-0004704,SH-00094,LG-000181,2026-08-22 16:00:00,5.5
RD-0004705,SH-00094,LG-000181,2026-08-22 16:30:00,4.3
RD-0004706,SH-00094,LG-000181,2026-08-22 17:00:00,4.7
RD-0004707,SH-00094,LG-000181,2026-08-22 17:30:00,5.1
RD-0004708,SH-00094,LG-000181,2026-08-22 18:00:00,5.9
RD-0004709,SH-00094,LG-000181,2026-08-22 18:30:00,5.1
RD-0004710,SH-00094,LG-000181,2026-08-22 19:00:00,5.6
RD-0004711,SH-00094,LG-000181,2026-08-22 19:30:00,4.2
RD-0004712,SH-00094,LG-000181,2026-08-22 20:00:00,6.5
RD-0004713,SH-00094,LG-000181,2026-08-22 20:30:00,5.8
RD-0004714,SH-00094,LG-000181,2026-08-22 21:00:00,5.6
RD-0004715,SH-00094,LG-000181,2026-08-22 21:30:00,4.0
RD-0004716,SH-00094,LG-000181,2026-08-22 22:00:00,6.6
RD-0004717,SH-00094,LG-000181,2026-08-22 22:30:00,4.6
RD-0004718,SH-00094,LG-000181,2026-08-22 23:00:00,5.5
RD-0004719,SH-00094,LG-000181,2026-08-22 23:30:00,4.0
RD-0004720,SH-00094,LG-000181,2026-08-23 00:00:00,5.0
RD-0004721,SH-00094,LG-000181,2026-08-23 00:30:00,5.6
RD-0004722,SH-00094,LG-000181,2026-08-23 01:00:00,-999
RD-0004723,SH-00095,LG-000182,2026-08-16 08:32:00,3.8
RD-0004724,SH-00095,LG-000182,2026-08-16 09:02:00,3.7
RD-0004725,SH-00095,LG-000182,2026-08-16 09:32:00,5.5
RD-0004726,SH-00095,LG-000182,2026-08-16 10:02:00,4.7
RD-0004727,SH-00095,LG-000182,2026-08-16 10:32:00,1.9
RD-0004728,SH-00095,LG-000182,2026-08-16 11:02:00,3.5
RD-0004729,SH-00095,LG-000182,2026-08-16 11:32:00,4.4
RD-0004730,SH-00095,LG-000182,2026-08-16 12:02:00,3.2
RD-0004731,SH-00095,LG-000182,2026-08-16 12:32:00,3.5
RD-0004732,SH-00095,LG-000182,2026-08-16 13:02:00,4.7
RD-0004733,SH-00095,LG-000182,2026-08-16 13:32:00,-999
RD-0004734,SH-00095,LG-000182,2026-08-16 14:02:00,3.4
RD-0004735,SH-00095,LG-000182,2026-08-16 14:32:00,4.5
RD-0004736,SH-00095,LG-000182,2026-08-16 15:02:00,5.1
RD-0004737,SH-00095,LG-000182,2026-08-16 15:32:00,3.3
RD-0004738,SH-00095,LG-000182,2026-08-16 16:02:00,4.0
RD-0004739,SH-00095,LG-000182,2026-08-16 16:32:00,3.2
RD-0004740,SH-00095,LG-000182,2026-08-16 17:02:00,5.3
RD-0004741,SH-00095,LG-000182,2026-08-16 17:32:00,2.5
RD-0004742,SH-00095,LG-000182,2026-08-16 18:02:00,2.9
RD-0004743,SH-00095,LG-000182,2026-08-16 18:32:00,5.2
RD-0004744,SH-00095,LG-000182,2026-08-16 19:02:00,-999
RD-0004745,SH-00095,LG-000182,2026-08-16 19:32:00,4.2
RD-0004746,SH-00095,LG-000182,2026-08-16 20:02:00,-999
RD-0004747,SH-00095,LG-000182,2026-08-16 20:32:00,3.1
RD-0004748,SH-00095,LG-000182,2026-08-16 21:02:00,5.4
RD-0004749,SH-00095,LG-000182,2026-08-16 21:32:00,1.8
RD-0004750,SH-00095,LG-000182,2026-08-16 22:02:00,2.9
RD-0004751,SH-00095,LG-000182,2026-08-16 22:32:00,3.5
RD-0004752,SH-00095,LG-000182,2026-08-16 23:02:00,3.8
RD-0004753,SH-00095,LG-000182,2026-08-16 23:32:00,4.9
RD-0004754,SH-00095,LG-000182,2026-08-17 00:02:00,3.1
RD-0004755,SH-00095,LG-000182,2026-08-17 00:32:00,-999
RD-0004756,SH-00095,LG-000182,2026-08-17 01:02:00,3.5
RD-0004757,SH-00095,LG-000182,2026-08-17 01:32:00,4.2
RD-0004758,SH-00095,LG-000182,2026-08-17 02:02:00,3.5
RD-0004759,SH-00095,LG-000182,2026-08-17 02:32:00,4.4
RD-0004760,SH-00095,LG-000182,2026-08-17 03:02:00,6.5
RD-0004761,SH-00095,LG-000182,2026-08-17 03:32:00,2.0
RD-0004762,SH-00095,LG-000182,2026-08-17 04:02:00,2.3
RD-0004763,SH-00095,LG-000182,2026-08-17 04:32:00,4.2
RD-0004764,SH-00095,LG-000182,2026-08-17 05:02:00,4.2
RD-0004765,SH-00095,LG-000182,2026-08-17 05:32:00,6.2
RD-0004766,SH-00095,LG-000182,2026-08-17 06:02:00,4.2
RD-0004767,SH-00095,LG-000182,2026-08-17 06:32:00,3.4
RD-0004768,SH-00095,LG-000182,2026-08-17 07:02:00,4.2
RD-0004769,SH-00095,LG-000182,2026-08-17 07:32:00,3.7
RD-0004770,SH-00095,LG-000182,2026-08-17 08:02:00,3.5
RD-0004771,SH-00095,LG-000182,2026-08-17 08:32:00,4.2
RD-0004772,SH-00095,LG-000182,2026-08-17 09:02:00,4.4
RD-0004773,SH-00095,LG-000182,2026-08-17 09:32:00,3.3
RD-0004774,SH-00095,LG-000182,2026-08-17 10:02:00,4.8
RD-0004775,SH-00095,LG-000182,2026-08-17 10:32:00,3.6
RD-0004776,SH-00095,LG-000182,2026-08-17 11:02:00,4.5
RD-0004777,SH-00095,LG-000182,2026-08-17 11:32:00,5.9
RD-0004778,SH-00095,LG-000182,2026-08-17 12:02:00,3.7
RD-0004779,SH-00095,LG-000182,2026-08-17 12:32:00,3.0
RD-0004780,SH-00095,LG-000182,2026-08-17 13:02:00,3.5
RD-0004781,SH-00095,LG-000182,2026-08-17 13:32:00,4.9
RD-0004782,SH-00095,LG-000182,2026-08-17 14:02:00,5.6
RD-0004783,SH-00095,LG-000182,2026-08-17 14:32:00,4.7
RD-0004784,SH-00095,LG-000182,2026-08-17 15:02:00,3.0
RD-0004785,SH-00095,LG-000182,2026-08-17 15:32:00,4.8
RD-0004786,SH-00095,LG-000182,2026-08-17 16:02:00,2.9
RD-0004787,SH-00095,LG-000182,2026-08-17 16:32:00,3.2
RD-0004788,SH-00095,LG-000182,2026-08-17 17:02:00,-999
RD-0004789,SH-00095,LG-000182,2026-08-17 17:32:00,4.1
RD-0004790,SH-00095,LG-000182,2026-08-17 18:02:00,2.3
RD-0004791,SH-00095,LG-000182,2026-08-17 18:32:00,3.6
RD-0004792,SH-00095,LG-000182,2026-08-17 19:02:00,3.4
RD-0004793,SH-00095,LG-000182,2026-08-17 19:32:00,4.4
RD-0004794,SH-00095,LG-000182,2026-08-17 20:02:00,2.7
RD-0004795,SH-00095,LG-000182,2026-08-17 20:32:00,3.5
RD-0004796,SH-00095,LG-000182,2026-08-17 21:02:00,3.9
RD-0004797,SH-00095,LG-000182,2026-08-17 21:32:00,4.4
RD-0004798,SH-00095,LG-000182,2026-08-17 22:02:00,4.4
RD-0004799,SH-00096,LG-000183,2026-07-04 08:16:00,-17.7
RD-0004800,SH-00096,LG-000183,2026-07-04 08:46:00,-17.8
RD-0004801,SH-00096,LG-000183,2026-07-04 09:16:00,-15.9
RD-0004802,SH-00096,LG-000183,2026-07-04 09:46:00,-17.8
RD-0004803,SH-00096,LG-000183,2026-07-04 10:16:00,-18.2
RD-0004804,SH-00096,LG-000183,2026-07-04 10:46:00,-18.9
RD-0004805,SH-00096,LG-000183,2026-07-04 11:16:00,-16.8
RD-0004806,SH-00096,LG-000183,2026-07-04 11:46:00,-17.6
RD-0004807,SH-00096,LG-000183,2026-07-04 12:16:00,-19.1
RD-0004808,SH-00096,LG-000183,2026-07-04 12:46:00,-17.7
RD-0004809,SH-00096,LG-000183,2026-07-04 13:16:00,-17.0
RD-0004810,SH-00096,LG-000183,2026-07-04 13:46:00,-19.8
RD-0004811,SH-00096,LG-000183,2026-07-04 14:16:00,-18.6
RD-0004812,SH-00096,LG-000183,2026-07-04 14:46:00,-18.7
RD-0004813,SH-00096,LG-000183,2026-07-04 15:16:00,-17.3
RD-0004814,SH-00096,LG-000183,2026-07-04 15:46:00,-16.9
RD-0004815,SH-00096,LG-000183,2026-07-04 16:16:00,-19.7
RD-0004816,SH-00096,LG-000183,2026-07-04 16:46:00,-18.8
RD-0004817,SH-00096,LG-000183,2026-07-04 17:16:00,-18.3
RD-0004818,SH-00096,LG-000183,2026-07-04 17:46:00,-18.9
RD-0004819,SH-00096,LG-000183,2026-07-04 18:16:00,-17.6
RD-0004820,SH-00096,LG-000183,2026-07-04 18:46:00,-18.0
RD-0004821,SH-00096,LG-000183,2026-07-04 19:16:00,-18.4
RD-0004822,SH-00096,LG-000183,2026-07-04 19:46:00,-16.3
RD-0004823,SH-00096,LG-000183,2026-07-04 20:16:00,-18.0
RD-0004824,SH-00096,LG-000183,2026-07-04 20:46:00,-17.8
RD-0004825,SH-00096,LG-000183,2026-07-04 21:16:00,-18.3
RD-0004826,SH-00096,LG-000183,2026-07-04 21:46:00,-18.2
RD-0004827,SH-00096,LG-000183,2026-07-04 22:16:00,-18.0
RD-0004828,SH-00096,LG-000183,2026-07-04 22:46:00,-17.2
RD-0004829,SH-00096,LG-000183,2026-07-04 23:16:00,-18.0
RD-0004830,SH-00096,LG-000183,2026-07-04 23:46:00,-19.0
RD-0004831,SH-00096,LG-000183,2026-07-05 00:16:00,-18.1
RD-0004832,SH-00096,LG-000183,2026-07-05 00:46:00,-17.8
RD-0004833,SH-00096,LG-000183,2026-07-05 01:16:00,-18.3
RD-0004834,SH-00096,LG-000183,2026-07-05 01:46:00,-18.6
RD-0004835,SH-00096,LG-000183,2026-07-05 02:16:00,-17.5
RD-0004836,SH-00096,LG-000183,2026-07-05 02:46:00,-17.4
RD-0004837,SH-00096,LG-000183,2026-07-05 03:16:00,-17.9
RD-0004838,SH-00096,LG-000183,2026-07-05 03:46:00,-18.2
RD-0004839,SH-00096,LG-000183,2026-07-05 04:16:00,-18.7
RD-0004840,SH-00096,LG-000183,2026-07-05 04:46:00,-18.0
RD-0004841,SH-00096,LG-000183,2026-07-05 05:16:00,-17.1
RD-0004842,SH-00096,LG-000183,2026-07-05 05:46:00,-17.8
RD-0004843,SH-00096,LG-000183,2026-07-05 06:16:00,-17.9
RD-0004844,SH-00096,LG-000183,2026-07-05 06:46:00,-17.6
RD-0004845,SH-00096,LG-000183,2026-07-05 07:16:00,-18.5
RD-0004846,SH-00096,LG-000183,2026-07-05 07:46:00,-18.5
RD-0004847,SH-00096,LG-000183,2026-07-05 08:16:00,-18.8
RD-0004848,SH-00096,LG-000183,2026-07-05 08:46:00,-18.3
RD-0004849,SH-00096,LG-000183,2026-07-05 09:16:00,-16.9
RD-0004850,SH-00096,LG-000183,2026-07-05 09:46:00,-17.6
RD-0004851,SH-00096,LG-000183,2026-07-05 10:16:00,-17.7
RD-0004852,SH-00096,LG-000183,2026-07-05 10:46:00,-18.7
RD-0004853,SH-00096,LG-000183,2026-07-05 11:16:00,-18.4
RD-0004854,SH-00096,LG-000183,2026-07-05 11:46:00,-18.8
RD-0004855,SH-00097,LG-000184,2026-06-13 07:57:00,-18.4
RD-0004856,SH-00097,LG-000184,2026-06-13 08:27:00,-18.0
RD-0004857,SH-00097,LG-000184,2026-06-13 08:57:00,-18.6
RD-0004858,SH-00097,LG-000184,2026-06-13 09:27:00,-18.7
RD-0004859,SH-00097,LG-000184,2026-06-13 09:57:00,-17.8
RD-0004860,SH-00097,LG-000184,2026-06-13 10:27:00,-18.8
RD-0004861,SH-00097,LG-000184,2026-06-13 10:57:00,-17.2
RD-0004862,SH-00097,LG-000184,2026-06-13 11:27:00,-17.9
RD-0004863,SH-00097,LG-000184,2026-06-13 11:57:00,-18.3
RD-0004864,SH-00097,LG-000184,2026-06-13 12:27:00,-18.2
RD-0004865,SH-00097,LG-000184,2026-06-13 12:57:00,-18.4
RD-0004866,SH-00097,LG-000184,2026-06-13 13:27:00,-17.8
RD-0004867,SH-00097,LG-000184,2026-06-13 13:57:00,-19.1
RD-0004868,SH-00097,LG-000184,2026-06-13 14:27:00,-19.2
RD-0004869,SH-00097,LG-000184,2026-06-13 14:57:00,-18.0
RD-0004870,SH-00097,LG-000184,2026-06-13 15:27:00,-17.1
RD-0004871,SH-00097,LG-000185,2026-06-13 15:57:00,-17.9
RD-0004872,SH-00097,LG-000185,2026-06-13 16:27:00,-18.6
RD-0004873,SH-00097,LG-000185,2026-06-13 16:57:00,-17.9
RD-0004874,SH-00097,LG-000185,2026-06-13 17:27:00,-17.8
RD-0004875,SH-00097,LG-000185,2026-06-13 17:57:00,-18.4
RD-0004876,SH-00097,LG-000185,2026-06-13 18:27:00,-18.6
RD-0004877,SH-00097,LG-000185,2026-06-13 18:57:00,-18.8
RD-0004878,SH-00097,LG-000185,2026-06-13 19:27:00,-17.9
RD-0004879,SH-00097,LG-000185,2026-06-13 19:57:00,-19.4
RD-0004880,SH-00097,LG-000185,2026-06-13 20:27:00,-17.6
RD-0004881,SH-00097,LG-000185,2026-06-13 20:57:00,-17.7
RD-0004882,SH-00097,LG-000185,2026-06-13 21:27:00,-18.7
RD-0004883,SH-00097,LG-000185,2026-06-13 21:57:00,-18.4
RD-0004884,SH-00097,LG-000185,2026-06-13 22:27:00,-18.7
RD-0004885,SH-00097,LG-000185,2026-06-13 22:57:00,-18.5
RD-0004886,SH-00097,LG-000185,2026-06-13 23:27:00,-17.9
RD-0004887,SH-00097,LG-000186,2026-06-13 23:57:00,-18.7
RD-0004888,SH-00097,LG-000186,2026-06-14 00:27:00,-19.1
RD-0004889,SH-00097,LG-000186,2026-06-14 00:57:00,-17.7
RD-0004890,SH-00097,LG-000186,2026-06-14 01:27:00,-17.0
RD-0004891,SH-00097,LG-000186,2026-06-14 01:57:00,-18.6
RD-0004892,SH-00097,LG-000186,2026-06-14 02:27:00,-19.4
RD-0004893,SH-00097,LG-000186,2026-06-14 02:57:00,-18.1
RD-0004894,SH-00097,LG-000186,2026-06-14 03:27:00,-17.3
RD-0004895,SH-00097,LG-000186,2026-06-14 03:57:00,-18.5
RD-0004896,SH-00097,LG-000186,2026-06-14 04:27:00,-19.1
RD-0004897,SH-00097,LG-000186,2026-06-14 04:57:00,-17.9
RD-0004898,SH-00097,LG-000186,2026-06-14 05:27:00,-17.3
RD-0004899,SH-00097,LG-000186,2026-06-14 05:57:00,-17.6
RD-0004900,SH-00097,LG-000186,2026-06-14 06:27:00,-17.4
RD-0004901,SH-00097,LG-000186,2026-06-14 06:57:00,-17.7
RD-0004902,SH-00097,LG-000186,2026-06-14 07:27:00,-19.0
RD-0004903,SH-00098,LG-000187,2026-07-18 09:08:00,4.4
RD-0004904,SH-00098,LG-000187,2026-07-18 09:38:00,4.7
RD-0004905,SH-00098,LG-000187,2026-07-18 10:08:00,3.5
RD-0004906,SH-00098,LG-000187,2026-07-18 10:38:00,5.0
RD-0004907,SH-00098,LG-000187,2026-07-18 11:08:00,3.1
RD-0004908,SH-00098,LG-000187,2026-07-18 11:38:00,4.1
RD-0004909,SH-00098,LG-000187,2026-07-18 12:08:00,2.8
RD-0004910,SH-00098,LG-000187,2026-07-18 12:38:00,4.4
RD-0004911,SH-00098,LG-000187,2026-07-18 13:08:00,5.4
RD-0004912,SH-00098,LG-000187,2026-07-18 13:38:00,4.9
RD-0004913,SH-00098,LG-000187,2026-07-18 14:08:00,4.4
RD-0004914,SH-00098,LG-000187,2026-07-18 14:38:00,4.0
RD-0004915,SH-00098,LG-000187,2026-07-18 15:08:00,4.8
RD-0004916,SH-00098,LG-000187,2026-07-18 15:38:00,4.3
RD-0004917,SH-00098,LG-000187,2026-07-18 16:08:00,4.2
RD-0004918,SH-00098,LG-000187,2026-07-18 16:38:00,2.4
RD-0004919,SH-00098,LG-000187,2026-07-18 17:08:00,3.3
RD-0004920,SH-00098,LG-000187,2026-07-18 17:38:00,4.5
RD-0004921,SH-00098,LG-000187,2026-07-18 18:08:00,3.5
RD-0004922,SH-00098,LG-000187,2026-07-18 18:38:00,3.7
RD-0004923,SH-00098,LG-000187,2026-07-18 19:08:00,4.6
RD-0004924,SH-00098,LG-000187,2026-07-18 19:38:00,3.5
RD-0004925,SH-00098,LG-000187,2026-07-18 20:08:00,3.3
RD-0004926,SH-00098,LG-000187,2026-07-18 20:38:00,3.8
RD-0004927,SH-00098,LG-000187,2026-07-18 21:08:00,4.4
RD-0004928,SH-00098,LG-000187,2026-07-18 21:38:00,4.1
RD-0004929,SH-00098,LG-000187,2026-07-18 22:08:00,4.8
RD-0004930,SH-00098,LG-000187,2026-07-18 22:38:00,3.7
RD-0004931,SH-00098,LG-000187,2026-07-18 23:08:00,3.7
RD-0004932,SH-00098,LG-000187,2026-07-18 23:38:00,4.5
RD-0004933,SH-00098,LG-000187,2026-07-19 00:08:00,4.0
RD-0004934,SH-00098,LG-000187,2026-07-19 00:38:00,5.5
RD-0004935,SH-00098,LG-000187,2026-07-19 01:08:00,2.8
RD-0004936,SH-00098,LG-000187,2026-07-19 01:38:00,3.1
RD-0004937,SH-00099,LG-000188,2026-07-17 17:21:00,-1.1
RD-0004938,SH-00099,LG-000188,2026-07-17 17:51:00,0.6
RD-0004939,SH-00099,LG-000188,2026-07-17 18:21:00,0.5
RD-0004940,SH-00099,LG-000188,2026-07-17 18:51:00,14.3
RD-0004941,SH-00099,LG-000188,2026-07-17 19:21:00,-0.6
RD-0004942,SH-00099,LG-000188,2026-07-17 19:51:00,-0.8
RD-0004943,SH-00099,LG-000188,2026-07-17 20:21:00,1.0
RD-0004944,SH-00099,LG-000188,2026-07-17 20:51:00,11.0
RD-0004945,SH-00099,LG-000188,2026-07-17 21:21:00,1.3
RD-0004946,SH-00099,LG-000188,2026-07-17 21:51:00,-1.2
RD-0004947,SH-00099,LG-000188,2026-07-17 22:21:00,0.5
RD-0004948,SH-00099,LG-000188,2026-07-17 22:51:00,0.6
RD-0004949,SH-00099,LG-000188,2026-07-17 23:21:00,14.4
RD-0004950,SH-00099,LG-000188,2026-07-17 23:51:00,2.9
RD-0004951,SH-00099,LG-000188,2026-07-18 00:21:00,1.1
RD-0004952,SH-00099,LG-000188,2026-07-18 00:51:00,7.3
RD-0004953,SH-00099,LG-000188,2026-07-18 01:21:00,-0.2
RD-0004954,SH-00099,LG-000188,2026-07-18 01:51:00,-2.1
RD-0004955,SH-00099,LG-000188,2026-07-18 02:21:00,0.8
RD-0004956,SH-00099,LG-000188,2026-07-18 02:51:00,0.3
RD-0004957,SH-00099,LG-000189,2026-07-18 03:21:00,-18.8
RD-0004958,SH-00099,LG-000189,2026-07-18 03:51:00,-17.9
RD-0004959,SH-00099,LG-000189,2026-07-18 04:21:00,-18.1
RD-0004960,SH-00099,LG-000189,2026-07-18 04:51:00,-13.3
RD-0004961,SH-00099,LG-000189,2026-07-18 05:21:00,-13.1
RD-0004962,SH-00099,LG-000189,2026-07-18 05:51:00,-17.7
RD-0004963,SH-00099,LG-000189,2026-07-18 06:21:00,-17.0
RD-0004964,SH-00099,LG-000189,2026-07-18 06:51:00,-18.8
RD-0004965,SH-00099,LG-000189,2026-07-18 07:21:00,-19.5
RD-0004966,SH-00099,LG-000189,2026-07-18 07:51:00,-10.8
RD-0004967,SH-00099,LG-000189,2026-07-18 08:21:00,-10.4
RD-0004968,SH-00099,LG-000189,2026-07-18 08:51:00,-18.4
RD-0004969,SH-00099,LG-000189,2026-07-18 09:21:00,-17.9
RD-0004970,SH-00099,LG-000189,2026-07-18 09:51:00,-19.4
RD-0004971,SH-00099,LG-000189,2026-07-18 10:21:00,-18.5
RD-0004972,SH-00099,LG-000189,2026-07-18 10:51:00,-10.9
RD-0004973,SH-00099,LG-000189,2026-07-18 11:21:00,-14.1
RD-0004974,SH-00099,LG-000189,2026-07-18 11:51:00,-9.9
RD-0004975,SH-00099,LG-000189,2026-07-18 12:21:00,-17.5
RD-0004976,SH-00099,LG-000189,2026-07-18 12:51:00,-17.3
RD-0004977,SH-00100,LG-000190,2026-07-05 04:45:00,-14.0
RD-0004978,SH-00100,LG-000190,2026-07-05 05:15:00,-11.5
RD-0004979,SH-00100,LG-000190,2026-07-05 05:45:00,-12.4
RD-0004980,SH-00100,LG-000190,2026-07-05 06:15:00,-17.9
RD-0004981,SH-00100,LG-000190,2026-07-05 06:45:00,-16.8
RD-0004982,SH-00100,LG-000190,2026-07-05 07:15:00,-12.9
RD-0004983,SH-00100,LG-000190,2026-07-05 07:45:00,-18.1
RD-0004984,SH-00100,LG-000190,2026-07-05 08:15:00,-18.8
RD-0004985,SH-00100,LG-000190,2026-07-05 08:45:00,-16.6
RD-0004986,SH-00100,LG-000190,2026-07-05 09:15:00,-11.7
RD-0004987,SH-00100,LG-000190,2026-07-05 09:45:00,-19.1
RD-0004988,SH-00100,LG-000190,2026-07-05 10:15:00,-17.4
RD-0004989,SH-00100,LG-000190,2026-07-05 10:45:00,-17.8
RD-0004990,SH-00100,LG-000190,2026-07-05 11:15:00,-17.4
RD-0004991,SH-00100,LG-000190,2026-07-05 11:45:00,-18.6
RD-0004992,SH-00100,LG-000190,2026-07-05 12:15:00,-16.8
RD-0004993,SH-00100,LG-000191,2026-07-05 12:45:00,-18.9
RD-0004994,SH-00100,LG-000191,2026-07-05 13:15:00,-13.0
RD-0004995,SH-00100,LG-000191,2026-07-05 13:45:00,-17.4
RD-0004996,SH-00100,LG-000191,2026-07-05 14:15:00,-12.3
RD-0004997,SH-00100,LG-000191,2026-07-05 14:45:00,-18.3
RD-0004998,SH-00100,LG-000191,2026-07-05 15:15:00,-17.9
RD-0004999,SH-00100,LG-000191,2026-07-05 15:45:00,-18.4
RD-0005000,SH-00100,LG-000191,2026-07-05 16:15:00,-18.2
RD-0005001,SH-00100,LG-000191,2026-07-05 16:45:00,-17.0
RD-0005002,SH-00100,LG-000191,2026-07-05 17:15:00,-17.6
RD-0005003,SH-00100,LG-000191,2026-07-05 17:45:00,-12.7
RD-0005004,SH-00100,LG-000191,2026-07-05 18:15:00,-18.8
RD-0005005,SH-00100,LG-000191,2026-07-05 18:45:00,-18.0
RD-0005006,SH-00100,LG-000191,2026-07-05 19:15:00,-19.1
RD-0005007,SH-00100,LG-000191,2026-07-05 19:45:00,-16.2
RD-0005008,SH-00100,LG-000191,2026-07-05 20:15:00,-18.7
RD-0005009,SH-00100,LG-000192,2026-07-05 20:45:00,-17.5
RD-0005010,SH-00100,LG-000192,2026-07-05 21:15:00,-17.8
RD-0005011,SH-00100,LG-000192,2026-07-05 21:45:00,-18.2
RD-0005012,SH-00100,LG-000192,2026-07-05 22:15:00,-18.6
RD-0005013,SH-00100,LG-000192,2026-07-05 22:45:00,-19.8
RD-0005014,SH-00100,LG-000192,2026-07-05 23:15:00,-18.0
RD-0005015,SH-00100,LG-000192,2026-07-05 23:45:00,-19.2
RD-0005016,SH-00100,LG-000192,2026-07-06 00:15:00,-18.3
RD-0005017,SH-00100,LG-000192,2026-07-06 00:45:00,-17.8
RD-0005018,SH-00100,LG-000192,2026-07-06 01:15:00,-11.9
RD-0005019,SH-00100,LG-000192,2026-07-06 01:45:00,-17.9
RD-0005020,SH-00100,LG-000192,2026-07-06 02:15:00,-19.1
RD-0005021,SH-00100,LG-000192,2026-07-06 02:45:00,-10.7
RD-0005022,SH-00100,LG-000192,2026-07-06 03:15:00,-12.9
RD-0005023,SH-00100,LG-000192,2026-07-06 03:45:00,-9.9
RD-0005024,SH-00100,LG-000192,2026-07-06 04:15:00,-18.1
RD-0005025,SH-00101,LG-000193,2026-08-11 05:44:00,-17.9
RD-0005026,SH-00101,LG-000193,2026-08-11 06:14:00,-18.1
RD-0005027,SH-00101,LG-000193,2026-08-11 06:44:00,-18.4
RD-0005028,SH-00101,LG-000193,2026-08-11 07:14:00,-18.1
RD-0005029,SH-00101,LG-000193,2026-08-11 07:44:00,-18.3
RD-0005030,SH-00101,LG-000193,2026-08-11 08:14:00,-18.3
RD-0005031,SH-00101,LG-000193,2026-08-11 08:44:00,-17.7
RD-0005032,SH-00101,LG-000193,2026-08-11 09:14:00,-17.6
RD-0005033,SH-00101,LG-000193,2026-08-11 09:44:00,-17.1
RD-0005034,SH-00101,LG-000193,2026-08-11 10:14:00,-16.7
RD-0005035,SH-00101,LG-000193,2026-08-11 10:44:00,-18.5
RD-0005036,SH-00101,LG-000193,2026-08-11 11:14:00,-16.9
RD-0005037,SH-00101,LG-000193,2026-08-11 11:44:00,-18.7
RD-0005038,SH-00101,LG-000193,2026-08-11 12:14:00,-17.4
RD-0005039,SH-00101,LG-000193,2026-08-11 12:44:00,-17.6
RD-0005040,SH-00101,LG-000193,2026-08-11 13:14:00,-19.5
RD-0005041,SH-00101,LG-000194,2026-08-11 13:44:00,-18.3
RD-0005042,SH-00101,LG-000194,2026-08-11 14:14:00,-17.6
RD-0005043,SH-00101,LG-000194,2026-08-11 14:44:00,-17.5
RD-0005044,SH-00101,LG-000194,2026-08-11 15:14:00,-17.5
RD-0005045,SH-00101,LG-000194,2026-08-11 15:44:00,-18.5
RD-0005046,SH-00101,LG-000194,2026-08-11 16:14:00,-18.3
RD-0005047,SH-00101,LG-000194,2026-08-11 16:44:00,-17.4
RD-0005048,SH-00101,LG-000194,2026-08-11 17:14:00,-18.5
RD-0005049,SH-00101,LG-000194,2026-08-11 17:44:00,-18.0
RD-0005050,SH-00101,LG-000194,2026-08-11 18:14:00,-18.3
RD-0005051,SH-00101,LG-000194,2026-08-11 18:44:00,-17.8
RD-0005052,SH-00101,LG-000194,2026-08-11 19:14:00,-18.8
RD-0005053,SH-00101,LG-000194,2026-08-11 19:44:00,-16.9
RD-0005054,SH-00101,LG-000194,2026-08-11 20:14:00,-19.0
RD-0005055,SH-00101,LG-000194,2026-08-11 20:44:00,-17.8
RD-0005056,SH-00101,LG-000194,2026-08-11 21:14:00,-19.0
RD-0005057,SH-00102,LG-000195,2026-07-11 01:34:00,3.9
RD-0005058,SH-00102,LG-000195,2026-07-11 02:04:00,3.5
RD-0005059,SH-00102,LG-000195,2026-07-11 02:34:00,2.8
RD-0005060,SH-00102,LG-000195,2026-07-11 03:04:00,3.4
RD-0005061,SH-00102,LG-000195,2026-07-11 03:34:00,4.5
RD-0005062,SH-00102,LG-000195,2026-07-11 04:04:00,4.0
RD-0005063,SH-00102,LG-000195,2026-07-11 04:34:00,2.7
RD-0005064,SH-00102,LG-000195,2026-07-11 05:04:00,3.7
RD-0005065,SH-00102,LG-000195,2026-07-11 05:34:00,4.0
RD-0005066,SH-00102,LG-000195,2026-07-11 06:04:00,4.0
RD-0005067,SH-00102,LG-000195,2026-07-11 06:34:00,3.6
RD-0005068,SH-00102,LG-000195,2026-07-11 07:04:00,3.7
RD-0005069,SH-00102,LG-000195,2026-07-11 07:34:00,4.1
RD-0005070,SH-00102,LG-000195,2026-07-11 08:04:00,4.8
RD-0005071,SH-00102,LG-000196,2026-07-11 08:34:00,4.1
RD-0005072,SH-00102,LG-000196,2026-07-11 09:04:00,3.9
RD-0005073,SH-00102,LG-000196,2026-07-11 09:34:00,5.2
RD-0005074,SH-00102,LG-000196,2026-07-11 10:04:00,3.4
RD-0005075,SH-00102,LG-000196,2026-07-11 10:34:00,4.2
RD-0005076,SH-00102,LG-000196,2026-07-11 11:04:00,4.2
RD-0005077,SH-00102,LG-000196,2026-07-11 11:34:00,4.7
RD-0005078,SH-00102,LG-000196,2026-07-11 12:04:00,3.0
RD-0005079,SH-00102,LG-000196,2026-07-11 12:34:00,4.5
RD-0005080,SH-00102,LG-000196,2026-07-11 13:04:00,2.4
RD-0005081,SH-00102,LG-000196,2026-07-11 13:34:00,4.1
RD-0005082,SH-00102,LG-000196,2026-07-11 14:04:00,2.9
RD-0005083,SH-00102,LG-000196,2026-07-11 14:34:00,3.9
RD-0005084,SH-00102,LG-000196,2026-07-11 15:04:00,3.6
RD-0005085,SH-00103,LG-000197,2026-07-16 19:06:00,4.4
RD-0005086,SH-00103,LG-000197,2026-07-16 19:36:00,3.7
RD-0005087,SH-00103,LG-000197,2026-07-16 20:06:00,3.6
RD-0005088,SH-00103,LG-000197,2026-07-16 20:36:00,4.3
RD-0005089,SH-00103,LG-000197,2026-07-16 21:06:00,3.5
RD-0005090,SH-00103,LG-000197,2026-07-16 21:36:00,2.9
RD-0005091,SH-00103,LG-000197,2026-07-16 22:06:00,4.7
RD-0005092,SH-00103,LG-000197,2026-07-16 22:36:00,3.4
RD-0005093,SH-00103,LG-000197,2026-07-16 23:06:00,2.6
RD-0005094,SH-00103,LG-000197,2026-07-16 23:36:00,3.5
RD-0005095,SH-00103,LG-000197,2026-07-17 00:06:00,4.4
RD-0005096,SH-00103,LG-000197,2026-07-17 00:36:00,3.6
RD-0005097,SH-00103,LG-000197,2026-07-17 01:06:00,5.0
RD-0005098,SH-00103,LG-000197,2026-07-17 01:36:00,3.3
RD-0005099,SH-00103,LG-000197,2026-07-17 02:06:00,4.7
RD-0005100,SH-00103,LG-000197,2026-07-17 02:36:00,3.8
RD-0005101,SH-00103,LG-000197,2026-07-17 03:06:00,4.7
RD-0005102,SH-00103,LG-000197,2026-07-17 03:36:00,4.8
RD-0005103,SH-00103,LG-000197,2026-07-17 04:06:00,5.9
RD-0005104,SH-00103,LG-000197,2026-07-17 04:36:00,4.5
RD-0005105,SH-00103,LG-000197,2026-07-17 05:06:00,3.7
RD-0005106,SH-00103,LG-000197,2026-07-17 05:36:00,3.8
RD-0005107,SH-00103,LG-000197,2026-07-17 06:06:00,4.5
RD-0005108,SH-00103,LG-000197,2026-07-17 06:36:00,4.4
RD-0005109,SH-00104,LG-000198,2026-07-21 12:45:00,5.5
RD-0005110,SH-00104,LG-000198,2026-07-21 13:15:00,6.3
RD-0005111,SH-00104,LG-000198,2026-07-21 13:45:00,7.4
RD-0005112,SH-00104,LG-000198,2026-07-21 14:15:00,3.7
RD-0005113,SH-00104,LG-000198,2026-07-21 14:45:00,5.3
RD-0005114,SH-00104,LG-000198,2026-07-21 15:15:00,5.0
RD-0005115,SH-00104,LG-000198,2026-07-21 15:45:00,6.0
RD-0005116,SH-00104,LG-000198,2026-07-21 16:15:00,5.6
RD-0005117,SH-00104,LG-000198,2026-07-21 16:45:00,4.0
RD-0005118,SH-00104,LG-000198,2026-07-21 17:15:00,5.1
RD-0005119,SH-00104,LG-000198,2026-07-21 17:45:00,5.5
RD-0005120,SH-00104,LG-000198,2026-07-21 18:15:00,4.3
RD-0005121,SH-00104,LG-000198,2026-07-21 18:45:00,4.8
RD-0005122,SH-00104,LG-000198,2026-07-21 19:15:00,5.2
RD-0005123,SH-00104,LG-000198,2026-07-21 19:45:00,4.3
RD-0005124,SH-00104,LG-000198,2026-07-21 20:15:00,5.0
RD-0005125,SH-00104,LG-000198,2026-07-21 20:45:00,5.0
RD-0005126,SH-00104,LG-000198,2026-07-21 21:15:00,5.3
RD-0005127,SH-00104,LG-000198,2026-07-21 21:45:00,5.6
RD-0005128,SH-00104,LG-000198,2026-07-21 22:15:00,5.1
RD-0005129,SH-00104,LG-000198,2026-07-21 22:45:00,5.1
RD-0005130,SH-00104,LG-000198,2026-07-21 23:15:00,6.5
RD-0005131,SH-00104,LG-000198,2026-07-21 23:45:00,3.7
RD-0005132,SH-00104,LG-000198,2026-07-22 00:15:00,5.2
RD-0005133,SH-00104,LG-000198,2026-07-22 00:45:00,5.8
RD-0005134,SH-00104,LG-000198,2026-07-22 01:15:00,5.2
RD-0005135,SH-00104,LG-000198,2026-07-22 01:45:00,5.2
RD-0005136,SH-00104,LG-000198,2026-07-22 02:15:00,4.9
RD-0005137,SH-00104,LG-000198,2026-07-22 02:45:00,4.6
RD-0005138,SH-00104,LG-000198,2026-07-22 03:15:00,5.6
RD-0005139,SH-00104,LG-000198,2026-07-22 03:45:00,5.1
RD-0005140,SH-00104,LG-000198,2026-07-22 04:15:00,5.6
RD-0005141,SH-00104,LG-000198,2026-07-22 04:45:00,5.8
RD-0005142,SH-00104,LG-000198,2026-07-22 05:15:00,4.8
RD-0005143,SH-00104,LG-000198,2026-07-22 05:45:00,4.8
RD-0005144,SH-00104,LG-000198,2026-07-22 06:15:00,4.0
RD-0005145,SH-00104,LG-000198,2026-07-22 06:45:00,4.6
RD-0005146,SH-00104,LG-000198,2026-07-22 07:15:00,4.1
RD-0005147,SH-00104,LG-000198,2026-07-22 07:45:00,4.1
RD-0005148,SH-00104,LG-000198,2026-07-22 08:15:00,3.3
RD-0005149,SH-00104,LG-000198,2026-07-22 08:45:00,5.4
RD-0005150,SH-00104,LG-000198,2026-07-22 09:15:00,5.1
RD-0005151,SH-00104,LG-000198,2026-07-22 09:45:00,4.1
RD-0005152,SH-00104,LG-000198,2026-07-22 10:15:00,3.6
RD-0005153,SH-00104,LG-000198,2026-07-22 10:45:00,5.3
RD-0005154,SH-00104,LG-000198,2026-07-22 11:15:00,4.6
RD-0005155,SH-00104,LG-000198,2026-07-22 11:45:00,4.4
RD-0005156,SH-00104,LG-000198,2026-07-22 12:15:00,5.4
RD-0005157,SH-00104,LG-000198,2026-07-22 12:45:00,4.6
RD-0005158,SH-00104,LG-000198,2026-07-22 13:15:00,4.6
RD-0005159,SH-00104,LG-000198,2026-07-22 13:45:00,4.2
RD-0005160,SH-00104,LG-000198,2026-07-22 14:15:00,4.3
RD-0005161,SH-00104,LG-000198,2026-07-22 14:45:00,4.5
RD-0005162,SH-00104,LG-000198,2026-07-22 15:15:00,3.6
RD-0005163,SH-00104,LG-000198,2026-07-22 15:45:00,6.6
RD-0005164,SH-00104,LG-000198,2026-07-22 16:15:00,5.6
RD-0005165,SH-00104,LG-000198,2026-07-22 16:45:00,6.3
RD-0005166,SH-00104,LG-000198,2026-07-22 17:15:00,4.2
RD-0005167,SH-00104,LG-000198,2026-07-22 17:45:00,5.4
RD-0005168,SH-00104,LG-000198,2026-07-22 18:15:00,4.7
RD-0005169,SH-00104,LG-000198,2026-07-22 18:45:00,5.8
RD-0005170,SH-00104,LG-000198,2026-07-22 19:15:00,4.6
RD-0005171,SH-00104,LG-000198,2026-07-22 19:45:00,5.6
RD-0005172,SH-00104,LG-000198,2026-07-22 20:15:00,5.5
RD-0005173,SH-00104,LG-000198,2026-07-22 20:45:00,4.5
RD-0005174,SH-00104,LG-000198,2026-07-22 21:15:00,4.8
RD-0005175,SH-00104,LG-000198,2026-07-22 21:45:00,5.8
RD-0005176,SH-00104,LG-000198,2026-07-22 22:15:00,4.9
RD-0005177,SH-00104,LG-000198,2026-07-22 22:45:00,5.3
RD-0005178,SH-00104,LG-000198,2026-07-22 23:15:00,4.4
RD-0005179,SH-00104,LG-000198,2026-07-22 23:45:00,7.2
RD-0005180,SH-00104,LG-000198,2026-07-23 00:15:00,4.5
RD-0005181,SH-00104,LG-000198,2026-07-23 00:45:00,4.9
RD-0005182,SH-00104,LG-000198,2026-07-23 01:15:00,4.3
RD-0005183,SH-00105,LG-000199,2026-07-13 20:48:00,-16.8
RD-0005184,SH-00105,LG-000199,2026-07-13 21:18:00,-17.8
RD-0005185,SH-00105,LG-000199,2026-07-13 21:48:00,-18.5
RD-0005186,SH-00105,LG-000199,2026-07-13 22:18:00,-18.7
RD-0005187,SH-00105,LG-000199,2026-07-13 22:48:00,-18.1
RD-0005188,SH-00105,LG-000199,2026-07-13 23:18:00,-18.0
RD-0005189,SH-00105,LG-000199,2026-07-13 23:48:00,-18.1
RD-0005190,SH-00105,LG-000199,2026-07-14 00:18:00,-18.3
RD-0005191,SH-00105,LG-000199,2026-07-14 00:48:00,-999
RD-0005192,SH-00105,LG-000199,2026-07-14 01:18:00,-18.1
RD-0005193,SH-00105,LG-000199,2026-07-14 01:48:00,-16.6
RD-0005194,SH-00105,LG-000199,2026-07-14 02:18:00,-17.5
RD-0005195,SH-00105,LG-000199,2026-07-14 02:48:00,-16.7
RD-0005196,SH-00105,LG-000199,2026-07-14 03:18:00,-17.5
RD-0005197,SH-00105,LG-000199,2026-07-14 03:48:00,-17.7
RD-0005198,SH-00105,LG-000199,2026-07-14 04:18:00,-17.5
RD-0005199,SH-00105,LG-000199,2026-07-14 04:48:00,-16.9
RD-0005200,SH-00105,LG-000199,2026-07-14 05:18:00,-17.8
RD-0005201,SH-00105,LG-000199,2026-07-14 05:48:00,-17.3
RD-0005202,SH-00105,LG-000199,2026-07-14 06:18:00,-17.8
RD-0005203,SH-00105,LG-000199,2026-07-14 06:48:00,-17.4
RD-0005204,SH-00105,LG-000199,2026-07-14 07:18:00,-17.0
RD-0005205,SH-00105,LG-000199,2026-07-14 07:48:00,-18.6
RD-0005206,SH-00105,LG-000199,2026-07-14 08:18:00,-18.2
RD-0005207,SH-00105,LG-000199,2026-07-14 08:48:00,-18.0
RD-0005208,SH-00105,LG-000199,2026-07-14 09:18:00,-18.2
RD-0005209,SH-00105,LG-000199,2026-07-14 09:48:00,-19.3
RD-0005210,SH-00105,LG-000199,2026-07-14 10:18:00,-18.3
RD-0005211,SH-00105,LG-000199,2026-07-14 10:48:00,-16.2
RD-0005212,SH-00105,LG-000199,2026-07-14 11:18:00,-17.8
RD-0005213,SH-00105,LG-000200,2026-07-14 11:48:00,-18.1
RD-0005214,SH-00105,LG-000200,2026-07-14 12:18:00,-16.2
RD-0005215,SH-00105,LG-000200,2026-07-14 12:48:00,-17.7
RD-0005216,SH-00105,LG-000200,2026-07-14 13:18:00,-17.0
RD-0005217,SH-00105,LG-000200,2026-07-14 13:48:00,-18.6
RD-0005218,SH-00105,LG-000200,2026-07-14 14:18:00,-18.7
RD-0005219,SH-00105,LG-000200,2026-07-14 14:48:00,-16.1
RD-0005220,SH-00105,LG-000200,2026-07-14 15:18:00,-17.7
RD-0005221,SH-00105,LG-000200,2026-07-14 15:48:00,-19.4
RD-0005222,SH-00105,LG-000200,2026-07-14 16:18:00,-20.1
RD-0005223,SH-00105,LG-000200,2026-07-14 16:48:00,-17.4
RD-0005224,SH-00105,LG-000200,2026-07-14 17:18:00,-18.8
RD-0005225,SH-00105,LG-000200,2026-07-14 17:48:00,-17.1
RD-0005226,SH-00105,LG-000200,2026-07-14 18:18:00,-17.6
RD-0005227,SH-00105,LG-000200,2026-07-14 18:48:00,-18.7
RD-0005228,SH-00105,LG-000200,2026-07-14 19:18:00,-18.5
RD-0005229,SH-00105,LG-000200,2026-07-14 19:48:00,-17.1
RD-0005230,SH-00105,LG-000200,2026-07-14 20:18:00,-18.2
RD-0005231,SH-00105,LG-000200,2026-07-14 20:48:00,-18.0
RD-0005232,SH-00105,LG-000200,2026-07-14 21:18:00,-18.4
RD-0005233,SH-00105,LG-000200,2026-07-14 21:48:00,-17.5
RD-0005234,SH-00105,LG-000200,2026-07-14 22:18:00,-17.2
RD-0005235,SH-00105,LG-000200,2026-07-14 22:48:00,-18.6
RD-0005236,SH-00105,LG-000200,2026-07-14 23:18:00,-17.9
RD-0005237,SH-00105,LG-000200,2026-07-14 23:48:00,-18.6
RD-0005238,SH-00105,LG-000200,2026-07-15 00:18:00,-16.6
RD-0005239,SH-00105,LG-000200,2026-07-15 00:48:00,-18.8
RD-0005240,SH-00105,LG-000200,2026-07-15 01:18:00,-17.7
RD-0005241,SH-00105,LG-000200,2026-07-15 01:48:00,-18.7
RD-0005242,SH-00105,LG-000200,2026-07-15 02:18:00,-18.5
RD-0005243,SH-00106,LG-000201,2026-07-14 11:32:00,5.0
RD-0005244,SH-00106,LG-000201,2026-07-14 12:02:00,2.7
RD-0005245,SH-00106,LG-000201,2026-07-14 12:32:00,4.4
RD-0005246,SH-00106,LG-000201,2026-07-14 13:02:00,4.0
RD-0005247,SH-00106,LG-000201,2026-07-14 13:32:00,3.3
RD-0005248,SH-00106,LG-000201,2026-07-14 14:02:00,5.5
RD-0005249,SH-00106,LG-000201,2026-07-14 14:32:00,4.8
RD-0005250,SH-00106,LG-000201,2026-07-14 15:02:00,4.0
RD-0005251,SH-00106,LG-000201,2026-07-14 15:32:00,4.2
RD-0005252,SH-00106,LG-000201,2026-07-14 16:02:00,5.7
RD-0005253,SH-00106,LG-000201,2026-07-14 16:32:00,4.9
RD-0005254,SH-00106,LG-000201,2026-07-14 17:02:00,5.2
RD-0005255,SH-00106,LG-000201,2026-07-14 17:32:00,3.9
RD-0005256,SH-00106,LG-000201,2026-07-14 18:02:00,3.7
RD-0005257,SH-00106,LG-000201,2026-07-14 18:32:00,4.3
RD-0005258,SH-00106,LG-000201,2026-07-14 19:02:00,4.3
RD-0005259,SH-00106,LG-000201,2026-07-14 19:32:00,5.2
RD-0005260,SH-00106,LG-000201,2026-07-14 20:02:00,4.9
RD-0005261,SH-00106,LG-000201,2026-07-14 20:32:00,4.0
RD-0005262,SH-00106,LG-000201,2026-07-14 21:02:00,4.9
RD-0005263,SH-00106,LG-000201,2026-07-14 21:32:00,5.7
RD-0005264,SH-00106,LG-000201,2026-07-14 22:02:00,2.8
RD-0005265,SH-00106,LG-000201,2026-07-14 22:32:00,4.3
RD-0005266,SH-00106,LG-000201,2026-07-14 23:02:00,4.5
RD-0005267,SH-00106,LG-000201,2026-07-14 23:32:00,3.8
RD-0005268,SH-00106,LG-000201,2026-07-15 00:02:00,4.0
RD-0005269,SH-00106,LG-000201,2026-07-15 00:32:00,3.9
RD-0005270,SH-00106,LG-000201,2026-07-15 01:02:00,3.4
RD-0005271,SH-00106,LG-000201,2026-07-15 01:32:00,4.8
RD-0005272,SH-00106,LG-000201,2026-07-15 02:02:00,4.2
RD-0005273,SH-00106,LG-000201,2026-07-15 02:32:00,2.6
RD-0005274,SH-00106,LG-000201,2026-07-15 03:02:00,4.0
RD-0005275,SH-00106,LG-000201,2026-07-15 03:32:00,4.3
RD-0005276,SH-00106,LG-000201,2026-07-15 04:02:00,2.8
RD-0005277,SH-00106,LG-000201,2026-07-15 04:32:00,4.1
RD-0005278,SH-00106,LG-000201,2026-07-15 05:02:00,3.9
RD-0005279,SH-00106,LG-000201,2026-07-15 05:32:00,4.4
RD-0005280,SH-00106,LG-000201,2026-07-15 06:02:00,3.5
RD-0005281,SH-00106,LG-000201,2026-07-15 06:32:00,2.5
RD-0005282,SH-00106,LG-000201,2026-07-15 07:02:00,4.5
RD-0005283,SH-00106,LG-000201,2026-07-15 07:32:00,3.0
RD-0005284,SH-00106,LG-000201,2026-07-15 08:02:00,5.0
RD-0005285,SH-00106,LG-000201,2026-07-15 08:32:00,4.7
RD-0005286,SH-00106,LG-000201,2026-07-15 09:02:00,4.0
RD-0005287,SH-00106,LG-000201,2026-07-15 09:32:00,4.3
RD-0005288,SH-00106,LG-000201,2026-07-15 10:02:00,3.7
RD-0005289,SH-00106,LG-000201,2026-07-15 10:32:00,4.2
RD-0005290,SH-00106,LG-000201,2026-07-15 11:02:00,4.1
RD-0005291,SH-00106,LG-000201,2026-07-15 11:32:00,3.5
RD-0005292,SH-00106,LG-000201,2026-07-15 12:02:00,4.4
RD-0005293,SH-00106,LG-000201,2026-07-15 12:32:00,6.3
RD-0005294,SH-00106,LG-000201,2026-07-15 13:02:00,5.0
RD-0005295,SH-00106,LG-000201,2026-07-15 13:32:00,3.9
RD-0005296,SH-00106,LG-000201,2026-07-15 14:02:00,5.4
RD-0005297,SH-00106,LG-000201,2026-07-15 14:32:00,1.9
RD-0005298,SH-00106,LG-000201,2026-07-15 15:02:00,3.2
RD-0005299,SH-00106,LG-000201,2026-07-15 15:32:00,4.5
RD-0005300,SH-00106,LG-000201,2026-07-15 16:02:00,3.5
RD-0005301,SH-00106,LG-000201,2026-07-15 16:32:00,3.9
RD-0005302,SH-00106,LG-000201,2026-07-15 17:02:00,4.2
RD-0005303,SH-00106,LG-000201,2026-07-15 17:32:00,5.7
RD-0005304,SH-00106,LG-000201,2026-07-15 18:02:00,3.5
RD-0005305,SH-00106,LG-000201,2026-07-15 18:32:00,2.9
RD-0005306,SH-00106,LG-000201,2026-07-15 19:02:00,3.4
RD-0005307,SH-00106,LG-000201,2026-07-15 19:32:00,4.2
RD-0005308,SH-00106,LG-000201,2026-07-15 20:02:00,3.5
RD-0005309,SH-00106,LG-000201,2026-07-15 20:32:00,5.3
RD-0005310,SH-00106,LG-000201,2026-07-15 21:02:00,5.2
RD-0005311,SH-00106,LG-000201,2026-07-15 21:32:00,4.4
RD-0005312,SH-00106,LG-000201,2026-07-15 22:02:00,5.2
RD-0005313,SH-00106,LG-000201,2026-07-15 22:32:00,3.0
RD-0005314,SH-00106,LG-000201,2026-07-15 23:02:00,4.0
RD-0005315,SH-00106,LG-000201,2026-07-15 23:32:00,4.8
RD-0005316,SH-00106,LG-000201,2026-07-16 00:02:00,3.6
RD-0005317,SH-00106,LG-000201,2026-07-16 00:32:00,3.6
RD-0005318,SH-00106,LG-000201,2026-07-16 01:02:00,5.1
RD-0005319,SH-00107,LG-000202,2026-06-07 18:42:00,3.3
RD-0005320,SH-00107,LG-000202,2026-06-07 19:12:00,4.7
RD-0005321,SH-00107,LG-000202,2026-06-07 19:42:00,3.5
RD-0005322,SH-00107,LG-000202,2026-06-07 20:12:00,5.1
RD-0005323,SH-00107,LG-000202,2026-06-07 20:42:00,4.7
RD-0005324,SH-00107,LG-000202,2026-06-07 21:12:00,3.7
RD-0005325,SH-00107,LG-000202,2026-06-07 21:42:00,3.9
RD-0005326,SH-00107,LG-000202,2026-06-07 22:12:00,4.5
RD-0005327,SH-00107,LG-000202,2026-06-07 22:42:00,4.6
RD-0005328,SH-00107,LG-000202,2026-06-07 23:12:00,3.2
RD-0005329,SH-00107,LG-000202,2026-06-07 23:42:00,3.4
RD-0005330,SH-00107,LG-000202,2026-06-08 00:12:00,6.2
RD-0005331,SH-00107,LG-000202,2026-06-08 00:42:00,4.6
RD-0005332,SH-00107,LG-000202,2026-06-08 01:12:00,3.9
RD-0005333,SH-00107,LG-000202,2026-06-08 01:42:00,4.5
RD-0005334,SH-00107,LG-000202,2026-06-08 02:12:00,4.2
RD-0005335,SH-00107,LG-000202,2026-06-08 02:42:00,4.8
RD-0005336,SH-00107,LG-000202,2026-06-08 03:12:00,4.7
RD-0005337,SH-00107,LG-000202,2026-06-08 03:42:00,3.4
RD-0005338,SH-00107,LG-000202,2026-06-08 04:12:00,4.1
RD-0005339,SH-00107,LG-000202,2026-06-08 04:42:00,3.8
RD-0005340,SH-00107,LG-000202,2026-06-08 05:12:00,4.0
RD-0005341,SH-00107,LG-000202,2026-06-08 05:42:00,4.0
RD-0005342,SH-00107,LG-000202,2026-06-08 06:12:00,4.3
RD-0005343,SH-00107,LG-000202,2026-06-08 06:42:00,4.1
RD-0005344,SH-00107,LG-000202,2026-06-08 07:12:00,3.5
RD-0005345,SH-00107,LG-000202,2026-06-08 07:42:00,-999
RD-0005346,SH-00107,LG-000202,2026-06-08 08:12:00,3.6
RD-0005347,SH-00107,LG-000202,2026-06-08 08:42:00,2.4
RD-0005348,SH-00107,LG-000202,2026-06-08 09:12:00,5.5
RD-0005349,SH-00107,LG-000202,2026-06-08 09:42:00,3.9
RD-0005350,SH-00107,LG-000202,2026-06-08 10:12:00,4.0
RD-0005351,SH-00107,LG-000202,2026-06-08 10:42:00,4.0
RD-0005352,SH-00107,LG-000202,2026-06-08 11:12:00,3.8
RD-0005353,SH-00107,LG-000202,2026-06-08 11:42:00,2.8
RD-0005354,SH-00107,LG-000202,2026-06-08 12:12:00,3.6
RD-0005355,SH-00107,LG-000202,2026-06-08 12:42:00,4.4
RD-0005356,SH-00107,LG-000202,2026-06-08 13:12:00,5.0
RD-0005357,SH-00107,LG-000202,2026-06-08 13:42:00,3.7
RD-0005358,SH-00107,LG-000202,2026-06-08 14:12:00,3.3
RD-0005359,SH-00107,LG-000202,2026-06-08 14:42:00,4.5
RD-0005360,SH-00107,LG-000202,2026-06-08 15:12:00,3.9
RD-0005361,SH-00107,LG-000202,2026-06-08 15:42:00,4.4
RD-0005362,SH-00107,LG-000202,2026-06-08 16:12:00,2.5
RD-0005363,SH-00107,LG-000202,2026-06-08 16:42:00,4.3
RD-0005364,SH-00107,LG-000202,2026-06-08 17:12:00,4.5
RD-0005365,SH-00107,LG-000202,2026-06-08 17:42:00,5.1
RD-0005366,SH-00107,LG-000202,2026-06-08 18:12:00,2.6
RD-0005367,SH-00108,LG-000203,2026-08-02 18:11:00,4.0
RD-0005368,SH-00108,LG-000203,2026-08-02 18:41:00,4.5
RD-0005369,SH-00108,LG-000203,2026-08-02 19:11:00,4.7
RD-0005370,SH-00108,LG-000203,2026-08-02 19:41:00,3.8
RD-0005371,SH-00108,LG-000203,2026-08-02 20:11:00,3.8
RD-0005372,SH-00108,LG-000203,2026-08-02 20:41:00,5.1
RD-0005373,SH-00108,LG-000203,2026-08-02 21:11:00,3.2
RD-0005374,SH-00108,LG-000203,2026-08-02 21:41:00,4.8
RD-0005375,SH-00108,LG-000203,2026-08-02 22:11:00,4.1
RD-0005376,SH-00108,LG-000203,2026-08-02 22:41:00,2.6
RD-0005377,SH-00108,LG-000203,2026-08-02 23:11:00,4.0
RD-0005378,SH-00108,LG-000203,2026-08-02 23:41:00,5.0
RD-0005379,SH-00108,LG-000203,2026-08-03 00:11:00,3.6
RD-0005380,SH-00108,LG-000203,2026-08-03 00:41:00,2.7
RD-0005381,SH-00108,LG-000203,2026-08-03 01:11:00,3.3
RD-0005382,SH-00108,LG-000203,2026-08-03 01:41:00,3.3
RD-0005383,SH-00108,LG-000203,2026-08-03 02:11:00,3.4
RD-0005384,SH-00108,LG-000203,2026-08-03 02:41:00,5.2
RD-0005385,SH-00108,LG-000203,2026-08-03 03:11:00,3.7
RD-0005386,SH-00108,LG-000203,2026-08-03 03:41:00,4.5
RD-0005387,SH-00109,LG-000204,2026-06-18 02:13:00,-0.3
RD-0005388,SH-00109,LG-000204,2026-06-18 02:43:00,1.7
RD-0005389,SH-00109,LG-000204,2026-06-18 03:13:00,-2.8
RD-0005390,SH-00109,LG-000204,2026-06-18 03:43:00,2.3
RD-0005391,SH-00109,LG-000204,2026-06-18 04:13:00,-2.0
RD-0005392,SH-00109,LG-000204,2026-06-18 04:43:00,0.3
RD-0005393,SH-00109,LG-000204,2026-06-18 05:13:00,-0.6
RD-0005394,SH-00109,LG-000204,2026-06-18 05:43:00,-0.1
RD-0005395,SH-00109,LG-000204,2026-06-18 06:13:00,-1.3
RD-0005396,SH-00109,LG-000204,2026-06-18 06:43:00,-1.3
RD-0005397,SH-00109,LG-000205,2026-06-18 07:13:00,-16.9
RD-0005398,SH-00109,LG-000205,2026-06-18 07:43:00,-18.1
RD-0005399,SH-00109,LG-000205,2026-06-18 08:13:00,-17.0
RD-0005400,SH-00109,LG-000205,2026-06-18 08:43:00,-17.5
RD-0005401,SH-00109,LG-000205,2026-06-18 09:13:00,-16.5
RD-0005402,SH-00109,LG-000205,2026-06-18 09:43:00,-19.5
RD-0005403,SH-00109,LG-000205,2026-06-18 10:13:00,-18.2
RD-0005404,SH-00109,LG-000205,2026-06-18 10:43:00,-16.4
RD-0005405,SH-00109,LG-000205,2026-06-18 11:13:00,-17.0
RD-0005406,SH-00109,LG-000205,2026-06-18 11:43:00,-18.9
RD-0005407,SH-00109,LG-000206,2026-06-18 12:13:00,-18.8
RD-0005408,SH-00109,LG-000206,2026-06-18 12:43:00,-18.5
RD-0005409,SH-00109,LG-000206,2026-06-18 13:13:00,-17.2
RD-0005410,SH-00109,LG-000206,2026-06-18 13:43:00,-17.5
RD-0005411,SH-00109,LG-000206,2026-06-18 14:13:00,-17.9
RD-0005412,SH-00109,LG-000206,2026-06-18 14:43:00,-19.1
RD-0005413,SH-00109,LG-000206,2026-06-18 15:13:00,-19.0
RD-0005414,SH-00109,LG-000206,2026-06-18 15:43:00,-16.7
RD-0005415,SH-00109,LG-000206,2026-06-18 16:13:00,-17.9
RD-0005416,SH-00109,LG-000206,2026-06-18 16:43:00,-19.0
RD-0005417,SH-00110,LG-000207,2026-06-03 18:41:00,-17.1
RD-0005418,SH-00110,LG-000207,2026-06-03 19:11:00,-17.0
RD-0005419,SH-00110,LG-000207,2026-06-03 19:41:00,-18.2
RD-0005420,SH-00110,LG-000207,2026-06-03 20:11:00,-18.0
RD-0005421,SH-00110,LG-000207,2026-06-03 20:41:00,-17.2
RD-0005422,SH-00110,LG-000207,2026-06-03 21:11:00,-17.5
RD-0005423,SH-00110,LG-000207,2026-06-03 21:41:00,-17.4
RD-0005424,SH-00110,LG-000207,2026-06-03 22:11:00,-16.8
RD-0005425,SH-00110,LG-000207,2026-06-03 22:41:00,-18.5
RD-0005426,SH-00110,LG-000207,2026-06-03 23:11:00,-17.0
RD-0005427,SH-00110,LG-000207,2026-06-03 23:41:00,-18.3
RD-0005428,SH-00110,LG-000207,2026-06-04 00:11:00,-16.8
RD-0005429,SH-00110,LG-000207,2026-06-04 00:41:00,-19.4
RD-0005430,SH-00110,LG-000207,2026-06-04 01:11:00,-17.3
RD-0005431,SH-00110,LG-000207,2026-06-04 01:41:00,-18.1
RD-0005432,SH-00110,LG-000207,2026-06-04 02:11:00,-17.4
RD-0005433,SH-00110,LG-000207,2026-06-04 02:41:00,-17.7
RD-0005434,SH-00110,LG-000207,2026-06-04 03:11:00,-18.9
RD-0005435,SH-00110,LG-000207,2026-06-04 03:41:00,-16.7
RD-0005436,SH-00110,LG-000207,2026-06-04 04:11:00,-18.5
RD-0005437,SH-00110,LG-000207,2026-06-04 04:41:00,-18.8
RD-0005438,SH-00110,LG-000207,2026-06-04 05:11:00,-18.1
RD-0005439,SH-00110,LG-000207,2026-06-04 05:41:00,-17.9
RD-0005440,SH-00110,LG-000207,2026-06-04 06:11:00,-19.0
RD-0005441,SH-00110,LG-000207,2026-06-04 06:41:00,-19.0
RD-0005442,SH-00110,LG-000207,2026-06-04 07:11:00,-17.2
RD-0005443,SH-00110,LG-000207,2026-06-04 07:41:00,-18.7
RD-0005444,SH-00110,LG-000207,2026-06-04 08:11:00,-18.9
RD-0005445,SH-00110,LG-000207,2026-06-04 08:41:00,-17.7
RD-0005446,SH-00110,LG-000207,2026-06-04 09:11:00,-18.0
RD-0005447,SH-00110,LG-000207,2026-06-04 09:41:00,-16.7
RD-0005448,SH-00110,LG-000207,2026-06-04 10:11:00,-16.5
RD-0005449,SH-00110,LG-000207,2026-06-04 10:41:00,-18.6
RD-0005450,SH-00110,LG-000207,2026-06-04 11:11:00,-17.9
RD-0005451,SH-00110,LG-000207,2026-06-04 11:41:00,-18.4
RD-0005452,SH-00110,LG-000207,2026-06-04 12:11:00,-18.3
RD-0005453,SH-00111,LG-000208,2026-06-14 03:06:00,-16.7
RD-0005454,SH-00111,LG-000208,2026-06-14 03:36:00,-18.3
RD-0005455,SH-00111,LG-000208,2026-06-14 04:06:00,-18.0
RD-0005456,SH-00111,LG-000208,2026-06-14 04:36:00,-18.1
RD-0005457,SH-00111,LG-000208,2026-06-14 05:06:00,-17.9
RD-0005458,SH-00111,LG-000208,2026-06-14 05:36:00,-19.1
RD-0005459,SH-00111,LG-000208,2026-06-14 06:06:00,-11.3
RD-0005460,SH-00111,LG-000208,2026-06-14 06:36:00,-16.8
RD-0005461,SH-00111,LG-000208,2026-06-14 07:06:00,-17.9
RD-0005462,SH-00111,LG-000208,2026-06-14 07:36:00,-17.8
RD-0005463,SH-00111,LG-000208,2026-06-14 08:06:00,-17.8
RD-0005464,SH-00111,LG-000208,2026-06-14 08:36:00,-18.4
RD-0005465,SH-00111,LG-000208,2026-06-14 09:06:00,-17.9
RD-0005466,SH-00111,LG-000208,2026-06-14 09:36:00,-18.4
RD-0005467,SH-00111,LG-000208,2026-06-14 10:06:00,-19.0
RD-0005468,SH-00111,LG-000208,2026-06-14 10:36:00,-18.0
RD-0005469,SH-00111,LG-000209,2026-06-14 11:06:00,-11.2
RD-0005470,SH-00111,LG-000209,2026-06-14 11:36:00,-17.8
RD-0005471,SH-00111,LG-000209,2026-06-14 12:06:00,-17.8
RD-0005472,SH-00111,LG-000209,2026-06-14 12:36:00,-18.0
RD-0005473,SH-00111,LG-000209,2026-06-14 13:06:00,-18.3
RD-0005474,SH-00111,LG-000209,2026-06-14 13:36:00,-17.7
RD-0005475,SH-00111,LG-000209,2026-06-14 14:06:00,-15.8
RD-0005476,SH-00111,LG-000209,2026-06-14 14:36:00,-17.0
RD-0005477,SH-00111,LG-000209,2026-06-14 15:06:00,-17.7
RD-0005478,SH-00111,LG-000209,2026-06-14 15:36:00,-12.9
RD-0005479,SH-00111,LG-000209,2026-06-14 16:06:00,-16.9
RD-0005480,SH-00111,LG-000209,2026-06-14 16:36:00,-16.4
RD-0005481,SH-00111,LG-000209,2026-06-14 17:06:00,-18.3
RD-0005482,SH-00111,LG-000209,2026-06-14 17:36:00,-8.5
RD-0005483,SH-00111,LG-000209,2026-06-14 18:06:00,-17.8
RD-0005484,SH-00111,LG-000209,2026-06-14 18:36:00,-19.6
RD-0005485,SH-00111,LG-000210,2026-06-14 19:06:00,-19.1
RD-0005486,SH-00111,LG-000210,2026-06-14 19:36:00,-18.4
RD-0005487,SH-00111,LG-000210,2026-06-14 20:06:00,-17.2
RD-0005488,SH-00111,LG-000210,2026-06-14 20:36:00,-18.2
RD-0005489,SH-00111,LG-000210,2026-06-14 21:06:00,-18.0
RD-0005490,SH-00111,LG-000210,2026-06-14 21:36:00,-17.2
RD-0005491,SH-00111,LG-000210,2026-06-14 22:06:00,-11.0
RD-0005492,SH-00111,LG-000210,2026-06-14 22:36:00,-18.1
RD-0005493,SH-00111,LG-000210,2026-06-14 23:06:00,-17.8
RD-0005494,SH-00111,LG-000210,2026-06-14 23:36:00,-999
RD-0005495,SH-00111,LG-000210,2026-06-15 00:06:00,-20.5
RD-0005496,SH-00111,LG-000210,2026-06-15 00:36:00,-17.4
RD-0005497,SH-00111,LG-000210,2026-06-15 01:06:00,-17.9
RD-0005498,SH-00111,LG-000210,2026-06-15 01:36:00,-12.9
RD-0005499,SH-00111,LG-000210,2026-06-15 02:06:00,-10.2
RD-0005500,SH-00111,LG-000210,2026-06-15 02:36:00,-17.8
RD-0005501,SH-00112,LG-000211,2026-07-03 09:32:00,14.7
RD-0005502,SH-00112,LG-000211,2026-07-03 10:02:00,3.9
RD-0005503,SH-00112,LG-000211,2026-07-03 10:32:00,4.3
RD-0005504,SH-00112,LG-000211,2026-07-03 11:02:00,3.5
RD-0005505,SH-00112,LG-000211,2026-07-03 11:32:00,4.6
RD-0005506,SH-00112,LG-000211,2026-07-03 12:02:00,3.8
RD-0005507,SH-00112,LG-000211,2026-07-03 12:32:00,3.9
RD-0005508,SH-00112,LG-000211,2026-07-03 13:02:00,2.3
RD-0005509,SH-00112,LG-000211,2026-07-03 13:32:00,9.9
RD-0005510,SH-00112,LG-000211,2026-07-03 14:02:00,9.1
RD-0005511,SH-00112,LG-000211,2026-07-03 14:32:00,4.6
RD-0005512,SH-00112,LG-000211,2026-07-03 15:02:00,3.2
RD-0005513,SH-00112,LG-000211,2026-07-03 15:32:00,2.9
RD-0005514,SH-00112,LG-000211,2026-07-03 16:02:00,2.9
RD-0005515,SH-00112,LG-000211,2026-07-03 16:32:00,5.0
RD-0005516,SH-00112,LG-000211,2026-07-03 17:02:00,3.2
RD-0005517,SH-00112,LG-000211,2026-07-03 17:32:00,3.7
RD-0005518,SH-00112,LG-000211,2026-07-03 18:02:00,3.9
RD-0005519,SH-00112,LG-000212,2026-07-03 18:32:00,3.7
RD-0005520,SH-00112,LG-000212,2026-07-03 19:02:00,3.7
RD-0005521,SH-00112,LG-000212,2026-07-03 19:32:00,3.5
RD-0005522,SH-00112,LG-000212,2026-07-03 20:02:00,4.6
RD-0005523,SH-00112,LG-000212,2026-07-03 20:32:00,3.6
RD-0005524,SH-00112,LG-000212,2026-07-03 21:02:00,12.0
RD-0005525,SH-00112,LG-000212,2026-07-03 21:32:00,3.7
RD-0005526,SH-00112,LG-000212,2026-07-03 22:02:00,7.0
RD-0005527,SH-00112,LG-000212,2026-07-03 22:32:00,3.0
RD-0005528,SH-00112,LG-000212,2026-07-03 23:02:00,3.8
RD-0005529,SH-00112,LG-000212,2026-07-03 23:32:00,4.9
RD-0005530,SH-00112,LG-000212,2026-07-04 00:02:00,3.8
RD-0005531,SH-00112,LG-000212,2026-07-04 00:32:00,3.8
RD-0005532,SH-00112,LG-000212,2026-07-04 01:02:00,2.7
RD-0005533,SH-00112,LG-000212,2026-07-04 01:32:00,8.4
RD-0005534,SH-00112,LG-000212,2026-07-04 02:02:00,4.4
RD-0005535,SH-00112,LG-000212,2026-07-04 02:32:00,4.2
RD-0005536,SH-00112,LG-000212,2026-07-04 03:02:00,3.3
RD-0005537,SH-00113,LG-000213,2026-07-04 02:42:00,-18.4
RD-0005538,SH-00113,LG-000213,2026-07-04 03:12:00,-18.2
RD-0005539,SH-00113,LG-000213,2026-07-04 03:42:00,-17.6
RD-0005540,SH-00113,LG-000213,2026-07-04 04:12:00,-18.2
RD-0005541,SH-00113,LG-000213,2026-07-04 04:42:00,-17.3
RD-0005542,SH-00113,LG-000213,2026-07-04 05:12:00,-16.3
RD-0005543,SH-00113,LG-000213,2026-07-04 05:42:00,-17.7
RD-0005544,SH-00113,LG-000213,2026-07-04 06:12:00,-18.4
RD-0005545,SH-00113,LG-000213,2026-07-04 06:42:00,-18.0
RD-0005546,SH-00113,LG-000213,2026-07-04 07:12:00,-17.0
RD-0005547,SH-00113,LG-000213,2026-07-04 07:42:00,-17.6
RD-0005548,SH-00113,LG-000213,2026-07-04 08:12:00,-17.7
RD-0005549,SH-00113,LG-000213,2026-07-04 08:42:00,-19.0
RD-0005550,SH-00113,LG-000213,2026-07-04 09:12:00,-18.7
RD-0005551,SH-00113,LG-000213,2026-07-04 09:42:00,-18.8
RD-0005552,SH-00113,LG-000213,2026-07-04 10:12:00,-17.5
RD-0005553,SH-00113,LG-000213,2026-07-04 10:42:00,-16.0
RD-0005554,SH-00113,LG-000213,2026-07-04 11:12:00,-17.8
RD-0005555,SH-00113,LG-000213,2026-07-04 11:42:00,-17.2
RD-0005556,SH-00113,LG-000213,2026-07-04 12:12:00,-16.9
RD-0005557,SH-00113,LG-000213,2026-07-04 12:42:00,-18.1
RD-0005558,SH-00113,LG-000213,2026-07-04 13:12:00,-17.6
RD-0005559,SH-00113,LG-000213,2026-07-04 13:42:00,-18.8
RD-0005560,SH-00113,LG-000213,2026-07-04 14:12:00,-18.8
RD-0005561,SH-00113,LG-000213,2026-07-04 14:42:00,-17.4
RD-0005562,SH-00113,LG-000213,2026-07-04 15:12:00,-18.3
RD-0005563,SH-00114,LG-000214,2026-07-24 05:30:00,3.0
RD-0005564,SH-00114,LG-000214,2026-07-24 06:00:00,5.2
RD-0005565,SH-00114,LG-000214,2026-07-24 06:30:00,5.0
RD-0005566,SH-00114,LG-000214,2026-07-24 07:00:00,-999
RD-0005567,SH-00114,LG-000214,2026-07-24 07:30:00,5.2
RD-0005568,SH-00114,LG-000214,2026-07-24 08:00:00,4.7
RD-0005569,SH-00114,LG-000214,2026-07-24 08:30:00,6.1
RD-0005570,SH-00114,LG-000214,2026-07-24 09:00:00,4.4
RD-0005571,SH-00114,LG-000214,2026-07-24 09:30:00,5.0
RD-0005572,SH-00114,LG-000214,2026-07-24 10:00:00,3.9
RD-0005573,SH-00114,LG-000214,2026-07-24 10:30:00,5.2
RD-0005574,SH-00114,LG-000214,2026-07-24 11:00:00,4.1
RD-0005575,SH-00114,LG-000214,2026-07-24 11:30:00,4.8
RD-0005576,SH-00114,LG-000214,2026-07-24 12:00:00,6.2
RD-0005577,SH-00114,LG-000214,2026-07-24 12:30:00,5.0
RD-0005578,SH-00114,LG-000214,2026-07-24 13:00:00,4.7
RD-0005579,SH-00114,LG-000214,2026-07-24 13:30:00,4.9
RD-0005580,SH-00114,LG-000214,2026-07-24 14:00:00,4.8
RD-0005581,SH-00114,LG-000214,2026-07-24 14:30:00,5.5
RD-0005582,SH-00114,LG-000214,2026-07-24 15:00:00,4.3
RD-0005583,SH-00114,LG-000214,2026-07-24 15:30:00,5.5
RD-0005584,SH-00114,LG-000214,2026-07-24 16:00:00,4.9
RD-0005585,SH-00114,LG-000214,2026-07-24 16:30:00,5.5
RD-0005586,SH-00114,LG-000214,2026-07-24 17:00:00,5.8
RD-0005587,SH-00114,LG-000214,2026-07-24 17:30:00,5.4
RD-0005588,SH-00114,LG-000214,2026-07-24 18:00:00,4.9
RD-0005589,SH-00114,LG-000214,2026-07-24 18:30:00,3.1
RD-0005590,SH-00114,LG-000214,2026-07-24 19:00:00,5.4
RD-0005591,SH-00114,LG-000214,2026-07-24 19:30:00,4.0
RD-0005592,SH-00114,LG-000214,2026-07-24 20:00:00,5.1
RD-0005593,SH-00115,LG-000215,2026-07-29 18:55:00,3.6
RD-0005594,SH-00115,LG-000215,2026-07-29 19:25:00,5.6
RD-0005595,SH-00115,LG-000215,2026-07-29 19:55:00,3.2
RD-0005596,SH-00115,LG-000215,2026-07-29 20:25:00,4.4
RD-0005597,SH-00115,LG-000215,2026-07-29 20:55:00,2.6
RD-0005598,SH-00115,LG-000215,2026-07-29 21:25:00,5.6
RD-0005599,SH-00115,LG-000215,2026-07-29 21:55:00,3.3
RD-0005600,SH-00115,LG-000215,2026-07-29 22:25:00,4.8
RD-0005601,SH-00115,LG-000215,2026-07-29 22:55:00,3.5
RD-0005602,SH-00115,LG-000215,2026-07-29 23:25:00,4.4
RD-0005603,SH-00115,LG-000215,2026-07-29 23:55:00,3.4
RD-0005604,SH-00115,LG-000215,2026-07-30 00:25:00,4.1
RD-0005605,SH-00115,LG-000215,2026-07-30 00:55:00,3.7
RD-0005606,SH-00115,LG-000215,2026-07-30 01:25:00,4.0
RD-0005607,SH-00115,LG-000215,2026-07-30 01:55:00,4.6
RD-0005608,SH-00115,LG-000215,2026-07-30 02:25:00,4.4
RD-0005609,SH-00115,LG-000215,2026-07-30 02:55:00,4.6
RD-0005610,SH-00115,LG-000215,2026-07-30 03:25:00,4.2
RD-0005611,SH-00115,LG-000215,2026-07-30 03:55:00,2.8
RD-0005612,SH-00115,LG-000215,2026-07-30 04:25:00,2.6
RD-0005613,SH-00115,LG-000215,2026-07-30 04:55:00,2.7
RD-0005614,SH-00115,LG-000215,2026-07-30 05:25:00,4.6
RD-0005615,SH-00115,LG-000215,2026-07-30 05:55:00,3.2
RD-0005616,SH-00115,LG-000215,2026-07-30 06:25:00,4.1
RD-0005617,SH-00115,LG-000215,2026-07-30 06:55:00,4.7
RD-0005618,SH-00115,LG-000215,2026-07-30 07:25:00,4.0
RD-0005619,SH-00115,LG-000215,2026-07-30 07:55:00,3.2
RD-0005620,SH-00115,LG-000215,2026-07-30 08:25:00,4.4
RD-0005621,SH-00115,LG-000215,2026-07-30 08:55:00,3.7
RD-0005622,SH-00115,LG-000215,2026-07-30 09:25:00,4.8
RD-0005623,SH-00115,LG-000215,2026-07-30 09:55:00,4.0
RD-0005624,SH-00115,LG-000215,2026-07-30 10:25:00,4.8
RD-0005625,SH-00115,LG-000216,2026-07-30 10:55:00,3.7
RD-0005626,SH-00115,LG-000216,2026-07-30 11:25:00,2.9
RD-0005627,SH-00115,LG-000216,2026-07-30 11:55:00,3.5
RD-0005628,SH-00115,LG-000216,2026-07-30 12:25:00,-999
RD-0005629,SH-00115,LG-000216,2026-07-30 12:55:00,4.8
RD-0005630,SH-00115,LG-000216,2026-07-30 13:25:00,4.7
RD-0005631,SH-00115,LG-000216,2026-07-30 13:55:00,4.2
RD-0005632,SH-00115,LG-000216,2026-07-30 14:25:00,4.8
RD-0005633,SH-00115,LG-000216,2026-07-30 14:55:00,2.7
RD-0005634,SH-00115,LG-000216,2026-07-30 15:25:00,3.6
RD-0005635,SH-00115,LG-000216,2026-07-30 15:55:00,4.4
RD-0005636,SH-00115,LG-000216,2026-07-30 16:25:00,3.7
RD-0005637,SH-00115,LG-000216,2026-07-30 16:55:00,3.6
RD-0005638,SH-00115,LG-000216,2026-07-30 17:25:00,3.1
RD-0005639,SH-00115,LG-000216,2026-07-30 17:55:00,4.9
RD-0005640,SH-00115,LG-000216,2026-07-30 18:25:00,4.1
RD-0005641,SH-00115,LG-000216,2026-07-30 18:55:00,2.8
RD-0005642,SH-00115,LG-000216,2026-07-30 19:25:00,2.8
RD-0005643,SH-00115,LG-000216,2026-07-30 19:55:00,3.1
RD-0005644,SH-00115,LG-000216,2026-07-30 20:25:00,4.5
RD-0005645,SH-00115,LG-000216,2026-07-30 20:55:00,5.1
RD-0005646,SH-00115,LG-000216,2026-07-30 21:25:00,3.2
RD-0005647,SH-00115,LG-000216,2026-07-30 21:55:00,3.3
RD-0005648,SH-00115,LG-000216,2026-07-30 22:25:00,4.5
RD-0005649,SH-00115,LG-000216,2026-07-30 22:55:00,4.8
RD-0005650,SH-00115,LG-000216,2026-07-30 23:25:00,4.8
RD-0005651,SH-00115,LG-000216,2026-07-30 23:55:00,3.7
RD-0005652,SH-00115,LG-000216,2026-07-31 00:25:00,3.9
RD-0005653,SH-00115,LG-000216,2026-07-31 00:55:00,3.6
RD-0005654,SH-00115,LG-000216,2026-07-31 01:25:00,4.7
RD-0005655,SH-00115,LG-000216,2026-07-31 01:55:00,3.8
RD-0005656,SH-00115,LG-000216,2026-07-31 02:25:00,4.2
RD-0005657,SH-00116,LG-000217,2026-08-15 20:59:00,2.5
RD-0005658,SH-00116,LG-000217,2026-08-15 21:29:00,3.9
RD-0005659,SH-00116,LG-000217,2026-08-15 21:59:00,2.3
RD-0005660,SH-00116,LG-000217,2026-08-15 22:29:00,5.3
RD-0005661,SH-00116,LG-000217,2026-08-15 22:59:00,2.4
RD-0005662,SH-00116,LG-000217,2026-08-15 23:29:00,4.5
RD-0005663,SH-00116,LG-000217,2026-08-15 23:59:00,4.6
RD-0005664,SH-00116,LG-000217,2026-08-16 00:29:00,5.6
RD-0005665,SH-00116,LG-000217,2026-08-16 00:59:00,3.4
RD-0005666,SH-00116,LG-000217,2026-08-16 01:29:00,3.0
RD-0005667,SH-00116,LG-000217,2026-08-16 01:59:00,3.4
RD-0005668,SH-00116,LG-000217,2026-08-16 02:29:00,4.4
RD-0005669,SH-00116,LG-000217,2026-08-16 02:59:00,3.2
RD-0005670,SH-00116,LG-000217,2026-08-16 03:29:00,3.8
RD-0005671,SH-00116,LG-000217,2026-08-16 03:59:00,4.4
RD-0005672,SH-00116,LG-000217,2026-08-16 04:29:00,3.5
RD-0005673,SH-00116,LG-000217,2026-08-16 04:59:00,5.3
RD-0005674,SH-00116,LG-000217,2026-08-16 05:29:00,4.2
RD-0005675,SH-00116,LG-000217,2026-08-16 05:59:00,3.9
RD-0005676,SH-00116,LG-000217,2026-08-16 06:29:00,3.6
RD-0005677,SH-00116,LG-000217,2026-08-16 06:59:00,4.3
RD-0005678,SH-00116,LG-000217,2026-08-16 07:29:00,5.1
RD-0005679,SH-00116,LG-000217,2026-08-16 07:59:00,3.6
RD-0005680,SH-00116,LG-000217,2026-08-16 08:29:00,3.2
RD-0005681,SH-00116,LG-000217,2026-08-16 08:59:00,4.1
RD-0005682,SH-00116,LG-000217,2026-08-16 09:29:00,5.6
RD-0005683,SH-00116,LG-000217,2026-08-16 09:59:00,4.1
RD-0005684,SH-00116,LG-000217,2026-08-16 10:29:00,3.5
RD-0005685,SH-00116,LG-000217,2026-08-16 10:59:00,4.4
RD-0005686,SH-00116,LG-000217,2026-08-16 11:29:00,3.1
RD-0005687,SH-00116,LG-000217,2026-08-16 11:59:00,3.3
RD-0005688,SH-00116,LG-000217,2026-08-16 12:29:00,1.9
RD-0005689,SH-00116,LG-000217,2026-08-16 12:59:00,3.5
RD-0005690,SH-00116,LG-000217,2026-08-16 13:29:00,5.3
RD-0005691,SH-00116,LG-000217,2026-08-16 13:59:00,3.1
RD-0005692,SH-00116,LG-000217,2026-08-16 14:29:00,3.0
RD-0005693,SH-00116,LG-000217,2026-08-16 14:59:00,5.5
RD-0005694,SH-00116,LG-000217,2026-08-16 15:29:00,3.3
RD-0005695,SH-00116,LG-000217,2026-08-16 15:59:00,3.8
RD-0005696,SH-00116,LG-000217,2026-08-16 16:29:00,4.2
RD-0005697,SH-00116,LG-000217,2026-08-16 16:59:00,4.9
RD-0005698,SH-00116,LG-000217,2026-08-16 17:29:00,3.4
RD-0005699,SH-00117,LG-000218,2026-06-10 01:13:00,12.1
RD-0005700,SH-00117,LG-000218,2026-06-10 01:43:00,3.6
RD-0005701,SH-00117,LG-000218,2026-06-10 02:13:00,4.4
RD-0005702,SH-00117,LG-000218,2026-06-10 02:43:00,4.7
RD-0005703,SH-00117,LG-000218,2026-06-10 03:13:00,4.0
RD-0005704,SH-00117,LG-000218,2026-06-10 03:43:00,1.6
RD-0005705,SH-00117,LG-000218,2026-06-10 04:13:00,12.7
RD-0005706,SH-00117,LG-000218,2026-06-10 04:43:00,4.6
RD-0005707,SH-00117,LG-000218,2026-06-10 05:13:00,4.0
RD-0005708,SH-00117,LG-000218,2026-06-10 05:43:00,2.6
RD-0005709,SH-00117,LG-000218,2026-06-10 06:13:00,4.3
RD-0005710,SH-00117,LG-000218,2026-06-10 06:43:00,3.8
RD-0005711,SH-00117,LG-000218,2026-06-10 07:13:00,4.9
RD-0005712,SH-00117,LG-000218,2026-06-10 07:43:00,2.8
RD-0005713,SH-00117,LG-000218,2026-06-10 08:13:00,4.0
RD-0005714,SH-00117,LG-000218,2026-06-10 08:43:00,2.9
RD-0005715,SH-00117,LG-000218,2026-06-10 09:13:00,4.0
RD-0005716,SH-00117,LG-000218,2026-06-10 09:43:00,3.5
RD-0005717,SH-00117,LG-000218,2026-06-10 10:13:00,12.2
RD-0005718,SH-00117,LG-000218,2026-06-10 10:43:00,4.7
RD-0005719,SH-00117,LG-000218,2026-06-10 11:13:00,4.2
RD-0005720,SH-00117,LG-000218,2026-06-10 11:43:00,13.3
RD-0005721,SH-00117,LG-000218,2026-06-10 12:13:00,12.0
RD-0005722,SH-00117,LG-000218,2026-06-10 12:43:00,2.0
RD-0005723,SH-00117,LG-000218,2026-06-10 13:13:00,4.9
RD-0005724,SH-00117,LG-000218,2026-06-10 13:43:00,3.9
RD-0005725,SH-00117,LG-000218,2026-06-10 14:13:00,3.7
RD-0005726,SH-00117,LG-000218,2026-06-10 14:43:00,2.8
RD-0005727,SH-00117,LG-000218,2026-06-10 15:13:00,4.4
RD-0005728,SH-00117,LG-000218,2026-06-10 15:43:00,9.5
RD-0005729,SH-00117,LG-000218,2026-06-10 16:13:00,6.7
RD-0005730,SH-00117,LG-000218,2026-06-10 16:43:00,4.9
RD-0005731,SH-00117,LG-000218,2026-06-10 17:13:00,3.8
RD-0005732,SH-00117,LG-000218,2026-06-10 17:43:00,4.2
RD-0005733,SH-00117,LG-000219,2026-06-10 18:13:00,5.2
RD-0005734,SH-00117,LG-000219,2026-06-10 18:43:00,3.0
RD-0005735,SH-00117,LG-000219,2026-06-10 19:13:00,13.6
RD-0005736,SH-00117,LG-000219,2026-06-10 19:43:00,4.9
RD-0005737,SH-00117,LG-000219,2026-06-10 20:13:00,3.7
RD-0005738,SH-00117,LG-000219,2026-06-10 20:43:00,3.7
RD-0005739,SH-00117,LG-000219,2026-06-10 21:13:00,3.9
RD-0005740,SH-00117,LG-000219,2026-06-10 21:43:00,12.3
RD-0005741,SH-00117,LG-000219,2026-06-10 22:13:00,3.6
RD-0005742,SH-00117,LG-000219,2026-06-10 22:43:00,10.8
RD-0005743,SH-00117,LG-000219,2026-06-10 23:13:00,3.7
RD-0005744,SH-00117,LG-000219,2026-06-10 23:43:00,4.1
RD-0005745,SH-00117,LG-000219,2026-06-11 00:13:00,2.5
RD-0005746,SH-00117,LG-000219,2026-06-11 00:43:00,4.0
RD-0005747,SH-00117,LG-000219,2026-06-11 01:13:00,3.7
RD-0005748,SH-00117,LG-000219,2026-06-11 01:43:00,3.8
RD-0005749,SH-00117,LG-000219,2026-06-11 02:13:00,2.9
RD-0005750,SH-00117,LG-000219,2026-06-11 02:43:00,9.6
RD-0005751,SH-00117,LG-000219,2026-06-11 03:13:00,13.8
RD-0005752,SH-00117,LG-000219,2026-06-11 03:43:00,3.9
RD-0005753,SH-00117,LG-000219,2026-06-11 04:13:00,7.8
RD-0005754,SH-00117,LG-000219,2026-06-11 04:43:00,4.6
RD-0005755,SH-00117,LG-000219,2026-06-11 05:13:00,4.5
RD-0005756,SH-00117,LG-000219,2026-06-11 05:43:00,5.0
RD-0005757,SH-00117,LG-000219,2026-06-11 06:13:00,3.8
RD-0005758,SH-00117,LG-000219,2026-06-11 06:43:00,3.8
RD-0005759,SH-00117,LG-000219,2026-06-11 07:13:00,5.1
RD-0005760,SH-00117,LG-000219,2026-06-11 07:43:00,4.8
RD-0005761,SH-00117,LG-000219,2026-06-11 08:13:00,4.2
RD-0005762,SH-00117,LG-000219,2026-06-11 08:43:00,3.2
RD-0005763,SH-00117,LG-000219,2026-06-11 09:13:00,12.4
RD-0005764,SH-00117,LG-000219,2026-06-11 09:43:00,2.8
RD-0005765,SH-00117,LG-000219,2026-06-11 10:13:00,3.6
RD-0005766,SH-00117,LG-000219,2026-06-11 10:43:00,13.2
RD-0005767,SH-00118,LG-000220,2026-07-04 08:42:00,-18.5
RD-0005768,SH-00118,LG-000220,2026-07-04 09:12:00,-17.3
RD-0005769,SH-00118,LG-000220,2026-07-04 09:42:00,-18.4
RD-0005770,SH-00118,LG-000220,2026-07-04 10:12:00,-18.2
RD-0005771,SH-00118,LG-000220,2026-07-04 10:42:00,-17.5
RD-0005772,SH-00118,LG-000220,2026-07-04 11:12:00,-17.7
RD-0005773,SH-00118,LG-000220,2026-07-04 11:42:00,-17.6
RD-0005774,SH-00118,LG-000220,2026-07-04 12:12:00,-17.4
RD-0005775,SH-00118,LG-000220,2026-07-04 12:42:00,-17.4
RD-0005776,SH-00118,LG-000220,2026-07-04 13:12:00,-16.9
RD-0005777,SH-00118,LG-000220,2026-07-04 13:42:00,-16.9
RD-0005778,SH-00118,LG-000220,2026-07-04 14:12:00,-18.8
RD-0005779,SH-00118,LG-000220,2026-07-04 14:42:00,-16.2
RD-0005780,SH-00118,LG-000220,2026-07-04 15:12:00,-17.3
RD-0005781,SH-00118,LG-000220,2026-07-04 15:42:00,-17.3
RD-0005782,SH-00118,LG-000220,2026-07-04 16:12:00,-18.4
RD-0005783,SH-00118,LG-000220,2026-07-04 16:42:00,-18.4
RD-0005784,SH-00118,LG-000220,2026-07-04 17:12:00,-18.7
RD-0005785,SH-00118,LG-000220,2026-07-04 17:42:00,-18.8
RD-0005786,SH-00118,LG-000220,2026-07-04 18:12:00,-16.4
RD-0005787,SH-00118,LG-000220,2026-07-04 18:42:00,-17.8
RD-0005788,SH-00118,LG-000220,2026-07-04 19:12:00,-17.6
RD-0005789,SH-00118,LG-000220,2026-07-04 19:42:00,-17.4
RD-0005790,SH-00118,LG-000220,2026-07-04 20:12:00,-17.7
RD-0005791,SH-00118,LG-000220,2026-07-04 20:42:00,-19.1
RD-0005792,SH-00118,LG-000220,2026-07-04 21:12:00,-18.4
RD-0005793,SH-00118,LG-000220,2026-07-04 21:42:00,-18.2
RD-0005794,SH-00118,LG-000220,2026-07-04 22:12:00,-18.5
RD-0005795,SH-00118,LG-000220,2026-07-04 22:42:00,-19.2
RD-0005796,SH-00118,LG-000220,2026-07-04 23:12:00,-16.7
RD-0005797,SH-00118,LG-000220,2026-07-04 23:42:00,-18.0
RD-0005798,SH-00118,LG-000220,2026-07-05 00:12:00,-17.1
RD-0005799,SH-00118,LG-000220,2026-07-05 00:42:00,-16.6
RD-0005800,SH-00118,LG-000220,2026-07-05 01:12:00,-18.4
RD-0005801,SH-00118,LG-000220,2026-07-05 01:42:00,-18.0
RD-0005802,SH-00118,LG-000220,2026-07-05 02:12:00,-17.9
RD-0005803,SH-00118,LG-000220,2026-07-05 02:42:00,-18.1
RD-0005804,SH-00118,LG-000220,2026-07-05 03:12:00,-18.1
RD-0005805,SH-00118,LG-000220,2026-07-05 03:42:00,-19.2
RD-0005806,SH-00118,LG-000220,2026-07-05 04:12:00,-18.0
RD-0005807,SH-00118,LG-000220,2026-07-05 04:42:00,-18.5
RD-0005808,SH-00118,LG-000220,2026-07-05 05:12:00,-19.7
RD-0005809,SH-00118,LG-000220,2026-07-05 05:42:00,-17.3
RD-0005810,SH-00118,LG-000220,2026-07-05 06:12:00,-18.7
RD-0005811,SH-00118,LG-000220,2026-07-05 06:42:00,-16.0
RD-0005812,SH-00118,LG-000220,2026-07-05 07:12:00,-17.0
RD-0005813,SH-00118,LG-000220,2026-07-05 07:42:00,-18.2
RD-0005814,SH-00118,LG-000220,2026-07-05 08:12:00,-17.0
RD-0005815,SH-00118,LG-000220,2026-07-05 08:42:00,-18.4
RD-0005816,SH-00118,LG-000220,2026-07-05 09:12:00,-18.7
RD-0005817,SH-00118,LG-000220,2026-07-05 09:42:00,-17.7
RD-0005818,SH-00118,LG-000220,2026-07-05 10:12:00,-17.4
RD-0005819,SH-00118,LG-000220,2026-07-05 10:42:00,-17.7
RD-0005820,SH-00118,LG-000220,2026-07-05 11:12:00,-999
RD-0005821,SH-00118,LG-000220,2026-07-05 11:42:00,-18.2
RD-0005822,SH-00118,LG-000220,2026-07-05 12:12:00,-17.9
RD-0005823,SH-00118,LG-000220,2026-07-05 12:42:00,-17.9
RD-0005824,SH-00118,LG-000220,2026-07-05 13:12:00,-16.5
RD-0005825,SH-00118,LG-000220,2026-07-05 13:42:00,-19.2
RD-0005826,SH-00118,LG-000220,2026-07-05 14:12:00,-17.1
RD-0005827,SH-00118,LG-000220,2026-07-05 14:42:00,-17.5
RD-0005828,SH-00118,LG-000220,2026-07-05 15:12:00,-18.2
RD-0005829,SH-00118,LG-000220,2026-07-05 15:42:00,-17.8
RD-0005830,SH-00118,LG-000220,2026-07-05 16:12:00,-18.6
RD-0005831,SH-00119,LG-000221,2026-08-06 05:12:00,2.3
RD-0005832,SH-00119,LG-000221,2026-08-06 05:42:00,4.6
RD-0005833,SH-00119,LG-000221,2026-08-06 06:12:00,2.6
RD-0005834,SH-00119,LG-000221,2026-08-06 06:42:00,6.2
RD-0005835,SH-00119,LG-000221,2026-08-06 07:12:00,4.3
RD-0005836,SH-00119,LG-000221,2026-08-06 07:42:00,3.9
RD-0005837,SH-00119,LG-000222,2026-08-06 08:12:00,3.6
RD-0005838,SH-00119,LG-000222,2026-08-06 08:42:00,3.8
RD-0005839,SH-00119,LG-000222,2026-08-06 09:12:00,4.9
RD-0005840,SH-00119,LG-000222,2026-08-06 09:42:00,4.9
RD-0005841,SH-00119,LG-000222,2026-08-06 10:12:00,3.3
RD-0005842,SH-00119,LG-000222,2026-08-06 10:42:00,3.1
RD-0005843,SH-00119,LG-000223,2026-08-06 11:12:00,4.7
RD-0005844,SH-00119,LG-000223,2026-08-06 11:42:00,4.9
RD-0005845,SH-00119,LG-000223,2026-08-06 12:12:00,2.3
RD-0005846,SH-00119,LG-000223,2026-08-06 12:42:00,4.0
RD-0005847,SH-00119,LG-000223,2026-08-06 13:12:00,3.8
RD-0005848,SH-00119,LG-000223,2026-08-06 13:42:00,4.7
RD-0005849,SH-00120,LG-000224,2026-08-05 19:25:00,-18.2
RD-0005850,SH-00120,LG-000224,2026-08-05 19:55:00,-10.4
RD-0005851,SH-00120,LG-000224,2026-08-05 20:25:00,-17.1
RD-0005852,SH-00120,LG-000224,2026-08-05 20:55:00,-10.7
RD-0005853,SH-00120,LG-000224,2026-08-05 21:25:00,-17.5
RD-0005854,SH-00120,LG-000224,2026-08-05 21:55:00,-10.2
RD-0005855,SH-00120,LG-000224,2026-08-05 22:25:00,-18.4
RD-0005856,SH-00120,LG-000224,2026-08-05 22:55:00,-19.5
RD-0005857,SH-00120,LG-000224,2026-08-05 23:25:00,-17.3
RD-0005858,SH-00120,LG-000224,2026-08-05 23:55:00,-19.0
RD-0005859,SH-00120,LG-000224,2026-08-06 00:25:00,-18.3
RD-0005860,SH-00120,LG-000224,2026-08-06 00:55:00,-17.1
RD-0005861,SH-00120,LG-000224,2026-08-06 01:25:00,-17.5
RD-0005862,SH-00120,LG-000224,2026-08-06 01:55:00,-17.2
RD-0005863,SH-00120,LG-000224,2026-08-06 02:25:00,-17.0
RD-0005864,SH-00120,LG-000224,2026-08-06 02:55:00,-9.2
RD-0005865,SH-00120,LG-000224,2026-08-06 03:25:00,-11.6
RD-0005866,SH-00120,LG-000224,2026-08-06 03:55:00,-18.3
RD-0005867,SH-00120,LG-000224,2026-08-06 04:25:00,-12.6
RD-0005868,SH-00120,LG-000224,2026-08-06 04:55:00,-18.6
RD-0005869,SH-00120,LG-000224,2026-08-06 05:25:00,-18.0
RD-0005870,SH-00120,LG-000224,2026-08-06 05:55:00,-18.9
RD-0005871,SH-00120,LG-000224,2026-08-06 06:25:00,-13.1
RD-0005872,SH-00120,LG-000224,2026-08-06 06:55:00,-18.1
RD-0005873,SH-00120,LG-000224,2026-08-06 07:25:00,-19.1
RD-0005874,SH-00120,LG-000224,2026-08-06 07:55:00,-17.8
RD-0005875,SH-00120,LG-000225,2026-08-06 08:25:00,-17.9
RD-0005876,SH-00120,LG-000225,2026-08-06 08:55:00,-18.0
RD-0005877,SH-00120,LG-000225,2026-08-06 09:25:00,-17.6
RD-0005878,SH-00120,LG-000225,2026-08-06 09:55:00,-12.0
RD-0005879,SH-00120,LG-000225,2026-08-06 10:25:00,-9.6
RD-0005880,SH-00120,LG-000225,2026-08-06 10:55:00,-11.9
RD-0005881,SH-00120,LG-000225,2026-08-06 11:25:00,-18.8
RD-0005882,SH-00120,LG-000225,2026-08-06 11:55:00,-17.5
RD-0005883,SH-00120,LG-000225,2026-08-06 12:25:00,-12.5
RD-0005884,SH-00120,LG-000225,2026-08-06 12:55:00,-18.1
RD-0005885,SH-00120,LG-000225,2026-08-06 13:25:00,-17.5
RD-0005886,SH-00120,LG-000225,2026-08-06 13:55:00,-17.8
RD-0005887,SH-00120,LG-000225,2026-08-06 14:25:00,-18.2
RD-0005888,SH-00120,LG-000225,2026-08-06 14:55:00,-12.7
RD-0005889,SH-00120,LG-000225,2026-08-06 15:25:00,-19.1
RD-0005890,SH-00120,LG-000225,2026-08-06 15:55:00,-18.9
RD-0005891,SH-00120,LG-000225,2026-08-06 16:25:00,-18.2
RD-0005892,SH-00120,LG-000225,2026-08-06 16:55:00,-18.9
RD-0005893,SH-00120,LG-000225,2026-08-06 17:25:00,-17.7
RD-0005894,SH-00120,LG-000225,2026-08-06 17:55:00,-11.5
RD-0005895,SH-00120,LG-000225,2026-08-06 18:25:00,-18.3
RD-0005896,SH-00120,LG-000225,2026-08-06 18:55:00,-18.8
RD-0005897,SH-00120,LG-000225,2026-08-06 19:25:00,-17.4
RD-0005898,SH-00120,LG-000225,2026-08-06 19:55:00,-9.5
RD-0005899,SH-00120,LG-000225,2026-08-06 20:25:00,-18.0
RD-0005900,SH-00120,LG-000225,2026-08-06 20:55:00,-8.8
RD-0005901,SH-00120,LG-000226,2026-08-06 21:25:00,-1.6
RD-0005902,SH-00120,LG-000226,2026-08-06 21:55:00,-1.9
RD-0005903,SH-00120,LG-000226,2026-08-06 22:25:00,0.7
RD-0005904,SH-00120,LG-000226,2026-08-06 22:55:00,-0.3
RD-0005905,SH-00120,LG-000226,2026-08-06 23:25:00,11.0
RD-0005906,SH-00120,LG-000226,2026-08-06 23:55:00,-2.9
RD-0005907,SH-00120,LG-000226,2026-08-07 00:25:00,0.9
RD-0005908,SH-00120,LG-000226,2026-08-07 00:55:00,14.4
RD-0005909,SH-00120,LG-000226,2026-08-07 01:25:00,0.6
RD-0005910,SH-00120,LG-000226,2026-08-07 01:55:00,0.2
RD-0005911,SH-00120,LG-000226,2026-08-07 02:25:00,-2.3
RD-0005912,SH-00120,LG-000226,2026-08-07 02:55:00,-0.5
RD-0005913,SH-00120,LG-000226,2026-08-07 03:25:00,-0.7
RD-0005914,SH-00120,LG-000226,2026-08-07 03:55:00,-1.3
RD-0005915,SH-00120,LG-000226,2026-08-07 04:25:00,0.9
RD-0005916,SH-00120,LG-000226,2026-08-07 04:55:00,-0.1
RD-0005917,SH-00120,LG-000226,2026-08-07 05:25:00,0.1
RD-0005918,SH-00120,LG-000226,2026-08-07 05:55:00,12.5
RD-0005919,SH-00120,LG-000226,2026-08-07 06:25:00,1.5
RD-0005920,SH-00120,LG-000226,2026-08-07 06:55:00,-1.3
RD-0005921,SH-00120,LG-000226,2026-08-07 07:25:00,-2.6
RD-0005922,SH-00120,LG-000226,2026-08-07 07:55:00,1.1
RD-0005923,SH-00120,LG-000226,2026-08-07 08:25:00,-1.3
RD-0005924,SH-00120,LG-000226,2026-08-07 08:55:00,-2.3
RD-0005925,SH-00120,LG-000226,2026-08-07 09:25:00,7.1
RD-0005926,SH-00120,LG-000226,2026-08-07 09:55:00,-1.2
RD-0005927,SH-00121,LG-000227,2026-06-20 06:44:00,-16.5
RD-0005928,SH-00121,LG-000227,2026-06-20 07:14:00,-11.7
RD-0005929,SH-00121,LG-000227,2026-06-20 07:44:00,-18.2
RD-0005930,SH-00121,LG-000227,2026-06-20 08:14:00,-18.7
RD-0005931,SH-00121,LG-000227,2026-06-20 08:44:00,-17.8
RD-0005932,SH-00121,LG-000227,2026-06-20 09:14:00,-17.1
RD-0005933,SH-00121,LG-000227,2026-06-20 09:44:00,-17.3
RD-0005934,SH-00121,LG-000227,2026-06-20 10:14:00,-17.1
RD-0005935,SH-00121,LG-000227,2026-06-20 10:44:00,-19.6
RD-0005936,SH-00121,LG-000227,2026-06-20 11:14:00,-18.6
RD-0005937,SH-00121,LG-000227,2026-06-20 11:44:00,-18.3
RD-0005938,SH-00121,LG-000227,2026-06-20 12:14:00,-17.8
RD-0005939,SH-00121,LG-000227,2026-06-20 12:44:00,-11.3
RD-0005940,SH-00121,LG-000227,2026-06-20 13:14:00,-16.7
RD-0005941,SH-00121,LG-000228,2026-06-20 13:44:00,-15.9
RD-0005942,SH-00121,LG-000228,2026-06-20 14:14:00,-17.2
RD-0005943,SH-00121,LG-000228,2026-06-20 14:44:00,-17.2
RD-0005944,SH-00121,LG-000228,2026-06-20 15:14:00,-18.7
RD-0005945,SH-00121,LG-000228,2026-06-20 15:44:00,-16.8
RD-0005946,SH-00121,LG-000228,2026-06-20 16:14:00,-18.0
RD-0005947,SH-00121,LG-000228,2026-06-20 16:44:00,-17.6
RD-0005948,SH-00121,LG-000228,2026-06-20 17:14:00,-17.7
RD-0005949,SH-00121,LG-000228,2026-06-20 17:44:00,-17.6
RD-0005950,SH-00121,LG-000228,2026-06-20 18:14:00,-17.9
RD-0005951,SH-00121,LG-000228,2026-06-20 18:44:00,-17.1
RD-0005952,SH-00121,LG-000228,2026-06-20 19:14:00,-18.3
RD-0005953,SH-00121,LG-000228,2026-06-20 19:44:00,-18.6
RD-0005954,SH-00121,LG-000228,2026-06-20 20:14:00,-17.4
RD-0005955,SH-00121,LG-000229,2026-06-20 20:44:00,-19.0
RD-0005956,SH-00121,LG-000229,2026-06-20 21:14:00,-9.8
RD-0005957,SH-00121,LG-000229,2026-06-20 21:44:00,-11.6
RD-0005958,SH-00121,LG-000229,2026-06-20 22:14:00,-17.9
RD-0005959,SH-00121,LG-000229,2026-06-20 22:44:00,-17.7
RD-0005960,SH-00121,LG-000229,2026-06-20 23:14:00,-20.2
RD-0005961,SH-00121,LG-000229,2026-06-20 23:44:00,-17.5
RD-0005962,SH-00121,LG-000229,2026-06-21 00:14:00,-19.0
RD-0005963,SH-00121,LG-000229,2026-06-21 00:44:00,-10.2
RD-0005964,SH-00121,LG-000229,2026-06-21 01:14:00,-11.1
RD-0005965,SH-00121,LG-000229,2026-06-21 01:44:00,-17.8
RD-0005966,SH-00121,LG-000229,2026-06-21 02:14:00,-11.3
RD-0005967,SH-00121,LG-000229,2026-06-21 02:44:00,-19.0
RD-0005968,SH-00121,LG-000229,2026-06-21 03:14:00,-16.5
RD-0005969,SH-00122,LG-000230,2026-08-28 18:04:00,4.2
RD-0005970,SH-00122,LG-000230,2026-08-28 18:34:00,4.6
RD-0005971,SH-00122,LG-000230,2026-08-28 19:04:00,3.9
RD-0005972,SH-00122,LG-000230,2026-08-28 19:34:00,4.7
RD-0005973,SH-00122,LG-000230,2026-08-28 20:04:00,3.2
RD-0005974,SH-00122,LG-000230,2026-08-28 20:34:00,5.9
RD-0005975,SH-00122,LG-000230,2026-08-28 21:04:00,3.2
RD-0005976,SH-00122,LG-000230,2026-08-28 21:34:00,3.5
RD-0005977,SH-00122,LG-000230,2026-08-28 22:04:00,5.6
RD-0005978,SH-00122,LG-000230,2026-08-28 22:34:00,4.1
RD-0005979,SH-00122,LG-000230,2026-08-28 23:04:00,3.7
RD-0005980,SH-00122,LG-000230,2026-08-28 23:34:00,4.0
RD-0005981,SH-00122,LG-000230,2026-08-29 00:04:00,3.2
RD-0005982,SH-00122,LG-000230,2026-08-29 00:34:00,4.8
RD-0005983,SH-00122,LG-000230,2026-08-29 01:04:00,4.2
RD-0005984,SH-00122,LG-000230,2026-08-29 01:34:00,3.7
RD-0005985,SH-00122,LG-000230,2026-08-29 02:04:00,3.5
RD-0005986,SH-00122,LG-000230,2026-08-29 02:34:00,4.1
RD-0005987,SH-00122,LG-000230,2026-08-29 03:04:00,5.3
RD-0005988,SH-00122,LG-000230,2026-08-29 03:34:00,3.1
RD-0005989,SH-00122,LG-000230,2026-08-29 04:04:00,4.3
RD-0005990,SH-00122,LG-000230,2026-08-29 04:34:00,4.4
RD-0005991,SH-00122,LG-000230,2026-08-29 05:04:00,4.5
RD-0005992,SH-00122,LG-000230,2026-08-29 05:34:00,4.8
RD-0005993,SH-00122,LG-000230,2026-08-29 06:04:00,4.1
RD-0005994,SH-00122,LG-000230,2026-08-29 06:34:00,4.1
RD-0005995,SH-00122,LG-000230,2026-08-29 07:04:00,3.6
RD-0005996,SH-00122,LG-000230,2026-08-29 07:34:00,3.1
RD-0005997,SH-00122,LG-000230,2026-08-29 08:04:00,6.0
RD-0005998,SH-00122,LG-000230,2026-08-29 08:34:00,5.3
RD-0005999,SH-00122,LG-000230,2026-08-29 09:04:00,3.4
RD-0006000,SH-00122,LG-000230,2026-08-29 09:34:00,3.2
RD-0006001,SH-00122,LG-000230,2026-08-29 10:04:00,4.3
RD-0006002,SH-00122,LG-000230,2026-08-29 10:34:00,4.6
RD-0006003,SH-00122,LG-000230,2026-08-29 11:04:00,3.3
RD-0006004,SH-00122,LG-000230,2026-08-29 11:34:00,4.8
RD-0006005,SH-00122,LG-000231,2026-08-29 12:04:00,4.9
RD-0006006,SH-00122,LG-000231,2026-08-29 12:34:00,3.5
RD-0006007,SH-00122,LG-000231,2026-08-29 13:04:00,5.0
RD-0006008,SH-00122,LG-000231,2026-08-29 13:34:00,4.2
RD-0006009,SH-00122,LG-000231,2026-08-29 14:04:00,4.1
RD-0006010,SH-00122,LG-000231,2026-08-29 14:34:00,5.7
RD-0006011,SH-00122,LG-000231,2026-08-29 15:04:00,4.1
RD-0006012,SH-00122,LG-000231,2026-08-29 15:34:00,3.9
RD-0006013,SH-00122,LG-000231,2026-08-29 16:04:00,4.0
RD-0006014,SH-00122,LG-000231,2026-08-29 16:34:00,2.7
RD-0006015,SH-00122,LG-000231,2026-08-29 17:04:00,4.6
RD-0006016,SH-00122,LG-000231,2026-08-29 17:34:00,4.3
RD-0006017,SH-00122,LG-000231,2026-08-29 18:04:00,4.2
RD-0006018,SH-00122,LG-000231,2026-08-29 18:34:00,3.3
RD-0006019,SH-00122,LG-000231,2026-08-29 19:04:00,4.5
RD-0006020,SH-00122,LG-000231,2026-08-29 19:34:00,4.6
RD-0006021,SH-00122,LG-000231,2026-08-29 20:04:00,4.4
RD-0006022,SH-00122,LG-000231,2026-08-29 20:34:00,5.3
RD-0006023,SH-00122,LG-000231,2026-08-29 21:04:00,3.3
RD-0006024,SH-00122,LG-000231,2026-08-29 21:34:00,3.0
RD-0006025,SH-00122,LG-000231,2026-08-29 22:04:00,4.2
RD-0006026,SH-00122,LG-000231,2026-08-29 22:34:00,3.7
RD-0006027,SH-00122,LG-000231,2026-08-29 23:04:00,5.9
RD-0006028,SH-00122,LG-000231,2026-08-29 23:34:00,3.7
RD-0006029,SH-00122,LG-000231,2026-08-30 00:04:00,4.6
RD-0006030,SH-00122,LG-000231,2026-08-30 00:34:00,5.0
RD-0006031,SH-00122,LG-000231,2026-08-30 01:04:00,4.3
RD-0006032,SH-00122,LG-000231,2026-08-30 01:34:00,3.9
RD-0006033,SH-00122,LG-000231,2026-08-30 02:04:00,4.9
RD-0006034,SH-00122,LG-000231,2026-08-30 02:34:00,-999
RD-0006035,SH-00122,LG-000231,2026-08-30 03:04:00,2.9
RD-0006036,SH-00122,LG-000231,2026-08-30 03:34:00,3.5
RD-0006037,SH-00122,LG-000231,2026-08-30 04:04:00,3.6
RD-0006038,SH-00122,LG-000231,2026-08-30 04:34:00,4.3
RD-0006039,SH-00122,LG-000231,2026-08-30 05:04:00,3.3
RD-0006040,SH-00122,LG-000231,2026-08-30 05:34:00,4.3
RD-0006041,SH-00123,LG-000232,2026-07-06 08:11:00,-18.9
RD-0006042,SH-00123,LG-000232,2026-07-06 08:41:00,-9.3
RD-0006043,SH-00123,LG-000232,2026-07-06 09:11:00,-11.9
RD-0006044,SH-00123,LG-000232,2026-07-06 09:41:00,-10.6
RD-0006045,SH-00123,LG-000232,2026-07-06 10:11:00,-17.6
RD-0006046,SH-00123,LG-000232,2026-07-06 10:41:00,-17.6
RD-0006047,SH-00123,LG-000232,2026-07-06 11:11:00,-17.9
RD-0006048,SH-00123,LG-000232,2026-07-06 11:41:00,-18.7
RD-0006049,SH-00123,LG-000232,2026-07-06 12:11:00,-17.2
RD-0006050,SH-00123,LG-000232,2026-07-06 12:41:00,-9.3
RD-0006051,SH-00123,LG-000232,2026-07-06 13:11:00,-17.3
RD-0006052,SH-00123,LG-000232,2026-07-06 13:41:00,-18.1
RD-0006053,SH-00123,LG-000232,2026-07-06 14:11:00,-17.2
RD-0006054,SH-00123,LG-000232,2026-07-06 14:41:00,-18.0
RD-0006055,SH-00123,LG-000232,2026-07-06 15:11:00,-8.8
RD-0006056,SH-00123,LG-000232,2026-07-06 15:41:00,-18.5
RD-0006057,SH-00123,LG-000232,2026-07-06 16:11:00,-18.3
RD-0006058,SH-00123,LG-000232,2026-07-06 16:41:00,-11.3
RD-0006059,SH-00123,LG-000232,2026-07-06 17:11:00,-17.3
RD-0006060,SH-00123,LG-000232,2026-07-06 17:41:00,-18.3
RD-0006061,SH-00123,LG-000232,2026-07-06 18:11:00,-17.5
RD-0006062,SH-00123,LG-000232,2026-07-06 18:41:00,-18.2
RD-0006063,SH-00124,LG-000233,2026-06-11 12:10:00,-17.0
RD-0006064,SH-00124,LG-000233,2026-06-11 12:40:00,-17.5
RD-0006065,SH-00124,LG-000233,2026-06-11 13:10:00,-17.2
RD-0006066,SH-00124,LG-000233,2026-06-11 13:40:00,-16.3
RD-0006067,SH-00124,LG-000233,2026-06-11 14:10:00,-19.2
RD-0006068,SH-00124,LG-000233,2026-06-11 14:40:00,-17.1
RD-0006069,SH-00124,LG-000233,2026-06-11 15:10:00,-19.7
RD-0006070,SH-00124,LG-000233,2026-06-11 15:40:00,-18.9
RD-0006071,SH-00124,LG-000234,2026-06-11 16:10:00,-17.0
RD-0006072,SH-00124,LG-000234,2026-06-11 16:40:00,-17.9
RD-0006073,SH-00124,LG-000234,2026-06-11 17:10:00,-18.9
RD-0006074,SH-00124,LG-000234,2026-06-11 17:40:00,-18.7
RD-0006075,SH-00124,LG-000234,2026-06-11 18:10:00,-17.4
RD-0006076,SH-00124,LG-000234,2026-06-11 18:40:00,-17.2
RD-0006077,SH-00124,LG-000234,2026-06-11 19:10:00,-18.8
RD-0006078,SH-00124,LG-000234,2026-06-11 19:40:00,-18.7
RD-0006079,SH-00124,LG-000235,2026-06-11 20:10:00,-18.1
RD-0006080,SH-00124,LG-000235,2026-06-11 20:40:00,-18.2
RD-0006081,SH-00124,LG-000235,2026-06-11 21:10:00,-17.2
RD-0006082,SH-00124,LG-000235,2026-06-11 21:40:00,-17.9
RD-0006083,SH-00124,LG-000235,2026-06-11 22:10:00,-18.2
RD-0006084,SH-00124,LG-000235,2026-06-11 22:40:00,-17.7
RD-0006085,SH-00124,LG-000235,2026-06-11 23:10:00,-19.8
RD-0006086,SH-00124,LG-000235,2026-06-11 23:40:00,-16.9
RD-0006087,SH-00125,LG-000236,2026-07-19 20:16:00,3.3
RD-0006088,SH-00125,LG-000236,2026-07-19 20:46:00,4.6
RD-0006089,SH-00125,LG-000236,2026-07-19 21:16:00,4.6
RD-0006090,SH-00125,LG-000236,2026-07-19 21:46:00,4.0
RD-0006091,SH-00125,LG-000236,2026-07-19 22:16:00,3.2
RD-0006092,SH-00125,LG-000236,2026-07-19 22:46:00,2.3
RD-0006093,SH-00125,LG-000236,2026-07-19 23:16:00,3.9
RD-0006094,SH-00125,LG-000236,2026-07-19 23:46:00,3.5
RD-0006095,SH-00125,LG-000236,2026-07-20 00:16:00,4.4
RD-0006096,SH-00125,LG-000236,2026-07-20 00:46:00,4.2
RD-0006097,SH-00125,LG-000236,2026-07-20 01:16:00,5.3
RD-0006098,SH-00125,LG-000236,2026-07-20 01:46:00,4.2
RD-0006099,SH-00125,LG-000236,2026-07-20 02:16:00,4.8
RD-0006100,SH-00125,LG-000236,2026-07-20 02:46:00,3.7
RD-0006101,SH-00125,LG-000236,2026-07-20 03:16:00,4.3
RD-0006102,SH-00125,LG-000236,2026-07-20 03:46:00,4.6
RD-0006103,SH-00125,LG-000236,2026-07-20 04:16:00,4.5
RD-0006104,SH-00125,LG-000236,2026-07-20 04:46:00,3.7
RD-0006105,SH-00125,LG-000236,2026-07-20 05:16:00,3.1
RD-0006106,SH-00125,LG-000236,2026-07-20 05:46:00,4.4
RD-0006107,SH-00125,LG-000236,2026-07-20 06:16:00,4.7
RD-0006108,SH-00125,LG-000236,2026-07-20 06:46:00,-999
RD-0006109,SH-00125,LG-000236,2026-07-20 07:16:00,4.2
RD-0006110,SH-00125,LG-000236,2026-07-20 07:46:00,4.5
RD-0006111,SH-00125,LG-000237,2026-07-20 08:16:00,4.0
RD-0006112,SH-00125,LG-000237,2026-07-20 08:46:00,4.1
RD-0006113,SH-00125,LG-000237,2026-07-20 09:16:00,4.3
RD-0006114,SH-00125,LG-000237,2026-07-20 09:46:00,3.9
RD-0006115,SH-00125,LG-000237,2026-07-20 10:16:00,3.7
RD-0006116,SH-00125,LG-000237,2026-07-20 10:46:00,4.0
RD-0006117,SH-00125,LG-000237,2026-07-20 11:16:00,4.0
RD-0006118,SH-00125,LG-000237,2026-07-20 11:46:00,1.7
RD-0006119,SH-00125,LG-000237,2026-07-20 12:16:00,3.4
RD-0006120,SH-00125,LG-000237,2026-07-20 12:46:00,3.9
RD-0006121,SH-00125,LG-000237,2026-07-20 13:16:00,3.8
RD-0006122,SH-00125,LG-000237,2026-07-20 13:46:00,4.8
RD-0006123,SH-00125,LG-000237,2026-07-20 14:16:00,4.5
RD-0006124,SH-00125,LG-000237,2026-07-20 14:46:00,2.6
RD-0006125,SH-00125,LG-000237,2026-07-20 15:16:00,4.4
RD-0006126,SH-00125,LG-000237,2026-07-20 15:46:00,5.2
RD-0006127,SH-00125,LG-000237,2026-07-20 16:16:00,4.1
RD-0006128,SH-00125,LG-000237,2026-07-20 16:46:00,3.6
RD-0006129,SH-00125,LG-000237,2026-07-20 17:16:00,3.7
RD-0006130,SH-00125,LG-000237,2026-07-20 17:46:00,4.6
RD-0006131,SH-00125,LG-000237,2026-07-20 18:16:00,2.9
RD-0006132,SH-00125,LG-000237,2026-07-20 18:46:00,3.2
RD-0006133,SH-00125,LG-000237,2026-07-20 19:16:00,3.9
RD-0006134,SH-00125,LG-000237,2026-07-20 19:46:00,4.3
RD-0006135,SH-00125,LG-000238,2026-07-20 20:16:00,5.0
RD-0006136,SH-00125,LG-000238,2026-07-20 20:46:00,4.3
RD-0006137,SH-00125,LG-000238,2026-07-20 21:16:00,2.9
RD-0006138,SH-00125,LG-000238,2026-07-20 21:46:00,-999
RD-0006139,SH-00125,LG-000238,2026-07-20 22:16:00,3.6
RD-0006140,SH-00125,LG-000238,2026-07-20 22:46:00,4.1
RD-0006141,SH-00125,LG-000238,2026-07-20 23:16:00,5.1
RD-0006142,SH-00125,LG-000238,2026-07-20 23:46:00,4.1
RD-0006143,SH-00125,LG-000238,2026-07-21 00:16:00,5.3
RD-0006144,SH-00125,LG-000238,2026-07-21 00:46:00,4.1
RD-0006145,SH-00125,LG-000238,2026-07-21 01:16:00,2.7
RD-0006146,SH-00125,LG-000238,2026-07-21 01:46:00,3.3
RD-0006147,SH-00125,LG-000238,2026-07-21 02:16:00,4.6
RD-0006148,SH-00125,LG-000238,2026-07-21 02:46:00,2.9
RD-0006149,SH-00125,LG-000238,2026-07-21 03:16:00,4.7
RD-0006150,SH-00125,LG-000238,2026-07-21 03:46:00,3.6
RD-0006151,SH-00125,LG-000238,2026-07-21 04:16:00,3.9
RD-0006152,SH-00125,LG-000238,2026-07-21 04:46:00,3.6
RD-0006153,SH-00125,LG-000238,2026-07-21 05:16:00,3.5
RD-0006154,SH-00125,LG-000238,2026-07-21 05:46:00,2.7
RD-0006155,SH-00125,LG-000238,2026-07-21 06:16:00,4.0
RD-0006156,SH-00125,LG-000238,2026-07-21 06:46:00,5.0
RD-0006157,SH-00125,LG-000238,2026-07-21 07:16:00,4.5
RD-0006158,SH-00125,LG-000238,2026-07-21 07:46:00,3.6
RD-0006159,SH-00126,LG-000239,2026-07-18 05:03:00,-18.2
RD-0006160,SH-00126,LG-000239,2026-07-18 05:33:00,-18.1
RD-0006161,SH-00126,LG-000239,2026-07-18 06:03:00,-19.1
RD-0006162,SH-00126,LG-000239,2026-07-18 06:33:00,-18.4
RD-0006163,SH-00126,LG-000239,2026-07-18 07:03:00,-15.7
RD-0006164,SH-00126,LG-000239,2026-07-18 07:33:00,-16.4
RD-0006165,SH-00126,LG-000239,2026-07-18 08:03:00,-17.8
RD-0006166,SH-00126,LG-000239,2026-07-18 08:33:00,-18.2
RD-0006167,SH-00126,LG-000239,2026-07-18 09:03:00,-18.1
RD-0006168,SH-00126,LG-000239,2026-07-18 09:33:00,-19.5
RD-0006169,SH-00126,LG-000239,2026-07-18 10:03:00,-18.6
RD-0006170,SH-00126,LG-000239,2026-07-18 10:33:00,-17.9
RD-0006171,SH-00126,LG-000239,2026-07-18 11:03:00,-18.2
RD-0006172,SH-00126,LG-000239,2026-07-18 11:33:00,-17.2
RD-0006173,SH-00126,LG-000239,2026-07-18 12:03:00,-18.6
RD-0006174,SH-00126,LG-000239,2026-07-18 12:33:00,-17.4
RD-0006175,SH-00126,LG-000239,2026-07-18 13:03:00,-18.6
RD-0006176,SH-00126,LG-000239,2026-07-18 13:33:00,-17.6
RD-0006177,SH-00126,LG-000239,2026-07-18 14:03:00,-17.7
RD-0006178,SH-00126,LG-000239,2026-07-18 14:33:00,-17.5
RD-0006179,SH-00126,LG-000239,2026-07-18 15:03:00,-17.9
RD-0006180,SH-00126,LG-000239,2026-07-18 15:33:00,-18.0
RD-0006181,SH-00126,LG-000239,2026-07-18 16:03:00,-19.3
RD-0006182,SH-00126,LG-000239,2026-07-18 16:33:00,-17.9
RD-0006183,SH-00126,LG-000239,2026-07-18 17:03:00,-18.3
RD-0006184,SH-00126,LG-000239,2026-07-18 17:33:00,-18.5
RD-0006185,SH-00126,LG-000239,2026-07-18 18:03:00,-19.1
RD-0006186,SH-00126,LG-000239,2026-07-18 18:33:00,-18.1
RD-0006187,SH-00126,LG-000239,2026-07-18 19:03:00,-17.3
RD-0006188,SH-00126,LG-000239,2026-07-18 19:33:00,-18.5
RD-0006189,SH-00126,LG-000239,2026-07-18 20:03:00,-18.0
RD-0006190,SH-00126,LG-000239,2026-07-18 20:33:00,-17.8
RD-0006191,SH-00126,LG-000239,2026-07-18 21:03:00,-18.2
RD-0006192,SH-00126,LG-000239,2026-07-18 21:33:00,-17.3
RD-0006193,SH-00126,LG-000240,2026-07-18 22:03:00,-18.1
RD-0006194,SH-00126,LG-000240,2026-07-18 22:33:00,-18.0
RD-0006195,SH-00126,LG-000240,2026-07-18 23:03:00,-19.1
RD-0006196,SH-00126,LG-000240,2026-07-18 23:33:00,-18.5
RD-0006197,SH-00126,LG-000240,2026-07-19 00:03:00,-17.8
RD-0006198,SH-00126,LG-000240,2026-07-19 00:33:00,-19.4
RD-0006199,SH-00126,LG-000240,2026-07-19 01:03:00,-17.7
RD-0006200,SH-00126,LG-000240,2026-07-19 01:33:00,-17.6
RD-0006201,SH-00126,LG-000240,2026-07-19 02:03:00,-17.9
RD-0006202,SH-00126,LG-000240,2026-07-19 02:33:00,-17.1
RD-0006203,SH-00126,LG-000240,2026-07-19 03:03:00,-17.6
RD-0006204,SH-00126,LG-000240,2026-07-19 03:33:00,-17.0
RD-0006205,SH-00126,LG-000240,2026-07-19 04:03:00,-17.0
RD-0006206,SH-00126,LG-000240,2026-07-19 04:33:00,-19.4
RD-0006207,SH-00126,LG-000240,2026-07-19 05:03:00,-18.3
RD-0006208,SH-00126,LG-000240,2026-07-19 05:33:00,-17.3
RD-0006209,SH-00126,LG-000240,2026-07-19 06:03:00,-17.2
RD-0006210,SH-00126,LG-000240,2026-07-19 06:33:00,-999
RD-0006211,SH-00126,LG-000240,2026-07-19 07:03:00,-16.8
RD-0006212,SH-00126,LG-000240,2026-07-19 07:33:00,-17.4
RD-0006213,SH-00126,LG-000240,2026-07-19 08:03:00,-17.3
RD-0006214,SH-00126,LG-000240,2026-07-19 08:33:00,-17.7
RD-0006215,SH-00126,LG-000240,2026-07-19 09:03:00,-16.1
RD-0006216,SH-00126,LG-000240,2026-07-19 09:33:00,-18.0
RD-0006217,SH-00126,LG-000240,2026-07-19 10:03:00,-17.9
RD-0006218,SH-00126,LG-000240,2026-07-19 10:33:00,-20.4
RD-0006219,SH-00126,LG-000240,2026-07-19 11:03:00,-18.5
RD-0006220,SH-00126,LG-000240,2026-07-19 11:33:00,-18.3
RD-0006221,SH-00126,LG-000240,2026-07-19 12:03:00,-17.0
RD-0006222,SH-00126,LG-000240,2026-07-19 12:33:00,-19.4
RD-0006223,SH-00126,LG-000240,2026-07-19 13:03:00,-18.8
RD-0006224,SH-00126,LG-000240,2026-07-19 13:33:00,-18.4
RD-0006225,SH-00126,LG-000240,2026-07-19 14:03:00,-17.6
RD-0006226,SH-00126,LG-000240,2026-07-19 14:33:00,-17.5
RD-0006227,SH-00127,LG-000241,2026-06-17 01:03:00,3.2
RD-0006228,SH-00127,LG-000241,2026-06-17 01:33:00,13.6
RD-0006229,SH-00127,LG-000241,2026-06-17 02:03:00,3.5
RD-0006230,SH-00127,LG-000241,2026-06-17 02:33:00,3.0
RD-0006231,SH-00127,LG-000241,2026-06-17 03:03:00,8.8
RD-0006232,SH-00127,LG-000241,2026-06-17 03:33:00,3.9
RD-0006233,SH-00127,LG-000241,2026-06-17 04:03:00,4.4
RD-0006234,SH-00127,LG-000241,2026-06-17 04:33:00,4.5
RD-0006235,SH-00127,LG-000241,2026-06-17 05:03:00,3.5
RD-0006236,SH-00127,LG-000241,2026-06-17 05:33:00,4.1
RD-0006237,SH-00127,LG-000241,2026-06-17 06:03:00,4.3
RD-0006238,SH-00127,LG-000241,2026-06-17 06:33:00,4.0
RD-0006239,SH-00127,LG-000241,2026-06-17 07:03:00,4.0
RD-0006240,SH-00127,LG-000241,2026-06-17 07:33:00,5.8
RD-0006241,SH-00127,LG-000241,2026-06-17 08:03:00,13.5
RD-0006242,SH-00127,LG-000241,2026-06-17 08:33:00,4.4
RD-0006243,SH-00127,LG-000241,2026-06-17 09:03:00,3.5
RD-0006244,SH-00127,LG-000241,2026-06-17 09:33:00,3.1
RD-0006245,SH-00127,LG-000241,2026-06-17 10:03:00,4.9
RD-0006246,SH-00127,LG-000241,2026-06-17 10:33:00,5.7
RD-0006247,SH-00127,LG-000241,2026-06-17 11:03:00,2.6
RD-0006248,SH-00127,LG-000241,2026-06-17 11:33:00,3.3
RD-0006249,SH-00127,LG-000241,2026-06-17 12:03:00,3.8
RD-0006250,SH-00127,LG-000241,2026-06-17 12:33:00,10.1
RD-0006251,SH-00127,LG-000241,2026-06-17 13:03:00,2.6
RD-0006252,SH-00127,LG-000241,2026-06-17 13:33:00,2.7
RD-0006253,SH-00127,LG-000242,2026-06-17 14:03:00,8.8
RD-0006254,SH-00127,LG-000242,2026-06-17 14:33:00,3.4
RD-0006255,SH-00127,LG-000242,2026-06-17 15:03:00,5.8
RD-0006256,SH-00127,LG-000242,2026-06-17 15:33:00,3.4
RD-0006257,SH-00127,LG-000242,2026-06-17 16:03:00,3.9
RD-0006258,SH-00127,LG-000242,2026-06-17 16:33:00,4.1
RD-0006259,SH-00127,LG-000242,2026-06-17 17:03:00,3.6
RD-0006260,SH-00127,LG-000242,2026-06-17 17:33:00,3.6
RD-0006261,SH-00127,LG-000242,2026-06-17 18:03:00,5.6
RD-0006262,SH-00127,LG-000242,2026-06-17 18:33:00,11.9
RD-0006263,SH-00127,LG-000242,2026-06-17 19:03:00,4.7
RD-0006264,SH-00127,LG-000242,2026-06-17 19:33:00,4.6
RD-0006265,SH-00127,LG-000242,2026-06-17 20:03:00,3.4
RD-0006266,SH-00127,LG-000242,2026-06-17 20:33:00,4.8
RD-0006267,SH-00127,LG-000242,2026-06-17 21:03:00,9.1
RD-0006268,SH-00127,LG-000242,2026-06-17 21:33:00,3.9
RD-0006269,SH-00127,LG-000242,2026-06-17 22:03:00,3.8
RD-0006270,SH-00127,LG-000242,2026-06-17 22:33:00,3.9
RD-0006271,SH-00127,LG-000242,2026-06-17 23:03:00,4.5
RD-0006272,SH-00127,LG-000242,2026-06-17 23:33:00,3.7
RD-0006273,SH-00127,LG-000242,2026-06-18 00:03:00,4.8
RD-0006274,SH-00127,LG-000242,2026-06-18 00:33:00,4.5
RD-0006275,SH-00127,LG-000242,2026-06-18 01:03:00,5.7
RD-0006276,SH-00127,LG-000242,2026-06-18 01:33:00,8.8
RD-0006277,SH-00127,LG-000242,2026-06-18 02:03:00,3.6
RD-0006278,SH-00127,LG-000242,2026-06-18 02:33:00,4.2
RD-0006279,SH-00128,LG-000243,2026-06-12 14:38:00,-19.6
RD-0006280,SH-00128,LG-000243,2026-06-12 15:08:00,-19.5
RD-0006281,SH-00128,LG-000243,2026-06-12 15:38:00,-19.3
RD-0006282,SH-00128,LG-000243,2026-06-12 16:08:00,-18.0
RD-0006283,SH-00128,LG-000243,2026-06-12 16:38:00,-18.4
RD-0006284,SH-00128,LG-000243,2026-06-12 17:08:00,-17.9
RD-0006285,SH-00128,LG-000243,2026-06-12 17:38:00,-19.6
RD-0006286,SH-00128,LG-000243,2026-06-12 18:08:00,-18.4
RD-0006287,SH-00128,LG-000243,2026-06-12 18:38:00,-18.2
RD-0006288,SH-00128,LG-000243,2026-06-12 19:08:00,-17.0
RD-0006289,SH-00128,LG-000243,2026-06-12 19:38:00,-17.3
RD-0006290,SH-00128,LG-000243,2026-06-12 20:08:00,-18.1
RD-0006291,SH-00128,LG-000243,2026-06-12 20:38:00,-999
RD-0006292,SH-00128,LG-000243,2026-06-12 21:08:00,-18.5
RD-0006293,SH-00128,LG-000243,2026-06-12 21:38:00,-17.6
RD-0006294,SH-00128,LG-000243,2026-06-12 22:08:00,-18.4
RD-0006295,SH-00128,LG-000243,2026-06-12 22:38:00,-18.8
RD-0006296,SH-00128,LG-000243,2026-06-12 23:08:00,-19.0
RD-0006297,SH-00128,LG-000243,2026-06-12 23:38:00,-18.7
RD-0006298,SH-00128,LG-000243,2026-06-13 00:08:00,-18.7
RD-0006299,SH-00128,LG-000243,2026-06-13 00:38:00,-19.2
RD-0006300,SH-00128,LG-000243,2026-06-13 01:08:00,-18.2
RD-0006301,SH-00128,LG-000243,2026-06-13 01:38:00,-16.7
RD-0006302,SH-00128,LG-000243,2026-06-13 02:08:00,-18.2
RD-0006303,SH-00128,LG-000243,2026-06-13 02:38:00,-17.9
RD-0006304,SH-00128,LG-000243,2026-06-13 03:08:00,-16.8
RD-0006305,SH-00128,LG-000243,2026-06-13 03:38:00,-15.8
RD-0006306,SH-00128,LG-000243,2026-06-13 04:08:00,-20.5
RD-0006307,SH-00128,LG-000243,2026-06-13 04:38:00,-18.2
RD-0006308,SH-00128,LG-000243,2026-06-13 05:08:00,-17.6
RD-0006309,SH-00128,LG-000243,2026-06-13 05:38:00,-17.5
RD-0006310,SH-00128,LG-000243,2026-06-13 06:08:00,-18.6
RD-0006311,SH-00128,LG-000243,2026-06-13 06:38:00,-18.2
RD-0006312,SH-00128,LG-000243,2026-06-13 07:08:00,-19.1
RD-0006313,SH-00128,LG-000243,2026-06-13 07:38:00,-17.2
RD-0006314,SH-00128,LG-000243,2026-06-13 08:08:00,-18.8
RD-0006315,SH-00128,LG-000243,2026-06-13 08:38:00,-18.0
RD-0006316,SH-00128,LG-000243,2026-06-13 09:08:00,-17.5
RD-0006317,SH-00128,LG-000244,2026-06-13 09:38:00,-17.3
RD-0006318,SH-00128,LG-000244,2026-06-13 10:08:00,-18.7
RD-0006319,SH-00128,LG-000244,2026-06-13 10:38:00,-17.7
RD-0006320,SH-00128,LG-000244,2026-06-13 11:08:00,-17.8
RD-0006321,SH-00128,LG-000244,2026-06-13 11:38:00,-18.2
RD-0006322,SH-00128,LG-000244,2026-06-13 12:08:00,-19.0
RD-0006323,SH-00128,LG-000244,2026-06-13 12:38:00,-18.6
RD-0006324,SH-00128,LG-000244,2026-06-13 13:08:00,-18.2
RD-0006325,SH-00128,LG-000244,2026-06-13 13:38:00,-18.4
RD-0006326,SH-00128,LG-000244,2026-06-13 14:08:00,-19.0
RD-0006327,SH-00128,LG-000244,2026-06-13 14:38:00,-17.9
RD-0006328,SH-00128,LG-000244,2026-06-13 15:08:00,-17.4
RD-0006329,SH-00128,LG-000244,2026-06-13 15:38:00,-19.5
RD-0006330,SH-00128,LG-000244,2026-06-13 16:08:00,-18.4
RD-0006331,SH-00128,LG-000244,2026-06-13 16:38:00,-19.3
RD-0006332,SH-00128,LG-000244,2026-06-13 17:08:00,-18.2
RD-0006333,SH-00128,LG-000244,2026-06-13 17:38:00,-18.7
RD-0006334,SH-00128,LG-000244,2026-06-13 18:08:00,-17.6
RD-0006335,SH-00128,LG-000244,2026-06-13 18:38:00,-16.4
RD-0006336,SH-00128,LG-000244,2026-06-13 19:08:00,-18.1
RD-0006337,SH-00128,LG-000244,2026-06-13 19:38:00,-18.8
RD-0006338,SH-00128,LG-000244,2026-06-13 20:08:00,-19.8
RD-0006339,SH-00128,LG-000244,2026-06-13 20:38:00,-18.4
RD-0006340,SH-00128,LG-000244,2026-06-13 21:08:00,-18.6
RD-0006341,SH-00128,LG-000244,2026-06-13 21:38:00,-17.3
RD-0006342,SH-00128,LG-000244,2026-06-13 22:08:00,-18.3
RD-0006343,SH-00128,LG-000244,2026-06-13 22:38:00,-20.4
RD-0006344,SH-00128,LG-000244,2026-06-13 23:08:00,-16.8
RD-0006345,SH-00128,LG-000244,2026-06-13 23:38:00,-20.1
RD-0006346,SH-00128,LG-000244,2026-06-14 00:08:00,-18.5
RD-0006347,SH-00128,LG-000244,2026-06-14 00:38:00,-17.6
RD-0006348,SH-00128,LG-000244,2026-06-14 01:08:00,-18.3
RD-0006349,SH-00128,LG-000244,2026-06-14 01:38:00,-17.8
RD-0006350,SH-00128,LG-000244,2026-06-14 02:08:00,-18.8
RD-0006351,SH-00128,LG-000244,2026-06-14 02:38:00,-18.4
RD-0006352,SH-00128,LG-000244,2026-06-14 03:08:00,-17.2
RD-0006353,SH-00128,LG-000244,2026-06-14 03:38:00,-17.0
RD-0006354,SH-00128,LG-000244,2026-06-14 04:08:00,-17.9
RD-0006355,SH-00129,LG-000245,2026-07-15 07:33:00,-17.8
RD-0006356,SH-00129,LG-000245,2026-07-15 08:03:00,-15.1
RD-0006357,SH-00129,LG-000245,2026-07-15 08:33:00,-18.6
RD-0006358,SH-00129,LG-000245,2026-07-15 09:03:00,-17.2
RD-0006359,SH-00129,LG-000245,2026-07-15 09:33:00,-11.5
RD-0006360,SH-00129,LG-000245,2026-07-15 10:03:00,-18.7
RD-0006361,SH-00129,LG-000245,2026-07-15 10:33:00,-11.2
RD-0006362,SH-00129,LG-000245,2026-07-15 11:03:00,-17.0
RD-0006363,SH-00129,LG-000245,2026-07-15 11:33:00,-19.3
RD-0006364,SH-00129,LG-000245,2026-07-15 12:03:00,-9.5
RD-0006365,SH-00129,LG-000245,2026-07-15 12:33:00,-12.8
RD-0006366,SH-00129,LG-000245,2026-07-15 13:03:00,-18.0
RD-0006367,SH-00129,LG-000245,2026-07-15 13:33:00,-17.2
RD-0006368,SH-00129,LG-000245,2026-07-15 14:03:00,-13.0
RD-0006369,SH-00129,LG-000245,2026-07-15 14:33:00,-13.2
RD-0006370,SH-00129,LG-000245,2026-07-15 15:03:00,-19.1
RD-0006371,SH-00129,LG-000245,2026-07-15 15:33:00,-17.5
RD-0006372,SH-00129,LG-000245,2026-07-15 16:03:00,-19.1
RD-0006373,SH-00129,LG-000245,2026-07-15 16:33:00,-18.3
RD-0006374,SH-00129,LG-000245,2026-07-15 17:03:00,-17.9
RD-0006375,SH-00129,LG-000245,2026-07-15 17:33:00,-18.0
RD-0006376,SH-00129,LG-000245,2026-07-15 18:03:00,-18.3
RD-0006377,SH-00129,LG-000245,2026-07-15 18:33:00,-8.9
RD-0006378,SH-00129,LG-000245,2026-07-15 19:03:00,-18.5
RD-0006379,SH-00129,LG-000245,2026-07-15 19:33:00,-18.5
RD-0006380,SH-00129,LG-000245,2026-07-15 20:03:00,-18.9
RD-0006381,SH-00129,LG-000245,2026-07-15 20:33:00,-17.2
RD-0006382,SH-00129,LG-000245,2026-07-15 21:03:00,-17.6
RD-0006383,SH-00129,LG-000245,2026-07-15 21:33:00,-17.6
RD-0006384,SH-00129,LG-000245,2026-07-15 22:03:00,-10.1
RD-0006385,SH-00129,LG-000245,2026-07-15 22:33:00,-17.9
RD-0006386,SH-00129,LG-000245,2026-07-15 23:03:00,-18.8
RD-0006387,SH-00129,LG-000245,2026-07-15 23:33:00,-999
RD-0006388,SH-00129,LG-000245,2026-07-16 00:03:00,-16.7
RD-0006389,SH-00129,LG-000245,2026-07-16 00:33:00,-19.5
RD-0006390,SH-00129,LG-000245,2026-07-16 01:03:00,-17.2
RD-0006391,SH-00129,LG-000245,2026-07-16 01:33:00,-17.9
RD-0006392,SH-00129,LG-000245,2026-07-16 02:03:00,-9.6
RD-0006393,SH-00129,LG-000245,2026-07-16 02:33:00,-7.4
RD-0006394,SH-00129,LG-000245,2026-07-16 03:03:00,-19.1
RD-0006395,SH-00129,LG-000245,2026-07-16 03:33:00,-17.9
RD-0006396,SH-00129,LG-000245,2026-07-16 04:03:00,-18.7
RD-0006397,SH-00129,LG-000245,2026-07-16 04:33:00,-17.6
RD-0006398,SH-00129,LG-000245,2026-07-16 05:03:00,-12.2
RD-0006399,SH-00129,LG-000245,2026-07-16 05:33:00,-18.2
RD-0006400,SH-00129,LG-000245,2026-07-16 06:03:00,-17.5
RD-0006401,SH-00129,LG-000245,2026-07-16 06:33:00,-19.0
RD-0006402,SH-00129,LG-000245,2026-07-16 07:03:00,-12.6
RD-0006403,SH-00129,LG-000245,2026-07-16 07:33:00,-19.9
RD-0006404,SH-00129,LG-000245,2026-07-16 08:03:00,-17.1
RD-0006405,SH-00129,LG-000245,2026-07-16 08:33:00,-17.9
RD-0006406,SH-00129,LG-000245,2026-07-16 09:03:00,-18.4
RD-0006407,SH-00129,LG-000245,2026-07-16 09:33:00,-16.8
RD-0006408,SH-00129,LG-000245,2026-07-16 10:03:00,-19.1
RD-0006409,SH-00130,LG-000246,2026-07-08 03:00:00,-18.3
RD-0006410,SH-00130,LG-000246,2026-07-08 03:30:00,-18.6
RD-0006411,SH-00130,LG-000246,2026-07-08 04:00:00,-17.0
RD-0006412,SH-00130,LG-000246,2026-07-08 04:30:00,-18.5
RD-0006413,SH-00130,LG-000246,2026-07-08 05:00:00,-19.9
RD-0006414,SH-00130,LG-000246,2026-07-08 05:30:00,-18.2
RD-0006415,SH-00130,LG-000246,2026-07-08 06:00:00,-17.6
RD-0006416,SH-00130,LG-000246,2026-07-08 06:30:00,-16.9
RD-0006417,SH-00130,LG-000246,2026-07-08 07:00:00,-17.7
RD-0006418,SH-00130,LG-000246,2026-07-08 07:30:00,-18.0
RD-0006419,SH-00130,LG-000246,2026-07-08 08:00:00,-17.6
RD-0006420,SH-00130,LG-000246,2026-07-08 08:30:00,-18.7
RD-0006421,SH-00130,LG-000246,2026-07-08 09:00:00,-17.6
RD-0006422,SH-00130,LG-000246,2026-07-08 09:30:00,-18.2
RD-0006423,SH-00130,LG-000246,2026-07-08 10:00:00,-15.9
RD-0006424,SH-00130,LG-000246,2026-07-08 10:30:00,-18.1
RD-0006425,SH-00130,LG-000246,2026-07-08 11:00:00,-17.9
RD-0006426,SH-00130,LG-000246,2026-07-08 11:30:00,-17.6
RD-0006427,SH-00130,LG-000246,2026-07-08 12:00:00,-18.5
RD-0006428,SH-00130,LG-000246,2026-07-08 12:30:00,-17.2
RD-0006429,SH-00130,LG-000246,2026-07-08 13:00:00,-18.7
RD-0006430,SH-00130,LG-000246,2026-07-08 13:30:00,-17.7
RD-0006431,SH-00130,LG-000246,2026-07-08 14:00:00,-18.4
RD-0006432,SH-00130,LG-000246,2026-07-08 14:30:00,-17.4
RD-0006433,SH-00130,LG-000246,2026-07-08 15:00:00,-17.5
RD-0006434,SH-00130,LG-000246,2026-07-08 15:30:00,-17.9
RD-0006435,SH-00130,LG-000246,2026-07-08 16:00:00,-18.0
RD-0006436,SH-00130,LG-000246,2026-07-08 16:30:00,-18.6
RD-0006437,SH-00130,LG-000246,2026-07-08 17:00:00,-17.8
RD-0006438,SH-00130,LG-000246,2026-07-08 17:30:00,-16.7
RD-0006439,SH-00130,LG-000246,2026-07-08 18:00:00,-17.1
RD-0006440,SH-00130,LG-000246,2026-07-08 18:30:00,-16.8
RD-0006441,SH-00130,LG-000246,2026-07-08 19:00:00,-18.2
RD-0006442,SH-00130,LG-000246,2026-07-08 19:30:00,-17.3
RD-0006443,SH-00130,LG-000246,2026-07-08 20:00:00,-17.6
RD-0006444,SH-00130,LG-000246,2026-07-08 20:30:00,-999
RD-0006445,SH-00131,LG-000247,2026-06-22 04:25:00,-18.0
RD-0006446,SH-00131,LG-000247,2026-06-22 04:55:00,-17.0
RD-0006447,SH-00131,LG-000247,2026-06-22 05:25:00,-17.8
RD-0006448,SH-00131,LG-000247,2026-06-22 05:55:00,-17.3
RD-0006449,SH-00131,LG-000247,2026-06-22 06:25:00,-16.4
RD-0006450,SH-00131,LG-000247,2026-06-22 06:55:00,-19.3
RD-0006451,SH-00131,LG-000247,2026-06-22 07:25:00,-17.7
RD-0006452,SH-00131,LG-000247,2026-06-22 07:55:00,-18.2
RD-0006453,SH-00131,LG-000247,2026-06-22 08:25:00,-16.6
RD-0006454,SH-00131,LG-000247,2026-06-22 08:55:00,-18.2
RD-0006455,SH-00131,LG-000247,2026-06-22 09:25:00,-17.7
RD-0006456,SH-00131,LG-000247,2026-06-22 09:55:00,-18.8
RD-0006457,SH-00131,LG-000247,2026-06-22 10:25:00,-18.0
RD-0006458,SH-00131,LG-000247,2026-06-22 10:55:00,-16.9
RD-0006459,SH-00131,LG-000247,2026-06-22 11:25:00,-18.9
RD-0006460,SH-00131,LG-000247,2026-06-22 11:55:00,-16.9
RD-0006461,SH-00131,LG-000247,2026-06-22 12:25:00,-18.6
RD-0006462,SH-00131,LG-000247,2026-06-22 12:55:00,-18.6
RD-0006463,SH-00131,LG-000247,2026-06-22 13:25:00,-18.9
RD-0006464,SH-00131,LG-000247,2026-06-22 13:55:00,-18.1
RD-0006465,SH-00131,LG-000247,2026-06-22 14:25:00,-18.4
RD-0006466,SH-00131,LG-000247,2026-06-22 14:55:00,-17.7
RD-0006467,SH-00131,LG-000247,2026-06-22 15:25:00,-18.2
RD-0006468,SH-00131,LG-000247,2026-06-22 15:55:00,-19.6
RD-0006469,SH-00131,LG-000247,2026-06-22 16:25:00,-17.8
RD-0006470,SH-00131,LG-000247,2026-06-22 16:55:00,-18.2
RD-0006471,SH-00131,LG-000247,2026-06-22 17:25:00,-18.5
RD-0006472,SH-00131,LG-000247,2026-06-22 17:55:00,-17.8
RD-0006473,SH-00131,LG-000247,2026-06-22 18:25:00,-17.3
RD-0006474,SH-00131,LG-000247,2026-06-22 18:55:00,-18.4
RD-0006475,SH-00131,LG-000247,2026-06-22 19:25:00,-18.9
RD-0006476,SH-00131,LG-000247,2026-06-22 19:55:00,-18.7
RD-0006477,SH-00132,LG-000248,2026-07-20 17:03:00,4.0
RD-0006478,SH-00132,LG-000248,2026-07-20 17:33:00,4.9
RD-0006479,SH-00132,LG-000248,2026-07-20 18:03:00,4.9
RD-0006480,SH-00132,LG-000248,2026-07-20 18:33:00,5.4
RD-0006481,SH-00132,LG-000248,2026-07-20 19:03:00,5.3
RD-0006482,SH-00132,LG-000248,2026-07-20 19:33:00,6.0
RD-0006483,SH-00132,LG-000248,2026-07-20 20:03:00,5.3
RD-0006484,SH-00132,LG-000248,2026-07-20 20:33:00,6.7
RD-0006485,SH-00132,LG-000248,2026-07-20 21:03:00,4.0
RD-0006486,SH-00132,LG-000248,2026-07-20 21:33:00,5.2
RD-0006487,SH-00132,LG-000248,2026-07-20 22:03:00,5.2
RD-0006488,SH-00132,LG-000248,2026-07-20 22:33:00,4.1
RD-0006489,SH-00132,LG-000249,2026-07-20 23:03:00,5.2
RD-0006490,SH-00132,LG-000249,2026-07-20 23:33:00,4.6
RD-0006491,SH-00132,LG-000249,2026-07-21 00:03:00,5.0
RD-0006492,SH-00132,LG-000249,2026-07-21 00:33:00,4.7
RD-0006493,SH-00132,LG-000249,2026-07-21 01:03:00,4.2
RD-0006494,SH-00132,LG-000249,2026-07-21 01:33:00,3.9
RD-0006495,SH-00132,LG-000249,2026-07-21 02:03:00,5.8
RD-0006496,SH-00132,LG-000249,2026-07-21 02:33:00,-999
RD-0006497,SH-00132,LG-000249,2026-07-21 03:03:00,4.5
RD-0006498,SH-00132,LG-000249,2026-07-21 03:33:00,4.5
RD-0006499,SH-00132,LG-000249,2026-07-21 04:03:00,5.5
RD-0006500,SH-00132,LG-000249,2026-07-21 04:33:00,4.6
RD-0006501,SH-00132,LG-000250,2026-07-21 05:03:00,41.5
RD-0006502,SH-00132,LG-000250,2026-07-21 05:33:00,42.5
RD-0006503,SH-00132,LG-000250,2026-07-21 06:03:00,40.2
RD-0006504,SH-00132,LG-000250,2026-07-21 06:33:00,40.1
RD-0006505,SH-00132,LG-000250,2026-07-21 07:03:00,42.3
RD-0006506,SH-00132,LG-000250,2026-07-21 07:33:00,41.4
RD-0006507,SH-00132,LG-000250,2026-07-21 08:03:00,39.1
RD-0006508,SH-00132,LG-000250,2026-07-21 08:33:00,41.3
RD-0006509,SH-00132,LG-000250,2026-07-21 09:03:00,42.0
RD-0006510,SH-00132,LG-000250,2026-07-21 09:33:00,39.6
RD-0006511,SH-00132,LG-000250,2026-07-21 10:03:00,40.9
RD-0006512,SH-00132,LG-000250,2026-07-21 10:33:00,39.7
RD-0006513,SH-00133,LG-000251,2026-06-10 00:58:00,-18.5
RD-0006514,SH-00133,LG-000251,2026-06-10 01:28:00,-17.4
RD-0006515,SH-00133,LG-000251,2026-06-10 01:58:00,-18.7
RD-0006516,SH-00133,LG-000251,2026-06-10 02:28:00,-17.3
RD-0006517,SH-00133,LG-000251,2026-06-10 02:58:00,-18.5
RD-0006518,SH-00133,LG-000251,2026-06-10 03:28:00,-12.3
RD-0006519,SH-00133,LG-000251,2026-06-10 03:58:00,-18.4
RD-0006520,SH-00133,LG-000251,2026-06-10 04:28:00,-11.1
RD-0006521,SH-00133,LG-000251,2026-06-10 04:58:00,-17.5
RD-0006522,SH-00133,LG-000251,2026-06-10 05:28:00,-18.6
RD-0006523,SH-00133,LG-000251,2026-06-10 05:58:00,-18.9
RD-0006524,SH-00133,LG-000251,2026-06-10 06:28:00,-18.3
RD-0006525,SH-00133,LG-000251,2026-06-10 06:58:00,-17.7
RD-0006526,SH-00133,LG-000251,2026-06-10 07:28:00,-17.7
RD-0006527,SH-00133,LG-000251,2026-06-10 07:58:00,-17.6
RD-0006528,SH-00133,LG-000251,2026-06-10 08:28:00,-13.6
RD-0006529,SH-00133,LG-000251,2026-06-10 08:58:00,-18.7
RD-0006530,SH-00133,LG-000251,2026-06-10 09:28:00,-17.6
RD-0006531,SH-00133,LG-000251,2026-06-10 09:58:00,-18.2
RD-0006532,SH-00133,LG-000251,2026-06-10 10:28:00,-17.2
RD-0006533,SH-00133,LG-000251,2026-06-10 10:58:00,-17.2
RD-0006534,SH-00133,LG-000251,2026-06-10 11:28:00,-17.3
RD-0006535,SH-00133,LG-000251,2026-06-10 11:58:00,-12.6
RD-0006536,SH-00133,LG-000251,2026-06-10 12:28:00,-17.1
RD-0006537,SH-00133,LG-000251,2026-06-10 12:58:00,-9.7
RD-0006538,SH-00133,LG-000251,2026-06-10 13:28:00,-19.4
RD-0006539,SH-00133,LG-000251,2026-06-10 13:58:00,-17.4
RD-0006540,SH-00133,LG-000251,2026-06-10 14:28:00,-11.6
RD-0006541,SH-00133,LG-000251,2026-06-10 14:58:00,-17.6
RD-0006542,SH-00133,LG-000251,2026-06-10 15:28:00,-17.7
RD-0006543,SH-00133,LG-000252,2026-06-10 15:58:00,-18.1
RD-0006544,SH-00133,LG-000252,2026-06-10 16:28:00,-18.9
RD-0006545,SH-00133,LG-000252,2026-06-10 16:58:00,-18.7
RD-0006546,SH-00133,LG-000252,2026-06-10 17:28:00,-19.7
RD-0006547,SH-00133,LG-000252,2026-06-10 17:58:00,-16.7
RD-0006548,SH-00133,LG-000252,2026-06-10 18:28:00,-19.0
RD-0006549,SH-00133,LG-000252,2026-06-10 18:58:00,-20.8
RD-0006550,SH-00133,LG-000252,2026-06-10 19:28:00,-19.6
RD-0006551,SH-00133,LG-000252,2026-06-10 19:58:00,-16.4
RD-0006552,SH-00133,LG-000252,2026-06-10 20:28:00,-999
RD-0006553,SH-00133,LG-000252,2026-06-10 20:58:00,-18.7
RD-0006554,SH-00133,LG-000252,2026-06-10 21:28:00,-10.4
RD-0006555,SH-00133,LG-000252,2026-06-10 21:58:00,-18.9
RD-0006556,SH-00133,LG-000252,2026-06-10 22:28:00,-12.7
RD-0006557,SH-00133,LG-000252,2026-06-10 22:58:00,-17.5
RD-0006558,SH-00133,LG-000252,2026-06-10 23:28:00,-18.6
RD-0006559,SH-00133,LG-000252,2026-06-10 23:58:00,-17.2
RD-0006560,SH-00133,LG-000252,2026-06-11 00:28:00,-16.7
RD-0006561,SH-00133,LG-000252,2026-06-11 00:58:00,-17.6
RD-0006562,SH-00133,LG-000252,2026-06-11 01:28:00,-18.3
RD-0006563,SH-00133,LG-000252,2026-06-11 01:58:00,-18.3
RD-0006564,SH-00133,LG-000252,2026-06-11 02:28:00,-16.9
RD-0006565,SH-00133,LG-000252,2026-06-11 02:58:00,-19.3
RD-0006566,SH-00133,LG-000252,2026-06-11 03:28:00,-17.2
RD-0006567,SH-00133,LG-000252,2026-06-11 03:58:00,-17.0
RD-0006568,SH-00133,LG-000252,2026-06-11 04:28:00,-17.6
RD-0006569,SH-00133,LG-000252,2026-06-11 04:58:00,-9.6
RD-0006570,SH-00133,LG-000252,2026-06-11 05:28:00,-17.4
RD-0006571,SH-00133,LG-000252,2026-06-11 05:58:00,-18.6
RD-0006572,SH-00133,LG-000252,2026-06-11 06:28:00,-12.0
RD-0006573,SH-00134,LG-000253,2026-06-05 23:46:00,5.0
RD-0006574,SH-00134,LG-000253,2026-06-06 00:16:00,4.6
RD-0006575,SH-00134,LG-000253,2026-06-06 00:46:00,6.7
RD-0006576,SH-00134,LG-000253,2026-06-06 01:16:00,4.0
RD-0006577,SH-00134,LG-000253,2026-06-06 01:46:00,5.6
RD-0006578,SH-00134,LG-000253,2026-06-06 02:16:00,4.8
RD-0006579,SH-00134,LG-000253,2026-06-06 02:46:00,5.1
RD-0006580,SH-00134,LG-000253,2026-06-06 03:16:00,6.0
RD-0006581,SH-00134,LG-000253,2026-06-06 03:46:00,4.8
RD-0006582,SH-00134,LG-000253,2026-06-06 04:16:00,7.6
RD-0006583,SH-00134,LG-000254,2026-06-06 04:46:00,-999
RD-0006584,SH-00134,LG-000254,2026-06-06 05:16:00,6.1
RD-0006585,SH-00134,LG-000254,2026-06-06 05:46:00,6.2
RD-0006586,SH-00134,LG-000254,2026-06-06 06:16:00,6.6
RD-0006587,SH-00134,LG-000254,2026-06-06 06:46:00,6.5
RD-0006588,SH-00134,LG-000254,2026-06-06 07:16:00,3.9
RD-0006589,SH-00134,LG-000254,2026-06-06 07:46:00,5.7
RD-0006590,SH-00134,LG-000254,2026-06-06 08:16:00,4.5
RD-0006591,SH-00134,LG-000254,2026-06-06 08:46:00,6.1
RD-0006592,SH-00134,LG-000254,2026-06-06 09:16:00,-999
RD-0006593,SH-00135,LG-000255,2026-06-15 19:15:00,-2.5
RD-0006594,SH-00135,LG-000255,2026-06-15 19:45:00,-0.7
RD-0006595,SH-00135,LG-000255,2026-06-15 20:15:00,0.2
RD-0006596,SH-00135,LG-000255,2026-06-15 20:45:00,-3.2
RD-0006597,SH-00135,LG-000255,2026-06-15 21:15:00,-0.1
RD-0006598,SH-00135,LG-000255,2026-06-15 21:45:00,-2.3
RD-0006599,SH-00135,LG-000255,2026-06-15 22:15:00,-1.6
RD-0006600,SH-00135,LG-000255,2026-06-15 22:45:00,0.9
RD-0006601,SH-00135,LG-000255,2026-06-15 23:15:00,3.2
RD-0006602,SH-00135,LG-000255,2026-06-15 23:45:00,-0.2
RD-0006603,SH-00135,LG-000255,2026-06-16 00:15:00,-2.2
RD-0006604,SH-00135,LG-000255,2026-06-16 00:45:00,2.3
RD-0006605,SH-00135,LG-000255,2026-06-16 01:15:00,-1.3
RD-0006606,SH-00135,LG-000255,2026-06-16 01:45:00,-2.0
RD-0006607,SH-00135,LG-000255,2026-06-16 02:15:00,-1.7
RD-0006608,SH-00135,LG-000255,2026-06-16 02:45:00,-1.5
RD-0006609,SH-00135,LG-000255,2026-06-16 03:15:00,-1.4
RD-0006610,SH-00135,LG-000255,2026-06-16 03:45:00,1.9
RD-0006611,SH-00135,LG-000256,2026-06-16 04:15:00,-18.6
RD-0006612,SH-00135,LG-000256,2026-06-16 04:45:00,-17.5
RD-0006613,SH-00135,LG-000256,2026-06-16 05:15:00,-18.2
RD-0006614,SH-00135,LG-000256,2026-06-16 05:45:00,-17.7
RD-0006615,SH-00135,LG-000256,2026-06-16 06:15:00,-19.0
RD-0006616,SH-00135,LG-000256,2026-06-16 06:45:00,-18.3
RD-0006617,SH-00135,LG-000256,2026-06-16 07:15:00,-17.7
RD-0006618,SH-00135,LG-000256,2026-06-16 07:45:00,-17.2
RD-0006619,SH-00135,LG-000256,2026-06-16 08:15:00,-19.3
RD-0006620,SH-00135,LG-000256,2026-06-16 08:45:00,-19.1
RD-0006621,SH-00135,LG-000256,2026-06-16 09:15:00,-17.4
RD-0006622,SH-00135,LG-000256,2026-06-16 09:45:00,-17.8
RD-0006623,SH-00135,LG-000256,2026-06-16 10:15:00,-17.4
RD-0006624,SH-00135,LG-000256,2026-06-16 10:45:00,-18.1
RD-0006625,SH-00135,LG-000256,2026-06-16 11:15:00,-17.1
RD-0006626,SH-00135,LG-000256,2026-06-16 11:45:00,-17.9
RD-0006627,SH-00135,LG-000256,2026-06-16 12:15:00,-18.0
RD-0006628,SH-00135,LG-000256,2026-06-16 12:45:00,-18.1
RD-0006629,SH-00136,LG-000257,2026-08-22 23:25:00,40.3
RD-0006630,SH-00136,LG-000257,2026-08-22 23:55:00,40.0
RD-0006631,SH-00136,LG-000257,2026-08-23 00:25:00,39.8
RD-0006632,SH-00136,LG-000257,2026-08-23 00:55:00,40.8
RD-0006633,SH-00136,LG-000257,2026-08-23 01:25:00,38.6
RD-0006634,SH-00136,LG-000257,2026-08-23 01:55:00,37.4
RD-0006635,SH-00136,LG-000258,2026-08-23 02:25:00,4.0
RD-0006636,SH-00136,LG-000258,2026-08-23 02:55:00,4.4
RD-0006637,SH-00136,LG-000258,2026-08-23 03:25:00,3.9
RD-0006638,SH-00136,LG-000258,2026-08-23 03:55:00,5.8
RD-0006639,SH-00136,LG-000258,2026-08-23 04:25:00,3.9
RD-0006640,SH-00136,LG-000258,2026-08-23 04:55:00,3.9
RD-0006641,SH-00136,LG-000259,2026-08-23 05:25:00,3.4
RD-0006642,SH-00136,LG-000259,2026-08-23 05:55:00,5.3
RD-0006643,SH-00136,LG-000259,2026-08-23 06:25:00,3.6
RD-0006644,SH-00136,LG-000259,2026-08-23 06:55:00,4.3
RD-0006645,SH-00136,LG-000259,2026-08-23 07:25:00,3.1
RD-0006646,SH-00136,LG-000259,2026-08-23 07:55:00,4.3
RD-0006647,SH-00137,LG-000260,2026-08-21 04:28:00,5.2
RD-0006648,SH-00137,LG-000260,2026-08-21 04:58:00,6.1
RD-0006649,SH-00137,LG-000260,2026-08-21 05:28:00,4.3
RD-0006650,SH-00137,LG-000260,2026-08-21 05:58:00,5.5
RD-0006651,SH-00137,LG-000260,2026-08-21 06:28:00,4.6
RD-0006652,SH-00137,LG-000260,2026-08-21 06:58:00,5.2
RD-0006653,SH-00137,LG-000260,2026-08-21 07:28:00,5.7
RD-0006654,SH-00137,LG-000260,2026-08-21 07:58:00,4.9
RD-0006655,SH-00137,LG-000260,2026-08-21 08:28:00,5.8
RD-0006656,SH-00137,LG-000260,2026-08-21 08:58:00,5.6
RD-0006657,SH-00137,LG-000260,2026-08-21 09:28:00,4.7
RD-0006658,SH-00137,LG-000260,2026-08-21 09:58:00,5.9
RD-0006659,SH-00137,LG-000260,2026-08-21 10:28:00,4.5
RD-0006660,SH-00137,LG-000260,2026-08-21 10:58:00,5.3
RD-0006661,SH-00137,LG-000260,2026-08-21 11:28:00,4.2
RD-0006662,SH-00137,LG-000260,2026-08-21 11:58:00,4.8
RD-0006663,SH-00137,LG-000260,2026-08-21 12:28:00,4.7
RD-0006664,SH-00137,LG-000260,2026-08-21 12:58:00,3.5
RD-0006665,SH-00137,LG-000260,2026-08-21 13:28:00,3.6
RD-0006666,SH-00137,LG-000260,2026-08-21 13:58:00,6.1
RD-0006667,SH-00137,LG-000260,2026-08-21 14:28:00,3.3
RD-0006668,SH-00137,LG-000260,2026-08-21 14:58:00,4.2
RD-0006669,SH-00137,LG-000260,2026-08-21 15:28:00,5.7
RD-0006670,SH-00137,LG-000260,2026-08-21 15:58:00,5.5
RD-0006671,SH-00137,LG-000260,2026-08-21 16:28:00,6.1
RD-0006672,SH-00137,LG-000260,2026-08-21 16:58:00,5.4
RD-0006673,SH-00137,LG-000260,2026-08-21 17:28:00,5.2
RD-0006674,SH-00137,LG-000260,2026-08-21 17:58:00,4.9
RD-0006675,SH-00137,LG-000260,2026-08-21 18:28:00,-999
RD-0006676,SH-00137,LG-000260,2026-08-21 18:58:00,5.2
RD-0006677,SH-00137,LG-000260,2026-08-21 19:28:00,5.3
RD-0006678,SH-00137,LG-000260,2026-08-21 19:58:00,4.6
RD-0006679,SH-00137,LG-000260,2026-08-21 20:28:00,3.4
RD-0006680,SH-00137,LG-000260,2026-08-21 20:58:00,4.1
RD-0006681,SH-00137,LG-000260,2026-08-21 21:28:00,4.7
RD-0006682,SH-00137,LG-000260,2026-08-21 21:58:00,6.4
RD-0006683,SH-00137,LG-000260,2026-08-21 22:28:00,5.5
RD-0006684,SH-00137,LG-000260,2026-08-21 22:58:00,3.8
RD-0006685,SH-00137,LG-000260,2026-08-21 23:28:00,6.7
RD-0006686,SH-00137,LG-000260,2026-08-21 23:58:00,5.6
RD-0006687,SH-00137,LG-000260,2026-08-22 00:28:00,4.7
RD-0006688,SH-00137,LG-000260,2026-08-22 00:58:00,3.6
RD-0006689,SH-00137,LG-000260,2026-08-22 01:28:00,4.9
RD-0006690,SH-00137,LG-000260,2026-08-22 01:58:00,-999
RD-0006691,SH-00137,LG-000260,2026-08-22 02:28:00,5.9
RD-0006692,SH-00137,LG-000260,2026-08-22 02:58:00,5.2
RD-0006693,SH-00137,LG-000260,2026-08-22 03:28:00,4.2
RD-0006694,SH-00137,LG-000260,2026-08-22 03:58:00,5.2
RD-0006695,SH-00137,LG-000260,2026-08-22 04:28:00,5.7
RD-0006696,SH-00137,LG-000260,2026-08-22 04:58:00,6.7
RD-0006697,SH-00137,LG-000260,2026-08-22 05:28:00,3.6
RD-0006698,SH-00137,LG-000260,2026-08-22 05:58:00,5.1
RD-0006699,SH-00137,LG-000260,2026-08-22 06:28:00,5.6
RD-0006700,SH-00137,LG-000260,2026-08-22 06:58:00,4.1
RD-0006701,SH-00137,LG-000260,2026-08-22 07:28:00,4.6
RD-0006702,SH-00137,LG-000260,2026-08-22 07:58:00,6.0
RD-0006703,SH-00137,LG-000260,2026-08-22 08:28:00,3.3
RD-0006704,SH-00137,LG-000260,2026-08-22 08:58:00,4.0
RD-0006705,SH-00137,LG-000260,2026-08-22 09:28:00,5.3
RD-0006706,SH-00137,LG-000260,2026-08-22 09:58:00,5.9
RD-0006707,SH-00137,LG-000260,2026-08-22 10:28:00,4.9
RD-0006708,SH-00137,LG-000260,2026-08-22 10:58:00,4.4
RD-0006709,SH-00137,LG-000260,2026-08-22 11:28:00,4.7
RD-0006710,SH-00137,LG-000260,2026-08-22 11:58:00,4.3
RD-0006711,SH-00137,LG-000260,2026-08-22 12:28:00,2.6
RD-0006712,SH-00137,LG-000260,2026-08-22 12:58:00,5.7
RD-0006713,SH-00137,LG-000260,2026-08-22 13:28:00,4.2
RD-0006714,SH-00137,LG-000260,2026-08-22 13:58:00,4.4
RD-0006715,SH-00137,LG-000260,2026-08-22 14:28:00,5.0
RD-0006716,SH-00137,LG-000260,2026-08-22 14:58:00,4.5
RD-0006717,SH-00137,LG-000260,2026-08-22 15:28:00,7.4
RD-0006718,SH-00137,LG-000260,2026-08-22 15:58:00,4.9
RD-0006719,SH-00137,LG-000260,2026-08-22 16:28:00,5.8
RD-0006720,SH-00137,LG-000260,2026-08-22 16:58:00,5.6
RD-0006721,SH-00138,LG-000261,2026-07-30 22:37:00,4.5
RD-0006722,SH-00138,LG-000261,2026-07-30 23:07:00,2.5
RD-0006723,SH-00138,LG-000261,2026-07-30 23:37:00,3.7
RD-0006724,SH-00138,LG-000261,2026-07-31 00:07:00,8.7
RD-0006725,SH-00138,LG-000261,2026-07-31 00:37:00,7.8
RD-0006726,SH-00138,LG-000261,2026-07-31 01:07:00,4.5
RD-0006727,SH-00138,LG-000261,2026-07-31 01:37:00,2.9
RD-0006728,SH-00138,LG-000261,2026-07-31 02:07:00,4.3
RD-0006729,SH-00138,LG-000261,2026-07-31 02:37:00,8.4
RD-0006730,SH-00138,LG-000261,2026-07-31 03:07:00,3.4
RD-0006731,SH-00138,LG-000261,2026-07-31 03:37:00,4.0
RD-0006732,SH-00138,LG-000261,2026-07-31 04:07:00,4.9
RD-0006733,SH-00138,LG-000261,2026-07-31 04:37:00,4.5
RD-0006734,SH-00138,LG-000261,2026-07-31 05:07:00,11.2
RD-0006735,SH-00138,LG-000261,2026-07-31 05:37:00,5.2
RD-0006736,SH-00138,LG-000261,2026-07-31 06:07:00,5.0
RD-0006737,SH-00138,LG-000261,2026-07-31 06:37:00,3.7
RD-0006738,SH-00138,LG-000261,2026-07-31 07:07:00,9.5
RD-0006739,SH-00138,LG-000261,2026-07-31 07:37:00,3.8
RD-0006740,SH-00138,LG-000261,2026-07-31 08:07:00,9.4
RD-0006741,SH-00138,LG-000261,2026-07-31 08:37:00,2.9
RD-0006742,SH-00138,LG-000261,2026-07-31 09:07:00,5.1
RD-0006743,SH-00138,LG-000261,2026-07-31 09:37:00,3.8
RD-0006744,SH-00138,LG-000261,2026-07-31 10:07:00,3.6
RD-0006745,SH-00138,LG-000261,2026-07-31 10:37:00,3.7
RD-0006746,SH-00138,LG-000261,2026-07-31 11:07:00,3.7
RD-0006747,SH-00138,LG-000261,2026-07-31 11:37:00,10.1
RD-0006748,SH-00138,LG-000261,2026-07-31 12:07:00,4.4
RD-0006749,SH-00138,LG-000261,2026-07-31 12:37:00,2.6
RD-0006750,SH-00138,LG-000261,2026-07-31 13:07:00,5.0
RD-0006751,SH-00138,LG-000261,2026-07-31 13:37:00,4.2
RD-0006752,SH-00138,LG-000261,2026-07-31 14:07:00,4.7
RD-0006753,SH-00138,LG-000262,2026-07-31 14:37:00,4.8
RD-0006754,SH-00138,LG-000262,2026-07-31 15:07:00,8.8
RD-0006755,SH-00138,LG-000262,2026-07-31 15:37:00,4.3
RD-0006756,SH-00138,LG-000262,2026-07-31 16:07:00,5.0
RD-0006757,SH-00138,LG-000262,2026-07-31 16:37:00,10.3
RD-0006758,SH-00138,LG-000262,2026-07-31 17:07:00,3.7
RD-0006759,SH-00138,LG-000262,2026-07-31 17:37:00,4.0
RD-0006760,SH-00138,LG-000262,2026-07-31 18:07:00,4.4
RD-0006761,SH-00138,LG-000262,2026-07-31 18:37:00,2.7
RD-0006762,SH-00138,LG-000262,2026-07-31 19:07:00,4.8
RD-0006763,SH-00138,LG-000262,2026-07-31 19:37:00,3.8
RD-0006764,SH-00138,LG-000262,2026-07-31 20:07:00,4.6
RD-0006765,SH-00138,LG-000262,2026-07-31 20:37:00,2.9
RD-0006766,SH-00138,LG-000262,2026-07-31 21:07:00,5.1
RD-0006767,SH-00138,LG-000262,2026-07-31 21:37:00,11.6
RD-0006768,SH-00138,LG-000262,2026-07-31 22:07:00,4.1
RD-0006769,SH-00138,LG-000262,2026-07-31 22:37:00,2.9
RD-0006770,SH-00138,LG-000262,2026-07-31 23:07:00,4.8
RD-0006771,SH-00138,LG-000262,2026-07-31 23:37:00,13.2
RD-0006772,SH-00138,LG-000262,2026-08-01 00:07:00,4.7
RD-0006773,SH-00138,LG-000262,2026-08-01 00:37:00,3.9
RD-0006774,SH-00138,LG-000262,2026-08-01 01:07:00,1.7
RD-0006775,SH-00138,LG-000262,2026-08-01 01:37:00,10.3
RD-0006776,SH-00138,LG-000262,2026-08-01 02:07:00,4.0
RD-0006777,SH-00138,LG-000262,2026-08-01 02:37:00,3.4
RD-0006778,SH-00138,LG-000262,2026-08-01 03:07:00,3.7
RD-0006779,SH-00138,LG-000262,2026-08-01 03:37:00,10.2
RD-0006780,SH-00138,LG-000262,2026-08-01 04:07:00,4.7
RD-0006781,SH-00138,LG-000262,2026-08-01 04:37:00,4.7
RD-0006782,SH-00138,LG-000262,2026-08-01 05:07:00,4.2
RD-0006783,SH-00138,LG-000262,2026-08-01 05:37:00,2.5
RD-0006784,SH-00138,LG-000262,2026-08-01 06:07:00,3.5
RD-0006785,SH-00139,LG-000263,2026-08-03 05:44:00,-17.0
RD-0006786,SH-00139,LG-000263,2026-08-03 06:14:00,-16.6
RD-0006787,SH-00139,LG-000263,2026-08-03 06:44:00,-19.5
RD-0006788,SH-00139,LG-000263,2026-08-03 07:14:00,-18.4
RD-0006789,SH-00139,LG-000263,2026-08-03 07:44:00,-20.3
RD-0006790,SH-00139,LG-000263,2026-08-03 08:14:00,-17.8
RD-0006791,SH-00139,LG-000263,2026-08-03 08:44:00,-999
RD-0006792,SH-00139,LG-000263,2026-08-03 09:14:00,-19.5
RD-0006793,SH-00139,LG-000263,2026-08-03 09:44:00,-18.0
RD-0006794,SH-00139,LG-000263,2026-08-03 10:14:00,-18.6
RD-0006795,SH-00139,LG-000263,2026-08-03 10:44:00,-17.8
RD-0006796,SH-00139,LG-000263,2026-08-03 11:14:00,-17.4
RD-0006797,SH-00139,LG-000263,2026-08-03 11:44:00,-18.6
RD-0006798,SH-00139,LG-000263,2026-08-03 12:14:00,-16.8
RD-0006799,SH-00139,LG-000264,2026-08-03 12:44:00,-18.4
RD-0006800,SH-00139,LG-000264,2026-08-03 13:14:00,-17.8
RD-0006801,SH-00139,LG-000264,2026-08-03 13:44:00,-18.2
RD-0006802,SH-00139,LG-000264,2026-08-03 14:14:00,-17.0
RD-0006803,SH-00139,LG-000264,2026-08-03 14:44:00,-18.3
RD-0006804,SH-00139,LG-000264,2026-08-03 15:14:00,-17.9
RD-0006805,SH-00139,LG-000264,2026-08-03 15:44:00,-15.8
RD-0006806,SH-00139,LG-000264,2026-08-03 16:14:00,-17.0
RD-0006807,SH-00139,LG-000264,2026-08-03 16:44:00,-17.8
RD-0006808,SH-00139,LG-000264,2026-08-03 17:14:00,-18.2
RD-0006809,SH-00139,LG-000264,2026-08-03 17:44:00,-17.7
RD-0006810,SH-00139,LG-000264,2026-08-03 18:14:00,-18.6
RD-0006811,SH-00139,LG-000264,2026-08-03 18:44:00,-15.9
RD-0006812,SH-00139,LG-000264,2026-08-03 19:14:00,-17.7
RD-0006813,SH-00139,LG-000265,2026-08-03 19:44:00,-16.4
RD-0006814,SH-00139,LG-000265,2026-08-03 20:14:00,-20.0
RD-0006815,SH-00139,LG-000265,2026-08-03 20:44:00,-19.0
RD-0006816,SH-00139,LG-000265,2026-08-03 21:14:00,-18.0
RD-0006817,SH-00139,LG-000265,2026-08-03 21:44:00,-19.3
RD-0006818,SH-00139,LG-000265,2026-08-03 22:14:00,-18.7
RD-0006819,SH-00139,LG-000265,2026-08-03 22:44:00,-18.2
RD-0006820,SH-00139,LG-000265,2026-08-03 23:14:00,-17.3
RD-0006821,SH-00139,LG-000265,2026-08-03 23:44:00,-18.7
RD-0006822,SH-00139,LG-000265,2026-08-04 00:14:00,-17.2
RD-0006823,SH-00139,LG-000265,2026-08-04 00:44:00,-18.5
RD-0006824,SH-00139,LG-000265,2026-08-04 01:14:00,-18.0
RD-0006825,SH-00139,LG-000265,2026-08-04 01:44:00,-17.4
RD-0006826,SH-00139,LG-000265,2026-08-04 02:14:00,-17.5
RD-0006827,SH-00140,LG-000266,2026-08-02 08:58:00,-18.0
RD-0006828,SH-00140,LG-000266,2026-08-02 09:28:00,-18.4
RD-0006829,SH-00140,LG-000266,2026-08-02 09:58:00,-17.2
RD-0006830,SH-00140,LG-000266,2026-08-02 10:28:00,-18.0
RD-0006831,SH-00140,LG-000266,2026-08-02 10:58:00,-17.8
RD-0006832,SH-00140,LG-000266,2026-08-02 11:28:00,-17.5
RD-0006833,SH-00140,LG-000266,2026-08-02 11:58:00,-18.5
RD-0006834,SH-00140,LG-000266,2026-08-02 12:28:00,-999
RD-0006835,SH-00140,LG-000266,2026-08-02 12:58:00,-18.4
RD-0006836,SH-00140,LG-000266,2026-08-02 13:28:00,-18.6
RD-0006837,SH-00140,LG-000266,2026-08-02 13:58:00,-17.3
RD-0006838,SH-00140,LG-000266,2026-08-02 14:28:00,-18.3
RD-0006839,SH-00140,LG-000266,2026-08-02 14:58:00,-18.9
RD-0006840,SH-00140,LG-000266,2026-08-02 15:28:00,-19.0
RD-0006841,SH-00140,LG-000266,2026-08-02 15:58:00,-17.9
RD-0006842,SH-00140,LG-000266,2026-08-02 16:28:00,-17.8
RD-0006843,SH-00140,LG-000267,2026-08-02 16:58:00,-19.0
RD-0006844,SH-00140,LG-000267,2026-08-02 17:28:00,-19.7
RD-0006845,SH-00140,LG-000267,2026-08-02 17:58:00,-19.1
RD-0006846,SH-00140,LG-000267,2026-08-02 18:28:00,-18.5
RD-0006847,SH-00140,LG-000267,2026-08-02 18:58:00,-18.3
RD-0006848,SH-00140,LG-000267,2026-08-02 19:28:00,-18.0
RD-0006849,SH-00140,LG-000267,2026-08-02 19:58:00,-18.6
RD-0006850,SH-00140,LG-000267,2026-08-02 20:28:00,-19.6
RD-0006851,SH-00140,LG-000267,2026-08-02 20:58:00,-18.4
RD-0006852,SH-00140,LG-000267,2026-08-02 21:28:00,-18.1
RD-0006853,SH-00140,LG-000267,2026-08-02 21:58:00,-19.4
RD-0006854,SH-00140,LG-000267,2026-08-02 22:28:00,-18.1
RD-0006855,SH-00140,LG-000267,2026-08-02 22:58:00,-17.3
RD-0006856,SH-00140,LG-000267,2026-08-02 23:28:00,-17.8
RD-0006857,SH-00140,LG-000267,2026-08-02 23:58:00,-18.1
RD-0006858,SH-00140,LG-000267,2026-08-03 00:28:00,-18.1
RD-0006859,SH-00140,LG-000268,2026-08-03 00:58:00,-18.2
RD-0006860,SH-00140,LG-000268,2026-08-03 01:28:00,-17.4
RD-0006861,SH-00140,LG-000268,2026-08-03 01:58:00,-18.3
RD-0006862,SH-00140,LG-000268,2026-08-03 02:28:00,-17.0
RD-0006863,SH-00140,LG-000268,2026-08-03 02:58:00,-16.7
RD-0006864,SH-00140,LG-000268,2026-08-03 03:28:00,-18.4
RD-0006865,SH-00140,LG-000268,2026-08-03 03:58:00,-18.3
RD-0006866,SH-00140,LG-000268,2026-08-03 04:28:00,-17.9
RD-0006867,SH-00140,LG-000268,2026-08-03 04:58:00,-17.6
RD-0006868,SH-00140,LG-000268,2026-08-03 05:28:00,-17.6
RD-0006869,SH-00140,LG-000268,2026-08-03 05:58:00,-17.3
RD-0006870,SH-00140,LG-000268,2026-08-03 06:28:00,-16.3
RD-0006871,SH-00140,LG-000268,2026-08-03 06:58:00,-18.1
RD-0006872,SH-00140,LG-000268,2026-08-03 07:28:00,-18.6
RD-0006873,SH-00140,LG-000268,2026-08-03 07:58:00,-17.8
RD-0006874,SH-00140,LG-000268,2026-08-03 08:28:00,-17.4
RD-0006875,SH-00141,LG-000269,2026-06-24 23:24:00,5.8
RD-0006876,SH-00141,LG-000269,2026-06-24 23:54:00,6.7
RD-0006877,SH-00141,LG-000269,2026-06-25 00:24:00,4.1
RD-0006878,SH-00141,LG-000269,2026-06-25 00:54:00,4.7
RD-0006879,SH-00141,LG-000269,2026-06-25 01:24:00,4.6
RD-0006880,SH-00141,LG-000269,2026-06-25 01:54:00,5.3
RD-0006881,SH-00141,LG-000269,2026-06-25 02:24:00,4.6
RD-0006882,SH-00141,LG-000269,2026-06-25 02:54:00,6.7
RD-0006883,SH-00141,LG-000269,2026-06-25 03:24:00,4.0
RD-0006884,SH-00141,LG-000269,2026-06-25 03:54:00,3.8
RD-0006885,SH-00141,LG-000269,2026-06-25 04:24:00,4.3
RD-0006886,SH-00141,LG-000269,2026-06-25 04:54:00,4.0
RD-0006887,SH-00141,LG-000269,2026-06-25 05:24:00,4.7
RD-0006888,SH-00141,LG-000269,2026-06-25 05:54:00,3.1
RD-0006889,SH-00141,LG-000269,2026-06-25 06:24:00,5.6
RD-0006890,SH-00141,LG-000269,2026-06-25 06:54:00,5.0
RD-0006891,SH-00141,LG-000269,2026-06-25 07:24:00,5.0
RD-0006892,SH-00141,LG-000269,2026-06-25 07:54:00,5.4
RD-0006893,SH-00141,LG-000269,2026-06-25 08:24:00,3.9
RD-0006894,SH-00141,LG-000269,2026-06-25 08:54:00,4.5
RD-0006895,SH-00141,LG-000269,2026-06-25 09:24:00,5.5
RD-0006896,SH-00141,LG-000269,2026-06-25 09:54:00,6.0
RD-0006897,SH-00141,LG-000269,2026-06-25 10:24:00,4.1
RD-0006898,SH-00141,LG-000269,2026-06-25 10:54:00,4.7
RD-0006899,SH-00141,LG-000269,2026-06-25 11:24:00,6.1
RD-0006900,SH-00141,LG-000269,2026-06-25 11:54:00,4.9
RD-0006901,SH-00141,LG-000269,2026-06-25 12:24:00,3.0
RD-0006902,SH-00141,LG-000269,2026-06-25 12:54:00,5.6
RD-0006903,SH-00141,LG-000269,2026-06-25 13:24:00,6.5
RD-0006904,SH-00141,LG-000269,2026-06-25 13:54:00,4.9
RD-0006905,SH-00141,LG-000270,2026-06-25 14:24:00,5.1
RD-0006906,SH-00141,LG-000270,2026-06-25 14:54:00,5.5
RD-0006907,SH-00141,LG-000270,2026-06-25 15:24:00,6.0
RD-0006908,SH-00141,LG-000270,2026-06-25 15:54:00,5.9
RD-0006909,SH-00141,LG-000270,2026-06-25 16:24:00,5.7
RD-0006910,SH-00141,LG-000270,2026-06-25 16:54:00,5.1
RD-0006911,SH-00141,LG-000270,2026-06-25 17:24:00,5.8
RD-0006912,SH-00141,LG-000270,2026-06-25 17:54:00,4.2
RD-0006913,SH-00141,LG-000270,2026-06-25 18:24:00,4.4
RD-0006914,SH-00141,LG-000270,2026-06-25 18:54:00,5.2
RD-0006915,SH-00141,LG-000270,2026-06-25 19:24:00,3.8
RD-0006916,SH-00141,LG-000270,2026-06-25 19:54:00,5.8
RD-0006917,SH-00141,LG-000270,2026-06-25 20:24:00,6.5
RD-0006918,SH-00141,LG-000270,2026-06-25 20:54:00,4.3
RD-0006919,SH-00141,LG-000270,2026-06-25 21:24:00,5.0
RD-0006920,SH-00141,LG-000270,2026-06-25 21:54:00,5.5
RD-0006921,SH-00141,LG-000270,2026-06-25 22:24:00,5.6
RD-0006922,SH-00141,LG-000270,2026-06-25 22:54:00,4.5
RD-0006923,SH-00141,LG-000270,2026-06-25 23:24:00,4.5
RD-0006924,SH-00141,LG-000270,2026-06-25 23:54:00,6.1
RD-0006925,SH-00141,LG-000270,2026-06-26 00:24:00,6.5
RD-0006926,SH-00141,LG-000270,2026-06-26 00:54:00,5.5
RD-0006927,SH-00141,LG-000270,2026-06-26 01:24:00,4.4
RD-0006928,SH-00141,LG-000270,2026-06-26 01:54:00,5.8
RD-0006929,SH-00141,LG-000270,2026-06-26 02:24:00,4.5
RD-0006930,SH-00141,LG-000270,2026-06-26 02:54:00,3.8
RD-0006931,SH-00141,LG-000270,2026-06-26 03:24:00,5.2
RD-0006932,SH-00141,LG-000270,2026-06-26 03:54:00,4.5
RD-0006933,SH-00141,LG-000270,2026-06-26 04:24:00,-999
RD-0006934,SH-00141,LG-000270,2026-06-26 04:54:00,5.2
RD-0006935,SH-00142,LG-000271,2026-07-24 07:26:00,3.3
RD-0006936,SH-00142,LG-000271,2026-07-24 07:56:00,4.3
RD-0006937,SH-00142,LG-000271,2026-07-24 08:26:00,3.4
RD-0006938,SH-00142,LG-000271,2026-07-24 08:56:00,4.9
RD-0006939,SH-00142,LG-000271,2026-07-24 09:26:00,3.4
RD-0006940,SH-00142,LG-000271,2026-07-24 09:56:00,4.4
RD-0006941,SH-00142,LG-000271,2026-07-24 10:26:00,4.5
RD-0006942,SH-00142,LG-000271,2026-07-24 10:56:00,4.3
RD-0006943,SH-00142,LG-000271,2026-07-24 11:26:00,4.2
RD-0006944,SH-00142,LG-000271,2026-07-24 11:56:00,4.0
RD-0006945,SH-00142,LG-000271,2026-07-24 12:26:00,4.1
RD-0006946,SH-00142,LG-000271,2026-07-24 12:56:00,5.7
RD-0006947,SH-00142,LG-000271,2026-07-24 13:26:00,2.2
RD-0006948,SH-00142,LG-000271,2026-07-24 13:56:00,3.4
RD-0006949,SH-00142,LG-000271,2026-07-24 14:26:00,3.5
RD-0006950,SH-00142,LG-000271,2026-07-24 14:56:00,3.7
RD-0006951,SH-00142,LG-000272,2026-07-24 15:26:00,4.3
RD-0006952,SH-00142,LG-000272,2026-07-24 15:56:00,3.8
RD-0006953,SH-00142,LG-000272,2026-07-24 16:26:00,3.2
RD-0006954,SH-00142,LG-000272,2026-07-24 16:56:00,4.9
RD-0006955,SH-00142,LG-000272,2026-07-24 17:26:00,3.4
RD-0006956,SH-00142,LG-000272,2026-07-24 17:56:00,3.3
RD-0006957,SH-00142,LG-000272,2026-07-24 18:26:00,2.1
RD-0006958,SH-00142,LG-000272,2026-07-24 18:56:00,3.6
RD-0006959,SH-00142,LG-000272,2026-07-24 19:26:00,5.5
RD-0006960,SH-00142,LG-000272,2026-07-24 19:56:00,4.3
RD-0006961,SH-00142,LG-000272,2026-07-24 20:26:00,2.2
RD-0006962,SH-00142,LG-000272,2026-07-24 20:56:00,2.8
RD-0006963,SH-00142,LG-000272,2026-07-24 21:26:00,3.8
RD-0006964,SH-00142,LG-000272,2026-07-24 21:56:00,4.0
RD-0006965,SH-00142,LG-000272,2026-07-24 22:26:00,5.2
RD-0006966,SH-00142,LG-000272,2026-07-24 22:56:00,4.6
RD-0006967,SH-00143,LG-000273,2026-07-07 04:38:00,-17.5
RD-0006968,SH-00143,LG-000273,2026-07-07 05:08:00,-17.8
RD-0006969,SH-00143,LG-000273,2026-07-07 05:38:00,-18.5
RD-0006970,SH-00143,LG-000273,2026-07-07 06:08:00,-16.6
RD-0006971,SH-00143,LG-000273,2026-07-07 06:38:00,-16.9
RD-0006972,SH-00143,LG-000273,2026-07-07 07:08:00,-18.1
RD-0006973,SH-00143,LG-000273,2026-07-07 07:38:00,-15.1
RD-0006974,SH-00143,LG-000273,2026-07-07 08:08:00,-18.6
RD-0006975,SH-00143,LG-000273,2026-07-07 08:38:00,-19.5
RD-0006976,SH-00143,LG-000273,2026-07-07 09:08:00,-18.4
RD-0006977,SH-00143,LG-000273,2026-07-07 09:38:00,-18.7
RD-0006978,SH-00143,LG-000273,2026-07-07 10:08:00,-18.6
RD-0006979,SH-00143,LG-000273,2026-07-07 10:38:00,-17.7
RD-0006980,SH-00143,LG-000273,2026-07-07 11:08:00,-19.2
RD-0006981,SH-00143,LG-000273,2026-07-07 11:38:00,-19.3
RD-0006982,SH-00143,LG-000273,2026-07-07 12:08:00,-17.2
RD-0006983,SH-00143,LG-000273,2026-07-07 12:38:00,-17.7
RD-0006984,SH-00143,LG-000273,2026-07-07 13:08:00,-17.9
RD-0006985,SH-00143,LG-000273,2026-07-07 13:38:00,-17.7
RD-0006986,SH-00143,LG-000273,2026-07-07 14:08:00,-17.9
RD-0006987,SH-00143,LG-000273,2026-07-07 14:38:00,-18.3
RD-0006988,SH-00143,LG-000273,2026-07-07 15:08:00,-18.2
RD-0006989,SH-00143,LG-000274,2026-07-07 15:38:00,-18.3
RD-0006990,SH-00143,LG-000274,2026-07-07 16:08:00,-18.0
RD-0006991,SH-00143,LG-000274,2026-07-07 16:38:00,-17.9
RD-0006992,SH-00143,LG-000274,2026-07-07 17:08:00,-16.8
RD-0006993,SH-00143,LG-000274,2026-07-07 17:38:00,-17.6
RD-0006994,SH-00143,LG-000274,2026-07-07 18:08:00,-17.7
RD-0006995,SH-00143,LG-000274,2026-07-07 18:38:00,-18.7
RD-0006996,SH-00143,LG-000274,2026-07-07 19:08:00,-17.7
RD-0006997,SH-00143,LG-000274,2026-07-07 19:38:00,-19.6
RD-0006998,SH-00143,LG-000274,2026-07-07 20:08:00,-19.7
RD-0006999,SH-00143,LG-000274,2026-07-07 20:38:00,-17.8
RD-0007000,SH-00143,LG-000274,2026-07-07 21:08:00,-17.3
RD-0007001,SH-00143,LG-000274,2026-07-07 21:38:00,-18.1
RD-0007002,SH-00143,LG-000274,2026-07-07 22:08:00,-18.3
RD-0007003,SH-00143,LG-000274,2026-07-07 22:38:00,-17.1
RD-0007004,SH-00143,LG-000274,2026-07-07 23:08:00,-18.0
RD-0007005,SH-00143,LG-000274,2026-07-07 23:38:00,-17.4
RD-0007006,SH-00143,LG-000274,2026-07-08 00:08:00,-17.8
RD-0007007,SH-00143,LG-000274,2026-07-08 00:38:00,-17.4
RD-0007008,SH-00143,LG-000274,2026-07-08 01:08:00,-18.5
RD-0007009,SH-00143,LG-000274,2026-07-08 01:38:00,-18.0
RD-0007010,SH-00143,LG-000274,2026-07-08 02:08:00,-17.7
RD-0007011,SH-00144,LG-000275,2026-07-04 03:55:00,-17.3
RD-0007012,SH-00144,LG-000275,2026-07-04 04:25:00,-18.2
RD-0007013,SH-00144,LG-000275,2026-07-04 04:55:00,-17.6
RD-0007014,SH-00144,LG-000275,2026-07-04 05:25:00,-17.6
RD-0007015,SH-00144,LG-000275,2026-07-04 05:55:00,-18.1
RD-0007016,SH-00144,LG-000275,2026-07-04 06:25:00,-17.7
RD-0007017,SH-00144,LG-000275,2026-07-04 06:55:00,-17.9
RD-0007018,SH-00144,LG-000275,2026-07-04 07:25:00,-18.4
RD-0007019,SH-00144,LG-000275,2026-07-04 07:55:00,-17.7
RD-0007020,SH-00144,LG-000275,2026-07-04 08:25:00,-17.8
RD-0007021,SH-00144,LG-000275,2026-07-04 08:55:00,-17.8
RD-0007022,SH-00144,LG-000275,2026-07-04 09:25:00,-18.6
RD-0007023,SH-00144,LG-000275,2026-07-04 09:55:00,-17.6
RD-0007024,SH-00144,LG-000275,2026-07-04 10:25:00,-18.5
RD-0007025,SH-00144,LG-000275,2026-07-04 10:55:00,-17.2
RD-0007026,SH-00144,LG-000275,2026-07-04 11:25:00,-17.6
RD-0007027,SH-00144,LG-000275,2026-07-04 11:55:00,-19.3
RD-0007028,SH-00144,LG-000275,2026-07-04 12:25:00,-17.7
RD-0007029,SH-00144,LG-000275,2026-07-04 12:55:00,-18.0
RD-0007030,SH-00144,LG-000275,2026-07-04 13:25:00,-18.2
RD-0007031,SH-00144,LG-000276,2026-07-04 13:55:00,-17.8
RD-0007032,SH-00144,LG-000276,2026-07-04 14:25:00,-17.3
RD-0007033,SH-00144,LG-000276,2026-07-04 14:55:00,-18.9
RD-0007034,SH-00144,LG-000276,2026-07-04 15:25:00,-17.7
RD-0007035,SH-00144,LG-000276,2026-07-04 15:55:00,-18.6
RD-0007036,SH-00144,LG-000276,2026-07-04 16:25:00,-18.3
RD-0007037,SH-00144,LG-000276,2026-07-04 16:55:00,-17.2
RD-0007038,SH-00144,LG-000276,2026-07-04 17:25:00,-18.2
RD-0007039,SH-00144,LG-000276,2026-07-04 17:55:00,-19.9
RD-0007040,SH-00144,LG-000276,2026-07-04 18:25:00,-16.4
RD-0007041,SH-00144,LG-000276,2026-07-04 18:55:00,-17.8
RD-0007042,SH-00144,LG-000276,2026-07-04 19:25:00,-18.0
RD-0007043,SH-00144,LG-000276,2026-07-04 19:55:00,-17.4
RD-0007044,SH-00144,LG-000276,2026-07-04 20:25:00,-18.6
RD-0007045,SH-00144,LG-000276,2026-07-04 20:55:00,-17.2
RD-0007046,SH-00144,LG-000276,2026-07-04 21:25:00,-18.0
RD-0007047,SH-00144,LG-000276,2026-07-04 21:55:00,-18.5
RD-0007048,SH-00144,LG-000276,2026-07-04 22:25:00,-17.7
RD-0007049,SH-00144,LG-000276,2026-07-04 22:55:00,-18.8
RD-0007050,SH-00144,LG-000276,2026-07-04 23:25:00,-19.9
RD-0007051,SH-00144,LG-000277,2026-07-04 23:55:00,-999
RD-0007052,SH-00144,LG-000277,2026-07-05 00:25:00,-18.1
RD-0007053,SH-00144,LG-000277,2026-07-05 00:55:00,-16.8
RD-0007054,SH-00144,LG-000277,2026-07-05 01:25:00,-17.8
RD-0007055,SH-00144,LG-000277,2026-07-05 01:55:00,-17.7
RD-0007056,SH-00144,LG-000277,2026-07-05 02:25:00,-16.9
RD-0007057,SH-00144,LG-000277,2026-07-05 02:55:00,-18.3
RD-0007058,SH-00144,LG-000277,2026-07-05 03:25:00,-17.0
RD-0007059,SH-00144,LG-000277,2026-07-05 03:55:00,-18.2
RD-0007060,SH-00144,LG-000277,2026-07-05 04:25:00,-17.3
RD-0007061,SH-00144,LG-000277,2026-07-05 04:55:00,-17.7
RD-0007062,SH-00144,LG-000277,2026-07-05 05:25:00,-17.1
RD-0007063,SH-00144,LG-000277,2026-07-05 05:55:00,-17.8
RD-0007064,SH-00144,LG-000277,2026-07-05 06:25:00,-16.8
RD-0007065,SH-00144,LG-000277,2026-07-05 06:55:00,-18.9
RD-0007066,SH-00144,LG-000277,2026-07-05 07:25:00,-16.3
RD-0007067,SH-00144,LG-000277,2026-07-05 07:55:00,-17.9
RD-0007068,SH-00144,LG-000277,2026-07-05 08:25:00,-18.3
RD-0007069,SH-00144,LG-000277,2026-07-05 08:55:00,-16.9
RD-0007070,SH-00144,LG-000277,2026-07-05 09:25:00,-17.3
RD-0007071,SH-00145,LG-000278,2026-08-25 03:21:00,3.2
RD-0007072,SH-00145,LG-000278,2026-08-25 03:51:00,3.7
RD-0007073,SH-00145,LG-000278,2026-08-25 04:21:00,4.7
RD-0007074,SH-00145,LG-000278,2026-08-25 04:51:00,3.1
RD-0007075,SH-00145,LG-000278,2026-08-25 05:21:00,4.2
RD-0007076,SH-00145,LG-000278,2026-08-25 05:51:00,3.5
RD-0007077,SH-00145,LG-000278,2026-08-25 06:21:00,4.4
RD-0007078,SH-00145,LG-000278,2026-08-25 06:51:00,5.5
RD-0007079,SH-00145,LG-000278,2026-08-25 07:21:00,4.3
RD-0007080,SH-00145,LG-000278,2026-08-25 07:51:00,5.2
RD-0007081,SH-00145,LG-000278,2026-08-25 08:21:00,4.6
RD-0007082,SH-00145,LG-000278,2026-08-25 08:51:00,3.7
RD-0007083,SH-00145,LG-000278,2026-08-25 09:21:00,4.5
RD-0007084,SH-00145,LG-000278,2026-08-25 09:51:00,2.9
RD-0007085,SH-00145,LG-000278,2026-08-25 10:21:00,2.5
RD-0007086,SH-00145,LG-000278,2026-08-25 10:51:00,3.2
RD-0007087,SH-00145,LG-000278,2026-08-25 11:21:00,2.8
RD-0007088,SH-00145,LG-000278,2026-08-25 11:51:00,3.7
RD-0007089,SH-00145,LG-000278,2026-08-25 12:21:00,3.8
RD-0007090,SH-00145,LG-000278,2026-08-25 12:51:00,5.4
RD-0007091,SH-00145,LG-000278,2026-08-25 13:21:00,3.9
RD-0007092,SH-00145,LG-000278,2026-08-25 13:51:00,4.7
RD-0007093,SH-00145,LG-000278,2026-08-25 14:21:00,4.1
RD-0007094,SH-00145,LG-000278,2026-08-25 14:51:00,3.2
RD-0007095,SH-00145,LG-000278,2026-08-25 15:21:00,5.2
RD-0007096,SH-00145,LG-000278,2026-08-25 15:51:00,3.2
RD-0007097,SH-00145,LG-000278,2026-08-25 16:21:00,3.1
RD-0007098,SH-00145,LG-000278,2026-08-25 16:51:00,3.0
RD-0007099,SH-00145,LG-000278,2026-08-25 17:21:00,4.5
RD-0007100,SH-00145,LG-000278,2026-08-25 17:51:00,3.9
RD-0007101,SH-00145,LG-000278,2026-08-25 18:21:00,-999
RD-0007102,SH-00145,LG-000278,2026-08-25 18:51:00,3.8
RD-0007103,SH-00145,LG-000278,2026-08-25 19:21:00,4.8
RD-0007104,SH-00145,LG-000278,2026-08-25 19:51:00,3.6
RD-0007105,SH-00145,LG-000278,2026-08-25 20:21:00,4.4
RD-0007106,SH-00145,LG-000278,2026-08-25 20:51:00,4.5
RD-0007107,SH-00145,LG-000278,2026-08-25 21:21:00,4.3
RD-0007108,SH-00145,LG-000278,2026-08-25 21:51:00,3.2
RD-0007109,SH-00145,LG-000278,2026-08-25 22:21:00,4.5
RD-0007110,SH-00145,LG-000278,2026-08-25 22:51:00,3.6
RD-0007111,SH-00145,LG-000279,2026-08-25 23:21:00,38.9
RD-0007112,SH-00145,LG-000279,2026-08-25 23:51:00,39.3
RD-0007113,SH-00145,LG-000279,2026-08-26 00:21:00,42.0
RD-0007114,SH-00145,LG-000279,2026-08-26 00:51:00,38.9
RD-0007115,SH-00145,LG-000279,2026-08-26 01:21:00,37.2
RD-0007116,SH-00145,LG-000279,2026-08-26 01:51:00,39.6
RD-0007117,SH-00145,LG-000279,2026-08-26 02:21:00,40.8
RD-0007118,SH-00145,LG-000279,2026-08-26 02:51:00,39.6
RD-0007119,SH-00145,LG-000279,2026-08-26 03:21:00,38.5
RD-0007120,SH-00145,LG-000279,2026-08-26 03:51:00,40.8
RD-0007121,SH-00145,LG-000279,2026-08-26 04:21:00,40.9
RD-0007122,SH-00145,LG-000279,2026-08-26 04:51:00,37.7
RD-0007123,SH-00145,LG-000279,2026-08-26 05:21:00,39.8
RD-0007124,SH-00145,LG-000279,2026-08-26 05:51:00,37.7
RD-0007125,SH-00145,LG-000279,2026-08-26 06:21:00,-999
RD-0007126,SH-00145,LG-000279,2026-08-26 06:51:00,36.6
RD-0007127,SH-00145,LG-000279,2026-08-26 07:21:00,38.7
RD-0007128,SH-00145,LG-000279,2026-08-26 07:51:00,39.5
RD-0007129,SH-00145,LG-000279,2026-08-26 08:21:00,39.6
RD-0007130,SH-00145,LG-000279,2026-08-26 08:51:00,40.4
RD-0007131,SH-00145,LG-000279,2026-08-26 09:21:00,40.6
RD-0007132,SH-00145,LG-000279,2026-08-26 09:51:00,40.4
RD-0007133,SH-00145,LG-000279,2026-08-26 10:21:00,39.2
RD-0007134,SH-00145,LG-000279,2026-08-26 10:51:00,39.9
RD-0007135,SH-00145,LG-000279,2026-08-26 11:21:00,40.2
RD-0007136,SH-00145,LG-000279,2026-08-26 11:51:00,38.3
RD-0007137,SH-00145,LG-000279,2026-08-26 12:21:00,40.0
RD-0007138,SH-00145,LG-000279,2026-08-26 12:51:00,39.4
RD-0007139,SH-00145,LG-000279,2026-08-26 13:21:00,-999
RD-0007140,SH-00145,LG-000279,2026-08-26 13:51:00,40.8
RD-0007141,SH-00145,LG-000279,2026-08-26 14:21:00,38.9
RD-0007142,SH-00145,LG-000279,2026-08-26 14:51:00,39.3
RD-0007143,SH-00145,LG-000279,2026-08-26 15:21:00,38.4
RD-0007144,SH-00145,LG-000279,2026-08-26 15:51:00,40.3
RD-0007145,SH-00145,LG-000279,2026-08-26 16:21:00,40.5
RD-0007146,SH-00145,LG-000279,2026-08-26 16:51:00,38.6
RD-0007147,SH-00145,LG-000279,2026-08-26 17:21:00,36.4
RD-0007148,SH-00145,LG-000279,2026-08-26 17:51:00,38.9
RD-0007149,SH-00145,LG-000279,2026-08-26 18:21:00,40.5
RD-0007150,SH-00145,LG-000279,2026-08-26 18:51:00,39.5
RD-0007151,SH-00146,LG-000280,2026-07-28 08:55:00,5.1
RD-0007152,SH-00146,LG-000280,2026-07-28 09:25:00,4.5
RD-0007153,SH-00146,LG-000280,2026-07-28 09:55:00,3.9
RD-0007154,SH-00146,LG-000280,2026-07-28 10:25:00,-999
RD-0007155,SH-00146,LG-000280,2026-07-28 10:55:00,6.1
RD-0007156,SH-00146,LG-000280,2026-07-28 11:25:00,5.5
RD-0007157,SH-00146,LG-000280,2026-07-28 11:55:00,5.2
RD-0007158,SH-00146,LG-000280,2026-07-28 12:25:00,4.9
RD-0007159,SH-00146,LG-000280,2026-07-28 12:55:00,5.3
RD-0007160,SH-00146,LG-000280,2026-07-28 13:25:00,5.0
RD-0007161,SH-00146,LG-000281,2026-07-28 13:55:00,6.1
RD-0007162,SH-00146,LG-000281,2026-07-28 14:25:00,4.1
RD-0007163,SH-00146,LG-000281,2026-07-28 14:55:00,5.6
RD-0007164,SH-00146,LG-000281,2026-07-28 15:25:00,5.8
RD-0007165,SH-00146,LG-000281,2026-07-28 15:55:00,4.5
RD-0007166,SH-00146,LG-000281,2026-07-28 16:25:00,6.0
RD-0007167,SH-00146,LG-000281,2026-07-28 16:55:00,5.0
RD-0007168,SH-00146,LG-000281,2026-07-28 17:25:00,4.9
RD-0007169,SH-00146,LG-000281,2026-07-28 17:55:00,5.1
RD-0007170,SH-00146,LG-000281,2026-07-28 18:25:00,4.1
RD-0007171,SH-00146,LG-000282,2026-07-28 18:55:00,3.7
RD-0007172,SH-00146,LG-000282,2026-07-28 19:25:00,4.6
RD-0007173,SH-00146,LG-000282,2026-07-28 19:55:00,5.1
RD-0007174,SH-00146,LG-000282,2026-07-28 20:25:00,4.3
RD-0007175,SH-00146,LG-000282,2026-07-28 20:55:00,4.8
RD-0007176,SH-00146,LG-000282,2026-07-28 21:25:00,5.7
RD-0007177,SH-00146,LG-000282,2026-07-28 21:55:00,4.1
RD-0007178,SH-00146,LG-000282,2026-07-28 22:25:00,4.5
RD-0007179,SH-00146,LG-000282,2026-07-28 22:55:00,4.1
RD-0007180,SH-00146,LG-000282,2026-07-28 23:25:00,5.2
RD-0007181,SH-00147,LG-000283,2026-06-27 20:11:00,-18.3
RD-0007182,SH-00147,LG-000283,2026-06-27 20:41:00,-17.1
RD-0007183,SH-00147,LG-000283,2026-06-27 21:11:00,-18.0
RD-0007184,SH-00147,LG-000283,2026-06-27 21:41:00,-18.3
RD-0007185,SH-00147,LG-000283,2026-06-27 22:11:00,-17.6
RD-0007186,SH-00147,LG-000283,2026-06-27 22:41:00,-17.6
RD-0007187,SH-00147,LG-000283,2026-06-27 23:11:00,-18.4
RD-0007188,SH-00147,LG-000283,2026-06-27 23:41:00,-18.3
RD-0007189,SH-00147,LG-000283,2026-06-28 00:11:00,-18.1
RD-0007190,SH-00147,LG-000283,2026-06-28 00:41:00,-18.8
RD-0007191,SH-00147,LG-000283,2026-06-28 01:11:00,-18.3
RD-0007192,SH-00147,LG-000283,2026-06-28 01:41:00,-18.4
RD-0007193,SH-00147,LG-000283,2026-06-28 02:11:00,-16.9
RD-0007194,SH-00147,LG-000283,2026-06-28 02:41:00,-999
RD-0007195,SH-00147,LG-000283,2026-06-28 03:11:00,-17.8
RD-0007196,SH-00147,LG-000283,2026-06-28 03:41:00,-17.9
RD-0007197,SH-00147,LG-000284,2026-06-28 04:11:00,-18.8
RD-0007198,SH-00147,LG-000284,2026-06-28 04:41:00,-18.1
RD-0007199,SH-00147,LG-000284,2026-06-28 05:11:00,-15.3
RD-0007200,SH-00147,LG-000284,2026-06-28 05:41:00,-17.0
RD-0007201,SH-00147,LG-000284,2026-06-28 06:11:00,-17.7
RD-0007202,SH-00147,LG-000284,2026-06-28 06:41:00,-18.5
RD-0007203,SH-00147,LG-000284,2026-06-28 07:11:00,-19.3
RD-0007204,SH-00147,LG-000284,2026-06-28 07:41:00,-17.2
RD-0007205,SH-00147,LG-000284,2026-06-28 08:11:00,-999
RD-0007206,SH-00147,LG-000284,2026-06-28 08:41:00,-17.9
RD-0007207,SH-00147,LG-000284,2026-06-28 09:11:00,-18.1
RD-0007208,SH-00147,LG-000284,2026-06-28 09:41:00,-16.9
RD-0007209,SH-00147,LG-000284,2026-06-28 10:11:00,-19.0
RD-0007210,SH-00147,LG-000284,2026-06-28 10:41:00,-16.9
RD-0007211,SH-00147,LG-000284,2026-06-28 11:11:00,-18.1
RD-0007212,SH-00147,LG-000284,2026-06-28 11:41:00,-17.5
RD-0007213,SH-00147,LG-000285,2026-06-28 12:11:00,-16.5
RD-0007214,SH-00147,LG-000285,2026-06-28 12:41:00,-18.8
RD-0007215,SH-00147,LG-000285,2026-06-28 13:11:00,-17.3
RD-0007216,SH-00147,LG-000285,2026-06-28 13:41:00,-17.8
RD-0007217,SH-00147,LG-000285,2026-06-28 14:11:00,-18.5
RD-0007218,SH-00147,LG-000285,2026-06-28 14:41:00,-19.4
RD-0007219,SH-00147,LG-000285,2026-06-28 15:11:00,-18.9
RD-0007220,SH-00147,LG-000285,2026-06-28 15:41:00,-19.0
RD-0007221,SH-00147,LG-000285,2026-06-28 16:11:00,-17.6
RD-0007222,SH-00147,LG-000285,2026-06-28 16:41:00,-18.4
RD-0007223,SH-00147,LG-000285,2026-06-28 17:11:00,-18.5
RD-0007224,SH-00147,LG-000285,2026-06-28 17:41:00,-18.4
RD-0007225,SH-00147,LG-000285,2026-06-28 18:11:00,-18.4
RD-0007226,SH-00147,LG-000285,2026-06-28 18:41:00,-17.2
RD-0007227,SH-00147,LG-000285,2026-06-28 19:11:00,-17.4
RD-0007228,SH-00147,LG-000285,2026-06-28 19:41:00,-17.5
RD-0007229,SH-00148,LG-000286,2026-08-21 04:10:00,-1.7
RD-0007230,SH-00148,LG-000286,2026-08-21 04:40:00,-0.1
RD-0007231,SH-00148,LG-000286,2026-08-21 05:10:00,2.2
RD-0007232,SH-00148,LG-000286,2026-08-21 05:40:00,0.7
RD-0007233,SH-00148,LG-000286,2026-08-21 06:10:00,-3.2
RD-0007234,SH-00148,LG-000286,2026-08-21 06:40:00,-1.6
RD-0007235,SH-00148,LG-000286,2026-08-21 07:10:00,-1.8
RD-0007236,SH-00148,LG-000286,2026-08-21 07:40:00,-1.1
RD-0007237,SH-00148,LG-000286,2026-08-21 08:10:00,-0.8
RD-0007238,SH-00148,LG-000286,2026-08-21 08:40:00,-0.5
RD-0007239,SH-00148,LG-000286,2026-08-21 09:10:00,-0.2
RD-0007240,SH-00148,LG-000286,2026-08-21 09:40:00,-1.0
RD-0007241,SH-00148,LG-000286,2026-08-21 10:10:00,1.9
RD-0007242,SH-00148,LG-000286,2026-08-21 10:40:00,-2.7
RD-0007243,SH-00148,LG-000286,2026-08-21 11:10:00,0.3
RD-0007244,SH-00148,LG-000286,2026-08-21 11:40:00,-0.1
RD-0007245,SH-00148,LG-000286,2026-08-21 12:10:00,-999
RD-0007246,SH-00148,LG-000286,2026-08-21 12:40:00,0.1
RD-0007247,SH-00148,LG-000286,2026-08-21 13:10:00,0.4
RD-0007248,SH-00148,LG-000286,2026-08-21 13:40:00,-0.6
RD-0007249,SH-00148,LG-000286,2026-08-21 14:10:00,-2.2
RD-0007250,SH-00148,LG-000286,2026-08-21 14:40:00,0.6
RD-0007251,SH-00148,LG-000286,2026-08-21 15:10:00,-0.0
RD-0007252,SH-00148,LG-000286,2026-08-21 15:40:00,-0.8
RD-0007253,SH-00148,LG-000286,2026-08-21 16:10:00,2.7
RD-0007254,SH-00148,LG-000286,2026-08-21 16:40:00,-1.1
RD-0007255,SH-00148,LG-000287,2026-08-21 17:10:00,0.5
RD-0007256,SH-00148,LG-000287,2026-08-21 17:40:00,0.5
RD-0007257,SH-00148,LG-000287,2026-08-21 18:10:00,-0.6
RD-0007258,SH-00148,LG-000287,2026-08-21 18:40:00,1.2
RD-0007259,SH-00148,LG-000287,2026-08-21 19:10:00,0.7
RD-0007260,SH-00148,LG-000287,2026-08-21 19:40:00,0.1
RD-0007261,SH-00148,LG-000287,2026-08-21 20:10:00,-1.2
RD-0007262,SH-00148,LG-000287,2026-08-21 20:40:00,-1.0
RD-0007263,SH-00148,LG-000287,2026-08-21 21:10:00,-0.1
RD-0007264,SH-00148,LG-000287,2026-08-21 21:40:00,-1.6
RD-0007265,SH-00148,LG-000287,2026-08-21 22:10:00,-0.9
RD-0007266,SH-00148,LG-000287,2026-08-21 22:40:00,1.2
RD-0007267,SH-00148,LG-000287,2026-08-21 23:10:00,-3.2
RD-0007268,SH-00148,LG-000287,2026-08-21 23:40:00,-0.1
RD-0007269,SH-00148,LG-000287,2026-08-22 00:10:00,-2.1
RD-0007270,SH-00148,LG-000287,2026-08-22 00:40:00,-1.3
RD-0007271,SH-00148,LG-000287,2026-08-22 01:10:00,0.1
RD-0007272,SH-00148,LG-000287,2026-08-22 01:40:00,1.5
RD-0007273,SH-00148,LG-000287,2026-08-22 02:10:00,-1.1
RD-0007274,SH-00148,LG-000287,2026-08-22 02:40:00,-0.8
RD-0007275,SH-00148,LG-000287,2026-08-22 03:10:00,-0.3
RD-0007276,SH-00148,LG-000287,2026-08-22 03:40:00,0.5
RD-0007277,SH-00148,LG-000287,2026-08-22 04:10:00,-1.1
RD-0007278,SH-00148,LG-000287,2026-08-22 04:40:00,-1.1
RD-0007279,SH-00148,LG-000287,2026-08-22 05:10:00,-0.8
RD-0007280,SH-00148,LG-000287,2026-08-22 05:40:00,1.1
RD-0007281,SH-00148,LG-000288,2026-08-22 06:10:00,-17.6
RD-0007282,SH-00148,LG-000288,2026-08-22 06:40:00,-17.9
RD-0007283,SH-00148,LG-000288,2026-08-22 07:10:00,-17.0
RD-0007284,SH-00148,LG-000288,2026-08-22 07:40:00,-18.7
RD-0007285,SH-00148,LG-000288,2026-08-22 08:10:00,-18.4
RD-0007286,SH-00148,LG-000288,2026-08-22 08:40:00,-16.3
RD-0007287,SH-00148,LG-000288,2026-08-22 09:10:00,-19.5
RD-0007288,SH-00148,LG-000288,2026-08-22 09:40:00,-18.1
RD-0007289,SH-00148,LG-000288,2026-08-22 10:10:00,-18.9
RD-0007290,SH-00148,LG-000288,2026-08-22 10:40:00,-18.2
RD-0007291,SH-00148,LG-000288,2026-08-22 11:10:00,-17.8
RD-0007292,SH-00148,LG-000288,2026-08-22 11:40:00,-18.4
RD-0007293,SH-00148,LG-000288,2026-08-22 12:10:00,-19.0
RD-0007294,SH-00148,LG-000288,2026-08-22 12:40:00,-18.7
RD-0007295,SH-00148,LG-000288,2026-08-22 13:10:00,-18.2
RD-0007296,SH-00148,LG-000288,2026-08-22 13:40:00,-18.5
RD-0007297,SH-00148,LG-000288,2026-08-22 14:10:00,-17.8
RD-0007298,SH-00148,LG-000288,2026-08-22 14:40:00,-17.9
RD-0007299,SH-00148,LG-000288,2026-08-22 15:10:00,-18.8
RD-0007300,SH-00148,LG-000288,2026-08-22 15:40:00,-16.7
RD-0007301,SH-00148,LG-000288,2026-08-22 16:10:00,-18.1
RD-0007302,SH-00148,LG-000288,2026-08-22 16:40:00,-17.9
RD-0007303,SH-00148,LG-000288,2026-08-22 17:10:00,-17.7
RD-0007304,SH-00148,LG-000288,2026-08-22 17:40:00,-17.3
RD-0007305,SH-00148,LG-000288,2026-08-22 18:10:00,-16.6
RD-0007306,SH-00148,LG-000288,2026-08-22 18:40:00,-17.5
RD-0007307,SH-00149,LG-000289,2026-08-15 20:40:00,-17.0
RD-0007308,SH-00149,LG-000289,2026-08-15 21:10:00,-18.8
RD-0007309,SH-00149,LG-000289,2026-08-15 21:40:00,-17.4
RD-0007310,SH-00149,LG-000289,2026-08-15 22:10:00,-17.9
RD-0007311,SH-00149,LG-000289,2026-08-15 22:40:00,-18.8
RD-0007312,SH-00149,LG-000289,2026-08-15 23:10:00,-17.0
RD-0007313,SH-00149,LG-000289,2026-08-15 23:40:00,-17.5
RD-0007314,SH-00149,LG-000289,2026-08-16 00:10:00,-18.1
RD-0007315,SH-00149,LG-000289,2026-08-16 00:40:00,-17.6
RD-0007316,SH-00149,LG-000289,2026-08-16 01:10:00,-17.0
RD-0007317,SH-00149,LG-000289,2026-08-16 01:40:00,-18.2
RD-0007318,SH-00149,LG-000289,2026-08-16 02:10:00,-18.0
RD-0007319,SH-00149,LG-000289,2026-08-16 02:40:00,-19.0
RD-0007320,SH-00149,LG-000289,2026-08-16 03:10:00,-17.7
RD-0007321,SH-00149,LG-000289,2026-08-16 03:40:00,-17.7
RD-0007322,SH-00149,LG-000289,2026-08-16 04:10:00,-18.4
RD-0007323,SH-00149,LG-000289,2026-08-16 04:40:00,-17.6
RD-0007324,SH-00149,LG-000289,2026-08-16 05:10:00,-19.2
RD-0007325,SH-00149,LG-000289,2026-08-16 05:40:00,-18.2
RD-0007326,SH-00149,LG-000289,2026-08-16 06:10:00,-17.2
RD-0007327,SH-00149,LG-000289,2026-08-16 06:40:00,-17.8
RD-0007328,SH-00149,LG-000289,2026-08-16 07:10:00,-17.5
RD-0007329,SH-00150,LG-000290,2026-07-06 08:34:00,4.1
RD-0007330,SH-00150,LG-000290,2026-07-06 09:04:00,3.5
RD-0007331,SH-00150,LG-000290,2026-07-06 09:34:00,4.9
RD-0007332,SH-00150,LG-000290,2026-07-06 10:04:00,4.2
RD-0007333,SH-00150,LG-000290,2026-07-06 10:34:00,3.1
RD-0007334,SH-00150,LG-000290,2026-07-06 11:04:00,5.6
RD-0007335,SH-00150,LG-000290,2026-07-06 11:34:00,2.3
RD-0007336,SH-00150,LG-000290,2026-07-06 12:04:00,3.2
RD-0007337,SH-00150,LG-000290,2026-07-06 12:34:00,3.5
RD-0007338,SH-00150,LG-000290,2026-07-06 13:04:00,5.8
RD-0007339,SH-00150,LG-000290,2026-07-06 13:34:00,4.8
RD-0007340,SH-00150,LG-000290,2026-07-06 14:04:00,3.7
RD-0007341,SH-00150,LG-000290,2026-07-06 14:34:00,3.9
RD-0007342,SH-00150,LG-000290,2026-07-06 15:04:00,4.8
RD-0007343,SH-00150,LG-000291,2026-07-06 15:34:00,3.5
RD-0007344,SH-00150,LG-000291,2026-07-06 16:04:00,5.0
RD-0007345,SH-00150,LG-000291,2026-07-06 16:34:00,3.7
RD-0007346,SH-00150,LG-000291,2026-07-06 17:04:00,5.8
RD-0007347,SH-00150,LG-000291,2026-07-06 17:34:00,4.3
RD-0007348,SH-00150,LG-000291,2026-07-06 18:04:00,3.2
RD-0007349,SH-00150,LG-000291,2026-07-06 18:34:00,4.2
RD-0007350,SH-00150,LG-000291,2026-07-06 19:04:00,3.2
RD-0007351,SH-00150,LG-000291,2026-07-06 19:34:00,5.5
RD-0007352,SH-00150,LG-000291,2026-07-06 20:04:00,4.8
RD-0007353,SH-00150,LG-000291,2026-07-06 20:34:00,4.1
RD-0007354,SH-00150,LG-000291,2026-07-06 21:04:00,3.2
RD-0007355,SH-00150,LG-000291,2026-07-06 21:34:00,3.6
RD-0007356,SH-00150,LG-000291,2026-07-06 22:04:00,3.1
RD-0007357,SH-00150,LG-000292,2026-07-06 22:34:00,5.0
RD-0007358,SH-00150,LG-000292,2026-07-06 23:04:00,3.8
RD-0007359,SH-00150,LG-000292,2026-07-06 23:34:00,4.0
RD-0007360,SH-00150,LG-000292,2026-07-07 00:04:00,3.4
RD-0007361,SH-00150,LG-000292,2026-07-07 00:34:00,3.4
RD-0007362,SH-00150,LG-000292,2026-07-07 01:04:00,4.6
RD-0007363,SH-00150,LG-000292,2026-07-07 01:34:00,4.4
RD-0007364,SH-00150,LG-000292,2026-07-07 02:04:00,4.1
RD-0007365,SH-00150,LG-000292,2026-07-07 02:34:00,3.2
RD-0007366,SH-00150,LG-000292,2026-07-07 03:04:00,2.9
RD-0007367,SH-00150,LG-000292,2026-07-07 03:34:00,2.6
RD-0007368,SH-00150,LG-000292,2026-07-07 04:04:00,3.8
RD-0007369,SH-00150,LG-000292,2026-07-07 04:34:00,4.3
RD-0007370,SH-00150,LG-000292,2026-07-07 05:04:00,4.6
RD-0007371,SH-00151,LG-000293,2026-08-06 01:50:00,2.8
RD-0007372,SH-00151,LG-000293,2026-08-06 02:20:00,11.7
RD-0007373,SH-00151,LG-000293,2026-08-06 02:50:00,3.7
RD-0007374,SH-00151,LG-000293,2026-08-06 03:20:00,3.5
RD-0007375,SH-00151,LG-000293,2026-08-06 03:50:00,3.6
RD-0007376,SH-00151,LG-000293,2026-08-06 04:20:00,3.9
RD-0007377,SH-00151,LG-000293,2026-08-06 04:50:00,2.7
RD-0007378,SH-00151,LG-000293,2026-08-06 05:20:00,3.6
RD-0007379,SH-00151,LG-000293,2026-08-06 05:50:00,3.7
RD-0007380,SH-00151,LG-000293,2026-08-06 06:20:00,4.7
RD-0007381,SH-00151,LG-000293,2026-08-06 06:50:00,3.7
RD-0007382,SH-00151,LG-000293,2026-08-06 07:20:00,3.1
RD-0007383,SH-00151,LG-000293,2026-08-06 07:50:00,3.8
RD-0007384,SH-00151,LG-000293,2026-08-06 08:20:00,3.1
RD-0007385,SH-00151,LG-000293,2026-08-06 08:50:00,10.5
RD-0007386,SH-00151,LG-000293,2026-08-06 09:20:00,4.4
RD-0007387,SH-00151,LG-000293,2026-08-06 09:50:00,4.6
RD-0007388,SH-00151,LG-000293,2026-08-06 10:20:00,4.4
RD-0007389,SH-00151,LG-000293,2026-08-06 10:50:00,2.7
RD-0007390,SH-00151,LG-000293,2026-08-06 11:20:00,4.6
RD-0007391,SH-00151,LG-000293,2026-08-06 11:50:00,3.6
RD-0007392,SH-00151,LG-000293,2026-08-06 12:20:00,9.9
RD-0007393,SH-00151,LG-000293,2026-08-06 12:50:00,3.3
RD-0007394,SH-00151,LG-000293,2026-08-06 13:20:00,6.5
RD-0007395,SH-00151,LG-000293,2026-08-06 13:50:00,4.9
RD-0007396,SH-00151,LG-000293,2026-08-06 14:20:00,11.5
RD-0007397,SH-00151,LG-000293,2026-08-06 14:50:00,4.7
RD-0007398,SH-00151,LG-000293,2026-08-06 15:20:00,4.4
RD-0007399,SH-00151,LG-000293,2026-08-06 15:50:00,4.1
RD-0007400,SH-00151,LG-000293,2026-08-06 16:20:00,3.5
RD-0007401,SH-00151,LG-000293,2026-08-06 16:50:00,5.2
RD-0007402,SH-00151,LG-000293,2026-08-06 17:20:00,4.7
RD-0007403,SH-00151,LG-000293,2026-08-06 17:50:00,10.2
RD-0007404,SH-00151,LG-000293,2026-08-06 18:20:00,12.0
RD-0007405,SH-00151,LG-000294,2026-08-06 18:50:00,4.6
RD-0007406,SH-00151,LG-000294,2026-08-06 19:20:00,4.5
RD-0007407,SH-00151,LG-000294,2026-08-06 19:50:00,11.7
RD-0007408,SH-00151,LG-000294,2026-08-06 20:20:00,4.8
RD-0007409,SH-00151,LG-000294,2026-08-06 20:50:00,3.8
RD-0007410,SH-00151,LG-000294,2026-08-06 21:20:00,4.9
RD-0007411,SH-00151,LG-000294,2026-08-06 21:50:00,9.6
RD-0007412,SH-00151,LG-000294,2026-08-06 22:20:00,7.8
RD-0007413,SH-00151,LG-000294,2026-08-06 22:50:00,3.8
RD-0007414,SH-00151,LG-000294,2026-08-06 23:20:00,2.9
RD-0007415,SH-00151,LG-000294,2026-08-06 23:50:00,5.0
RD-0007416,SH-00151,LG-000294,2026-08-07 00:20:00,4.1
RD-0007417,SH-00151,LG-000294,2026-08-07 00:50:00,13.0
RD-0007418,SH-00151,LG-000294,2026-08-07 01:20:00,10.6
RD-0007419,SH-00151,LG-000294,2026-08-07 01:50:00,4.4
RD-0007420,SH-00151,LG-000294,2026-08-07 02:20:00,3.6
RD-0007421,SH-00151,LG-000294,2026-08-07 02:50:00,4.0
RD-0007422,SH-00151,LG-000294,2026-08-07 03:20:00,3.8
RD-0007423,SH-00151,LG-000294,2026-08-07 03:50:00,3.8
RD-0007424,SH-00151,LG-000294,2026-08-07 04:20:00,4.5
RD-0007425,SH-00151,LG-000294,2026-08-07 04:50:00,12.0
RD-0007426,SH-00151,LG-000294,2026-08-07 05:20:00,2.8
RD-0007427,SH-00151,LG-000294,2026-08-07 05:50:00,3.0
RD-0007428,SH-00151,LG-000294,2026-08-07 06:20:00,8.6
RD-0007429,SH-00151,LG-000294,2026-08-07 06:50:00,3.5
RD-0007430,SH-00151,LG-000294,2026-08-07 07:20:00,3.5
RD-0007431,SH-00151,LG-000294,2026-08-07 07:50:00,2.9
RD-0007432,SH-00151,LG-000294,2026-08-07 08:20:00,7.8
RD-0007433,SH-00151,LG-000294,2026-08-07 08:50:00,2.7
RD-0007434,SH-00151,LG-000294,2026-08-07 09:20:00,12.5
RD-0007435,SH-00151,LG-000294,2026-08-07 09:50:00,4.0
RD-0007436,SH-00151,LG-000294,2026-08-07 10:20:00,3.7
RD-0007437,SH-00151,LG-000294,2026-08-07 10:50:00,3.6
RD-0007438,SH-00151,LG-000294,2026-08-07 11:20:00,3.7
RD-0007439,SH-00152,LG-000295,2026-08-21 20:29:00,4.8
RD-0007440,SH-00152,LG-000295,2026-08-21 20:59:00,4.5
RD-0007441,SH-00152,LG-000295,2026-08-21 21:29:00,4.2
RD-0007442,SH-00152,LG-000295,2026-08-21 21:59:00,4.9
RD-0007443,SH-00152,LG-000295,2026-08-21 22:29:00,4.0
RD-0007444,SH-00152,LG-000295,2026-08-21 22:59:00,2.6
RD-0007445,SH-00152,LG-000295,2026-08-21 23:29:00,3.4
RD-0007446,SH-00152,LG-000295,2026-08-21 23:59:00,3.4
RD-0007447,SH-00152,LG-000296,2026-08-22 00:29:00,3.7
RD-0007448,SH-00152,LG-000296,2026-08-22 00:59:00,4.1
RD-0007449,SH-00152,LG-000296,2026-08-22 01:29:00,2.8
RD-0007450,SH-00152,LG-000296,2026-08-22 01:59:00,3.6
RD-0007451,SH-00152,LG-000296,2026-08-22 02:29:00,4.5
RD-0007452,SH-00152,LG-000296,2026-08-22 02:59:00,4.9
RD-0007453,SH-00152,LG-000296,2026-08-22 03:29:00,3.2
RD-0007454,SH-00152,LG-000296,2026-08-22 03:59:00,2.3
RD-0007455,SH-00153,LG-000297,2026-08-14 22:22:00,-16.7
RD-0007456,SH-00153,LG-000297,2026-08-14 22:52:00,-17.5
RD-0007457,SH-00153,LG-000297,2026-08-14 23:22:00,-18.6
RD-0007458,SH-00153,LG-000297,2026-08-14 23:52:00,-17.1
RD-0007459,SH-00153,LG-000297,2026-08-15 00:22:00,-17.2
RD-0007460,SH-00153,LG-000297,2026-08-15 00:52:00,-17.8
RD-0007461,SH-00153,LG-000297,2026-08-15 01:22:00,-17.8
RD-0007462,SH-00153,LG-000297,2026-08-15 01:52:00,-18.3
RD-0007463,SH-00153,LG-000297,2026-08-15 02:22:00,-16.0
RD-0007464,SH-00153,LG-000297,2026-08-15 02:52:00,-17.1
RD-0007465,SH-00153,LG-000298,2026-08-15 03:22:00,-17.3
RD-0007466,SH-00153,LG-000298,2026-08-15 03:52:00,-17.3
RD-0007467,SH-00153,LG-000298,2026-08-15 04:22:00,-19.1
RD-0007468,SH-00153,LG-000298,2026-08-15 04:52:00,-16.8
RD-0007469,SH-00153,LG-000298,2026-08-15 05:22:00,-18.7
RD-0007470,SH-00153,LG-000298,2026-08-15 05:52:00,-17.6
RD-0007471,SH-00153,LG-000298,2026-08-15 06:22:00,-18.5
RD-0007472,SH-00153,LG-000298,2026-08-15 06:52:00,-17.7
RD-0007473,SH-00153,LG-000298,2026-08-15 07:22:00,-17.5
RD-0007474,SH-00153,LG-000298,2026-08-15 07:52:00,-18.5
RD-0007475,SH-00154,LG-000299,2026-07-06 09:54:00,-17.6
RD-0007476,SH-00154,LG-000299,2026-07-06 10:24:00,-18.5
RD-0007477,SH-00154,LG-000299,2026-07-06 10:54:00,-17.9
RD-0007478,SH-00154,LG-000299,2026-07-06 11:24:00,-17.2
RD-0007479,SH-00154,LG-000299,2026-07-06 11:54:00,-18.9
RD-0007480,SH-00154,LG-000299,2026-07-06 12:24:00,-16.7
RD-0007481,SH-00154,LG-000299,2026-07-06 12:54:00,-17.0
RD-0007482,SH-00154,LG-000299,2026-07-06 13:24:00,-18.2
RD-0007483,SH-00154,LG-000299,2026-07-06 13:54:00,-17.0
RD-0007484,SH-00154,LG-000299,2026-07-06 14:24:00,-17.0
RD-0007485,SH-00154,LG-000299,2026-07-06 14:54:00,-18.6
RD-0007486,SH-00154,LG-000299,2026-07-06 15:24:00,-17.4
RD-0007487,SH-00154,LG-000299,2026-07-06 15:54:00,-16.4
RD-0007488,SH-00154,LG-000299,2026-07-06 16:24:00,-18.2
RD-0007489,SH-00154,LG-000299,2026-07-06 16:54:00,-18.4
RD-0007490,SH-00154,LG-000299,2026-07-06 17:24:00,-17.6
RD-0007491,SH-00154,LG-000299,2026-07-06 17:54:00,-18.0
RD-0007492,SH-00154,LG-000299,2026-07-06 18:24:00,-18.2
RD-0007493,SH-00154,LG-000299,2026-07-06 18:54:00,-19.3
RD-0007494,SH-00154,LG-000299,2026-07-06 19:24:00,-17.3
RD-0007495,SH-00154,LG-000299,2026-07-06 19:54:00,-19.0
RD-0007496,SH-00154,LG-000299,2026-07-06 20:24:00,-18.9
RD-0007497,SH-00154,LG-000299,2026-07-06 20:54:00,-19.1
RD-0007498,SH-00154,LG-000299,2026-07-06 21:24:00,-17.4
RD-0007499,SH-00154,LG-000299,2026-07-06 21:54:00,-18.4
RD-0007500,SH-00154,LG-000299,2026-07-06 22:24:00,-19.0
RD-0007501,SH-00154,LG-000299,2026-07-06 22:54:00,-17.6
RD-0007502,SH-00154,LG-000299,2026-07-06 23:24:00,-16.8
RD-0007503,SH-00154,LG-000299,2026-07-06 23:54:00,-18.3
RD-0007504,SH-00154,LG-000299,2026-07-07 00:24:00,-18.0
RD-0007505,SH-00154,LG-000299,2026-07-07 00:54:00,-17.3
RD-0007506,SH-00154,LG-000299,2026-07-07 01:24:00,-18.8
RD-0007507,SH-00154,LG-000299,2026-07-07 01:54:00,-19.0
RD-0007508,SH-00154,LG-000299,2026-07-07 02:24:00,-18.6
RD-0007509,SH-00154,LG-000299,2026-07-07 02:54:00,-18.3
RD-0007510,SH-00154,LG-000299,2026-07-07 03:24:00,-17.6
RD-0007511,SH-00154,LG-000300,2026-07-07 03:54:00,-18.5
RD-0007512,SH-00154,LG-000300,2026-07-07 04:24:00,-999
RD-0007513,SH-00154,LG-000300,2026-07-07 04:54:00,-18.0
RD-0007514,SH-00154,LG-000300,2026-07-07 05:24:00,-18.9
RD-0007515,SH-00154,LG-000300,2026-07-07 05:54:00,-17.4
RD-0007516,SH-00154,LG-000300,2026-07-07 06:24:00,-17.4
RD-0007517,SH-00154,LG-000300,2026-07-07 06:54:00,-18.4
RD-0007518,SH-00154,LG-000300,2026-07-07 07:24:00,-19.0
RD-0007519,SH-00154,LG-000300,2026-07-07 07:54:00,-17.1
RD-0007520,SH-00154,LG-000300,2026-07-07 08:24:00,-19.0
RD-0007521,SH-00154,LG-000300,2026-07-07 08:54:00,-18.6
RD-0007522,SH-00154,LG-000300,2026-07-07 09:24:00,-18.4
RD-0007523,SH-00154,LG-000300,2026-07-07 09:54:00,-18.9
RD-0007524,SH-00154,LG-000300,2026-07-07 10:24:00,-18.5
RD-0007525,SH-00154,LG-000300,2026-07-07 10:54:00,-18.0
RD-0007526,SH-00154,LG-000300,2026-07-07 11:24:00,-18.4
RD-0007527,SH-00154,LG-000300,2026-07-07 11:54:00,-16.6
RD-0007528,SH-00154,LG-000300,2026-07-07 12:24:00,-18.8
RD-0007529,SH-00154,LG-000300,2026-07-07 12:54:00,-18.5
RD-0007530,SH-00154,LG-000300,2026-07-07 13:24:00,-19.2
RD-0007531,SH-00154,LG-000300,2026-07-07 13:54:00,-19.0
RD-0007532,SH-00154,LG-000300,2026-07-07 14:24:00,-17.4
RD-0007533,SH-00154,LG-000300,2026-07-07 14:54:00,-16.9
RD-0007534,SH-00154,LG-000300,2026-07-07 15:24:00,-18.0
RD-0007535,SH-00154,LG-000300,2026-07-07 15:54:00,-18.5
RD-0007536,SH-00154,LG-000300,2026-07-07 16:24:00,-18.4
RD-0007537,SH-00154,LG-000300,2026-07-07 16:54:00,-18.4
RD-0007538,SH-00154,LG-000300,2026-07-07 17:24:00,-18.7
RD-0007539,SH-00154,LG-000300,2026-07-07 17:54:00,-17.2
RD-0007540,SH-00154,LG-000300,2026-07-07 18:24:00,-17.2
RD-0007541,SH-00154,LG-000300,2026-07-07 18:54:00,-17.8
RD-0007542,SH-00154,LG-000300,2026-07-07 19:24:00,-19.0
RD-0007543,SH-00154,LG-000300,2026-07-07 19:54:00,-18.4
RD-0007544,SH-00154,LG-000300,2026-07-07 20:24:00,-19.3
RD-0007545,SH-00154,LG-000300,2026-07-07 20:54:00,-18.4
RD-0007546,SH-00154,LG-000300,2026-07-07 21:24:00,-17.8
RD-0007547,SH-00155,LG-000301,2026-06-02 04:30:00,-18.9
RD-0007548,SH-00155,LG-000301,2026-06-02 05:00:00,-16.7
RD-0007549,SH-00155,LG-000301,2026-06-02 05:30:00,-17.9
RD-0007550,SH-00155,LG-000301,2026-06-02 06:00:00,-17.9
RD-0007551,SH-00155,LG-000301,2026-06-02 06:30:00,-16.7
RD-0007552,SH-00155,LG-000301,2026-06-02 07:00:00,-18.1
RD-0007553,SH-00155,LG-000301,2026-06-02 07:30:00,-18.3
RD-0007554,SH-00155,LG-000301,2026-06-02 08:00:00,-19.0
RD-0007555,SH-00155,LG-000301,2026-06-02 08:30:00,-17.8
RD-0007556,SH-00155,LG-000301,2026-06-02 09:00:00,-17.8
RD-0007557,SH-00155,LG-000301,2026-06-02 09:30:00,-18.0
RD-0007558,SH-00155,LG-000301,2026-06-02 10:00:00,-18.7
RD-0007559,SH-00155,LG-000301,2026-06-02 10:30:00,-18.8
RD-0007560,SH-00155,LG-000301,2026-06-02 11:00:00,-16.9
RD-0007561,SH-00155,LG-000301,2026-06-02 11:30:00,-19.4
RD-0007562,SH-00155,LG-000301,2026-06-02 12:00:00,-17.7
RD-0007563,SH-00155,LG-000302,2026-06-02 12:30:00,-18.3
RD-0007564,SH-00155,LG-000302,2026-06-02 13:00:00,-18.0
RD-0007565,SH-00155,LG-000302,2026-06-02 13:30:00,-17.9
RD-0007566,SH-00155,LG-000302,2026-06-02 14:00:00,-17.9
RD-0007567,SH-00155,LG-000302,2026-06-02 14:30:00,-17.2
RD-0007568,SH-00155,LG-000302,2026-06-02 15:00:00,-18.6
RD-0007569,SH-00155,LG-000302,2026-06-02 15:30:00,-17.4
RD-0007570,SH-00155,LG-000302,2026-06-02 16:00:00,-18.2
RD-0007571,SH-00155,LG-000302,2026-06-02 16:30:00,-18.0
RD-0007572,SH-00155,LG-000302,2026-06-02 17:00:00,-17.2
RD-0007573,SH-00155,LG-000302,2026-06-02 17:30:00,-16.7
RD-0007574,SH-00155,LG-000302,2026-06-02 18:00:00,-18.4
RD-0007575,SH-00155,LG-000302,2026-06-02 18:30:00,-16.9
RD-0007576,SH-00155,LG-000302,2026-06-02 19:00:00,-17.8
RD-0007577,SH-00155,LG-000302,2026-06-02 19:30:00,-17.0
RD-0007578,SH-00155,LG-000302,2026-06-02 20:00:00,-17.0
RD-0007579,SH-00155,LG-000303,2026-06-02 20:30:00,-18.1
RD-0007580,SH-00155,LG-000303,2026-06-02 21:00:00,-19.0
RD-0007581,SH-00155,LG-000303,2026-06-02 21:30:00,-17.9
RD-0007582,SH-00155,LG-000303,2026-06-02 22:00:00,-19.1
RD-0007583,SH-00155,LG-000303,2026-06-02 22:30:00,-19.0
RD-0007584,SH-00155,LG-000303,2026-06-02 23:00:00,-18.1
RD-0007585,SH-00155,LG-000303,2026-06-02 23:30:00,-18.4
RD-0007586,SH-00155,LG-000303,2026-06-03 00:00:00,-17.8
RD-0007587,SH-00155,LG-000303,2026-06-03 00:30:00,-18.1
RD-0007588,SH-00155,LG-000303,2026-06-03 01:00:00,-18.4
RD-0007589,SH-00155,LG-000303,2026-06-03 01:30:00,-17.9
RD-0007590,SH-00155,LG-000303,2026-06-03 02:00:00,-16.1
RD-0007591,SH-00155,LG-000303,2026-06-03 02:30:00,-17.1
RD-0007592,SH-00155,LG-000303,2026-06-03 03:00:00,-17.4
RD-0007593,SH-00155,LG-000303,2026-06-03 03:30:00,-17.8
RD-0007594,SH-00155,LG-000303,2026-06-03 04:00:00,-17.7
RD-0007595,SH-00156,LG-000304,2026-07-05 06:52:00,5.7
RD-0007596,SH-00156,LG-000304,2026-07-05 07:22:00,3.5
RD-0007597,SH-00156,LG-000304,2026-07-05 07:52:00,5.4
RD-0007598,SH-00156,LG-000304,2026-07-05 08:22:00,3.9
RD-0007599,SH-00156,LG-000304,2026-07-05 08:52:00,4.4
RD-0007600,SH-00156,LG-000304,2026-07-05 09:22:00,4.5
RD-0007601,SH-00156,LG-000304,2026-07-05 09:52:00,3.7
RD-0007602,SH-00156,LG-000304,2026-07-05 10:22:00,4.4
RD-0007603,SH-00156,LG-000304,2026-07-05 10:52:00,3.6
RD-0007604,SH-00156,LG-000304,2026-07-05 11:22:00,2.7
RD-0007605,SH-00156,LG-000304,2026-07-05 11:52:00,4.0
RD-0007606,SH-00156,LG-000304,2026-07-05 12:22:00,3.9
RD-0007607,SH-00156,LG-000304,2026-07-05 12:52:00,2.9
RD-0007608,SH-00156,LG-000304,2026-07-05 13:22:00,3.8
RD-0007609,SH-00156,LG-000304,2026-07-05 13:52:00,4.2
RD-0007610,SH-00156,LG-000304,2026-07-05 14:22:00,3.7
RD-0007611,SH-00156,LG-000304,2026-07-05 14:52:00,4.2
RD-0007612,SH-00156,LG-000304,2026-07-05 15:22:00,2.8
RD-0007613,SH-00156,LG-000304,2026-07-05 15:52:00,3.6
RD-0007614,SH-00156,LG-000304,2026-07-05 16:22:00,2.9
RD-0007615,SH-00156,LG-000304,2026-07-05 16:52:00,2.8
RD-0007616,SH-00156,LG-000304,2026-07-05 17:22:00,4.1
RD-0007617,SH-00156,LG-000304,2026-07-05 17:52:00,2.9
RD-0007618,SH-00156,LG-000304,2026-07-05 18:22:00,3.5
RD-0007619,SH-00156,LG-000304,2026-07-05 18:52:00,3.3
RD-0007620,SH-00156,LG-000304,2026-07-05 19:22:00,3.6
RD-0007621,SH-00156,LG-000304,2026-07-05 19:52:00,3.8
RD-0007622,SH-00156,LG-000304,2026-07-05 20:22:00,4.3
RD-0007623,SH-00156,LG-000304,2026-07-05 20:52:00,4.9
RD-0007624,SH-00156,LG-000304,2026-07-05 21:22:00,3.7
RD-0007625,SH-00156,LG-000304,2026-07-05 21:52:00,3.5
RD-0007626,SH-00156,LG-000304,2026-07-05 22:22:00,3.3
RD-0007627,SH-00156,LG-000304,2026-07-05 22:52:00,3.7
RD-0007628,SH-00156,LG-000304,2026-07-05 23:22:00,4.9
RD-0007629,SH-00156,LG-000304,2026-07-05 23:52:00,4.5
RD-0007630,SH-00156,LG-000304,2026-07-06 00:22:00,3.6
RD-0007631,SH-00156,LG-000304,2026-07-06 00:52:00,3.1
RD-0007632,SH-00156,LG-000304,2026-07-06 01:22:00,3.0
RD-0007633,SH-00156,LG-000305,2026-07-06 01:52:00,5.1
RD-0007634,SH-00156,LG-000305,2026-07-06 02:22:00,4.6
RD-0007635,SH-00156,LG-000305,2026-07-06 02:52:00,4.4
RD-0007636,SH-00156,LG-000305,2026-07-06 03:22:00,3.6
RD-0007637,SH-00156,LG-000305,2026-07-06 03:52:00,-999
RD-0007638,SH-00156,LG-000305,2026-07-06 04:22:00,3.3
RD-0007639,SH-00156,LG-000305,2026-07-06 04:52:00,3.5
RD-0007640,SH-00156,LG-000305,2026-07-06 05:22:00,4.9
RD-0007641,SH-00156,LG-000305,2026-07-06 05:52:00,3.9
RD-0007642,SH-00156,LG-000305,2026-07-06 06:22:00,4.0
RD-0007643,SH-00156,LG-000305,2026-07-06 06:52:00,3.8
RD-0007644,SH-00156,LG-000305,2026-07-06 07:22:00,-999
RD-0007645,SH-00156,LG-000305,2026-07-06 07:52:00,4.2
RD-0007646,SH-00156,LG-000305,2026-07-06 08:22:00,-999
RD-0007647,SH-00156,LG-000305,2026-07-06 08:52:00,4.3
RD-0007648,SH-00156,LG-000305,2026-07-06 09:22:00,3.9
RD-0007649,SH-00156,LG-000305,2026-07-06 09:52:00,2.4
RD-0007650,SH-00156,LG-000305,2026-07-06 10:22:00,4.0
RD-0007651,SH-00156,LG-000305,2026-07-06 10:52:00,4.3
RD-0007652,SH-00156,LG-000305,2026-07-06 11:22:00,4.3
RD-0007653,SH-00156,LG-000305,2026-07-06 11:52:00,4.5
RD-0007654,SH-00156,LG-000305,2026-07-06 12:22:00,5.2
RD-0007655,SH-00156,LG-000305,2026-07-06 12:52:00,3.5
RD-0007656,SH-00156,LG-000305,2026-07-06 13:22:00,3.1
RD-0007657,SH-00156,LG-000305,2026-07-06 13:52:00,4.9
RD-0007658,SH-00156,LG-000305,2026-07-06 14:22:00,4.4
RD-0007659,SH-00156,LG-000305,2026-07-06 14:52:00,3.4
RD-0007660,SH-00156,LG-000305,2026-07-06 15:22:00,-999
RD-0007661,SH-00156,LG-000305,2026-07-06 15:52:00,3.5
RD-0007662,SH-00156,LG-000305,2026-07-06 16:22:00,-999
RD-0007663,SH-00156,LG-000305,2026-07-06 16:52:00,3.9
RD-0007664,SH-00156,LG-000305,2026-07-06 17:22:00,6.0
RD-0007665,SH-00156,LG-000305,2026-07-06 17:52:00,3.3
RD-0007666,SH-00156,LG-000305,2026-07-06 18:22:00,2.6
RD-0007667,SH-00156,LG-000305,2026-07-06 18:52:00,4.6
RD-0007668,SH-00156,LG-000305,2026-07-06 19:22:00,3.6
RD-0007669,SH-00156,LG-000305,2026-07-06 19:52:00,3.8
RD-0007670,SH-00156,LG-000305,2026-07-06 20:22:00,2.8
RD-0007671,SH-00157,LG-000306,2026-07-11 07:09:00,40.3
RD-0007672,SH-00157,LG-000306,2026-07-11 07:39:00,40.8
RD-0007673,SH-00157,LG-000306,2026-07-11 08:09:00,41.3
RD-0007674,SH-00157,LG-000306,2026-07-11 08:39:00,38.5
RD-0007675,SH-00157,LG-000306,2026-07-11 09:09:00,41.3
RD-0007676,SH-00157,LG-000306,2026-07-11 09:39:00,40.6
RD-0007677,SH-00157,LG-000306,2026-07-11 10:09:00,39.9
RD-0007678,SH-00157,LG-000306,2026-07-11 10:39:00,-999
RD-0007679,SH-00157,LG-000306,2026-07-11 11:09:00,40.5
RD-0007680,SH-00157,LG-000306,2026-07-11 11:39:00,42.4
RD-0007681,SH-00157,LG-000306,2026-07-11 12:09:00,41.1
RD-0007682,SH-00157,LG-000306,2026-07-11 12:39:00,41.9
RD-0007683,SH-00157,LG-000306,2026-07-11 13:09:00,-999
RD-0007684,SH-00157,LG-000306,2026-07-11 13:39:00,39.9
RD-0007685,SH-00157,LG-000306,2026-07-11 14:09:00,40.8
RD-0007686,SH-00157,LG-000306,2026-07-11 14:39:00,40.3
RD-0007687,SH-00157,LG-000306,2026-07-11 15:09:00,40.5
RD-0007688,SH-00157,LG-000306,2026-07-11 15:39:00,41.7
RD-0007689,SH-00157,LG-000306,2026-07-11 16:09:00,42.8
RD-0007690,SH-00157,LG-000306,2026-07-11 16:39:00,42.1
RD-0007691,SH-00157,LG-000306,2026-07-11 17:09:00,41.1
RD-0007692,SH-00157,LG-000306,2026-07-11 17:39:00,39.7
RD-0007693,SH-00157,LG-000306,2026-07-11 18:09:00,42.0
RD-0007694,SH-00157,LG-000306,2026-07-11 18:39:00,41.9
RD-0007695,SH-00157,LG-000306,2026-07-11 19:09:00,41.9
RD-0007696,SH-00157,LG-000306,2026-07-11 19:39:00,41.9
RD-0007697,SH-00157,LG-000306,2026-07-11 20:09:00,40.5
RD-0007698,SH-00157,LG-000306,2026-07-11 20:39:00,42.3
RD-0007699,SH-00157,LG-000306,2026-07-11 21:09:00,41.1
RD-0007700,SH-00157,LG-000306,2026-07-11 21:39:00,41.6
RD-0007701,SH-00157,LG-000306,2026-07-11 22:09:00,42.9
RD-0007702,SH-00157,LG-000306,2026-07-11 22:39:00,41.3
RD-0007703,SH-00157,LG-000307,2026-07-11 23:09:00,5.7
RD-0007704,SH-00157,LG-000307,2026-07-11 23:39:00,4.2
RD-0007705,SH-00157,LG-000307,2026-07-12 00:09:00,3.8
RD-0007706,SH-00157,LG-000307,2026-07-12 00:39:00,6.2
RD-0007707,SH-00157,LG-000307,2026-07-12 01:09:00,4.4
RD-0007708,SH-00157,LG-000307,2026-07-12 01:39:00,6.3
RD-0007709,SH-00157,LG-000307,2026-07-12 02:09:00,4.8
RD-0007710,SH-00157,LG-000307,2026-07-12 02:39:00,5.0
RD-0007711,SH-00157,LG-000307,2026-07-12 03:09:00,4.7
RD-0007712,SH-00157,LG-000307,2026-07-12 03:39:00,-999
RD-0007713,SH-00157,LG-000307,2026-07-12 04:09:00,5.7
RD-0007714,SH-00157,LG-000307,2026-07-12 04:39:00,6.4
RD-0007715,SH-00157,LG-000307,2026-07-12 05:09:00,4.4
RD-0007716,SH-00157,LG-000307,2026-07-12 05:39:00,5.2
RD-0007717,SH-00157,LG-000307,2026-07-12 06:09:00,4.4
RD-0007718,SH-00157,LG-000307,2026-07-12 06:39:00,4.7
RD-0007719,SH-00157,LG-000307,2026-07-12 07:09:00,5.6
RD-0007720,SH-00157,LG-000307,2026-07-12 07:39:00,4.7
RD-0007721,SH-00157,LG-000307,2026-07-12 08:09:00,4.2
RD-0007722,SH-00157,LG-000307,2026-07-12 08:39:00,3.7
RD-0007723,SH-00157,LG-000307,2026-07-12 09:09:00,3.6
RD-0007724,SH-00157,LG-000307,2026-07-12 09:39:00,3.7
RD-0007725,SH-00157,LG-000307,2026-07-12 10:09:00,5.1
RD-0007726,SH-00157,LG-000307,2026-07-12 10:39:00,5.3
RD-0007727,SH-00157,LG-000307,2026-07-12 11:09:00,5.1
RD-0007728,SH-00157,LG-000307,2026-07-12 11:39:00,4.0
RD-0007729,SH-00157,LG-000307,2026-07-12 12:09:00,4.8
RD-0007730,SH-00157,LG-000307,2026-07-12 12:39:00,4.8
RD-0007731,SH-00157,LG-000307,2026-07-12 13:09:00,4.9
RD-0007732,SH-00157,LG-000307,2026-07-12 13:39:00,4.4
RD-0007733,SH-00157,LG-000307,2026-07-12 14:09:00,6.0
RD-0007734,SH-00157,LG-000307,2026-07-12 14:39:00,5.1
RD-0007735,SH-00158,LG-000308,2026-08-20 22:16:00,5.4
RD-0007736,SH-00158,LG-000308,2026-08-20 22:46:00,5.4
RD-0007737,SH-00158,LG-000308,2026-08-20 23:16:00,4.5
RD-0007738,SH-00158,LG-000308,2026-08-20 23:46:00,4.2
RD-0007739,SH-00158,LG-000308,2026-08-21 00:16:00,4.1
RD-0007740,SH-00158,LG-000308,2026-08-21 00:46:00,5.4
RD-0007741,SH-00158,LG-000308,2026-08-21 01:16:00,4.3
RD-0007742,SH-00158,LG-000308,2026-08-21 01:46:00,5.2
RD-0007743,SH-00158,LG-000308,2026-08-21 02:16:00,5.0
RD-0007744,SH-00158,LG-000308,2026-08-21 02:46:00,4.6
RD-0007745,SH-00158,LG-000308,2026-08-21 03:16:00,4.2
RD-0007746,SH-00158,LG-000308,2026-08-21 03:46:00,5.4
RD-0007747,SH-00158,LG-000308,2026-08-21 04:16:00,4.6
RD-0007748,SH-00158,LG-000308,2026-08-21 04:46:00,6.1
RD-0007749,SH-00158,LG-000308,2026-08-21 05:16:00,4.7
RD-0007750,SH-00158,LG-000308,2026-08-21 05:46:00,5.8
RD-0007751,SH-00158,LG-000308,2026-08-21 06:16:00,4.9
RD-0007752,SH-00158,LG-000308,2026-08-21 06:46:00,5.3
RD-0007753,SH-00158,LG-000308,2026-08-21 07:16:00,6.0
RD-0007754,SH-00158,LG-000308,2026-08-21 07:46:00,5.3
RD-0007755,SH-00158,LG-000308,2026-08-21 08:16:00,4.8
RD-0007756,SH-00158,LG-000308,2026-08-21 08:46:00,5.5
RD-0007757,SH-00158,LG-000308,2026-08-21 09:16:00,4.3
RD-0007758,SH-00158,LG-000308,2026-08-21 09:46:00,6.9
RD-0007759,SH-00158,LG-000308,2026-08-21 10:16:00,5.1
RD-0007760,SH-00158,LG-000308,2026-08-21 10:46:00,6.1
RD-0007761,SH-00158,LG-000308,2026-08-21 11:16:00,5.5
RD-0007762,SH-00158,LG-000308,2026-08-21 11:46:00,4.0
RD-0007763,SH-00158,LG-000308,2026-08-21 12:16:00,6.0
RD-0007764,SH-00158,LG-000308,2026-08-21 12:46:00,5.8
RD-0007765,SH-00158,LG-000308,2026-08-21 13:16:00,4.9
RD-0007766,SH-00158,LG-000308,2026-08-21 13:46:00,5.7
RD-0007767,SH-00158,LG-000308,2026-08-21 14:16:00,4.8
RD-0007768,SH-00158,LG-000308,2026-08-21 14:46:00,5.3
RD-0007769,SH-00158,LG-000308,2026-08-21 15:16:00,3.9
RD-0007770,SH-00158,LG-000308,2026-08-21 15:46:00,4.9
RD-0007771,SH-00158,LG-000308,2026-08-21 16:16:00,6.5
RD-0007772,SH-00158,LG-000308,2026-08-21 16:46:00,6.4
RD-0007773,SH-00158,LG-000308,2026-08-21 17:16:00,5.2
RD-0007774,SH-00158,LG-000308,2026-08-21 17:46:00,4.5
RD-0007775,SH-00158,LG-000308,2026-08-21 18:16:00,3.9
RD-0007776,SH-00158,LG-000308,2026-08-21 18:46:00,3.9
RD-0007777,SH-00158,LG-000308,2026-08-21 19:16:00,6.0
RD-0007778,SH-00158,LG-000308,2026-08-21 19:46:00,5.3
RD-0007779,SH-00158,LG-000308,2026-08-21 20:16:00,5.2
RD-0007780,SH-00158,LG-000308,2026-08-21 20:46:00,6.0
RD-0007781,SH-00158,LG-000308,2026-08-21 21:16:00,4.6
RD-0007782,SH-00158,LG-000308,2026-08-21 21:46:00,4.5
RD-0007783,SH-00158,LG-000308,2026-08-21 22:16:00,6.4
RD-0007784,SH-00158,LG-000308,2026-08-21 22:46:00,6.4
RD-0007785,SH-00158,LG-000308,2026-08-21 23:16:00,5.2
RD-0007786,SH-00158,LG-000308,2026-08-21 23:46:00,3.9
RD-0007787,SH-00158,LG-000308,2026-08-22 00:16:00,3.8
RD-0007788,SH-00158,LG-000308,2026-08-22 00:46:00,5.1
RD-0007789,SH-00158,LG-000308,2026-08-22 01:16:00,4.5
RD-0007790,SH-00158,LG-000308,2026-08-22 01:46:00,4.2
RD-0007791,SH-00158,LG-000308,2026-08-22 02:16:00,3.8
RD-0007792,SH-00158,LG-000308,2026-08-22 02:46:00,3.7
RD-0007793,SH-00158,LG-000308,2026-08-22 03:16:00,6.3
RD-0007794,SH-00158,LG-000308,2026-08-22 03:46:00,5.1
RD-0007795,SH-00158,LG-000308,2026-08-22 04:16:00,5.5
RD-0007796,SH-00158,LG-000308,2026-08-22 04:46:00,4.5
RD-0007797,SH-00159,LG-000309,2026-08-14 01:41:00,5.6
RD-0007798,SH-00159,LG-000309,2026-08-14 02:11:00,4.7
RD-0007799,SH-00159,LG-000309,2026-08-14 02:41:00,5.0
RD-0007800,SH-00159,LG-000309,2026-08-14 03:11:00,3.2
RD-0007801,SH-00159,LG-000309,2026-08-14 03:41:00,3.7
RD-0007802,SH-00159,LG-000309,2026-08-14 04:11:00,4.3
RD-0007803,SH-00159,LG-000309,2026-08-14 04:41:00,3.6
RD-0007804,SH-00159,LG-000309,2026-08-14 05:11:00,4.0
RD-0007805,SH-00159,LG-000309,2026-08-14 05:41:00,3.2
RD-0007806,SH-00159,LG-000309,2026-08-14 06:11:00,4.7
RD-0007807,SH-00159,LG-000310,2026-08-14 06:41:00,3.7
RD-0007808,SH-00159,LG-000310,2026-08-14 07:11:00,3.8
RD-0007809,SH-00159,LG-000310,2026-08-14 07:41:00,-999
RD-0007810,SH-00159,LG-000310,2026-08-14 08:11:00,4.7
RD-0007811,SH-00159,LG-000310,2026-08-14 08:41:00,4.5
RD-0007812,SH-00159,LG-000310,2026-08-14 09:11:00,3.6
RD-0007813,SH-00159,LG-000310,2026-08-14 09:41:00,3.5
RD-0007814,SH-00159,LG-000310,2026-08-14 10:11:00,3.4
RD-0007815,SH-00159,LG-000310,2026-08-14 10:41:00,4.4
RD-0007816,SH-00159,LG-000310,2026-08-14 11:11:00,4.7
RD-0007817,SH-00159,LG-000311,2026-08-14 11:41:00,4.0
RD-0007818,SH-00159,LG-000311,2026-08-14 12:11:00,3.4
RD-0007819,SH-00159,LG-000311,2026-08-14 12:41:00,4.0
RD-0007820,SH-00159,LG-000311,2026-08-14 13:11:00,2.5
RD-0007821,SH-00159,LG-000311,2026-08-14 13:41:00,3.3
RD-0007822,SH-00159,LG-000311,2026-08-14 14:11:00,3.8
RD-0007823,SH-00159,LG-000311,2026-08-14 14:41:00,5.3
RD-0007824,SH-00159,LG-000311,2026-08-14 15:11:00,3.2
RD-0007825,SH-00159,LG-000311,2026-08-14 15:41:00,2.7
RD-0007826,SH-00159,LG-000311,2026-08-14 16:11:00,4.2
RD-0007827,SH-00160,LG-000312,2026-07-21 06:25:00,-0.1
RD-0007828,SH-00160,LG-000312,2026-07-21 06:55:00,1.3
RD-0007829,SH-00160,LG-000312,2026-07-21 07:25:00,1.2
RD-0007830,SH-00160,LG-000312,2026-07-21 07:55:00,0.8
RD-0007831,SH-00160,LG-000312,2026-07-21 08:25:00,-0.4
RD-0007832,SH-00160,LG-000312,2026-07-21 08:55:00,1.0
RD-0007833,SH-00160,LG-000312,2026-07-21 09:25:00,-1.3
RD-0007834,SH-00160,LG-000312,2026-07-21 09:55:00,12.8
RD-0007835,SH-00160,LG-000312,2026-07-21 10:25:00,-0.0
RD-0007836,SH-00160,LG-000312,2026-07-21 10:55:00,0.9
RD-0007837,SH-00160,LG-000312,2026-07-21 11:25:00,0.0
RD-0007838,SH-00160,LG-000312,2026-07-21 11:55:00,0.5
RD-0007839,SH-00160,LG-000312,2026-07-21 12:25:00,-2.3
RD-0007840,SH-00160,LG-000312,2026-07-21 12:55:00,-2.9
RD-0007841,SH-00160,LG-000312,2026-07-21 13:25:00,0.3
RD-0007842,SH-00160,LG-000312,2026-07-21 13:55:00,1.6
RD-0007843,SH-00160,LG-000312,2026-07-21 14:25:00,-1.2
RD-0007844,SH-00160,LG-000312,2026-07-21 14:55:00,-0.5
RD-0007845,SH-00160,LG-000312,2026-07-21 15:25:00,-0.0
RD-0007846,SH-00160,LG-000312,2026-07-21 15:55:00,1.3
RD-0007847,SH-00160,LG-000312,2026-07-21 16:25:00,0.9
RD-0007848,SH-00160,LG-000312,2026-07-21 16:55:00,-2.4
RD-0007849,SH-00160,LG-000312,2026-07-21 17:25:00,9.0
RD-0007850,SH-00160,LG-000312,2026-07-21 17:55:00,12.5
RD-0007851,SH-00160,LG-000312,2026-07-21 18:25:00,-1.6
RD-0007852,SH-00160,LG-000312,2026-07-21 18:55:00,0.4
RD-0007853,SH-00160,LG-000312,2026-07-21 19:25:00,-999
RD-0007854,SH-00160,LG-000312,2026-07-21 19:55:00,-3.1
RD-0007855,SH-00160,LG-000312,2026-07-21 20:25:00,1.2
RD-0007856,SH-00160,LG-000312,2026-07-21 20:55:00,1.5
RD-0007857,SH-00160,LG-000312,2026-07-21 21:25:00,0.4
RD-0007858,SH-00160,LG-000312,2026-07-21 21:55:00,2.6
RD-0007859,SH-00160,LG-000312,2026-07-21 22:25:00,0.2
RD-0007860,SH-00160,LG-000312,2026-07-21 22:55:00,6.1
RD-0007861,SH-00160,LG-000312,2026-07-21 23:25:00,-0.5
RD-0007862,SH-00160,LG-000312,2026-07-21 23:55:00,-2.6
RD-0007863,SH-00160,LG-000313,2026-07-22 00:25:00,-17.4
RD-0007864,SH-00160,LG-000313,2026-07-22 00:55:00,-17.6
RD-0007865,SH-00160,LG-000313,2026-07-22 01:25:00,-18.2
RD-0007866,SH-00160,LG-000313,2026-07-22 01:55:00,-18.8
RD-0007867,SH-00160,LG-000313,2026-07-22 02:25:00,-17.6
RD-0007868,SH-00160,LG-000313,2026-07-22 02:55:00,-18.0
RD-0007869,SH-00160,LG-000313,2026-07-22 03:25:00,-17.8
RD-0007870,SH-00160,LG-000313,2026-07-22 03:55:00,-17.4
RD-0007871,SH-00160,LG-000313,2026-07-22 04:25:00,-15.4
RD-0007872,SH-00160,LG-000313,2026-07-22 04:55:00,-18.2
RD-0007873,SH-00160,LG-000313,2026-07-22 05:25:00,-17.8
RD-0007874,SH-00160,LG-000313,2026-07-22 05:55:00,-18.2
RD-0007875,SH-00160,LG-000313,2026-07-22 06:25:00,-19.0
RD-0007876,SH-00160,LG-000313,2026-07-22 06:55:00,-14.3
RD-0007877,SH-00160,LG-000313,2026-07-22 07:25:00,-17.9
RD-0007878,SH-00160,LG-000313,2026-07-22 07:55:00,-18.6
RD-0007879,SH-00160,LG-000313,2026-07-22 08:25:00,-16.4
RD-0007880,SH-00160,LG-000313,2026-07-22 08:55:00,-18.1
RD-0007881,SH-00160,LG-000313,2026-07-22 09:25:00,-16.9
RD-0007882,SH-00160,LG-000313,2026-07-22 09:55:00,-12.1
RD-0007883,SH-00160,LG-000313,2026-07-22 10:25:00,-12.0
RD-0007884,SH-00160,LG-000313,2026-07-22 10:55:00,-17.9
RD-0007885,SH-00160,LG-000313,2026-07-22 11:25:00,-13.9
RD-0007886,SH-00160,LG-000313,2026-07-22 11:55:00,-16.9
RD-0007887,SH-00160,LG-000313,2026-07-22 12:25:00,-17.3
RD-0007888,SH-00160,LG-000313,2026-07-22 12:55:00,-18.6
RD-0007889,SH-00160,LG-000313,2026-07-22 13:25:00,-11.9
RD-0007890,SH-00160,LG-000313,2026-07-22 13:55:00,-11.6
RD-0007891,SH-00160,LG-000313,2026-07-22 14:25:00,-12.7
RD-0007892,SH-00160,LG-000313,2026-07-22 14:55:00,-17.8
RD-0007893,SH-00160,LG-000313,2026-07-22 15:25:00,-12.9
RD-0007894,SH-00160,LG-000313,2026-07-22 15:55:00,-18.7
RD-0007895,SH-00160,LG-000313,2026-07-22 16:25:00,-18.4
RD-0007896,SH-00160,LG-000313,2026-07-22 16:55:00,-18.0
RD-0007897,SH-00160,LG-000313,2026-07-22 17:25:00,-17.6
RD-0007898,SH-00160,LG-000313,2026-07-22 17:55:00,-17.2
RD-0007899,SH-00161,LG-000314,2026-07-11 21:37:00,-16.7
RD-0007900,SH-00161,LG-000314,2026-07-11 22:07:00,-17.3
RD-0007901,SH-00161,LG-000314,2026-07-11 22:37:00,-18.1
RD-0007902,SH-00161,LG-000314,2026-07-11 23:07:00,-999
RD-0007903,SH-00161,LG-000314,2026-07-11 23:37:00,-18.2
RD-0007904,SH-00161,LG-000314,2026-07-12 00:07:00,-18.1
RD-0007905,SH-00161,LG-000314,2026-07-12 00:37:00,-17.7
RD-0007906,SH-00161,LG-000314,2026-07-12 01:07:00,-17.5
RD-0007907,SH-00161,LG-000314,2026-07-12 01:37:00,-16.6
RD-0007908,SH-00161,LG-000314,2026-07-12 02:07:00,-18.5
RD-0007909,SH-00161,LG-000314,2026-07-12 02:37:00,-18.5
RD-0007910,SH-00161,LG-000314,2026-07-12 03:07:00,-17.8
RD-0007911,SH-00161,LG-000314,2026-07-12 03:37:00,-17.3
RD-0007912,SH-00161,LG-000314,2026-07-12 04:07:00,-17.9
RD-0007913,SH-00161,LG-000314,2026-07-12 04:37:00,-19.1
RD-0007914,SH-00161,LG-000314,2026-07-12 05:07:00,-18.3
RD-0007915,SH-00161,LG-000314,2026-07-12 05:37:00,-16.0
RD-0007916,SH-00161,LG-000314,2026-07-12 06:07:00,-18.2
RD-0007917,SH-00161,LG-000314,2026-07-12 06:37:00,-18.2
RD-0007918,SH-00161,LG-000314,2026-07-12 07:07:00,-17.7
RD-0007919,SH-00161,LG-000314,2026-07-12 07:37:00,-16.5
RD-0007920,SH-00161,LG-000314,2026-07-12 08:07:00,-17.8
RD-0007921,SH-00161,LG-000315,2026-07-12 08:37:00,0.1
RD-0007922,SH-00161,LG-000315,2026-07-12 09:07:00,-1.6
RD-0007923,SH-00161,LG-000315,2026-07-12 09:37:00,1.0
RD-0007924,SH-00161,LG-000315,2026-07-12 10:07:00,0.2
RD-0007925,SH-00161,LG-000315,2026-07-12 10:37:00,0.4
RD-0007926,SH-00161,LG-000315,2026-07-12 11:07:00,0.9
RD-0007927,SH-00161,LG-000315,2026-07-12 11:37:00,-1.1
RD-0007928,SH-00161,LG-000315,2026-07-12 12:07:00,0.1
RD-0007929,SH-00161,LG-000315,2026-07-12 12:37:00,1.8
RD-0007930,SH-00161,LG-000315,2026-07-12 13:07:00,1.0
RD-0007931,SH-00161,LG-000315,2026-07-12 13:37:00,-0.8
RD-0007932,SH-00161,LG-000315,2026-07-12 14:07:00,0.3
RD-0007933,SH-00161,LG-000315,2026-07-12 14:37:00,-2.8
RD-0007934,SH-00161,LG-000315,2026-07-12 15:07:00,-1.8
RD-0007935,SH-00161,LG-000315,2026-07-12 15:37:00,0.7
RD-0007936,SH-00161,LG-000315,2026-07-12 16:07:00,-1.3
RD-0007937,SH-00161,LG-000315,2026-07-12 16:37:00,-0.5
RD-0007938,SH-00161,LG-000315,2026-07-12 17:07:00,-2.9
RD-0007939,SH-00161,LG-000315,2026-07-12 17:37:00,0.9
RD-0007940,SH-00161,LG-000315,2026-07-12 18:07:00,1.1
RD-0007941,SH-00161,LG-000315,2026-07-12 18:37:00,0.1
RD-0007942,SH-00161,LG-000315,2026-07-12 19:07:00,-2.0
RD-0007943,SH-00162,LG-000316,2026-08-01 05:04:00,-18.7
RD-0007944,SH-00162,LG-000316,2026-08-01 05:34:00,-18.2
RD-0007945,SH-00162,LG-000316,2026-08-01 06:04:00,-18.9
RD-0007946,SH-00162,LG-000316,2026-08-01 06:34:00,-17.6
RD-0007947,SH-00162,LG-000316,2026-08-01 07:04:00,-18.5
RD-0007948,SH-00162,LG-000316,2026-08-01 07:34:00,-16.5
RD-0007949,SH-00162,LG-000316,2026-08-01 08:04:00,-18.9
RD-0007950,SH-00162,LG-000316,2026-08-01 08:34:00,-17.4
RD-0007951,SH-00162,LG-000316,2026-08-01 09:04:00,-18.4
RD-0007952,SH-00162,LG-000316,2026-08-01 09:34:00,-17.9
RD-0007953,SH-00162,LG-000316,2026-08-01 10:04:00,-18.9
RD-0007954,SH-00162,LG-000316,2026-08-01 10:34:00,-18.3
RD-0007955,SH-00162,LG-000316,2026-08-01 11:04:00,-18.7
RD-0007956,SH-00162,LG-000316,2026-08-01 11:34:00,-17.1
RD-0007957,SH-00162,LG-000316,2026-08-01 12:04:00,-18.2
RD-0007958,SH-00162,LG-000316,2026-08-01 12:34:00,-18.3
RD-0007959,SH-00162,LG-000316,2026-08-01 13:04:00,-18.6
RD-0007960,SH-00162,LG-000316,2026-08-01 13:34:00,-17.5
RD-0007961,SH-00162,LG-000316,2026-08-01 14:04:00,-18.6
RD-0007962,SH-00162,LG-000316,2026-08-01 14:34:00,-19.1
RD-0007963,SH-00162,LG-000316,2026-08-01 15:04:00,-17.4
RD-0007964,SH-00162,LG-000316,2026-08-01 15:34:00,-17.9
RD-0007965,SH-00162,LG-000316,2026-08-01 16:04:00,-16.6
RD-0007966,SH-00162,LG-000316,2026-08-01 16:34:00,-16.4
RD-0007967,SH-00162,LG-000316,2026-08-01 17:04:00,-17.1
RD-0007968,SH-00162,LG-000316,2026-08-01 17:34:00,-18.0
RD-0007969,SH-00162,LG-000316,2026-08-01 18:04:00,-18.2
RD-0007970,SH-00162,LG-000316,2026-08-01 18:34:00,-17.7
RD-0007971,SH-00162,LG-000316,2026-08-01 19:04:00,-18.5
RD-0007972,SH-00162,LG-000316,2026-08-01 19:34:00,-18.5
RD-0007973,SH-00162,LG-000316,2026-08-01 20:04:00,-17.8
RD-0007974,SH-00162,LG-000316,2026-08-01 20:34:00,-18.2
RD-0007975,SH-00162,LG-000316,2026-08-01 21:04:00,-19.0
RD-0007976,SH-00162,LG-000316,2026-08-01 21:34:00,-17.1
RD-0007977,SH-00162,LG-000317,2026-08-01 22:04:00,-18.3
RD-0007978,SH-00162,LG-000317,2026-08-01 22:34:00,-17.1
RD-0007979,SH-00162,LG-000317,2026-08-01 23:04:00,-17.7
RD-0007980,SH-00162,LG-000317,2026-08-01 23:34:00,-19.2
RD-0007981,SH-00162,LG-000317,2026-08-02 00:04:00,-18.1
RD-0007982,SH-00162,LG-000317,2026-08-02 00:34:00,-17.8
RD-0007983,SH-00162,LG-000317,2026-08-02 01:04:00,-18.0
RD-0007984,SH-00162,LG-000317,2026-08-02 01:34:00,-18.2
RD-0007985,SH-00162,LG-000317,2026-08-02 02:04:00,-18.9
RD-0007986,SH-00162,LG-000317,2026-08-02 02:34:00,-17.4
RD-0007987,SH-00162,LG-000317,2026-08-02 03:04:00,-18.2
RD-0007988,SH-00162,LG-000317,2026-08-02 03:34:00,-19.1
RD-0007989,SH-00162,LG-000317,2026-08-02 04:04:00,-18.5
RD-0007990,SH-00162,LG-000317,2026-08-02 04:34:00,-18.0
RD-0007991,SH-00162,LG-000317,2026-08-02 05:04:00,-18.2
RD-0007992,SH-00162,LG-000317,2026-08-02 05:34:00,-18.9
RD-0007993,SH-00162,LG-000317,2026-08-02 06:04:00,-19.0
RD-0007994,SH-00162,LG-000317,2026-08-02 06:34:00,-18.9
RD-0007995,SH-00162,LG-000317,2026-08-02 07:04:00,-17.8
RD-0007996,SH-00162,LG-000317,2026-08-02 07:34:00,-17.4
RD-0007997,SH-00162,LG-000317,2026-08-02 08:04:00,-18.6
RD-0007998,SH-00162,LG-000317,2026-08-02 08:34:00,-18.0
RD-0007999,SH-00162,LG-000317,2026-08-02 09:04:00,-17.1
RD-0008000,SH-00162,LG-000317,2026-08-02 09:34:00,-17.5
RD-0008001,SH-00162,LG-000317,2026-08-02 10:04:00,-18.1
RD-0008002,SH-00162,LG-000317,2026-08-02 10:34:00,-18.7
RD-0008003,SH-00162,LG-000317,2026-08-02 11:04:00,-19.4
RD-0008004,SH-00162,LG-000317,2026-08-02 11:34:00,-17.8
RD-0008005,SH-00162,LG-000317,2026-08-02 12:04:00,-17.5
RD-0008006,SH-00162,LG-000317,2026-08-02 12:34:00,-16.8
RD-0008007,SH-00162,LG-000317,2026-08-02 13:04:00,-17.9
RD-0008008,SH-00162,LG-000317,2026-08-02 13:34:00,-18.7
RD-0008009,SH-00162,LG-000317,2026-08-02 14:04:00,-17.4
RD-0008010,SH-00162,LG-000317,2026-08-02 14:34:00,-17.8
RD-0008011,SH-00163,LG-000318,2026-07-19 11:41:00,-999
RD-0008012,SH-00163,LG-000318,2026-07-19 12:11:00,-18.7
RD-0008013,SH-00163,LG-000318,2026-07-19 12:41:00,-17.6
RD-0008014,SH-00163,LG-000318,2026-07-19 13:11:00,-19.4
RD-0008015,SH-00163,LG-000318,2026-07-19 13:41:00,-18.2
RD-0008016,SH-00163,LG-000318,2026-07-19 14:11:00,-17.5
RD-0008017,SH-00163,LG-000318,2026-07-19 14:41:00,-17.6
RD-0008018,SH-00163,LG-000318,2026-07-19 15:11:00,-18.4
RD-0008019,SH-00163,LG-000318,2026-07-19 15:41:00,-18.6
RD-0008020,SH-00163,LG-000318,2026-07-19 16:11:00,-19.9
RD-0008021,SH-00163,LG-000318,2026-07-19 16:41:00,-18.6
RD-0008022,SH-00163,LG-000318,2026-07-19 17:11:00,-16.6
RD-0008023,SH-00163,LG-000318,2026-07-19 17:41:00,-17.1
RD-0008024,SH-00163,LG-000318,2026-07-19 18:11:00,-18.2
RD-0008025,SH-00163,LG-000318,2026-07-19 18:41:00,-18.5
RD-0008026,SH-00163,LG-000318,2026-07-19 19:11:00,-18.0
RD-0008027,SH-00163,LG-000318,2026-07-19 19:41:00,-17.8
RD-0008028,SH-00163,LG-000318,2026-07-19 20:11:00,-17.8
RD-0008029,SH-00163,LG-000318,2026-07-19 20:41:00,-17.9
RD-0008030,SH-00163,LG-000318,2026-07-19 21:11:00,-18.2
RD-0008031,SH-00163,LG-000318,2026-07-19 21:41:00,-17.0
RD-0008032,SH-00163,LG-000318,2026-07-19 22:11:00,-17.4
RD-0008033,SH-00163,LG-000318,2026-07-19 22:41:00,-17.5
RD-0008034,SH-00163,LG-000318,2026-07-19 23:11:00,-17.3
RD-0008035,SH-00163,LG-000318,2026-07-19 23:41:00,-18.5
RD-0008036,SH-00163,LG-000318,2026-07-20 00:11:00,-18.5
RD-0008037,SH-00163,LG-000318,2026-07-20 00:41:00,-18.1
RD-0008038,SH-00163,LG-000318,2026-07-20 01:11:00,-19.8
RD-0008039,SH-00163,LG-000318,2026-07-20 01:41:00,-17.7
RD-0008040,SH-00163,LG-000318,2026-07-20 02:11:00,-17.2
RD-0008041,SH-00163,LG-000318,2026-07-20 02:41:00,-17.7
RD-0008042,SH-00163,LG-000318,2026-07-20 03:11:00,-16.8
RD-0008043,SH-00163,LG-000318,2026-07-20 03:41:00,-17.4
RD-0008044,SH-00163,LG-000318,2026-07-20 04:11:00,-17.8
RD-0008045,SH-00163,LG-000318,2026-07-20 04:41:00,-18.0
RD-0008046,SH-00163,LG-000318,2026-07-20 05:11:00,-17.4
RD-0008047,SH-00163,LG-000318,2026-07-20 05:41:00,-17.7
RD-0008048,SH-00163,LG-000318,2026-07-20 06:11:00,-17.1
RD-0008049,SH-00163,LG-000318,2026-07-20 06:41:00,-999
RD-0008050,SH-00163,LG-000318,2026-07-20 07:11:00,-17.6
RD-0008051,SH-00163,LG-000318,2026-07-20 07:41:00,-18.4
RD-0008052,SH-00163,LG-000318,2026-07-20 08:11:00,-17.6
RD-0008053,SH-00163,LG-000318,2026-07-20 08:41:00,-18.0
RD-0008054,SH-00163,LG-000318,2026-07-20 09:11:00,-18.0
RD-0008055,SH-00163,LG-000318,2026-07-20 09:41:00,-17.9
RD-0008056,SH-00163,LG-000318,2026-07-20 10:11:00,-18.5
RD-0008057,SH-00163,LG-000318,2026-07-20 10:41:00,-17.8
RD-0008058,SH-00163,LG-000318,2026-07-20 11:11:00,-18.2
RD-0008059,SH-00163,LG-000318,2026-07-20 11:41:00,-16.3
RD-0008060,SH-00163,LG-000318,2026-07-20 12:11:00,-17.1
RD-0008061,SH-00163,LG-000318,2026-07-20 12:41:00,-19.1
RD-0008062,SH-00163,LG-000318,2026-07-20 13:11:00,-19.0
RD-0008063,SH-00163,LG-000318,2026-07-20 13:41:00,-18.2
RD-0008064,SH-00163,LG-000318,2026-07-20 14:11:00,-16.9
RD-0008065,SH-00163,LG-000318,2026-07-20 14:41:00,-16.9
RD-0008066,SH-00163,LG-000318,2026-07-20 15:11:00,-18.4
RD-0008067,SH-00163,LG-000318,2026-07-20 15:41:00,-18.7
RD-0008068,SH-00163,LG-000318,2026-07-20 16:11:00,-16.9
RD-0008069,SH-00163,LG-000318,2026-07-20 16:41:00,-17.5
RD-0008070,SH-00163,LG-000318,2026-07-20 17:11:00,-17.3
RD-0008071,SH-00163,LG-000318,2026-07-20 17:41:00,-17.8
RD-0008072,SH-00163,LG-000318,2026-07-20 18:11:00,-17.0
RD-0008073,SH-00163,LG-000318,2026-07-20 18:41:00,-18.2
RD-0008074,SH-00163,LG-000318,2026-07-20 19:11:00,-17.6
RD-0008075,SH-00163,LG-000318,2026-07-20 19:41:00,-18.8
RD-0008076,SH-00163,LG-000318,2026-07-20 20:11:00,-17.2
RD-0008077,SH-00163,LG-000318,2026-07-20 20:41:00,-19.6
RD-0008078,SH-00163,LG-000318,2026-07-20 21:11:00,-19.4
RD-0008079,SH-00163,LG-000318,2026-07-20 21:41:00,-18.1
RD-0008080,SH-00163,LG-000318,2026-07-20 22:11:00,-18.8
RD-0008081,SH-00163,LG-000318,2026-07-20 22:41:00,-19.9
RD-0008082,SH-00163,LG-000318,2026-07-20 23:11:00,-16.2
RD-0008083,SH-00163,LG-000318,2026-07-20 23:41:00,-17.6
RD-0008084,SH-00163,LG-000318,2026-07-21 00:11:00,-17.2
RD-0008085,SH-00164,LG-000319,2026-06-28 14:16:00,-0.6
RD-0008086,SH-00164,LG-000319,2026-06-28 14:46:00,-0.6
RD-0008087,SH-00164,LG-000319,2026-06-28 15:16:00,0.7
RD-0008088,SH-00164,LG-000319,2026-06-28 15:46:00,0.3
RD-0008089,SH-00164,LG-000319,2026-06-28 16:16:00,11.9
RD-0008090,SH-00164,LG-000319,2026-06-28 16:46:00,0.4
RD-0008091,SH-00164,LG-000319,2026-06-28 17:16:00,-2.4
RD-0008092,SH-00164,LG-000319,2026-06-28 17:46:00,-2.1
RD-0008093,SH-00164,LG-000319,2026-06-28 18:16:00,-0.6
RD-0008094,SH-00164,LG-000319,2026-06-28 18:46:00,-1.6
RD-0008095,SH-00164,LG-000319,2026-06-28 19:16:00,0.7
RD-0008096,SH-00164,LG-000319,2026-06-28 19:46:00,-1.7
RD-0008097,SH-00164,LG-000319,2026-06-28 20:16:00,-1.9
RD-0008098,SH-00164,LG-000319,2026-06-28 20:46:00,14.5
RD-0008099,SH-00164,LG-000319,2026-06-28 21:16:00,0.9
RD-0008100,SH-00164,LG-000319,2026-06-28 21:46:00,-1.6
RD-0008101,SH-00164,LG-000319,2026-06-28 22:16:00,1.3
RD-0008102,SH-00164,LG-000319,2026-06-28 22:46:00,-999
RD-0008103,SH-00164,LG-000319,2026-06-28 23:16:00,1.0
RD-0008104,SH-00164,LG-000319,2026-06-28 23:46:00,12.0
RD-0008105,SH-00164,LG-000319,2026-06-29 00:16:00,-1.8
RD-0008106,SH-00164,LG-000319,2026-06-29 00:46:00,-0.3
RD-0008107,SH-00164,LG-000319,2026-06-29 01:16:00,12.6
RD-0008108,SH-00164,LG-000319,2026-06-29 01:46:00,0.4
RD-0008109,SH-00164,LG-000319,2026-06-29 02:16:00,-0.0
RD-0008110,SH-00164,LG-000319,2026-06-29 02:46:00,1.9
RD-0008111,SH-00164,LG-000319,2026-06-29 03:16:00,-0.4
RD-0008112,SH-00164,LG-000319,2026-06-29 03:46:00,12.2
RD-0008113,SH-00164,LG-000319,2026-06-29 04:16:00,-0.5
RD-0008114,SH-00164,LG-000319,2026-06-29 04:46:00,15.5
RD-0008115,SH-00164,LG-000319,2026-06-29 05:16:00,12.5
RD-0008116,SH-00164,LG-000319,2026-06-29 05:46:00,-1.2
RD-0008117,SH-00164,LG-000319,2026-06-29 06:16:00,0.8
RD-0008118,SH-00164,LG-000319,2026-06-29 06:46:00,12.9
RD-0008119,SH-00164,LG-000319,2026-06-29 07:16:00,-0.9
RD-0008120,SH-00164,LG-000319,2026-06-29 07:46:00,-0.3
RD-0008121,SH-00164,LG-000319,2026-06-29 08:16:00,16.7
RD-0008122,SH-00164,LG-000319,2026-06-29 08:46:00,2.4
RD-0008123,SH-00164,LG-000320,2026-06-29 09:16:00,-17.7
RD-0008124,SH-00164,LG-000320,2026-06-29 09:46:00,-18.0
RD-0008125,SH-00164,LG-000320,2026-06-29 10:16:00,-17.6
RD-0008126,SH-00164,LG-000320,2026-06-29 10:46:00,-16.4
RD-0008127,SH-00164,LG-000320,2026-06-29 11:16:00,-17.4
RD-0008128,SH-00164,LG-000320,2026-06-29 11:46:00,-20.3
RD-0008129,SH-00164,LG-000320,2026-06-29 12:16:00,-17.6
RD-0008130,SH-00164,LG-000320,2026-06-29 12:46:00,-999
RD-0008131,SH-00164,LG-000320,2026-06-29 13:16:00,-19.8
RD-0008132,SH-00164,LG-000320,2026-06-29 13:46:00,-16.6
RD-0008133,SH-00164,LG-000320,2026-06-29 14:16:00,-17.8
RD-0008134,SH-00164,LG-000320,2026-06-29 14:46:00,-19.4
RD-0008135,SH-00164,LG-000320,2026-06-29 15:16:00,-18.1
RD-0008136,SH-00164,LG-000320,2026-06-29 15:46:00,-19.1
RD-0008137,SH-00164,LG-000320,2026-06-29 16:16:00,-10.5
RD-0008138,SH-00164,LG-000320,2026-06-29 16:46:00,-9.8
RD-0008139,SH-00164,LG-000320,2026-06-29 17:16:00,-16.7
RD-0008140,SH-00164,LG-000320,2026-06-29 17:46:00,-17.7
RD-0008141,SH-00164,LG-000320,2026-06-29 18:16:00,-17.4
RD-0008142,SH-00164,LG-000320,2026-06-29 18:46:00,-17.2
RD-0008143,SH-00164,LG-000320,2026-06-29 19:16:00,-12.4
RD-0008144,SH-00164,LG-000320,2026-06-29 19:46:00,-10.1
RD-0008145,SH-00164,LG-000320,2026-06-29 20:16:00,-17.9
RD-0008146,SH-00164,LG-000320,2026-06-29 20:46:00,-9.4
RD-0008147,SH-00164,LG-000320,2026-06-29 21:16:00,-11.0
RD-0008148,SH-00164,LG-000320,2026-06-29 21:46:00,-18.4
RD-0008149,SH-00164,LG-000320,2026-06-29 22:16:00,-17.2
RD-0008150,SH-00164,LG-000320,2026-06-29 22:46:00,-18.5
RD-0008151,SH-00164,LG-000320,2026-06-29 23:16:00,-19.4
RD-0008152,SH-00164,LG-000320,2026-06-29 23:46:00,-18.6
RD-0008153,SH-00164,LG-000320,2026-06-30 00:16:00,-18.6
RD-0008154,SH-00164,LG-000320,2026-06-30 00:46:00,-999
RD-0008155,SH-00164,LG-000320,2026-06-30 01:16:00,-12.5
RD-0008156,SH-00164,LG-000320,2026-06-30 01:46:00,-18.4
RD-0008157,SH-00164,LG-000320,2026-06-30 02:16:00,-17.3
RD-0008158,SH-00164,LG-000320,2026-06-30 02:46:00,-19.1
RD-0008159,SH-00164,LG-000320,2026-06-30 03:16:00,-18.9
RD-0008160,SH-00164,LG-000320,2026-06-30 03:46:00,-16.9
RD-0008161,SH-00165,LG-000321,2026-07-24 15:07:00,4.7
RD-0008162,SH-00165,LG-000321,2026-07-24 15:37:00,6.1
RD-0008163,SH-00165,LG-000321,2026-07-24 16:07:00,4.8
RD-0008164,SH-00165,LG-000321,2026-07-24 16:37:00,6.6
RD-0008165,SH-00165,LG-000321,2026-07-24 17:07:00,5.1
RD-0008166,SH-00165,LG-000321,2026-07-24 17:37:00,5.3
RD-0008167,SH-00165,LG-000321,2026-07-24 18:07:00,3.5
RD-0008168,SH-00165,LG-000321,2026-07-24 18:37:00,4.7
RD-0008169,SH-00165,LG-000321,2026-07-24 19:07:00,6.0
RD-0008170,SH-00165,LG-000321,2026-07-24 19:37:00,6.8
RD-0008171,SH-00165,LG-000321,2026-07-24 20:07:00,5.8
RD-0008172,SH-00165,LG-000321,2026-07-24 20:37:00,6.8
RD-0008173,SH-00165,LG-000321,2026-07-24 21:07:00,5.0
RD-0008174,SH-00165,LG-000321,2026-07-24 21:37:00,4.9
RD-0008175,SH-00165,LG-000321,2026-07-24 22:07:00,5.8
RD-0008176,SH-00165,LG-000321,2026-07-24 22:37:00,6.0
RD-0008177,SH-00165,LG-000321,2026-07-24 23:07:00,5.6
RD-0008178,SH-00165,LG-000321,2026-07-24 23:37:00,6.3
RD-0008179,SH-00165,LG-000321,2026-07-25 00:07:00,6.1
RD-0008180,SH-00165,LG-000321,2026-07-25 00:37:00,5.4
RD-0008181,SH-00165,LG-000321,2026-07-25 01:07:00,5.3
RD-0008182,SH-00165,LG-000321,2026-07-25 01:37:00,-999
RD-0008183,SH-00165,LG-000321,2026-07-25 02:07:00,6.4
RD-0008184,SH-00165,LG-000321,2026-07-25 02:37:00,5.6
RD-0008185,SH-00165,LG-000322,2026-07-25 03:07:00,4.6
RD-0008186,SH-00165,LG-000322,2026-07-25 03:37:00,6.0
RD-0008187,SH-00165,LG-000322,2026-07-25 04:07:00,3.9
RD-0008188,SH-00165,LG-000322,2026-07-25 04:37:00,6.2
RD-0008189,SH-00165,LG-000322,2026-07-25 05:07:00,4.7
RD-0008190,SH-00165,LG-000322,2026-07-25 05:37:00,5.3
RD-0008191,SH-00165,LG-000322,2026-07-25 06:07:00,3.6
RD-0008192,SH-00165,LG-000322,2026-07-25 06:37:00,4.2
RD-0008193,SH-00165,LG-000322,2026-07-25 07:07:00,3.5
RD-0008194,SH-00165,LG-000322,2026-07-25 07:37:00,6.1
RD-0008195,SH-00165,LG-000322,2026-07-25 08:07:00,5.7
RD-0008196,SH-00165,LG-000322,2026-07-25 08:37:00,5.3
RD-0008197,SH-00165,LG-000322,2026-07-25 09:07:00,3.6
RD-0008198,SH-00165,LG-000322,2026-07-25 09:37:00,4.7
RD-0008199,SH-00165,LG-000322,2026-07-25 10:07:00,4.9
RD-0008200,SH-00165,LG-000322,2026-07-25 10:37:00,4.8
RD-0008201,SH-00165,LG-000322,2026-07-25 11:07:00,6.0
RD-0008202,SH-00165,LG-000322,2026-07-25 11:37:00,4.7
RD-0008203,SH-00165,LG-000322,2026-07-25 12:07:00,4.8
RD-0008204,SH-00165,LG-000322,2026-07-25 12:37:00,5.4
RD-0008205,SH-00165,LG-000322,2026-07-25 13:07:00,5.1
RD-0008206,SH-00165,LG-000322,2026-07-25 13:37:00,6.4
RD-0008207,SH-00165,LG-000322,2026-07-25 14:07:00,5.3
RD-0008208,SH-00165,LG-000322,2026-07-25 14:37:00,4.0
RD-0008209,SH-00166,LG-000323,2026-08-19 10:21:00,-17.2
RD-0008210,SH-00166,LG-000323,2026-08-19 10:51:00,-18.2
RD-0008211,SH-00166,LG-000323,2026-08-19 11:21:00,-18.5
RD-0008212,SH-00166,LG-000323,2026-08-19 11:51:00,-17.7
RD-0008213,SH-00166,LG-000323,2026-08-19 12:21:00,-17.9
RD-0008214,SH-00166,LG-000323,2026-08-19 12:51:00,-17.3
RD-0008215,SH-00166,LG-000323,2026-08-19 13:21:00,-16.8
RD-0008216,SH-00166,LG-000323,2026-08-19 13:51:00,-17.9
RD-0008217,SH-00166,LG-000323,2026-08-19 14:21:00,-16.9
RD-0008218,SH-00166,LG-000323,2026-08-19 14:51:00,-17.5
RD-0008219,SH-00166,LG-000323,2026-08-19 15:21:00,-18.1
RD-0008220,SH-00166,LG-000323,2026-08-19 15:51:00,-16.3
RD-0008221,SH-00166,LG-000323,2026-08-19 16:21:00,-19.0
RD-0008222,SH-00166,LG-000323,2026-08-19 16:51:00,-18.0
RD-0008223,SH-00166,LG-000323,2026-08-19 17:21:00,-18.4
RD-0008224,SH-00166,LG-000323,2026-08-19 17:51:00,-17.3
RD-0008225,SH-00166,LG-000323,2026-08-19 18:21:00,-17.7
RD-0008226,SH-00166,LG-000323,2026-08-19 18:51:00,-18.6
RD-0008227,SH-00166,LG-000323,2026-08-19 19:21:00,-18.4
RD-0008228,SH-00166,LG-000323,2026-08-19 19:51:00,-17.4
RD-0008229,SH-00166,LG-000323,2026-08-19 20:21:00,-17.9
RD-0008230,SH-00166,LG-000323,2026-08-19 20:51:00,-19.7
RD-0008231,SH-00166,LG-000323,2026-08-19 21:21:00,-19.1
RD-0008232,SH-00166,LG-000323,2026-08-19 21:51:00,-19.3
RD-0008233,SH-00166,LG-000323,2026-08-19 22:21:00,-19.2
RD-0008234,SH-00166,LG-000323,2026-08-19 22:51:00,-18.4
RD-0008235,SH-00166,LG-000323,2026-08-19 23:21:00,-18.8
RD-0008236,SH-00166,LG-000323,2026-08-19 23:51:00,-18.0
RD-0008237,SH-00166,LG-000323,2026-08-20 00:21:00,-17.0
RD-0008238,SH-00166,LG-000323,2026-08-20 00:51:00,-17.8
RD-0008239,SH-00166,LG-000323,2026-08-20 01:21:00,-18.1
RD-0008240,SH-00166,LG-000323,2026-08-20 01:51:00,-17.3
RD-0008241,SH-00166,LG-000323,2026-08-20 02:21:00,-19.0
RD-0008242,SH-00166,LG-000323,2026-08-20 02:51:00,-16.8
RD-0008243,SH-00166,LG-000323,2026-08-20 03:21:00,-18.5
RD-0008244,SH-00166,LG-000323,2026-08-20 03:51:00,-17.6
RD-0008245,SH-00166,LG-000324,2026-08-20 04:21:00,-0.9
RD-0008246,SH-00166,LG-000324,2026-08-20 04:51:00,0.3
RD-0008247,SH-00166,LG-000324,2026-08-20 05:21:00,0.9
RD-0008248,SH-00166,LG-000324,2026-08-20 05:51:00,-0.0
RD-0008249,SH-00166,LG-000324,2026-08-20 06:21:00,0.8
RD-0008250,SH-00166,LG-000324,2026-08-20 06:51:00,-2.4
RD-0008251,SH-00166,LG-000324,2026-08-20 07:21:00,0.3
RD-0008252,SH-00166,LG-000324,2026-08-20 07:51:00,0.0
RD-0008253,SH-00166,LG-000324,2026-08-20 08:21:00,2.6
RD-0008254,SH-00166,LG-000324,2026-08-20 08:51:00,-2.2
RD-0008255,SH-00166,LG-000324,2026-08-20 09:21:00,-1.7
RD-0008256,SH-00166,LG-000324,2026-08-20 09:51:00,-2.9
RD-0008257,SH-00166,LG-000324,2026-08-20 10:21:00,1.0
RD-0008258,SH-00166,LG-000324,2026-08-20 10:51:00,1.4
RD-0008259,SH-00166,LG-000324,2026-08-20 11:21:00,-0.0
RD-0008260,SH-00166,LG-000324,2026-08-20 11:51:00,1.0
RD-0008261,SH-00166,LG-000324,2026-08-20 12:21:00,0.2
RD-0008262,SH-00166,LG-000324,2026-08-20 12:51:00,-0.8
RD-0008263,SH-00166,LG-000324,2026-08-20 13:21:00,-2.6
RD-0008264,SH-00166,LG-000324,2026-08-20 13:51:00,-0.9
RD-0008265,SH-00166,LG-000324,2026-08-20 14:21:00,0.9
RD-0008266,SH-00166,LG-000324,2026-08-20 14:51:00,1.3
RD-0008267,SH-00166,LG-000324,2026-08-20 15:21:00,-999
RD-0008268,SH-00166,LG-000324,2026-08-20 15:51:00,-0.4
RD-0008269,SH-00166,LG-000324,2026-08-20 16:21:00,-1.5
RD-0008270,SH-00166,LG-000324,2026-08-20 16:51:00,-0.7
RD-0008271,SH-00166,LG-000324,2026-08-20 17:21:00,0.7
RD-0008272,SH-00166,LG-000324,2026-08-20 17:51:00,-0.8
RD-0008273,SH-00166,LG-000324,2026-08-20 18:21:00,-0.4
RD-0008274,SH-00166,LG-000324,2026-08-20 18:51:00,-2.6
RD-0008275,SH-00166,LG-000324,2026-08-20 19:21:00,1.7
RD-0008276,SH-00166,LG-000324,2026-08-20 19:51:00,2.3
RD-0008277,SH-00166,LG-000324,2026-08-20 20:21:00,-999
RD-0008278,SH-00166,LG-000324,2026-08-20 20:51:00,0.5
RD-0008279,SH-00166,LG-000324,2026-08-20 21:21:00,-1.3
RD-0008280,SH-00166,LG-000324,2026-08-20 21:51:00,-0.2
RD-0008281,SH-00167,LG-000325,2026-07-24 11:02:00,-18.1
RD-0008282,SH-00167,LG-000325,2026-07-24 11:32:00,-14.6
RD-0008283,SH-00167,LG-000325,2026-07-24 12:02:00,-9.9
RD-0008284,SH-00167,LG-000325,2026-07-24 12:32:00,-18.1
RD-0008285,SH-00167,LG-000325,2026-07-24 13:02:00,-17.2
RD-0008286,SH-00167,LG-000325,2026-07-24 13:32:00,-16.4
RD-0008287,SH-00167,LG-000325,2026-07-24 14:02:00,-18.1
RD-0008288,SH-00167,LG-000325,2026-07-24 14:32:00,-17.9
RD-0008289,SH-00167,LG-000325,2026-07-24 15:02:00,-18.0
RD-0008290,SH-00167,LG-000325,2026-07-24 15:32:00,-18.7
RD-0008291,SH-00167,LG-000325,2026-07-24 16:02:00,-19.4
RD-0008292,SH-00167,LG-000325,2026-07-24 16:32:00,-19.3
RD-0008293,SH-00167,LG-000325,2026-07-24 17:02:00,-19.0
RD-0008294,SH-00167,LG-000325,2026-07-24 17:32:00,-18.7
RD-0008295,SH-00167,LG-000325,2026-07-24 18:02:00,-18.4
RD-0008296,SH-00167,LG-000325,2026-07-24 18:32:00,-18.4
RD-0008297,SH-00167,LG-000325,2026-07-24 19:02:00,-17.8
RD-0008298,SH-00167,LG-000325,2026-07-24 19:32:00,-19.4
RD-0008299,SH-00167,LG-000326,2026-07-24 20:02:00,-16.6
RD-0008300,SH-00167,LG-000326,2026-07-24 20:32:00,-18.9
RD-0008301,SH-00167,LG-000326,2026-07-24 21:02:00,-18.3
RD-0008302,SH-00167,LG-000326,2026-07-24 21:32:00,-18.6
RD-0008303,SH-00167,LG-000326,2026-07-24 22:02:00,-17.1
RD-0008304,SH-00167,LG-000326,2026-07-24 22:32:00,-13.0
RD-0008305,SH-00167,LG-000326,2026-07-24 23:02:00,-17.9
RD-0008306,SH-00167,LG-000326,2026-07-24 23:32:00,-18.5
RD-0008307,SH-00167,LG-000326,2026-07-25 00:02:00,-18.0
RD-0008308,SH-00167,LG-000326,2026-07-25 00:32:00,-10.7
RD-0008309,SH-00167,LG-000326,2026-07-25 01:02:00,-16.6
RD-0008310,SH-00167,LG-000326,2026-07-25 01:32:00,-18.3
RD-0008311,SH-00167,LG-000326,2026-07-25 02:02:00,-17.4
RD-0008312,SH-00167,LG-000326,2026-07-25 02:32:00,-17.9
RD-0008313,SH-00167,LG-000326,2026-07-25 03:02:00,-19.5
RD-0008314,SH-00167,LG-000326,2026-07-25 03:32:00,-10.1
RD-0008315,SH-00167,LG-000326,2026-07-25 04:02:00,-999
RD-0008316,SH-00167,LG-000326,2026-07-25 04:32:00,-18.7
RD-0008317,SH-00168,LG-000327,2026-06-16 07:29:00,3.6
RD-0008318,SH-00168,LG-000327,2026-06-16 07:59:00,3.6
RD-0008319,SH-00168,LG-000327,2026-06-16 08:29:00,3.6
RD-0008320,SH-00168,LG-000327,2026-06-16 08:59:00,3.5
RD-0008321,SH-00168,LG-000327,2026-06-16 09:29:00,3.4
RD-0008322,SH-00168,LG-000327,2026-06-16 09:59:00,4.8
RD-0008323,SH-00168,LG-000327,2026-06-16 10:29:00,3.8
RD-0008324,SH-00168,LG-000327,2026-06-16 10:59:00,4.7
RD-0008325,SH-00168,LG-000327,2026-06-16 11:29:00,4.1
RD-0008326,SH-00168,LG-000327,2026-06-16 11:59:00,4.5
RD-0008327,SH-00168,LG-000327,2026-06-16 12:29:00,4.7
RD-0008328,SH-00168,LG-000327,2026-06-16 12:59:00,4.6
RD-0008329,SH-00168,LG-000327,2026-06-16 13:29:00,4.4
RD-0008330,SH-00168,LG-000327,2026-06-16 13:59:00,4.8
RD-0008331,SH-00168,LG-000327,2026-06-16 14:29:00,4.0
RD-0008332,SH-00168,LG-000327,2026-06-16 14:59:00,4.3
RD-0008333,SH-00168,LG-000327,2026-06-16 15:29:00,2.8
RD-0008334,SH-00168,LG-000327,2026-06-16 15:59:00,4.2
RD-0008335,SH-00168,LG-000327,2026-06-16 16:29:00,3.7
RD-0008336,SH-00168,LG-000327,2026-06-16 16:59:00,3.0
RD-0008337,SH-00168,LG-000327,2026-06-16 17:29:00,2.8
RD-0008338,SH-00168,LG-000327,2026-06-16 17:59:00,2.6
RD-0008339,SH-00168,LG-000327,2026-06-16 18:29:00,4.5
RD-0008340,SH-00168,LG-000327,2026-06-16 18:59:00,-999
RD-0008341,SH-00168,LG-000327,2026-06-16 19:29:00,4.4
RD-0008342,SH-00168,LG-000327,2026-06-16 19:59:00,4.9
RD-0008343,SH-00168,LG-000327,2026-06-16 20:29:00,3.5
RD-0008344,SH-00168,LG-000327,2026-06-16 20:59:00,3.4
RD-0008345,SH-00168,LG-000327,2026-06-16 21:29:00,4.5
RD-0008346,SH-00168,LG-000327,2026-06-16 21:59:00,3.3
RD-0008347,SH-00168,LG-000327,2026-06-16 22:29:00,3.2
RD-0008348,SH-00168,LG-000327,2026-06-16 22:59:00,-999
RD-0008349,SH-00168,LG-000327,2026-06-16 23:29:00,3.8
RD-0008350,SH-00168,LG-000327,2026-06-16 23:59:00,3.9
RD-0008351,SH-00168,LG-000327,2026-06-17 00:29:00,3.6
RD-0008352,SH-00168,LG-000327,2026-06-17 00:59:00,4.2
RD-0008353,SH-00168,LG-000327,2026-06-17 01:29:00,4.5
RD-0008354,SH-00168,LG-000327,2026-06-17 01:59:00,5.0
RD-0008355,SH-00168,LG-000327,2026-06-17 02:29:00,4.9
RD-0008356,SH-00168,LG-000327,2026-06-17 02:59:00,4.3
RD-0008357,SH-00168,LG-000327,2026-06-17 03:29:00,4.2
RD-0008358,SH-00168,LG-000327,2026-06-17 03:59:00,3.4
RD-0008359,SH-00168,LG-000327,2026-06-17 04:29:00,3.9
RD-0008360,SH-00168,LG-000327,2026-06-17 04:59:00,4.1
RD-0008361,SH-00168,LG-000327,2026-06-17 05:29:00,3.8
RD-0008362,SH-00168,LG-000327,2026-06-17 05:59:00,4.6
RD-0008363,SH-00168,LG-000327,2026-06-17 06:29:00,4.3
RD-0008364,SH-00168,LG-000327,2026-06-17 06:59:00,5.9
RD-0008365,SH-00168,LG-000327,2026-06-17 07:29:00,3.1
RD-0008366,SH-00168,LG-000327,2026-06-17 07:59:00,4.9
RD-0008367,SH-00168,LG-000327,2026-06-17 08:29:00,2.9
RD-0008368,SH-00168,LG-000327,2026-06-17 08:59:00,-999
RD-0008369,SH-00168,LG-000327,2026-06-17 09:29:00,5.0
RD-0008370,SH-00168,LG-000327,2026-06-17 09:59:00,4.4
RD-0008371,SH-00168,LG-000327,2026-06-17 10:29:00,3.8
RD-0008372,SH-00168,LG-000327,2026-06-17 10:59:00,4.1
RD-0008373,SH-00168,LG-000327,2026-06-17 11:29:00,4.1
RD-0008374,SH-00168,LG-000327,2026-06-17 11:59:00,4.2
RD-0008375,SH-00168,LG-000327,2026-06-17 12:29:00,3.2
RD-0008376,SH-00168,LG-000327,2026-06-17 12:59:00,2.9
RD-0008377,SH-00168,LG-000327,2026-06-17 13:29:00,5.9
RD-0008378,SH-00168,LG-000327,2026-06-17 13:59:00,3.9
RD-0008379,SH-00169,LG-000328,2026-07-15 17:28:00,-0.9
RD-0008380,SH-00169,LG-000328,2026-07-15 17:58:00,-2.0
RD-0008381,SH-00169,LG-000328,2026-07-15 18:28:00,-1.3
RD-0008382,SH-00169,LG-000328,2026-07-15 18:58:00,-0.6
RD-0008383,SH-00169,LG-000328,2026-07-15 19:28:00,-1.0
RD-0008384,SH-00169,LG-000328,2026-07-15 19:58:00,13.8
RD-0008385,SH-00169,LG-000328,2026-07-15 20:28:00,-1.7
RD-0008386,SH-00169,LG-000328,2026-07-15 20:58:00,0.9
RD-0008387,SH-00169,LG-000328,2026-07-15 21:28:00,0.1
RD-0008388,SH-00169,LG-000328,2026-07-15 21:58:00,7.4
RD-0008389,SH-00169,LG-000328,2026-07-15 22:28:00,1.5
RD-0008390,SH-00169,LG-000328,2026-07-15 22:58:00,-0.3
RD-0008391,SH-00169,LG-000328,2026-07-15 23:28:00,0.9
RD-0008392,SH-00169,LG-000328,2026-07-15 23:58:00,14.1
RD-0008393,SH-00169,LG-000328,2026-07-16 00:28:00,14.6
RD-0008394,SH-00169,LG-000328,2026-07-16 00:58:00,15.7
RD-0008395,SH-00169,LG-000328,2026-07-16 01:28:00,10.0
RD-0008396,SH-00169,LG-000328,2026-07-16 01:58:00,-0.9
RD-0008397,SH-00169,LG-000328,2026-07-16 02:28:00,1.8
RD-0008398,SH-00169,LG-000328,2026-07-16 02:58:00,-1.4
RD-0008399,SH-00169,LG-000328,2026-07-16 03:28:00,-0.2
RD-0008400,SH-00169,LG-000328,2026-07-16 03:58:00,9.6
RD-0008401,SH-00169,LG-000329,2026-07-16 04:28:00,-11.0
RD-0008402,SH-00169,LG-000329,2026-07-16 04:58:00,-19.0
RD-0008403,SH-00169,LG-000329,2026-07-16 05:28:00,-17.4
RD-0008404,SH-00169,LG-000329,2026-07-16 05:58:00,-18.1
RD-0008405,SH-00169,LG-000329,2026-07-16 06:28:00,-16.8
RD-0008406,SH-00169,LG-000329,2026-07-16 06:58:00,-17.2
RD-0008407,SH-00169,LG-000329,2026-07-16 07:28:00,-17.8
RD-0008408,SH-00169,LG-000329,2026-07-16 07:58:00,-17.8
RD-0008409,SH-00169,LG-000329,2026-07-16 08:28:00,-18.7
RD-0008410,SH-00169,LG-000329,2026-07-16 08:58:00,-17.3
RD-0008411,SH-00169,LG-000329,2026-07-16 09:28:00,-17.7
RD-0008412,SH-00169,LG-000329,2026-07-16 09:58:00,-17.4
RD-0008413,SH-00169,LG-000329,2026-07-16 10:28:00,-18.4
RD-0008414,SH-00169,LG-000329,2026-07-16 10:58:00,-18.5
RD-0008415,SH-00169,LG-000329,2026-07-16 11:28:00,-17.6
RD-0008416,SH-00169,LG-000329,2026-07-16 11:58:00,-17.3
RD-0008417,SH-00169,LG-000329,2026-07-16 12:28:00,-14.7
RD-0008418,SH-00169,LG-000329,2026-07-16 12:58:00,-10.6
RD-0008419,SH-00169,LG-000329,2026-07-16 13:28:00,-17.2
RD-0008420,SH-00169,LG-000329,2026-07-16 13:58:00,-17.7
RD-0008421,SH-00169,LG-000329,2026-07-16 14:28:00,-18.4
RD-0008422,SH-00169,LG-000329,2026-07-16 14:58:00,-18.6
RD-0008423,SH-00170,LG-000330,2026-07-23 06:06:00,3.8
RD-0008424,SH-00170,LG-000330,2026-07-23 06:36:00,4.9
RD-0008425,SH-00170,LG-000330,2026-07-23 07:06:00,4.1
RD-0008426,SH-00170,LG-000330,2026-07-23 07:36:00,5.1
RD-0008427,SH-00170,LG-000330,2026-07-23 08:06:00,4.7
RD-0008428,SH-00170,LG-000330,2026-07-23 08:36:00,4.2
RD-0008429,SH-00170,LG-000330,2026-07-23 09:06:00,3.9
RD-0008430,SH-00170,LG-000330,2026-07-23 09:36:00,4.5
RD-0008431,SH-00170,LG-000330,2026-07-23 10:06:00,4.7
RD-0008432,SH-00170,LG-000330,2026-07-23 10:36:00,3.4
RD-0008433,SH-00170,LG-000330,2026-07-23 11:06:00,3.9
RD-0008434,SH-00170,LG-000330,2026-07-23 11:36:00,4.4
RD-0008435,SH-00170,LG-000330,2026-07-23 12:06:00,2.6
RD-0008436,SH-00170,LG-000330,2026-07-23 12:36:00,3.0
RD-0008437,SH-00170,LG-000330,2026-07-23 13:06:00,3.5
RD-0008438,SH-00170,LG-000330,2026-07-23 13:36:00,4.7
RD-0008439,SH-00170,LG-000330,2026-07-23 14:06:00,4.1
RD-0008440,SH-00170,LG-000330,2026-07-23 14:36:00,3.9
RD-0008441,SH-00170,LG-000330,2026-07-23 15:06:00,3.9
RD-0008442,SH-00170,LG-000330,2026-07-23 15:36:00,5.3
RD-0008443,SH-00170,LG-000330,2026-07-23 16:06:00,4.6
RD-0008444,SH-00170,LG-000330,2026-07-23 16:36:00,4.7
RD-0008445,SH-00170,LG-000330,2026-07-23 17:06:00,3.8
RD-0008446,SH-00170,LG-000330,2026-07-23 17:36:00,4.0
RD-0008447,SH-00170,LG-000330,2026-07-23 18:06:00,4.0
RD-0008448,SH-00170,LG-000330,2026-07-23 18:36:00,4.6
RD-0008449,SH-00170,LG-000330,2026-07-23 19:06:00,2.6
RD-0008450,SH-00170,LG-000330,2026-07-23 19:36:00,4.5
RD-0008451,SH-00170,LG-000330,2026-07-23 20:06:00,4.2
RD-0008452,SH-00170,LG-000330,2026-07-23 20:36:00,5.6
RD-0008453,SH-00170,LG-000330,2026-07-23 21:06:00,2.8
RD-0008454,SH-00170,LG-000330,2026-07-23 21:36:00,3.7
RD-0008455,SH-00170,LG-000330,2026-07-23 22:06:00,4.0
RD-0008456,SH-00170,LG-000330,2026-07-23 22:36:00,3.4
RD-0008457,SH-00170,LG-000330,2026-07-23 23:06:00,5.5
RD-0008458,SH-00170,LG-000330,2026-07-23 23:36:00,6.1
RD-0008459,SH-00170,LG-000330,2026-07-24 00:06:00,3.9
RD-0008460,SH-00170,LG-000330,2026-07-24 00:36:00,3.1
RD-0008461,SH-00170,LG-000330,2026-07-24 01:06:00,3.5
RD-0008462,SH-00170,LG-000330,2026-07-24 01:36:00,3.1
RD-0008463,SH-00170,LG-000330,2026-07-24 02:06:00,4.8
RD-0008464,SH-00170,LG-000330,2026-07-24 02:36:00,4.0
RD-0008465,SH-00170,LG-000330,2026-07-24 03:06:00,3.9
RD-0008466,SH-00170,LG-000330,2026-07-24 03:36:00,4.7
RD-0008467,SH-00170,LG-000330,2026-07-24 04:06:00,4.2
RD-0008468,SH-00170,LG-000330,2026-07-24 04:36:00,4.4
RD-0008469,SH-00170,LG-000330,2026-07-24 05:06:00,4.2
RD-0008470,SH-00170,LG-000330,2026-07-24 05:36:00,4.1
RD-0008471,SH-00170,LG-000330,2026-07-24 06:06:00,3.4
RD-0008472,SH-00170,LG-000330,2026-07-24 06:36:00,3.6
RD-0008473,SH-00170,LG-000330,2026-07-24 07:06:00,2.9
RD-0008474,SH-00170,LG-000330,2026-07-24 07:36:00,4.8
RD-0008475,SH-00170,LG-000330,2026-07-24 08:06:00,3.6
RD-0008476,SH-00170,LG-000330,2026-07-24 08:36:00,4.6
RD-0008477,SH-00170,LG-000330,2026-07-24 09:06:00,3.5
RD-0008478,SH-00170,LG-000330,2026-07-24 09:36:00,4.3
RD-0008479,SH-00171,LG-000331,2026-06-27 01:26:00,-999
RD-0008480,SH-00171,LG-000331,2026-06-27 01:56:00,5.1
RD-0008481,SH-00171,LG-000331,2026-06-27 02:26:00,3.9
RD-0008482,SH-00171,LG-000331,2026-06-27 02:56:00,3.9
RD-0008483,SH-00171,LG-000331,2026-06-27 03:26:00,3.8
RD-0008484,SH-00171,LG-000331,2026-06-27 03:56:00,4.4
RD-0008485,SH-00171,LG-000331,2026-06-27 04:26:00,6.5
RD-0008486,SH-00171,LG-000331,2026-06-27 04:56:00,2.4
RD-0008487,SH-00171,LG-000331,2026-06-27 05:26:00,3.4
RD-0008488,SH-00171,LG-000331,2026-06-27 05:56:00,3.4
RD-0008489,SH-00171,LG-000331,2026-06-27 06:26:00,5.2
RD-0008490,SH-00171,LG-000331,2026-06-27 06:56:00,3.3
RD-0008491,SH-00171,LG-000331,2026-06-27 07:26:00,2.6
RD-0008492,SH-00171,LG-000331,2026-06-27 07:56:00,3.6
RD-0008493,SH-00171,LG-000331,2026-06-27 08:26:00,4.7
RD-0008494,SH-00171,LG-000331,2026-06-27 08:56:00,2.6
RD-0008495,SH-00171,LG-000331,2026-06-27 09:26:00,-999
RD-0008496,SH-00171,LG-000331,2026-06-27 09:56:00,5.7
RD-0008497,SH-00171,LG-000331,2026-06-27 10:26:00,4.0
RD-0008498,SH-00171,LG-000331,2026-06-27 10:56:00,4.8
RD-0008499,SH-00171,LG-000331,2026-06-27 11:26:00,2.7
RD-0008500,SH-00171,LG-000331,2026-06-27 11:56:00,5.0
RD-0008501,SH-00171,LG-000331,2026-06-27 12:26:00,3.9
RD-0008502,SH-00171,LG-000331,2026-06-27 12:56:00,5.3
RD-0008503,SH-00171,LG-000331,2026-06-27 13:26:00,3.3
RD-0008504,SH-00171,LG-000331,2026-06-27 13:56:00,3.9
RD-0008505,SH-00171,LG-000332,2026-06-27 14:26:00,4.5
RD-0008506,SH-00171,LG-000332,2026-06-27 14:56:00,3.1
RD-0008507,SH-00171,LG-000332,2026-06-27 15:26:00,4.1
RD-0008508,SH-00171,LG-000332,2026-06-27 15:56:00,5.1
RD-0008509,SH-00171,LG-000332,2026-06-27 16:26:00,5.2
RD-0008510,SH-00171,LG-000332,2026-06-27 16:56:00,4.1
RD-0008511,SH-00171,LG-000332,2026-06-27 17:26:00,3.5
RD-0008512,SH-00171,LG-000332,2026-06-27 17:56:00,5.6
RD-0008513,SH-00171,LG-000332,2026-06-27 18:26:00,3.4
RD-0008514,SH-00171,LG-000332,2026-06-27 18:56:00,3.5
RD-0008515,SH-00171,LG-000332,2026-06-27 19:26:00,4.1
RD-0008516,SH-00171,LG-000332,2026-06-27 19:56:00,3.1
RD-0008517,SH-00171,LG-000332,2026-06-27 20:26:00,3.1
RD-0008518,SH-00171,LG-000332,2026-06-27 20:56:00,4.6
RD-0008519,SH-00171,LG-000332,2026-06-27 21:26:00,3.8
RD-0008520,SH-00171,LG-000332,2026-06-27 21:56:00,3.1
RD-0008521,SH-00171,LG-000332,2026-06-27 22:26:00,4.0
RD-0008522,SH-00171,LG-000332,2026-06-27 22:56:00,5.3
RD-0008523,SH-00171,LG-000332,2026-06-27 23:26:00,4.6
RD-0008524,SH-00171,LG-000332,2026-06-27 23:56:00,5.5
RD-0008525,SH-00171,LG-000332,2026-06-28 00:26:00,3.1
RD-0008526,SH-00171,LG-000332,2026-06-28 00:56:00,4.8
RD-0008527,SH-00171,LG-000332,2026-06-28 01:26:00,4.1
RD-0008528,SH-00171,LG-000332,2026-06-28 01:56:00,4.6
RD-0008529,SH-00171,LG-000332,2026-06-28 02:26:00,4.7
RD-0008530,SH-00171,LG-000332,2026-06-28 02:56:00,3.1
RD-0008531,SH-00172,LG-000333,2026-07-12 07:59:00,-16.7
RD-0008532,SH-00172,LG-000333,2026-07-12 08:29:00,-17.2
RD-0008533,SH-00172,LG-000333,2026-07-12 08:59:00,-17.1
RD-0008534,SH-00172,LG-000333,2026-07-12 09:29:00,-19.5
RD-0008535,SH-00172,LG-000333,2026-07-12 09:59:00,-19.9
RD-0008536,SH-00172,LG-000333,2026-07-12 10:29:00,-18.1
RD-0008537,SH-00172,LG-000333,2026-07-12 10:59:00,-19.1
RD-0008538,SH-00172,LG-000333,2026-07-12 11:29:00,-16.7
RD-0008539,SH-00172,LG-000334,2026-07-12 11:59:00,-17.6
RD-0008540,SH-00172,LG-000334,2026-07-12 12:29:00,-16.7
RD-0008541,SH-00172,LG-000334,2026-07-12 12:59:00,-17.6
RD-0008542,SH-00172,LG-000334,2026-07-12 13:29:00,-18.2
RD-0008543,SH-00172,LG-000334,2026-07-12 13:59:00,-17.4
RD-0008544,SH-00172,LG-000334,2026-07-12 14:29:00,-19.5
RD-0008545,SH-00172,LG-000334,2026-07-12 14:59:00,-17.4
RD-0008546,SH-00172,LG-000334,2026-07-12 15:29:00,-999
RD-0008547,SH-00172,LG-000335,2026-07-12 15:59:00,0.2
RD-0008548,SH-00172,LG-000335,2026-07-12 16:29:00,-1.1
RD-0008549,SH-00172,LG-000335,2026-07-12 16:59:00,2.6
RD-0008550,SH-00172,LG-000335,2026-07-12 17:29:00,-0.3
RD-0008551,SH-00172,LG-000335,2026-07-12 17:59:00,0.5
RD-0008552,SH-00172,LG-000335,2026-07-12 18:29:00,-2.5
RD-0008553,SH-00172,LG-000335,2026-07-12 18:59:00,0.1
RD-0008554,SH-00172,LG-000335,2026-07-12 19:29:00,0.7
RD-0008555,SH-00173,LG-000336,2026-06-22 17:49:00,3.5
RD-0008556,SH-00173,LG-000336,2026-06-22 18:19:00,4.4
RD-0008557,SH-00173,LG-000336,2026-06-22 18:49:00,4.9
RD-0008558,SH-00173,LG-000336,2026-06-22 19:19:00,2.7
RD-0008559,SH-00173,LG-000336,2026-06-22 19:49:00,4.7
RD-0008560,SH-00173,LG-000336,2026-06-22 20:19:00,3.7
RD-0008561,SH-00173,LG-000337,2026-06-22 20:49:00,5.7
RD-0008562,SH-00173,LG-000337,2026-06-22 21:19:00,4.5
RD-0008563,SH-00173,LG-000337,2026-06-22 21:49:00,3.2
RD-0008564,SH-00173,LG-000337,2026-06-22 22:19:00,-999
RD-0008565,SH-00173,LG-000337,2026-06-22 22:49:00,4.1
RD-0008566,SH-00173,LG-000337,2026-06-22 23:19:00,4.6
RD-0008567,SH-00173,LG-000338,2026-06-22 23:49:00,3.3
RD-0008568,SH-00173,LG-000338,2026-06-23 00:19:00,6.0
RD-0008569,SH-00173,LG-000338,2026-06-23 00:49:00,3.7
RD-0008570,SH-00173,LG-000338,2026-06-23 01:19:00,4.9
RD-0008571,SH-00173,LG-000338,2026-06-23 01:49:00,4.4
RD-0008572,SH-00173,LG-000338,2026-06-23 02:19:00,5.2
RD-0008573,SH-00174,LG-000339,2026-08-14 07:42:00,4.6
RD-0008574,SH-00174,LG-000339,2026-08-14 08:12:00,3.1
RD-0008575,SH-00174,LG-000339,2026-08-14 08:42:00,3.9
RD-0008576,SH-00174,LG-000339,2026-08-14 09:12:00,2.3
RD-0008577,SH-00174,LG-000339,2026-08-14 09:42:00,3.8
RD-0008578,SH-00174,LG-000339,2026-08-14 10:12:00,3.4
RD-0008579,SH-00174,LG-000339,2026-08-14 10:42:00,4.4
RD-0008580,SH-00174,LG-000339,2026-08-14 11:12:00,4.1
RD-0008581,SH-00174,LG-000339,2026-08-14 11:42:00,4.4
RD-0008582,SH-00174,LG-000339,2026-08-14 12:12:00,4.5
RD-0008583,SH-00174,LG-000339,2026-08-14 12:42:00,6.5
RD-0008584,SH-00174,LG-000339,2026-08-14 13:12:00,3.3
RD-0008585,SH-00174,LG-000339,2026-08-14 13:42:00,4.3
RD-0008586,SH-00174,LG-000339,2026-08-14 14:12:00,4.0
RD-0008587,SH-00174,LG-000339,2026-08-14 14:42:00,5.1
RD-0008588,SH-00174,LG-000339,2026-08-14 15:12:00,3.0
RD-0008589,SH-00174,LG-000339,2026-08-14 15:42:00,4.8
RD-0008590,SH-00174,LG-000339,2026-08-14 16:12:00,4.3
RD-0008591,SH-00174,LG-000339,2026-08-14 16:42:00,4.1
RD-0008592,SH-00174,LG-000339,2026-08-14 17:12:00,3.4
RD-0008593,SH-00174,LG-000339,2026-08-14 17:42:00,3.7
RD-0008594,SH-00174,LG-000339,2026-08-14 18:12:00,4.5
RD-0008595,SH-00174,LG-000339,2026-08-14 18:42:00,4.7
RD-0008596,SH-00174,LG-000339,2026-08-14 19:12:00,3.4
RD-0008597,SH-00174,LG-000339,2026-08-14 19:42:00,4.8
RD-0008598,SH-00174,LG-000339,2026-08-14 20:12:00,4.7
RD-0008599,SH-00174,LG-000339,2026-08-14 20:42:00,2.8
RD-0008600,SH-00174,LG-000339,2026-08-14 21:12:00,4.1
RD-0008601,SH-00174,LG-000340,2026-08-14 21:42:00,2.3
RD-0008602,SH-00174,LG-000340,2026-08-14 22:12:00,4.4
RD-0008603,SH-00174,LG-000340,2026-08-14 22:42:00,5.4
RD-0008604,SH-00174,LG-000340,2026-08-14 23:12:00,4.2
RD-0008605,SH-00174,LG-000340,2026-08-14 23:42:00,3.8
RD-0008606,SH-00174,LG-000340,2026-08-15 00:12:00,4.7
RD-0008607,SH-00174,LG-000340,2026-08-15 00:42:00,3.7
RD-0008608,SH-00174,LG-000340,2026-08-15 01:12:00,4.6
RD-0008609,SH-00174,LG-000340,2026-08-15 01:42:00,4.0
RD-0008610,SH-00174,LG-000340,2026-08-15 02:12:00,3.5
RD-0008611,SH-00174,LG-000340,2026-08-15 02:42:00,3.5
RD-0008612,SH-00174,LG-000340,2026-08-15 03:12:00,4.1
RD-0008613,SH-00174,LG-000340,2026-08-15 03:42:00,4.7
RD-0008614,SH-00174,LG-000340,2026-08-15 04:12:00,3.8
RD-0008615,SH-00174,LG-000340,2026-08-15 04:42:00,4.7
RD-0008616,SH-00174,LG-000340,2026-08-15 05:12:00,3.4
RD-0008617,SH-00174,LG-000340,2026-08-15 05:42:00,4.3
RD-0008618,SH-00174,LG-000340,2026-08-15 06:12:00,5.5
RD-0008619,SH-00174,LG-000340,2026-08-15 06:42:00,3.8
RD-0008620,SH-00174,LG-000340,2026-08-15 07:12:00,3.0
RD-0008621,SH-00174,LG-000340,2026-08-15 07:42:00,3.8
RD-0008622,SH-00174,LG-000340,2026-08-15 08:12:00,3.4
RD-0008623,SH-00174,LG-000340,2026-08-15 08:42:00,1.8
RD-0008624,SH-00174,LG-000340,2026-08-15 09:12:00,4.0
RD-0008625,SH-00174,LG-000340,2026-08-15 09:42:00,2.0
RD-0008626,SH-00174,LG-000340,2026-08-15 10:12:00,4.1
RD-0008627,SH-00174,LG-000340,2026-08-15 10:42:00,3.0
RD-0008628,SH-00174,LG-000340,2026-08-15 11:12:00,4.5
RD-0008629,SH-00175,LG-000341,2026-07-31 02:45:00,3.8
RD-0008630,SH-00175,LG-000341,2026-07-31 03:15:00,3.7
RD-0008631,SH-00175,LG-000341,2026-07-31 03:45:00,4.6
RD-0008632,SH-00175,LG-000341,2026-07-31 04:15:00,3.5
RD-0008633,SH-00175,LG-000341,2026-07-31 04:45:00,3.9
RD-0008634,SH-00175,LG-000341,2026-07-31 05:15:00,4.4
RD-0008635,SH-00175,LG-000341,2026-07-31 05:45:00,3.8
RD-0008636,SH-00175,LG-000341,2026-07-31 06:15:00,3.0
RD-0008637,SH-00175,LG-000341,2026-07-31 06:45:00,3.8
RD-0008638,SH-00175,LG-000341,2026-07-31 07:15:00,3.4
RD-0008639,SH-00175,LG-000341,2026-07-31 07:45:00,4.2
RD-0008640,SH-00175,LG-000341,2026-07-31 08:15:00,4.0
RD-0008641,SH-00175,LG-000341,2026-07-31 08:45:00,4.6
RD-0008642,SH-00175,LG-000341,2026-07-31 09:15:00,5.1
RD-0008643,SH-00175,LG-000341,2026-07-31 09:45:00,3.1
RD-0008644,SH-00175,LG-000341,2026-07-31 10:15:00,3.6
RD-0008645,SH-00175,LG-000341,2026-07-31 10:45:00,3.6
RD-0008646,SH-00175,LG-000341,2026-07-31 11:15:00,4.3
RD-0008647,SH-00175,LG-000341,2026-07-31 11:45:00,3.4
RD-0008648,SH-00175,LG-000341,2026-07-31 12:15:00,3.9
RD-0008649,SH-00175,LG-000341,2026-07-31 12:45:00,3.5
RD-0008650,SH-00175,LG-000341,2026-07-31 13:15:00,4.6
RD-0008651,SH-00175,LG-000341,2026-07-31 13:45:00,3.9
RD-0008652,SH-00175,LG-000341,2026-07-31 14:15:00,2.2
RD-0008653,SH-00175,LG-000341,2026-07-31 14:45:00,3.8
RD-0008654,SH-00175,LG-000341,2026-07-31 15:15:00,5.0
RD-0008655,SH-00176,LG-000342,2026-06-03 09:12:00,4.5
RD-0008656,SH-00176,LG-000342,2026-06-03 09:42:00,4.3
RD-0008657,SH-00176,LG-000342,2026-06-03 10:12:00,3.6
RD-0008658,SH-00176,LG-000342,2026-06-03 10:42:00,3.7
RD-0008659,SH-00176,LG-000342,2026-06-03 11:12:00,4.6
RD-0008660,SH-00176,LG-000342,2026-06-03 11:42:00,3.5
RD-0008661,SH-00176,LG-000342,2026-06-03 12:12:00,4.2
RD-0008662,SH-00176,LG-000342,2026-06-03 12:42:00,4.2
RD-0008663,SH-00176,LG-000342,2026-06-03 13:12:00,4.6
RD-0008664,SH-00176,LG-000342,2026-06-03 13:42:00,3.5
RD-0008665,SH-00176,LG-000342,2026-06-03 14:12:00,4.1
RD-0008666,SH-00176,LG-000342,2026-06-03 14:42:00,4.8
RD-0008667,SH-00176,LG-000342,2026-06-03 15:12:00,3.1
RD-0008668,SH-00176,LG-000342,2026-06-03 15:42:00,4.8
RD-0008669,SH-00176,LG-000342,2026-06-03 16:12:00,4.2
RD-0008670,SH-00176,LG-000342,2026-06-03 16:42:00,3.0
RD-0008671,SH-00176,LG-000342,2026-06-03 17:12:00,3.9
RD-0008672,SH-00176,LG-000342,2026-06-03 17:42:00,4.4
RD-0008673,SH-00176,LG-000342,2026-06-03 18:12:00,4.1
RD-0008674,SH-00176,LG-000342,2026-06-03 18:42:00,3.6
RD-0008675,SH-00176,LG-000342,2026-06-03 19:12:00,4.6
RD-0008676,SH-00176,LG-000342,2026-06-03 19:42:00,3.8
RD-0008677,SH-00176,LG-000342,2026-06-03 20:12:00,3.4
RD-0008678,SH-00176,LG-000342,2026-06-03 20:42:00,4.2
RD-0008679,SH-00176,LG-000342,2026-06-03 21:12:00,3.7
RD-0008680,SH-00176,LG-000342,2026-06-03 21:42:00,3.8
RD-0008681,SH-00176,LG-000342,2026-06-03 22:12:00,3.7
RD-0008682,SH-00176,LG-000342,2026-06-03 22:42:00,3.8
RD-0008683,SH-00176,LG-000342,2026-06-03 23:12:00,3.6
RD-0008684,SH-00176,LG-000342,2026-06-03 23:42:00,3.9
RD-0008685,SH-00176,LG-000342,2026-06-04 00:12:00,3.4
RD-0008686,SH-00176,LG-000342,2026-06-04 00:42:00,3.3
RD-0008687,SH-00176,LG-000342,2026-06-04 01:12:00,5.6
RD-0008688,SH-00176,LG-000342,2026-06-04 01:42:00,3.7
RD-0008689,SH-00176,LG-000342,2026-06-04 02:12:00,4.8
RD-0008690,SH-00176,LG-000342,2026-06-04 02:42:00,4.7
RD-0008691,SH-00176,LG-000342,2026-06-04 03:12:00,3.2
RD-0008692,SH-00176,LG-000342,2026-06-04 03:42:00,3.7
RD-0008693,SH-00176,LG-000342,2026-06-04 04:12:00,4.0
RD-0008694,SH-00176,LG-000342,2026-06-04 04:42:00,3.0
RD-0008695,SH-00177,LG-000343,2026-07-23 10:26:00,4.8
RD-0008696,SH-00177,LG-000343,2026-07-23 10:56:00,5.8
RD-0008697,SH-00177,LG-000343,2026-07-23 11:26:00,4.4
RD-0008698,SH-00177,LG-000343,2026-07-23 11:56:00,5.7
RD-0008699,SH-00177,LG-000343,2026-07-23 12:26:00,4.3
RD-0008700,SH-00177,LG-000343,2026-07-23 12:56:00,4.2
RD-0008701,SH-00177,LG-000343,2026-07-23 13:26:00,4.9
RD-0008702,SH-00177,LG-000343,2026-07-23 13:56:00,3.6
RD-0008703,SH-00177,LG-000343,2026-07-23 14:26:00,6.1
RD-0008704,SH-00177,LG-000343,2026-07-23 14:56:00,3.3
RD-0008705,SH-00177,LG-000343,2026-07-23 15:26:00,4.9
RD-0008706,SH-00177,LG-000343,2026-07-23 15:56:00,4.6
RD-0008707,SH-00177,LG-000343,2026-07-23 16:26:00,5.2
RD-0008708,SH-00177,LG-000343,2026-07-23 16:56:00,5.6
RD-0008709,SH-00177,LG-000343,2026-07-23 17:26:00,5.8
RD-0008710,SH-00177,LG-000343,2026-07-23 17:56:00,3.6
RD-0008711,SH-00177,LG-000343,2026-07-23 18:26:00,5.5
RD-0008712,SH-00177,LG-000343,2026-07-23 18:56:00,4.8
RD-0008713,SH-00177,LG-000343,2026-07-23 19:26:00,4.7
RD-0008714,SH-00177,LG-000343,2026-07-23 19:56:00,4.8
RD-0008715,SH-00177,LG-000343,2026-07-23 20:26:00,6.8
RD-0008716,SH-00177,LG-000343,2026-07-23 20:56:00,6.0
RD-0008717,SH-00177,LG-000343,2026-07-23 21:26:00,5.5
RD-0008718,SH-00177,LG-000343,2026-07-23 21:56:00,5.6
RD-0008719,SH-00177,LG-000343,2026-07-23 22:26:00,5.3
RD-0008720,SH-00177,LG-000343,2026-07-23 22:56:00,4.5
RD-0008721,SH-00177,LG-000343,2026-07-23 23:26:00,4.0
RD-0008722,SH-00177,LG-000343,2026-07-23 23:56:00,4.0
RD-0008723,SH-00177,LG-000343,2026-07-24 00:26:00,5.9
RD-0008724,SH-00177,LG-000343,2026-07-24 00:56:00,6.0
RD-0008725,SH-00177,LG-000343,2026-07-24 01:26:00,5.2
RD-0008726,SH-00177,LG-000343,2026-07-24 01:56:00,7.5
RD-0008727,SH-00177,LG-000343,2026-07-24 02:26:00,5.6
RD-0008728,SH-00177,LG-000343,2026-07-24 02:56:00,4.6
RD-0008729,SH-00177,LG-000343,2026-07-24 03:26:00,6.3
RD-0008730,SH-00177,LG-000343,2026-07-24 03:56:00,6.7
RD-0008731,SH-00177,LG-000343,2026-07-24 04:26:00,5.5
RD-0008732,SH-00177,LG-000343,2026-07-24 04:56:00,4.7
RD-0008733,SH-00177,LG-000344,2026-07-24 05:26:00,6.2
RD-0008734,SH-00177,LG-000344,2026-07-24 05:56:00,5.2
RD-0008735,SH-00177,LG-000344,2026-07-24 06:26:00,5.6
RD-0008736,SH-00177,LG-000344,2026-07-24 06:56:00,4.1
RD-0008737,SH-00177,LG-000344,2026-07-24 07:26:00,4.6
RD-0008738,SH-00177,LG-000344,2026-07-24 07:56:00,5.5
RD-0008739,SH-00177,LG-000344,2026-07-24 08:26:00,4.1
RD-0008740,SH-00177,LG-000344,2026-07-24 08:56:00,3.4
RD-0008741,SH-00177,LG-000344,2026-07-24 09:26:00,4.9
RD-0008742,SH-00177,LG-000344,2026-07-24 09:56:00,4.1
RD-0008743,SH-00177,LG-000344,2026-07-24 10:26:00,5.8
RD-0008744,SH-00177,LG-000344,2026-07-24 10:56:00,4.5
RD-0008745,SH-00177,LG-000344,2026-07-24 11:26:00,6.0
RD-0008746,SH-00177,LG-000344,2026-07-24 11:56:00,5.0
RD-0008747,SH-00177,LG-000344,2026-07-24 12:26:00,5.6
RD-0008748,SH-00177,LG-000344,2026-07-24 12:56:00,4.9
RD-0008749,SH-00177,LG-000344,2026-07-24 13:26:00,5.3
RD-0008750,SH-00177,LG-000344,2026-07-24 13:56:00,4.0
RD-0008751,SH-00177,LG-000344,2026-07-24 14:26:00,6.0
RD-0008752,SH-00177,LG-000344,2026-07-24 14:56:00,5.5
RD-0008753,SH-00177,LG-000344,2026-07-24 15:26:00,5.8
RD-0008754,SH-00177,LG-000344,2026-07-24 15:56:00,5.1
RD-0008755,SH-00177,LG-000344,2026-07-24 16:26:00,3.4
RD-0008756,SH-00177,LG-000344,2026-07-24 16:56:00,4.7
RD-0008757,SH-00177,LG-000344,2026-07-24 17:26:00,5.9
RD-0008758,SH-00177,LG-000344,2026-07-24 17:56:00,-999
RD-0008759,SH-00177,LG-000344,2026-07-24 18:26:00,4.9
RD-0008760,SH-00177,LG-000344,2026-07-24 18:56:00,4.7
RD-0008761,SH-00177,LG-000344,2026-07-24 19:26:00,5.6
RD-0008762,SH-00177,LG-000344,2026-07-24 19:56:00,4.0
RD-0008763,SH-00177,LG-000344,2026-07-24 20:26:00,4.5
RD-0008764,SH-00177,LG-000344,2026-07-24 20:56:00,6.1
RD-0008765,SH-00177,LG-000344,2026-07-24 21:26:00,6.3
RD-0008766,SH-00177,LG-000344,2026-07-24 21:56:00,5.8
RD-0008767,SH-00177,LG-000344,2026-07-24 22:26:00,4.2
RD-0008768,SH-00177,LG-000344,2026-07-24 22:56:00,5.2
RD-0008769,SH-00177,LG-000344,2026-07-24 23:26:00,4.9
RD-0008770,SH-00177,LG-000344,2026-07-24 23:56:00,-999
RD-0008771,SH-00178,LG-000345,2026-07-08 09:43:00,3.6
RD-0008772,SH-00178,LG-000345,2026-07-08 10:13:00,5.5
RD-0008773,SH-00178,LG-000345,2026-07-08 10:43:00,4.5
RD-0008774,SH-00178,LG-000345,2026-07-08 11:13:00,3.9
RD-0008775,SH-00178,LG-000345,2026-07-08 11:43:00,3.7
RD-0008776,SH-00178,LG-000345,2026-07-08 12:13:00,4.4
RD-0008777,SH-00178,LG-000345,2026-07-08 12:43:00,3.6
RD-0008778,SH-00178,LG-000345,2026-07-08 13:13:00,3.5
RD-0008779,SH-00178,LG-000345,2026-07-08 13:43:00,4.3
RD-0008780,SH-00178,LG-000345,2026-07-08 14:13:00,3.3
RD-0008781,SH-00178,LG-000346,2026-07-08 14:43:00,3.8
RD-0008782,SH-00178,LG-000346,2026-07-08 15:13:00,5.0
RD-0008783,SH-00178,LG-000346,2026-07-08 15:43:00,3.4
RD-0008784,SH-00178,LG-000346,2026-07-08 16:13:00,3.8
RD-0008785,SH-00178,LG-000346,2026-07-08 16:43:00,4.3
RD-0008786,SH-00178,LG-000346,2026-07-08 17:13:00,4.6
RD-0008787,SH-00178,LG-000346,2026-07-08 17:43:00,3.9
RD-0008788,SH-00178,LG-000346,2026-07-08 18:13:00,3.9
RD-0008789,SH-00178,LG-000346,2026-07-08 18:43:00,3.0
RD-0008790,SH-00178,LG-000346,2026-07-08 19:13:00,3.9
RD-0008791,SH-00179,LG-000347,2026-06-05 03:12:00,3.4
RD-0008792,SH-00179,LG-000347,2026-06-05 03:42:00,2.8
RD-0008793,SH-00179,LG-000347,2026-06-05 04:12:00,4.1
RD-0008794,SH-00179,LG-000347,2026-06-05 04:42:00,5.8
RD-0008795,SH-00179,LG-000347,2026-06-05 05:12:00,3.3
RD-0008796,SH-00179,LG-000347,2026-06-05 05:42:00,4.4
RD-0008797,SH-00179,LG-000347,2026-06-05 06:12:00,4.3
RD-0008798,SH-00179,LG-000347,2026-06-05 06:42:00,4.4
RD-0008799,SH-00179,LG-000347,2026-06-05 07:12:00,4.3
RD-0008800,SH-00179,LG-000347,2026-06-05 07:42:00,4.8
RD-0008801,SH-00179,LG-000347,2026-06-05 08:12:00,5.9
RD-0008802,SH-00179,LG-000347,2026-06-05 08:42:00,2.2
RD-0008803,SH-00179,LG-000347,2026-06-05 09:12:00,3.7
RD-0008804,SH-00179,LG-000347,2026-06-05 09:42:00,1.5
RD-0008805,SH-00179,LG-000347,2026-06-05 10:12:00,5.1
RD-0008806,SH-00179,LG-000347,2026-06-05 10:42:00,4.5
RD-0008807,SH-00179,LG-000347,2026-06-05 11:12:00,4.3
RD-0008808,SH-00179,LG-000347,2026-06-05 11:42:00,2.7
RD-0008809,SH-00179,LG-000347,2026-06-05 12:12:00,4.0
RD-0008810,SH-00179,LG-000347,2026-06-05 12:42:00,4.7
RD-0008811,SH-00179,LG-000347,2026-06-05 13:12:00,4.6
RD-0008812,SH-00179,LG-000347,2026-06-05 13:42:00,3.6
RD-0008813,SH-00179,LG-000347,2026-06-05 14:12:00,3.3
RD-0008814,SH-00179,LG-000347,2026-06-05 14:42:00,4.1
RD-0008815,SH-00179,LG-000347,2026-06-05 15:12:00,5.3
RD-0008816,SH-00179,LG-000347,2026-06-05 15:42:00,5.2
RD-0008817,SH-00179,LG-000347,2026-06-05 16:12:00,4.2
RD-0008818,SH-00179,LG-000347,2026-06-05 16:42:00,3.7
RD-0008819,SH-00179,LG-000348,2026-06-05 17:12:00,3.9
RD-0008820,SH-00179,LG-000348,2026-06-05 17:42:00,3.2
RD-0008821,SH-00179,LG-000348,2026-06-05 18:12:00,4.0
RD-0008822,SH-00179,LG-000348,2026-06-05 18:42:00,3.3
RD-0008823,SH-00179,LG-000348,2026-06-05 19:12:00,3.0
RD-0008824,SH-00179,LG-000348,2026-06-05 19:42:00,4.9
RD-0008825,SH-00179,LG-000348,2026-06-05 20:12:00,3.4
RD-0008826,SH-00179,LG-000348,2026-06-05 20:42:00,4.2
RD-0008827,SH-00179,LG-000348,2026-06-05 21:12:00,5.4
RD-0008828,SH-00179,LG-000348,2026-06-05 21:42:00,3.3
RD-0008829,SH-00179,LG-000348,2026-06-05 22:12:00,3.4
RD-0008830,SH-00179,LG-000348,2026-06-05 22:42:00,3.1
RD-0008831,SH-00179,LG-000348,2026-06-05 23:12:00,3.6
RD-0008832,SH-00179,LG-000348,2026-06-05 23:42:00,3.2
RD-0008833,SH-00179,LG-000348,2026-06-06 00:12:00,4.5
RD-0008834,SH-00179,LG-000348,2026-06-06 00:42:00,3.2
RD-0008835,SH-00179,LG-000348,2026-06-06 01:12:00,4.8
RD-0008836,SH-00179,LG-000348,2026-06-06 01:42:00,6.5
RD-0008837,SH-00179,LG-000348,2026-06-06 02:12:00,3.8
RD-0008838,SH-00179,LG-000348,2026-06-06 02:42:00,4.7
RD-0008839,SH-00179,LG-000348,2026-06-06 03:12:00,5.3
RD-0008840,SH-00179,LG-000348,2026-06-06 03:42:00,4.2
RD-0008841,SH-00179,LG-000348,2026-06-06 04:12:00,3.7
RD-0008842,SH-00179,LG-000348,2026-06-06 04:42:00,3.2
RD-0008843,SH-00179,LG-000348,2026-06-06 05:12:00,3.3
RD-0008844,SH-00179,LG-000348,2026-06-06 05:42:00,3.9
RD-0008845,SH-00179,LG-000348,2026-06-06 06:12:00,5.7
RD-0008846,SH-00179,LG-000348,2026-06-06 06:42:00,3.4
RD-0008847,SH-00180,LG-000349,2026-08-18 10:32:00,3.8
RD-0008848,SH-00180,LG-000349,2026-08-18 11:02:00,3.9
RD-0008849,SH-00180,LG-000349,2026-08-18 11:32:00,4.5
RD-0008850,SH-00180,LG-000349,2026-08-18 12:02:00,4.3
RD-0008851,SH-00180,LG-000349,2026-08-18 12:32:00,4.6
RD-0008852,SH-00180,LG-000349,2026-08-18 13:02:00,4.0
RD-0008853,SH-00180,LG-000349,2026-08-18 13:32:00,4.3
RD-0008854,SH-00180,LG-000349,2026-08-18 14:02:00,3.9
RD-0008855,SH-00180,LG-000349,2026-08-18 14:32:00,5.2
RD-0008856,SH-00180,LG-000349,2026-08-18 15:02:00,4.8
RD-0008857,SH-00180,LG-000349,2026-08-18 15:32:00,5.6
RD-0008858,SH-00180,LG-000349,2026-08-18 16:02:00,4.7
RD-0008859,SH-00180,LG-000349,2026-08-18 16:32:00,4.4
RD-0008860,SH-00180,LG-000349,2026-08-18 17:02:00,4.2
RD-0008861,SH-00180,LG-000350,2026-08-18 17:32:00,3.9
RD-0008862,SH-00180,LG-000350,2026-08-18 18:02:00,3.0
RD-0008863,SH-00180,LG-000350,2026-08-18 18:32:00,5.0
RD-0008864,SH-00180,LG-000350,2026-08-18 19:02:00,4.4
RD-0008865,SH-00180,LG-000350,2026-08-18 19:32:00,4.5
RD-0008866,SH-00180,LG-000350,2026-08-18 20:02:00,3.3
RD-0008867,SH-00180,LG-000350,2026-08-18 20:32:00,4.1
RD-0008868,SH-00180,LG-000350,2026-08-18 21:02:00,2.6
RD-0008869,SH-00180,LG-000350,2026-08-18 21:32:00,2.8
RD-0008870,SH-00180,LG-000350,2026-08-18 22:02:00,5.3
RD-0008871,SH-00180,LG-000350,2026-08-18 22:32:00,2.8
RD-0008872,SH-00180,LG-000350,2026-08-18 23:02:00,4.0
RD-0008873,SH-00180,LG-000350,2026-08-18 23:32:00,4.7
RD-0008874,SH-00180,LG-000350,2026-08-19 00:02:00,4.5
RD-0008875,SH-00180,LG-000351,2026-08-19 00:32:00,3.0
RD-0008876,SH-00180,LG-000351,2026-08-19 01:02:00,3.7
RD-0008877,SH-00180,LG-000351,2026-08-19 01:32:00,5.0
RD-0008878,SH-00180,LG-000351,2026-08-19 02:02:00,4.2
RD-0008879,SH-00180,LG-000351,2026-08-19 02:32:00,4.9
RD-0008880,SH-00180,LG-000351,2026-08-19 03:02:00,6.4
RD-0008881,SH-00180,LG-000351,2026-08-19 03:32:00,6.0
RD-0008882,SH-00180,LG-000351,2026-08-19 04:02:00,3.4
RD-0008883,SH-00180,LG-000351,2026-08-19 04:32:00,4.5
RD-0008884,SH-00180,LG-000351,2026-08-19 05:02:00,4.0
RD-0008885,SH-00180,LG-000351,2026-08-19 05:32:00,4.3
RD-0008886,SH-00180,LG-000351,2026-08-19 06:02:00,2.6
RD-0008887,SH-00180,LG-000351,2026-08-19 06:32:00,4.6
RD-0008888,SH-00180,LG-000351,2026-08-19 07:02:00,3.7
RD-0008889,SH-00181,LG-000352,2026-07-23 16:28:00,2.9
RD-0008890,SH-00181,LG-000352,2026-07-23 16:58:00,3.6
RD-0008891,SH-00181,LG-000352,2026-07-23 17:28:00,3.1
RD-0008892,SH-00181,LG-000352,2026-07-23 17:58:00,4.9
RD-0008893,SH-00181,LG-000352,2026-07-23 18:28:00,3.9
RD-0008894,SH-00181,LG-000352,2026-07-23 18:58:00,3.3
RD-0008895,SH-00181,LG-000352,2026-07-23 19:28:00,3.1
RD-0008896,SH-00181,LG-000352,2026-07-23 19:58:00,3.8
RD-0008897,SH-00181,LG-000352,2026-07-23 20:28:00,3.8
RD-0008898,SH-00181,LG-000352,2026-07-23 20:58:00,3.9
RD-0008899,SH-00181,LG-000352,2026-07-23 21:28:00,4.5
RD-0008900,SH-00181,LG-000352,2026-07-23 21:58:00,3.8
RD-0008901,SH-00181,LG-000352,2026-07-23 22:28:00,5.5
RD-0008902,SH-00181,LG-000352,2026-07-23 22:58:00,3.1
RD-0008903,SH-00181,LG-000353,2026-07-23 23:28:00,3.4
RD-0008904,SH-00181,LG-000353,2026-07-23 23:58:00,3.1
RD-0008905,SH-00181,LG-000353,2026-07-24 00:28:00,4.4
RD-0008906,SH-00181,LG-000353,2026-07-24 00:58:00,4.0
RD-0008907,SH-00181,LG-000353,2026-07-24 01:28:00,5.3
RD-0008908,SH-00181,LG-000353,2026-07-24 01:58:00,3.3
RD-0008909,SH-00181,LG-000353,2026-07-24 02:28:00,3.7
RD-0008910,SH-00181,LG-000353,2026-07-24 02:58:00,3.5
RD-0008911,SH-00181,LG-000353,2026-07-24 03:28:00,2.8
RD-0008912,SH-00181,LG-000353,2026-07-24 03:58:00,5.1
RD-0008913,SH-00181,LG-000353,2026-07-24 04:28:00,3.8
RD-0008914,SH-00181,LG-000353,2026-07-24 04:58:00,3.1
RD-0008915,SH-00181,LG-000353,2026-07-24 05:28:00,4.2
RD-0008916,SH-00181,LG-000353,2026-07-24 05:58:00,3.8
RD-0008917,SH-00181,LG-000354,2026-07-24 06:28:00,5.8
RD-0008918,SH-00181,LG-000354,2026-07-24 06:58:00,4.2
RD-0008919,SH-00181,LG-000354,2026-07-24 07:28:00,2.7
RD-0008920,SH-00181,LG-000354,2026-07-24 07:58:00,4.2
RD-0008921,SH-00181,LG-000354,2026-07-24 08:28:00,3.7
RD-0008922,SH-00181,LG-000354,2026-07-24 08:58:00,4.9
RD-0008923,SH-00181,LG-000354,2026-07-24 09:28:00,5.0
RD-0008924,SH-00181,LG-000354,2026-07-24 09:58:00,3.8
RD-0008925,SH-00181,LG-000354,2026-07-24 10:28:00,4.1
RD-0008926,SH-00181,LG-000354,2026-07-24 10:58:00,4.4
RD-0008927,SH-00181,LG-000354,2026-07-24 11:28:00,3.6
RD-0008928,SH-00181,LG-000354,2026-07-24 11:58:00,3.8
RD-0008929,SH-00181,LG-000354,2026-07-24 12:28:00,5.9
RD-0008930,SH-00181,LG-000354,2026-07-24 12:58:00,4.6
RD-0008931,SH-00182,LG-000355,2026-06-15 01:33:00,4.7
RD-0008932,SH-00182,LG-000355,2026-06-15 02:03:00,6.7
RD-0008933,SH-00182,LG-000355,2026-06-15 02:33:00,5.1
RD-0008934,SH-00182,LG-000355,2026-06-15 03:03:00,4.5
RD-0008935,SH-00182,LG-000355,2026-06-15 03:33:00,4.4
RD-0008936,SH-00182,LG-000355,2026-06-15 04:03:00,5.5
RD-0008937,SH-00182,LG-000355,2026-06-15 04:33:00,4.8
RD-0008938,SH-00182,LG-000355,2026-06-15 05:03:00,6.4
RD-0008939,SH-00182,LG-000355,2026-06-15 05:33:00,6.4
RD-0008940,SH-00182,LG-000355,2026-06-15 06:03:00,12.2
RD-0008941,SH-00182,LG-000355,2026-06-15 06:33:00,6.1
RD-0008942,SH-00182,LG-000355,2026-06-15 07:03:00,5.8
RD-0008943,SH-00182,LG-000355,2026-06-15 07:33:00,9.6
RD-0008944,SH-00182,LG-000355,2026-06-15 08:03:00,4.6
RD-0008945,SH-00182,LG-000355,2026-06-15 08:33:00,6.7
RD-0008946,SH-00182,LG-000355,2026-06-15 09:03:00,8.5
RD-0008947,SH-00182,LG-000356,2026-06-15 09:33:00,5.5
RD-0008948,SH-00182,LG-000356,2026-06-15 10:03:00,4.9
RD-0008949,SH-00182,LG-000356,2026-06-15 10:33:00,5.8
RD-0008950,SH-00182,LG-000356,2026-06-15 11:03:00,5.2
RD-0008951,SH-00182,LG-000356,2026-06-15 11:33:00,10.7
RD-0008952,SH-00182,LG-000356,2026-06-15 12:03:00,4.9
RD-0008953,SH-00182,LG-000356,2026-06-15 12:33:00,5.6
RD-0008954,SH-00182,LG-000356,2026-06-15 13:03:00,4.0
RD-0008955,SH-00182,LG-000356,2026-06-15 13:33:00,5.1
RD-0008956,SH-00182,LG-000356,2026-06-15 14:03:00,3.9
RD-0008957,SH-00182,LG-000356,2026-06-15 14:33:00,5.8
RD-0008958,SH-00182,LG-000356,2026-06-15 15:03:00,11.2
RD-0008959,SH-00182,LG-000356,2026-06-15 15:33:00,15.0
RD-0008960,SH-00182,LG-000356,2026-06-15 16:03:00,4.9
RD-0008961,SH-00182,LG-000356,2026-06-15 16:33:00,13.6
RD-0008962,SH-00182,LG-000356,2026-06-15 17:03:00,13.0
RD-0008963,SH-00182,LG-000357,2026-06-15 17:33:00,4.3
RD-0008964,SH-00182,LG-000357,2026-06-15 18:03:00,6.3
RD-0008965,SH-00182,LG-000357,2026-06-15 18:33:00,10.9
RD-0008966,SH-00182,LG-000357,2026-06-15 19:03:00,6.4
RD-0008967,SH-00182,LG-000357,2026-06-15 19:33:00,5.1
RD-0008968,SH-00182,LG-000357,2026-06-15 20:03:00,3.8
RD-0008969,SH-00182,LG-000357,2026-06-15 20:33:00,3.7
RD-0008970,SH-00182,LG-000357,2026-06-15 21:03:00,3.8
RD-0008971,SH-00182,LG-000357,2026-06-15 21:33:00,5.0
RD-0008972,SH-00182,LG-000357,2026-06-15 22:03:00,4.8
RD-0008973,SH-00182,LG-000357,2026-06-15 22:33:00,4.2
RD-0008974,SH-00182,LG-000357,2026-06-15 23:03:00,5.9
RD-0008975,SH-00182,LG-000357,2026-06-15 23:33:00,5.0
RD-0008976,SH-00182,LG-000357,2026-06-16 00:03:00,4.7
RD-0008977,SH-00182,LG-000357,2026-06-16 00:33:00,7.0
RD-0008978,SH-00182,LG-000357,2026-06-16 01:03:00,5.4
RD-0008979,SH-00183,LG-000358,2026-06-18 10:07:00,-18.1
RD-0008980,SH-00183,LG-000358,2026-06-18 10:37:00,-17.1
RD-0008981,SH-00183,LG-000358,2026-06-18 11:07:00,-17.0
RD-0008982,SH-00183,LG-000358,2026-06-18 11:37:00,-17.8
RD-0008983,SH-00183,LG-000358,2026-06-18 12:07:00,-18.2
RD-0008984,SH-00183,LG-000358,2026-06-18 12:37:00,-18.1
RD-0008985,SH-00183,LG-000358,2026-06-18 13:07:00,-17.4
RD-0008986,SH-00183,LG-000358,2026-06-18 13:37:00,-17.4
RD-0008987,SH-00183,LG-000358,2026-06-18 14:07:00,-18.3
RD-0008988,SH-00183,LG-000358,2026-06-18 14:37:00,-10.2
RD-0008989,SH-00183,LG-000358,2026-06-18 15:07:00,-20.1
RD-0008990,SH-00183,LG-000358,2026-06-18 15:37:00,-14.8
RD-0008991,SH-00183,LG-000358,2026-06-18 16:07:00,-11.4
RD-0008992,SH-00183,LG-000358,2026-06-18 16:37:00,-16.9
RD-0008993,SH-00183,LG-000358,2026-06-18 17:07:00,-18.8
RD-0008994,SH-00183,LG-000358,2026-06-18 17:37:00,-18.2
RD-0008995,SH-00183,LG-000358,2026-06-18 18:07:00,-16.7
RD-0008996,SH-00183,LG-000358,2026-06-18 18:37:00,-18.4
RD-0008997,SH-00183,LG-000358,2026-06-18 19:07:00,-18.4
RD-0008998,SH-00183,LG-000358,2026-06-18 19:37:00,-17.9
RD-0008999,SH-00183,LG-000359,2026-06-18 20:07:00,-17.5
RD-0009000,SH-00183,LG-000359,2026-06-18 20:37:00,-18.7
RD-0009001,SH-00183,LG-000359,2026-06-18 21:07:00,-9.6
RD-0009002,SH-00183,LG-000359,2026-06-18 21:37:00,-19.8
RD-0009003,SH-00183,LG-000359,2026-06-18 22:07:00,-18.6
RD-0009004,SH-00183,LG-000359,2026-06-18 22:37:00,-17.2
RD-0009005,SH-00183,LG-000359,2026-06-18 23:07:00,-17.3
RD-0009006,SH-00183,LG-000359,2026-06-18 23:37:00,-18.8
RD-0009007,SH-00183,LG-000359,2026-06-19 00:07:00,-18.7
RD-0009008,SH-00183,LG-000359,2026-06-19 00:37:00,-999
RD-0009009,SH-00183,LG-000359,2026-06-19 01:07:00,-18.0
RD-0009010,SH-00183,LG-000359,2026-06-19 01:37:00,-18.6
RD-0009011,SH-00183,LG-000359,2026-06-19 02:07:00,-17.9
RD-0009012,SH-00183,LG-000359,2026-06-19 02:37:00,-18.9
RD-0009013,SH-00183,LG-000359,2026-06-19 03:07:00,-18.9
RD-0009014,SH-00183,LG-000359,2026-06-19 03:37:00,-12.9
RD-0009015,SH-00183,LG-000359,2026-06-19 04:07:00,-17.1
RD-0009016,SH-00183,LG-000359,2026-06-19 04:37:00,-18.5
RD-0009017,SH-00183,LG-000359,2026-06-19 05:07:00,-19.2
RD-0009018,SH-00183,LG-000359,2026-06-19 05:37:00,-19.8
RD-0009019,SH-00184,LG-000360,2026-07-15 18:24:00,5.7
RD-0009020,SH-00184,LG-000360,2026-07-15 18:54:00,3.0
RD-0009021,SH-00184,LG-000360,2026-07-15 19:24:00,4.8
RD-0009022,SH-00184,LG-000360,2026-07-15 19:54:00,6.1
RD-0009023,SH-00184,LG-000360,2026-07-15 20:24:00,5.7
RD-0009024,SH-00184,LG-000360,2026-07-15 20:54:00,4.8
RD-0009025,SH-00184,LG-000360,2026-07-15 21:24:00,5.6
RD-0009026,SH-00184,LG-000360,2026-07-15 21:54:00,5.0
RD-0009027,SH-00184,LG-000360,2026-07-15 22:24:00,3.5
RD-0009028,SH-00184,LG-000360,2026-07-15 22:54:00,5.0
RD-0009029,SH-00184,LG-000360,2026-07-15 23:24:00,4.8
RD-0009030,SH-00184,LG-000360,2026-07-15 23:54:00,4.2
RD-0009031,SH-00184,LG-000360,2026-07-16 00:24:00,5.3
RD-0009032,SH-00184,LG-000360,2026-07-16 00:54:00,4.5
RD-0009033,SH-00184,LG-000360,2026-07-16 01:24:00,6.3
RD-0009034,SH-00184,LG-000360,2026-07-16 01:54:00,5.5
RD-0009035,SH-00184,LG-000360,2026-07-16 02:24:00,4.7
RD-0009036,SH-00184,LG-000360,2026-07-16 02:54:00,5.5
RD-0009037,SH-00184,LG-000360,2026-07-16 03:24:00,3.1
RD-0009038,SH-00184,LG-000360,2026-07-16 03:54:00,4.7
RD-0009039,SH-00184,LG-000361,2026-07-16 04:24:00,4.2
RD-0009040,SH-00184,LG-000361,2026-07-16 04:54:00,4.8
RD-0009041,SH-00184,LG-000361,2026-07-16 05:24:00,4.3
RD-0009042,SH-00184,LG-000361,2026-07-16 05:54:00,5.1
RD-0009043,SH-00184,LG-000361,2026-07-16 06:24:00,4.4
RD-0009044,SH-00184,LG-000361,2026-07-16 06:54:00,7.5
RD-0009045,SH-00184,LG-000361,2026-07-16 07:24:00,5.6
RD-0009046,SH-00184,LG-000361,2026-07-16 07:54:00,3.8
RD-0009047,SH-00184,LG-000361,2026-07-16 08:24:00,4.9
RD-0009048,SH-00184,LG-000361,2026-07-16 08:54:00,6.2
RD-0009049,SH-00184,LG-000361,2026-07-16 09:24:00,4.5
RD-0009050,SH-00184,LG-000361,2026-07-16 09:54:00,4.4
RD-0009051,SH-00184,LG-000361,2026-07-16 10:24:00,5.0
RD-0009052,SH-00184,LG-000361,2026-07-16 10:54:00,3.9
RD-0009053,SH-00184,LG-000361,2026-07-16 11:24:00,4.8
RD-0009054,SH-00184,LG-000361,2026-07-16 11:54:00,4.2
RD-0009055,SH-00184,LG-000361,2026-07-16 12:24:00,5.7
RD-0009056,SH-00184,LG-000361,2026-07-16 12:54:00,5.8
RD-0009057,SH-00184,LG-000361,2026-07-16 13:24:00,6.3
RD-0009058,SH-00184,LG-000361,2026-07-16 13:54:00,5.4
RD-0009059,SH-00184,LG-000362,2026-07-16 14:24:00,5.0
RD-0009060,SH-00184,LG-000362,2026-07-16 14:54:00,5.9
RD-0009061,SH-00184,LG-000362,2026-07-16 15:24:00,5.4
RD-0009062,SH-00184,LG-000362,2026-07-16 15:54:00,4.6
RD-0009063,SH-00184,LG-000362,2026-07-16 16:24:00,4.4
RD-0009064,SH-00184,LG-000362,2026-07-16 16:54:00,5.8
RD-0009065,SH-00184,LG-000362,2026-07-16 17:24:00,4.4
RD-0009066,SH-00184,LG-000362,2026-07-16 17:54:00,6.2
RD-0009067,SH-00184,LG-000362,2026-07-16 18:24:00,6.1
RD-0009068,SH-00184,LG-000362,2026-07-16 18:54:00,4.8
RD-0009069,SH-00184,LG-000362,2026-07-16 19:24:00,4.7
RD-0009070,SH-00184,LG-000362,2026-07-16 19:54:00,2.7
RD-0009071,SH-00184,LG-000362,2026-07-16 20:24:00,-999
RD-0009072,SH-00184,LG-000362,2026-07-16 20:54:00,5.4
RD-0009073,SH-00184,LG-000362,2026-07-16 21:24:00,4.2
RD-0009074,SH-00184,LG-000362,2026-07-16 21:54:00,5.5
RD-0009075,SH-00184,LG-000362,2026-07-16 22:24:00,5.4
RD-0009076,SH-00184,LG-000362,2026-07-16 22:54:00,4.3
RD-0009077,SH-00184,LG-000362,2026-07-16 23:24:00,4.7
RD-0009078,SH-00184,LG-000362,2026-07-16 23:54:00,5.4
RD-0009079,SH-00185,LG-000363,2026-07-21 18:28:00,3.6
RD-0009080,SH-00185,LG-000363,2026-07-21 18:58:00,2.2
RD-0009081,SH-00185,LG-000363,2026-07-21 19:28:00,3.3
RD-0009082,SH-00185,LG-000363,2026-07-21 19:58:00,3.1
RD-0009083,SH-00185,LG-000363,2026-07-21 20:28:00,3.6
RD-0009084,SH-00185,LG-000363,2026-07-21 20:58:00,3.5
RD-0009085,SH-00185,LG-000363,2026-07-21 21:28:00,3.5
RD-0009086,SH-00185,LG-000363,2026-07-21 21:58:00,3.9
RD-0009087,SH-00185,LG-000363,2026-07-21 22:28:00,4.9
RD-0009088,SH-00185,LG-000363,2026-07-21 22:58:00,4.9
RD-0009089,SH-00185,LG-000363,2026-07-21 23:28:00,5.1
RD-0009090,SH-00185,LG-000363,2026-07-21 23:58:00,5.2
RD-0009091,SH-00185,LG-000363,2026-07-22 00:28:00,4.1
RD-0009092,SH-00185,LG-000363,2026-07-22 00:58:00,5.9
RD-0009093,SH-00185,LG-000363,2026-07-22 01:28:00,3.6
RD-0009094,SH-00185,LG-000363,2026-07-22 01:58:00,3.9
RD-0009095,SH-00185,LG-000363,2026-07-22 02:28:00,4.1
RD-0009096,SH-00185,LG-000363,2026-07-22 02:58:00,5.0
RD-0009097,SH-00186,LG-000364,2026-06-03 14:21:00,-17.6
RD-0009098,SH-00186,LG-000364,2026-06-03 14:51:00,-18.5
RD-0009099,SH-00186,LG-000364,2026-06-03 15:21:00,-17.6
RD-0009100,SH-00186,LG-000364,2026-06-03 15:51:00,-17.5
RD-0009101,SH-00186,LG-000364,2026-06-03 16:21:00,-18.2
RD-0009102,SH-00186,LG-000364,2026-06-03 16:51:00,-19.0
RD-0009103,SH-00186,LG-000364,2026-06-03 17:21:00,-19.3
RD-0009104,SH-00186,LG-000364,2026-06-03 17:51:00,-18.7
RD-0009105,SH-00186,LG-000365,2026-06-03 18:21:00,-19.1
RD-0009106,SH-00186,LG-000365,2026-06-03 18:51:00,-18.7
RD-0009107,SH-00186,LG-000365,2026-06-03 19:21:00,-17.7
RD-0009108,SH-00186,LG-000365,2026-06-03 19:51:00,-17.7
RD-0009109,SH-00186,LG-000365,2026-06-03 20:21:00,-18.7
RD-0009110,SH-00186,LG-000365,2026-06-03 20:51:00,-18.0
RD-0009111,SH-00186,LG-000365,2026-06-03 21:21:00,-9.2
RD-0009112,SH-00186,LG-000365,2026-06-03 21:51:00,-11.5
RD-0009113,SH-00187,LG-000366,2026-08-12 04:24:00,4.1
RD-0009114,SH-00187,LG-000366,2026-08-12 04:54:00,2.9
RD-0009115,SH-00187,LG-000366,2026-08-12 05:24:00,5.1
RD-0009116,SH-00187,LG-000366,2026-08-12 05:54:00,4.9
RD-0009117,SH-00187,LG-000366,2026-08-12 06:24:00,5.0
RD-0009118,SH-00187,LG-000366,2026-08-12 06:54:00,5.2
RD-0009119,SH-00187,LG-000366,2026-08-12 07:24:00,5.1
RD-0009120,SH-00187,LG-000366,2026-08-12 07:54:00,4.2
RD-0009121,SH-00187,LG-000366,2026-08-12 08:24:00,4.8
RD-0009122,SH-00187,LG-000366,2026-08-12 08:54:00,3.9
RD-0009123,SH-00187,LG-000366,2026-08-12 09:24:00,3.5
RD-0009124,SH-00187,LG-000366,2026-08-12 09:54:00,4.5
RD-0009125,SH-00187,LG-000366,2026-08-12 10:24:00,4.0
RD-0009126,SH-00187,LG-000366,2026-08-12 10:54:00,6.3
RD-0009127,SH-00187,LG-000366,2026-08-12 11:24:00,3.9
RD-0009128,SH-00187,LG-000366,2026-08-12 11:54:00,4.6
RD-0009129,SH-00187,LG-000366,2026-08-12 12:24:00,5.6
RD-0009130,SH-00187,LG-000366,2026-08-12 12:54:00,5.3
RD-0009131,SH-00187,LG-000367,2026-08-12 13:24:00,4.7
RD-0009132,SH-00187,LG-000367,2026-08-12 13:54:00,4.7
RD-0009133,SH-00187,LG-000367,2026-08-12 14:24:00,4.9
RD-0009134,SH-00187,LG-000367,2026-08-12 14:54:00,4.6
RD-0009135,SH-00187,LG-000367,2026-08-12 15:24:00,4.2
RD-0009136,SH-00187,LG-000367,2026-08-12 15:54:00,3.8
RD-0009137,SH-00187,LG-000367,2026-08-12 16:24:00,5.6
RD-0009138,SH-00187,LG-000367,2026-08-12 16:54:00,4.6
RD-0009139,SH-00187,LG-000367,2026-08-12 17:24:00,6.4
RD-0009140,SH-00187,LG-000367,2026-08-12 17:54:00,5.5
RD-0009141,SH-00187,LG-000367,2026-08-12 18:24:00,4.5
RD-0009142,SH-00187,LG-000367,2026-08-12 18:54:00,6.4
RD-0009143,SH-00187,LG-000367,2026-08-12 19:24:00,5.5
RD-0009144,SH-00187,LG-000367,2026-08-12 19:54:00,4.3
RD-0009145,SH-00187,LG-000367,2026-08-12 20:24:00,5.1
RD-0009146,SH-00187,LG-000367,2026-08-12 20:54:00,5.7
RD-0009147,SH-00187,LG-000367,2026-08-12 21:24:00,5.3
RD-0009148,SH-00187,LG-000367,2026-08-12 21:54:00,5.5
RD-0009149,SH-00187,LG-000368,2026-08-12 22:24:00,5.1
RD-0009150,SH-00187,LG-000368,2026-08-12 22:54:00,4.6
RD-0009151,SH-00187,LG-000368,2026-08-12 23:24:00,4.6
RD-0009152,SH-00187,LG-000368,2026-08-12 23:54:00,4.4
RD-0009153,SH-00187,LG-000368,2026-08-13 00:24:00,4.9
RD-0009154,SH-00187,LG-000368,2026-08-13 00:54:00,3.9
RD-0009155,SH-00187,LG-000368,2026-08-13 01:24:00,5.4
RD-0009156,SH-00187,LG-000368,2026-08-13 01:54:00,4.4
RD-0009157,SH-00187,LG-000368,2026-08-13 02:24:00,4.4
RD-0009158,SH-00187,LG-000368,2026-08-13 02:54:00,5.2
RD-0009159,SH-00187,LG-000368,2026-08-13 03:24:00,5.5
RD-0009160,SH-00187,LG-000368,2026-08-13 03:54:00,6.1
RD-0009161,SH-00187,LG-000368,2026-08-13 04:24:00,5.0
RD-0009162,SH-00187,LG-000368,2026-08-13 04:54:00,5.7
RD-0009163,SH-00187,LG-000368,2026-08-13 05:24:00,5.4
RD-0009164,SH-00187,LG-000368,2026-08-13 05:54:00,3.7
RD-0009165,SH-00187,LG-000368,2026-08-13 06:24:00,5.7
RD-0009166,SH-00187,LG-000368,2026-08-13 06:54:00,4.5
RD-0009167,SH-00188,LG-000369,2026-06-11 20:25:00,37.8
RD-0009168,SH-00188,LG-000369,2026-06-11 20:55:00,37.7
RD-0009169,SH-00188,LG-000369,2026-06-11 21:25:00,39.4
RD-0009170,SH-00188,LG-000369,2026-06-11 21:55:00,38.2
RD-0009171,SH-00188,LG-000369,2026-06-11 22:25:00,39.6
RD-0009172,SH-00188,LG-000369,2026-06-11 22:55:00,39.3
RD-0009173,SH-00188,LG-000370,2026-06-11 23:25:00,3.4
RD-0009174,SH-00188,LG-000370,2026-06-11 23:55:00,3.1
RD-0009175,SH-00188,LG-000370,2026-06-12 00:25:00,3.8
RD-0009176,SH-00188,LG-000370,2026-06-12 00:55:00,1.9
RD-0009177,SH-00188,LG-000370,2026-06-12 01:25:00,3.2
RD-0009178,SH-00188,LG-000370,2026-06-12 01:55:00,4.1
RD-0009179,SH-00188,LG-000371,2026-06-12 02:25:00,-999
RD-0009180,SH-00188,LG-000371,2026-06-12 02:55:00,3.3
RD-0009181,SH-00188,LG-000371,2026-06-12 03:25:00,4.1
RD-0009182,SH-00188,LG-000371,2026-06-12 03:55:00,4.4
RD-0009183,SH-00188,LG-000371,2026-06-12 04:25:00,3.8
RD-0009184,SH-00188,LG-000371,2026-06-12 04:55:00,4.5
RD-0009185,SH-00189,LG-000372,2026-06-27 05:53:00,-18.3
RD-0009186,SH-00189,LG-000372,2026-06-27 06:23:00,-18.9
RD-0009187,SH-00189,LG-000372,2026-06-27 06:53:00,-17.0
RD-0009188,SH-00189,LG-000372,2026-06-27 07:23:00,-10.3
RD-0009189,SH-00189,LG-000372,2026-06-27 07:53:00,-18.6
RD-0009190,SH-00189,LG-000372,2026-06-27 08:23:00,-17.7
RD-0009191,SH-00189,LG-000372,2026-06-27 08:53:00,-11.8
RD-0009192,SH-00189,LG-000372,2026-06-27 09:23:00,-17.8
RD-0009193,SH-00189,LG-000372,2026-06-27 09:53:00,-17.0
RD-0009194,SH-00189,LG-000372,2026-06-27 10:23:00,-18.4
RD-0009195,SH-00189,LG-000372,2026-06-27 10:53:00,-11.8
RD-0009196,SH-00189,LG-000372,2026-06-27 11:23:00,-18.1
RD-0009197,SH-00189,LG-000372,2026-06-27 11:53:00,-17.9
RD-0009198,SH-00189,LG-000372,2026-06-27 12:23:00,-18.3
RD-0009199,SH-00189,LG-000372,2026-06-27 12:53:00,-18.8
RD-0009200,SH-00189,LG-000372,2026-06-27 13:23:00,-19.1
RD-0009201,SH-00189,LG-000372,2026-06-27 13:53:00,-18.4
RD-0009202,SH-00189,LG-000372,2026-06-27 14:23:00,-17.5
RD-0009203,SH-00189,LG-000372,2026-06-27 14:53:00,-19.0
RD-0009204,SH-00189,LG-000372,2026-06-27 15:23:00,-10.2
RD-0009205,SH-00189,LG-000373,2026-06-27 15:53:00,-10.3
RD-0009206,SH-00189,LG-000373,2026-06-27 16:23:00,-18.0
RD-0009207,SH-00189,LG-000373,2026-06-27 16:53:00,-16.4
RD-0009208,SH-00189,LG-000373,2026-06-27 17:23:00,-17.6
RD-0009209,SH-00189,LG-000373,2026-06-27 17:53:00,-18.9
RD-0009210,SH-00189,LG-000373,2026-06-27 18:23:00,-18.5
RD-0009211,SH-00189,LG-000373,2026-06-27 18:53:00,-18.2
RD-0009212,SH-00189,LG-000373,2026-06-27 19:23:00,-18.4
RD-0009213,SH-00189,LG-000373,2026-06-27 19:53:00,-18.0
RD-0009214,SH-00189,LG-000373,2026-06-27 20:23:00,-17.7
RD-0009215,SH-00189,LG-000373,2026-06-27 20:53:00,-18.3
RD-0009216,SH-00189,LG-000373,2026-06-27 21:23:00,-18.4
RD-0009217,SH-00189,LG-000373,2026-06-27 21:53:00,-10.8
RD-0009218,SH-00189,LG-000373,2026-06-27 22:23:00,-19.4
RD-0009219,SH-00189,LG-000373,2026-06-27 22:53:00,-12.1
RD-0009220,SH-00189,LG-000373,2026-06-27 23:23:00,-18.4
RD-0009221,SH-00189,LG-000373,2026-06-27 23:53:00,-17.8
RD-0009222,SH-00189,LG-000373,2026-06-28 00:23:00,-18.6
RD-0009223,SH-00189,LG-000373,2026-06-28 00:53:00,-18.0
RD-0009224,SH-00189,LG-000373,2026-06-28 01:23:00,-16.8
RD-0009225,SH-00190,LG-000374,2026-07-05 08:56:00,-18.0
RD-0009226,SH-00190,LG-000374,2026-07-05 09:26:00,-18.5
RD-0009227,SH-00190,LG-000374,2026-07-05 09:56:00,-17.2
RD-0009228,SH-00190,LG-000374,2026-07-05 10:26:00,-18.7
RD-0009229,SH-00190,LG-000374,2026-07-05 10:56:00,-17.6
RD-0009230,SH-00190,LG-000374,2026-07-05 11:26:00,-18.0
RD-0009231,SH-00190,LG-000374,2026-07-05 11:56:00,-17.8
RD-0009232,SH-00190,LG-000374,2026-07-05 12:26:00,-17.7
RD-0009233,SH-00190,LG-000374,2026-07-05 12:56:00,-17.1
RD-0009234,SH-00190,LG-000374,2026-07-05 13:26:00,-17.6
RD-0009235,SH-00190,LG-000374,2026-07-05 13:56:00,-16.4
RD-0009236,SH-00190,LG-000374,2026-07-05 14:26:00,-16.3
RD-0009237,SH-00190,LG-000374,2026-07-05 14:56:00,-18.9
RD-0009238,SH-00190,LG-000374,2026-07-05 15:26:00,-18.7
RD-0009239,SH-00190,LG-000374,2026-07-05 15:56:00,-17.7
RD-0009240,SH-00190,LG-000374,2026-07-05 16:26:00,-16.8
RD-0009241,SH-00190,LG-000374,2026-07-05 16:56:00,-18.8
RD-0009242,SH-00190,LG-000374,2026-07-05 17:26:00,-17.5
RD-0009243,SH-00190,LG-000374,2026-07-05 17:56:00,-17.7
RD-0009244,SH-00190,LG-000374,2026-07-05 18:26:00,-18.5
RD-0009245,SH-00190,LG-000375,2026-07-05 18:56:00,-18.3
RD-0009246,SH-00190,LG-000375,2026-07-05 19:26:00,-17.9
RD-0009247,SH-00190,LG-000375,2026-07-05 19:56:00,-16.8
RD-0009248,SH-00190,LG-000375,2026-07-05 20:26:00,-17.4
RD-0009249,SH-00190,LG-000375,2026-07-05 20:56:00,-18.5
RD-0009250,SH-00190,LG-000375,2026-07-05 21:26:00,-18.3
RD-0009251,SH-00190,LG-000375,2026-07-05 21:56:00,-17.0
RD-0009252,SH-00190,LG-000375,2026-07-05 22:26:00,-17.6
RD-0009253,SH-00190,LG-000375,2026-07-05 22:56:00,-17.2
RD-0009254,SH-00190,LG-000375,2026-07-05 23:26:00,-17.1
RD-0009255,SH-00190,LG-000375,2026-07-05 23:56:00,-17.8
RD-0009256,SH-00190,LG-000375,2026-07-06 00:26:00,-18.0
RD-0009257,SH-00190,LG-000375,2026-07-06 00:56:00,-16.6
RD-0009258,SH-00190,LG-000375,2026-07-06 01:26:00,-18.3
RD-0009259,SH-00190,LG-000375,2026-07-06 01:56:00,-16.6
RD-0009260,SH-00190,LG-000375,2026-07-06 02:26:00,-18.4
RD-0009261,SH-00190,LG-000375,2026-07-06 02:56:00,-18.4
RD-0009262,SH-00190,LG-000375,2026-07-06 03:26:00,-17.4
RD-0009263,SH-00190,LG-000375,2026-07-06 03:56:00,-17.4
RD-0009264,SH-00190,LG-000375,2026-07-06 04:26:00,-18.4
RD-0009265,SH-00191,LG-000376,2026-07-25 11:48:00,-17.7
RD-0009266,SH-00191,LG-000376,2026-07-25 12:18:00,-18.4
RD-0009267,SH-00191,LG-000376,2026-07-25 12:48:00,-17.8
RD-0009268,SH-00191,LG-000376,2026-07-25 13:18:00,-18.0
RD-0009269,SH-00191,LG-000376,2026-07-25 13:48:00,-18.4
RD-0009270,SH-00191,LG-000376,2026-07-25 14:18:00,-19.7
RD-0009271,SH-00191,LG-000376,2026-07-25 14:48:00,-18.3
RD-0009272,SH-00191,LG-000376,2026-07-25 15:18:00,-18.1
RD-0009273,SH-00191,LG-000377,2026-07-25 15:48:00,-17.7
RD-0009274,SH-00191,LG-000377,2026-07-25 16:18:00,-17.4
RD-0009275,SH-00191,LG-000377,2026-07-25 16:48:00,-999
RD-0009276,SH-00191,LG-000377,2026-07-25 17:18:00,-19.7
RD-0009277,SH-00191,LG-000377,2026-07-25 17:48:00,-18.2
RD-0009278,SH-00191,LG-000377,2026-07-25 18:18:00,-18.8
RD-0009279,SH-00191,LG-000377,2026-07-25 18:48:00,-16.6
RD-0009280,SH-00191,LG-000377,2026-07-25 19:18:00,-17.3
RD-0009281,SH-00191,LG-000378,2026-07-25 19:48:00,-18.8
RD-0009282,SH-00191,LG-000378,2026-07-25 20:18:00,-17.7
RD-0009283,SH-00191,LG-000378,2026-07-25 20:48:00,-17.6
RD-0009284,SH-00191,LG-000378,2026-07-25 21:18:00,-19.1
RD-0009285,SH-00191,LG-000378,2026-07-25 21:48:00,-17.5
RD-0009286,SH-00191,LG-000378,2026-07-25 22:18:00,-17.6
RD-0009287,SH-00191,LG-000378,2026-07-25 22:48:00,-17.9
RD-0009288,SH-00191,LG-000378,2026-07-25 23:18:00,-17.1
RD-0009289,SH-00192,LG-000379,2026-08-18 05:25:00,4.7
RD-0009290,SH-00192,LG-000379,2026-08-18 05:55:00,-999
RD-0009291,SH-00192,LG-000379,2026-08-18 06:25:00,4.7
RD-0009292,SH-00192,LG-000379,2026-08-18 06:55:00,-999
RD-0009293,SH-00192,LG-000379,2026-08-18 07:25:00,4.4
RD-0009294,SH-00192,LG-000379,2026-08-18 07:55:00,5.6
RD-0009295,SH-00192,LG-000379,2026-08-18 08:25:00,2.4
RD-0009296,SH-00192,LG-000379,2026-08-18 08:55:00,4.2
RD-0009297,SH-00192,LG-000379,2026-08-18 09:25:00,5.2
RD-0009298,SH-00192,LG-000379,2026-08-18 09:55:00,5.3
RD-0009299,SH-00192,LG-000379,2026-08-18 10:25:00,4.6
RD-0009300,SH-00192,LG-000379,2026-08-18 10:55:00,2.2
RD-0009301,SH-00192,LG-000379,2026-08-18 11:25:00,4.5
RD-0009302,SH-00192,LG-000379,2026-08-18 11:55:00,4.7
RD-0009303,SH-00192,LG-000379,2026-08-18 12:25:00,4.1
RD-0009304,SH-00192,LG-000379,2026-08-18 12:55:00,5.1
RD-0009305,SH-00192,LG-000379,2026-08-18 13:25:00,4.9
RD-0009306,SH-00192,LG-000379,2026-08-18 13:55:00,4.3
RD-0009307,SH-00192,LG-000379,2026-08-18 14:25:00,4.3
RD-0009308,SH-00192,LG-000379,2026-08-18 14:55:00,3.0
RD-0009309,SH-00192,LG-000379,2026-08-18 15:25:00,3.7
RD-0009310,SH-00192,LG-000379,2026-08-18 15:55:00,3.8
RD-0009311,SH-00192,LG-000379,2026-08-18 16:25:00,3.1
RD-0009312,SH-00192,LG-000379,2026-08-18 16:55:00,4.1
RD-0009313,SH-00192,LG-000379,2026-08-18 17:25:00,4.2
RD-0009314,SH-00192,LG-000379,2026-08-18 17:55:00,5.3
RD-0009315,SH-00192,LG-000380,2026-08-18 18:25:00,4.2
RD-0009316,SH-00192,LG-000380,2026-08-18 18:55:00,3.1
RD-0009317,SH-00192,LG-000380,2026-08-18 19:25:00,3.8
RD-0009318,SH-00192,LG-000380,2026-08-18 19:55:00,3.9
RD-0009319,SH-00192,LG-000380,2026-08-18 20:25:00,4.5
RD-0009320,SH-00192,LG-000380,2026-08-18 20:55:00,4.3
RD-0009321,SH-00192,LG-000380,2026-08-18 21:25:00,4.8
RD-0009322,SH-00192,LG-000380,2026-08-18 21:55:00,3.2
RD-0009323,SH-00192,LG-000380,2026-08-18 22:25:00,2.1
RD-0009324,SH-00192,LG-000380,2026-08-18 22:55:00,5.1
RD-0009325,SH-00192,LG-000380,2026-08-18 23:25:00,3.6
RD-0009326,SH-00192,LG-000380,2026-08-18 23:55:00,4.4
RD-0009327,SH-00192,LG-000380,2026-08-19 00:25:00,3.6
RD-0009328,SH-00192,LG-000380,2026-08-19 00:55:00,2.7
RD-0009329,SH-00192,LG-000380,2026-08-19 01:25:00,3.3
RD-0009330,SH-00192,LG-000380,2026-08-19 01:55:00,3.9
RD-0009331,SH-00192,LG-000380,2026-08-19 02:25:00,3.8
RD-0009332,SH-00192,LG-000380,2026-08-19 02:55:00,3.3
RD-0009333,SH-00192,LG-000380,2026-08-19 03:25:00,4.9
RD-0009334,SH-00192,LG-000380,2026-08-19 03:55:00,3.4
RD-0009335,SH-00192,LG-000380,2026-08-19 04:25:00,3.3
RD-0009336,SH-00192,LG-000380,2026-08-19 04:55:00,3.3
RD-0009337,SH-00192,LG-000380,2026-08-19 05:25:00,2.4
RD-0009338,SH-00192,LG-000380,2026-08-19 05:55:00,3.4
RD-0009339,SH-00192,LG-000380,2026-08-19 06:25:00,3.2
RD-0009340,SH-00192,LG-000380,2026-08-19 06:55:00,4.8
RD-0009341,SH-00193,LG-000381,2026-07-12 05:57:00,-16.3
RD-0009342,SH-00193,LG-000381,2026-07-12 06:27:00,-17.5
RD-0009343,SH-00193,LG-000381,2026-07-12 06:57:00,-16.9
RD-0009344,SH-00193,LG-000381,2026-07-12 07:27:00,-17.2
RD-0009345,SH-00193,LG-000381,2026-07-12 07:57:00,-19.0
RD-0009346,SH-00193,LG-000381,2026-07-12 08:27:00,-18.7
RD-0009347,SH-00193,LG-000381,2026-07-12 08:57:00,-17.9
RD-0009348,SH-00193,LG-000381,2026-07-12 09:27:00,-18.6
RD-0009349,SH-00193,LG-000381,2026-07-12 09:57:00,-17.2
RD-0009350,SH-00193,LG-000381,2026-07-12 10:27:00,-18.7
RD-0009351,SH-00193,LG-000381,2026-07-12 10:57:00,-999
RD-0009352,SH-00193,LG-000381,2026-07-12 11:27:00,-17.9
RD-0009353,SH-00193,LG-000381,2026-07-12 11:57:00,-18.8
RD-0009354,SH-00193,LG-000381,2026-07-12 12:27:00,-18.0
RD-0009355,SH-00193,LG-000382,2026-07-12 12:57:00,-17.5
RD-0009356,SH-00193,LG-000382,2026-07-12 13:27:00,-17.1
RD-0009357,SH-00193,LG-000382,2026-07-12 13:57:00,-18.1
RD-0009358,SH-00193,LG-000382,2026-07-12 14:27:00,-18.0
RD-0009359,SH-00193,LG-000382,2026-07-12 14:57:00,-18.6
RD-0009360,SH-00193,LG-000382,2026-07-12 15:27:00,-18.4
RD-0009361,SH-00193,LG-000382,2026-07-12 15:57:00,-18.1
RD-0009362,SH-00193,LG-000382,2026-07-12 16:27:00,-17.4
RD-0009363,SH-00193,LG-000382,2026-07-12 16:57:00,-17.6
RD-0009364,SH-00193,LG-000382,2026-07-12 17:27:00,-18.5
RD-0009365,SH-00193,LG-000382,2026-07-12 17:57:00,-16.8
RD-0009366,SH-00193,LG-000382,2026-07-12 18:27:00,-19.2
RD-0009367,SH-00193,LG-000382,2026-07-12 18:57:00,-18.1
RD-0009368,SH-00193,LG-000382,2026-07-12 19:27:00,-18.5
RD-0009369,SH-00193,LG-000383,2026-07-12 19:57:00,1.7
RD-0009370,SH-00193,LG-000383,2026-07-12 20:27:00,0.2
RD-0009371,SH-00193,LG-000383,2026-07-12 20:57:00,-1.1
RD-0009372,SH-00193,LG-000383,2026-07-12 21:27:00,-2.1
RD-0009373,SH-00193,LG-000383,2026-07-12 21:57:00,3.0
RD-0009374,SH-00193,LG-000383,2026-07-12 22:27:00,-3.8
RD-0009375,SH-00193,LG-000383,2026-07-12 22:57:00,0.1
RD-0009376,SH-00193,LG-000383,2026-07-12 23:27:00,-0.1
RD-0009377,SH-00193,LG-000383,2026-07-12 23:57:00,2.0
RD-0009378,SH-00193,LG-000383,2026-07-13 00:27:00,-2.1
RD-0009379,SH-00193,LG-000383,2026-07-13 00:57:00,-1.9
RD-0009380,SH-00193,LG-000383,2026-07-13 01:27:00,-2.2
RD-0009381,SH-00193,LG-000383,2026-07-13 01:57:00,0.4
RD-0009382,SH-00193,LG-000383,2026-07-13 02:27:00,0.0
RD-0009383,SH-00194,LG-000384,2026-06-27 18:23:00,6.2
RD-0009384,SH-00194,LG-000384,2026-06-27 18:53:00,4.6
RD-0009385,SH-00194,LG-000384,2026-06-27 19:23:00,5.8
RD-0009386,SH-00194,LG-000384,2026-06-27 19:53:00,4.9
RD-0009387,SH-00194,LG-000384,2026-06-27 20:23:00,5.1
RD-0009388,SH-00194,LG-000384,2026-06-27 20:53:00,4.1
RD-0009389,SH-00194,LG-000384,2026-06-27 21:23:00,5.4
RD-0009390,SH-00194,LG-000384,2026-06-27 21:53:00,4.8
RD-0009391,SH-00194,LG-000384,2026-06-27 22:23:00,4.9
RD-0009392,SH-00194,LG-000384,2026-06-27 22:53:00,5.1
RD-0009393,SH-00194,LG-000384,2026-06-27 23:23:00,4.4
RD-0009394,SH-00194,LG-000384,2026-06-27 23:53:00,5.4
RD-0009395,SH-00194,LG-000384,2026-06-28 00:23:00,4.9
RD-0009396,SH-00194,LG-000384,2026-06-28 00:53:00,5.3
RD-0009397,SH-00194,LG-000384,2026-06-28 01:23:00,5.4
RD-0009398,SH-00194,LG-000384,2026-06-28 01:53:00,3.5
RD-0009399,SH-00194,LG-000384,2026-06-28 02:23:00,6.4
RD-0009400,SH-00194,LG-000384,2026-06-28 02:53:00,5.0
RD-0009401,SH-00194,LG-000384,2026-06-28 03:23:00,4.8
RD-0009402,SH-00194,LG-000384,2026-06-28 03:53:00,4.6
RD-0009403,SH-00194,LG-000384,2026-06-28 04:23:00,5.1
RD-0009404,SH-00194,LG-000384,2026-06-28 04:53:00,3.8
RD-0009405,SH-00194,LG-000385,2026-06-28 05:23:00,5.0
RD-0009406,SH-00194,LG-000385,2026-06-28 05:53:00,3.9
RD-0009407,SH-00194,LG-000385,2026-06-28 06:23:00,-999
RD-0009408,SH-00194,LG-000385,2026-06-28 06:53:00,5.0
RD-0009409,SH-00194,LG-000385,2026-06-28 07:23:00,5.6
RD-0009410,SH-00194,LG-000385,2026-06-28 07:53:00,4.5
RD-0009411,SH-00194,LG-000385,2026-06-28 08:23:00,4.8
RD-0009412,SH-00194,LG-000385,2026-06-28 08:53:00,4.1
RD-0009413,SH-00194,LG-000385,2026-06-28 09:23:00,3.8
RD-0009414,SH-00194,LG-000385,2026-06-28 09:53:00,5.0
RD-0009415,SH-00194,LG-000385,2026-06-28 10:23:00,6.1
RD-0009416,SH-00194,LG-000385,2026-06-28 10:53:00,6.6
RD-0009417,SH-00194,LG-000385,2026-06-28 11:23:00,5.2
RD-0009418,SH-00194,LG-000385,2026-06-28 11:53:00,6.0
RD-0009419,SH-00194,LG-000385,2026-06-28 12:23:00,5.1
RD-0009420,SH-00194,LG-000385,2026-06-28 12:53:00,4.7
RD-0009421,SH-00194,LG-000385,2026-06-28 13:23:00,6.1
RD-0009422,SH-00194,LG-000385,2026-06-28 13:53:00,5.8
RD-0009423,SH-00194,LG-000385,2026-06-28 14:23:00,4.9
RD-0009424,SH-00194,LG-000385,2026-06-28 14:53:00,4.7
RD-0009425,SH-00194,LG-000385,2026-06-28 15:23:00,3.8
RD-0009426,SH-00194,LG-000385,2026-06-28 15:53:00,5.2
RD-0009427,SH-00195,LG-000386,2026-08-03 02:20:00,-18.2
RD-0009428,SH-00195,LG-000386,2026-08-03 02:50:00,-17.9
RD-0009429,SH-00195,LG-000386,2026-08-03 03:20:00,-17.8
RD-0009430,SH-00195,LG-000386,2026-08-03 03:50:00,-17.8
RD-0009431,SH-00195,LG-000386,2026-08-03 04:20:00,-17.9
RD-0009432,SH-00195,LG-000386,2026-08-03 04:50:00,-16.6
RD-0009433,SH-00195,LG-000386,2026-08-03 05:20:00,-18.0
RD-0009434,SH-00195,LG-000386,2026-08-03 05:50:00,-19.6
RD-0009435,SH-00195,LG-000386,2026-08-03 06:20:00,-20.1
RD-0009436,SH-00195,LG-000386,2026-08-03 06:50:00,-17.5
RD-0009437,SH-00195,LG-000386,2026-08-03 07:20:00,-17.9
RD-0009438,SH-00195,LG-000386,2026-08-03 07:50:00,-17.6
RD-0009439,SH-00195,LG-000386,2026-08-03 08:20:00,-19.5
RD-0009440,SH-00195,LG-000386,2026-08-03 08:50:00,-18.3
RD-0009441,SH-00195,LG-000386,2026-08-03 09:20:00,-18.2
RD-0009442,SH-00195,LG-000386,2026-08-03 09:50:00,-19.7
RD-0009443,SH-00195,LG-000386,2026-08-03 10:20:00,-18.5
RD-0009444,SH-00195,LG-000386,2026-08-03 10:50:00,-18.4
RD-0009445,SH-00195,LG-000386,2026-08-03 11:20:00,-18.1
RD-0009446,SH-00195,LG-000386,2026-08-03 11:50:00,-18.1
RD-0009447,SH-00195,LG-000386,2026-08-03 12:20:00,-19.2
RD-0009448,SH-00195,LG-000386,2026-08-03 12:50:00,-18.7
RD-0009449,SH-00195,LG-000386,2026-08-03 13:20:00,-16.3
RD-0009450,SH-00195,LG-000386,2026-08-03 13:50:00,-18.4
RD-0009451,SH-00195,LG-000386,2026-08-03 14:20:00,-18.0
RD-0009452,SH-00195,LG-000386,2026-08-03 14:50:00,-19.1
RD-0009453,SH-00195,LG-000386,2026-08-03 15:20:00,-18.1
RD-0009454,SH-00195,LG-000386,2026-08-03 15:50:00,-16.8
RD-0009455,SH-00195,LG-000386,2026-08-03 16:20:00,-17.9
RD-0009456,SH-00195,LG-000386,2026-08-03 16:50:00,-17.1
RD-0009457,SH-00195,LG-000386,2026-08-03 17:20:00,-17.5
RD-0009458,SH-00195,LG-000386,2026-08-03 17:50:00,-18.7
RD-0009459,SH-00195,LG-000386,2026-08-03 18:20:00,-17.8
RD-0009460,SH-00195,LG-000386,2026-08-03 18:50:00,-17.6
RD-0009461,SH-00195,LG-000386,2026-08-03 19:20:00,-16.4
RD-0009462,SH-00195,LG-000386,2026-08-03 19:50:00,-19.1
RD-0009463,SH-00195,LG-000386,2026-08-03 20:20:00,-17.4
RD-0009464,SH-00195,LG-000386,2026-08-03 20:50:00,-18.4
RD-0009465,SH-00195,LG-000386,2026-08-03 21:20:00,-19.2
RD-0009466,SH-00195,LG-000386,2026-08-03 21:50:00,-17.6
RD-0009467,SH-00195,LG-000386,2026-08-03 22:20:00,-17.4
RD-0009468,SH-00195,LG-000386,2026-08-03 22:50:00,-17.3
RD-0009469,SH-00195,LG-000386,2026-08-03 23:20:00,-17.6
RD-0009470,SH-00195,LG-000386,2026-08-03 23:50:00,-17.6
RD-0009471,SH-00195,LG-000386,2026-08-04 00:20:00,-19.2
RD-0009472,SH-00195,LG-000386,2026-08-04 00:50:00,-18.7
RD-0009473,SH-00195,LG-000386,2026-08-04 01:20:00,-18.0
RD-0009474,SH-00195,LG-000386,2026-08-04 01:50:00,-18.2
RD-0009475,SH-00195,LG-000386,2026-08-04 02:20:00,-18.5
RD-0009476,SH-00195,LG-000386,2026-08-04 02:50:00,-18.0
RD-0009477,SH-00195,LG-000386,2026-08-04 03:20:00,-17.6
RD-0009478,SH-00195,LG-000386,2026-08-04 03:50:00,-999
RD-0009479,SH-00196,LG-000387,2026-07-07 20:36:00,-19.3
RD-0009480,SH-00196,LG-000387,2026-07-07 21:06:00,-18.5
RD-0009481,SH-00196,LG-000387,2026-07-07 21:36:00,-17.9
RD-0009482,SH-00196,LG-000387,2026-07-07 22:06:00,-17.5
RD-0009483,SH-00196,LG-000387,2026-07-07 22:36:00,-17.8
RD-0009484,SH-00196,LG-000387,2026-07-07 23:06:00,-18.3
RD-0009485,SH-00196,LG-000387,2026-07-07 23:36:00,-16.7
RD-0009486,SH-00196,LG-000387,2026-07-08 00:06:00,-18.0
RD-0009487,SH-00196,LG-000387,2026-07-08 00:36:00,-17.5
RD-0009488,SH-00196,LG-000387,2026-07-08 01:06:00,-17.1
RD-0009489,SH-00196,LG-000387,2026-07-08 01:36:00,-17.9
RD-0009490,SH-00196,LG-000387,2026-07-08 02:06:00,-17.0
RD-0009491,SH-00196,LG-000388,2026-07-08 02:36:00,-18.5
RD-0009492,SH-00196,LG-000388,2026-07-08 03:06:00,-18.0
RD-0009493,SH-00196,LG-000388,2026-07-08 03:36:00,-17.8
RD-0009494,SH-00196,LG-000388,2026-07-08 04:06:00,-18.8
RD-0009495,SH-00196,LG-000388,2026-07-08 04:36:00,-17.6
RD-0009496,SH-00196,LG-000388,2026-07-08 05:06:00,-18.4
RD-0009497,SH-00196,LG-000388,2026-07-08 05:36:00,-18.2
RD-0009498,SH-00196,LG-000388,2026-07-08 06:06:00,-16.4
RD-0009499,SH-00196,LG-000388,2026-07-08 06:36:00,-18.1
RD-0009500,SH-00196,LG-000388,2026-07-08 07:06:00,-17.9
RD-0009501,SH-00196,LG-000388,2026-07-08 07:36:00,-17.1
RD-0009502,SH-00196,LG-000388,2026-07-08 08:06:00,-18.1
RD-0009503,SH-00197,LG-000389,2026-07-02 18:38:00,-17.1
RD-0009504,SH-00197,LG-000389,2026-07-02 19:08:00,-17.9
RD-0009505,SH-00197,LG-000389,2026-07-02 19:38:00,-17.8
RD-0009506,SH-00197,LG-000389,2026-07-02 20:08:00,-19.9
RD-0009507,SH-00197,LG-000389,2026-07-02 20:38:00,-9.0
RD-0009508,SH-00197,LG-000389,2026-07-02 21:08:00,-17.9
RD-0009509,SH-00197,LG-000389,2026-07-02 21:38:00,-18.7
RD-0009510,SH-00197,LG-000389,2026-07-02 22:08:00,-19.0
RD-0009511,SH-00197,LG-000389,2026-07-02 22:38:00,-18.8
RD-0009512,SH-00197,LG-000389,2026-07-02 23:08:00,-19.6
RD-0009513,SH-00197,LG-000389,2026-07-02 23:38:00,-18.0
RD-0009514,SH-00197,LG-000389,2026-07-03 00:08:00,-14.4
RD-0009515,SH-00197,LG-000389,2026-07-03 00:38:00,-17.6
RD-0009516,SH-00197,LG-000389,2026-07-03 01:08:00,-17.5
RD-0009517,SH-00197,LG-000389,2026-07-03 01:38:00,-18.1
RD-0009518,SH-00197,LG-000389,2026-07-03 02:08:00,-17.4
RD-0009519,SH-00197,LG-000389,2026-07-03 02:38:00,-17.3
RD-0009520,SH-00197,LG-000389,2026-07-03 03:08:00,-9.9
RD-0009521,SH-00197,LG-000389,2026-07-03 03:38:00,-9.2
RD-0009522,SH-00197,LG-000389,2026-07-03 04:08:00,-18.3
RD-0009523,SH-00197,LG-000389,2026-07-03 04:38:00,-18.4
RD-0009524,SH-00197,LG-000389,2026-07-03 05:08:00,-17.7
RD-0009525,SH-00197,LG-000389,2026-07-03 05:38:00,-17.8
RD-0009526,SH-00197,LG-000389,2026-07-03 06:08:00,-17.3
RD-0009527,SH-00197,LG-000389,2026-07-03 06:38:00,-12.1
RD-0009528,SH-00197,LG-000389,2026-07-03 07:08:00,-19.4
RD-0009529,SH-00197,LG-000389,2026-07-03 07:38:00,-17.8
RD-0009530,SH-00197,LG-000389,2026-07-03 08:08:00,-20.0
RD-0009531,SH-00197,LG-000390,2026-07-03 08:38:00,-16.2
RD-0009532,SH-00197,LG-000390,2026-07-03 09:08:00,-18.2
RD-0009533,SH-00197,LG-000390,2026-07-03 09:38:00,-17.4
RD-0009534,SH-00197,LG-000390,2026-07-03 10:08:00,-18.4
RD-0009535,SH-00197,LG-000390,2026-07-03 10:38:00,-9.6
RD-0009536,SH-00197,LG-000390,2026-07-03 11:08:00,-17.7
RD-0009537,SH-00197,LG-000390,2026-07-03 11:38:00,-17.8
RD-0009538,SH-00197,LG-000390,2026-07-03 12:08:00,-17.8
RD-0009539,SH-00197,LG-000390,2026-07-03 12:38:00,-17.1
RD-0009540,SH-00197,LG-000390,2026-07-03 13:08:00,-17.4
RD-0009541,SH-00197,LG-000390,2026-07-03 13:38:00,-17.8
RD-0009542,SH-00197,LG-000390,2026-07-03 14:08:00,-11.7
RD-0009543,SH-00197,LG-000390,2026-07-03 14:38:00,-18.0
RD-0009544,SH-00197,LG-000390,2026-07-03 15:08:00,-19.0
RD-0009545,SH-00197,LG-000390,2026-07-03 15:38:00,-17.3
RD-0009546,SH-00197,LG-000390,2026-07-03 16:08:00,-18.4
RD-0009547,SH-00197,LG-000390,2026-07-03 16:38:00,-18.9
RD-0009548,SH-00197,LG-000390,2026-07-03 17:08:00,-7.4
RD-0009549,SH-00197,LG-000390,2026-07-03 17:38:00,-17.1
RD-0009550,SH-00197,LG-000390,2026-07-03 18:08:00,-17.4
RD-0009551,SH-00197,LG-000390,2026-07-03 18:38:00,-17.2
RD-0009552,SH-00197,LG-000390,2026-07-03 19:08:00,-17.5
RD-0009553,SH-00197,LG-000390,2026-07-03 19:38:00,-18.1
RD-0009554,SH-00197,LG-000390,2026-07-03 20:08:00,-10.1
RD-0009555,SH-00197,LG-000390,2026-07-03 20:38:00,-18.2
RD-0009556,SH-00197,LG-000390,2026-07-03 21:08:00,-17.9
RD-0009557,SH-00197,LG-000390,2026-07-03 21:38:00,-18.7
RD-0009558,SH-00197,LG-000390,2026-07-03 22:08:00,-18.5
RD-0009559,SH-00198,LG-000391,2026-06-14 18:07:00,3.7
RD-0009560,SH-00198,LG-000391,2026-06-14 18:37:00,4.0
RD-0009561,SH-00198,LG-000391,2026-06-14 19:07:00,4.4
RD-0009562,SH-00198,LG-000391,2026-06-14 19:37:00,4.0
RD-0009563,SH-00198,LG-000391,2026-06-14 20:07:00,4.3
RD-0009564,SH-00198,LG-000391,2026-06-14 20:37:00,4.2
RD-0009565,SH-00198,LG-000391,2026-06-14 21:07:00,2.9
RD-0009566,SH-00198,LG-000391,2026-06-14 21:37:00,4.2
RD-0009567,SH-00198,LG-000391,2026-06-14 22:07:00,4.9
RD-0009568,SH-00198,LG-000391,2026-06-14 22:37:00,4.8
RD-0009569,SH-00198,LG-000391,2026-06-14 23:07:00,3.8
RD-0009570,SH-00198,LG-000391,2026-06-14 23:37:00,3.2
RD-0009571,SH-00198,LG-000391,2026-06-15 00:07:00,5.0
RD-0009572,SH-00198,LG-000391,2026-06-15 00:37:00,4.1
RD-0009573,SH-00198,LG-000391,2026-06-15 01:07:00,3.8
RD-0009574,SH-00198,LG-000391,2026-06-15 01:37:00,2.8
RD-0009575,SH-00198,LG-000391,2026-06-15 02:07:00,3.4
RD-0009576,SH-00198,LG-000391,2026-06-15 02:37:00,-999
RD-0009577,SH-00198,LG-000391,2026-06-15 03:07:00,3.7
RD-0009578,SH-00198,LG-000391,2026-06-15 03:37:00,4.3
RD-0009579,SH-00198,LG-000391,2026-06-15 04:07:00,5.0
RD-0009580,SH-00198,LG-000391,2026-06-15 04:37:00,6.0
RD-0009581,SH-00198,LG-000391,2026-06-15 05:07:00,4.2
RD-0009582,SH-00198,LG-000391,2026-06-15 05:37:00,4.2
RD-0009583,SH-00198,LG-000391,2026-06-15 06:07:00,3.7
RD-0009584,SH-00198,LG-000391,2026-06-15 06:37:00,4.5
RD-0009585,SH-00198,LG-000391,2026-06-15 07:07:00,4.8
RD-0009586,SH-00198,LG-000391,2026-06-15 07:37:00,4.3
RD-0009587,SH-00198,LG-000391,2026-06-15 08:07:00,4.4
RD-0009588,SH-00198,LG-000391,2026-06-15 08:37:00,3.5
RD-0009589,SH-00198,LG-000391,2026-06-15 09:07:00,2.8
RD-0009590,SH-00198,LG-000391,2026-06-15 09:37:00,4.2
RD-0009591,SH-00198,LG-000391,2026-06-15 10:07:00,4.8
RD-0009592,SH-00198,LG-000391,2026-06-15 10:37:00,4.3
RD-0009593,SH-00198,LG-000392,2026-06-15 11:07:00,3.6
RD-0009594,SH-00198,LG-000392,2026-06-15 11:37:00,3.6
RD-0009595,SH-00198,LG-000392,2026-06-15 12:07:00,3.4
RD-0009596,SH-00198,LG-000392,2026-06-15 12:37:00,4.3
RD-0009597,SH-00198,LG-000392,2026-06-15 13:07:00,3.7
RD-0009598,SH-00198,LG-000392,2026-06-15 13:37:00,4.3
RD-0009599,SH-00198,LG-000392,2026-06-15 14:07:00,4.0
RD-0009600,SH-00198,LG-000392,2026-06-15 14:37:00,4.8
RD-0009601,SH-00198,LG-000392,2026-06-15 15:07:00,4.2
RD-0009602,SH-00198,LG-000392,2026-06-15 15:37:00,4.3
RD-0009603,SH-00198,LG-000392,2026-06-15 16:07:00,3.8
RD-0009604,SH-00198,LG-000392,2026-06-15 16:37:00,4.0
RD-0009605,SH-00198,LG-000392,2026-06-15 17:07:00,3.7
RD-0009606,SH-00198,LG-000392,2026-06-15 17:37:00,4.6
RD-0009607,SH-00198,LG-000392,2026-06-15 18:07:00,3.4
RD-0009608,SH-00198,LG-000392,2026-06-15 18:37:00,5.1
RD-0009609,SH-00198,LG-000392,2026-06-15 19:07:00,4.6
RD-0009610,SH-00198,LG-000392,2026-06-15 19:37:00,2.7
RD-0009611,SH-00198,LG-000392,2026-06-15 20:07:00,5.4
RD-0009612,SH-00198,LG-000392,2026-06-15 20:37:00,3.9
RD-0009613,SH-00198,LG-000392,2026-06-15 21:07:00,3.9
RD-0009614,SH-00198,LG-000392,2026-06-15 21:37:00,4.4
RD-0009615,SH-00198,LG-000392,2026-06-15 22:07:00,3.3
RD-0009616,SH-00198,LG-000392,2026-06-15 22:37:00,3.5
RD-0009617,SH-00198,LG-000392,2026-06-15 23:07:00,4.0
RD-0009618,SH-00198,LG-000392,2026-06-15 23:37:00,2.7
RD-0009619,SH-00198,LG-000392,2026-06-16 00:07:00,4.7
RD-0009620,SH-00198,LG-000392,2026-06-16 00:37:00,3.2
RD-0009621,SH-00198,LG-000392,2026-06-16 01:07:00,4.0
RD-0009622,SH-00198,LG-000392,2026-06-16 01:37:00,4.8
RD-0009623,SH-00198,LG-000392,2026-06-16 02:07:00,4.4
RD-0009624,SH-00198,LG-000392,2026-06-16 02:37:00,3.4
RD-0009625,SH-00198,LG-000392,2026-06-16 03:07:00,2.6
RD-0009626,SH-00198,LG-000392,2026-06-16 03:37:00,5.3
RD-0009627,SH-00199,LG-000393,2026-06-04 16:05:00,-18.3
RD-0009628,SH-00199,LG-000393,2026-06-04 16:35:00,-19.8
RD-0009629,SH-00199,LG-000393,2026-06-04 17:05:00,-17.6
RD-0009630,SH-00199,LG-000393,2026-06-04 17:35:00,-17.5
RD-0009631,SH-00199,LG-000393,2026-06-04 18:05:00,-17.9
RD-0009632,SH-00199,LG-000393,2026-06-04 18:35:00,-12.3
RD-0009633,SH-00199,LG-000393,2026-06-04 19:05:00,-18.3
RD-0009634,SH-00199,LG-000393,2026-06-04 19:35:00,-10.3
RD-0009635,SH-00199,LG-000393,2026-06-04 20:05:00,-18.4
RD-0009636,SH-00199,LG-000393,2026-06-04 20:35:00,-17.3
RD-0009637,SH-00199,LG-000393,2026-06-04 21:05:00,-13.4
RD-0009638,SH-00199,LG-000393,2026-06-04 21:35:00,-17.3
RD-0009639,SH-00199,LG-000393,2026-06-04 22:05:00,-18.4
RD-0009640,SH-00199,LG-000393,2026-06-04 22:35:00,-18.0
RD-0009641,SH-00199,LG-000393,2026-06-04 23:05:00,-17.8
RD-0009642,SH-00199,LG-000393,2026-06-04 23:35:00,-9.7
RD-0009643,SH-00199,LG-000393,2026-06-05 00:05:00,-10.6
RD-0009644,SH-00199,LG-000393,2026-06-05 00:35:00,-17.9
RD-0009645,SH-00199,LG-000394,2026-06-05 01:05:00,-18.0
RD-0009646,SH-00199,LG-000394,2026-06-05 01:35:00,-19.1
RD-0009647,SH-00199,LG-000394,2026-06-05 02:05:00,-17.0
RD-0009648,SH-00199,LG-000394,2026-06-05 02:35:00,-18.0
RD-0009649,SH-00199,LG-000394,2026-06-05 03:05:00,-17.8
RD-0009650,SH-00199,LG-000394,2026-06-05 03:35:00,-18.0
RD-0009651,SH-00199,LG-000394,2026-06-05 04:05:00,-17.9
RD-0009652,SH-00199,LG-000394,2026-06-05 04:35:00,-18.1
RD-0009653,SH-00199,LG-000394,2026-06-05 05:05:00,-18.1
RD-0009654,SH-00199,LG-000394,2026-06-05 05:35:00,-18.1
RD-0009655,SH-00199,LG-000394,2026-06-05 06:05:00,-11.0
RD-0009656,SH-00199,LG-000394,2026-06-05 06:35:00,-13.0
RD-0009657,SH-00199,LG-000394,2026-06-05 07:05:00,-16.9
RD-0009658,SH-00199,LG-000394,2026-06-05 07:35:00,-18.4
RD-0009659,SH-00199,LG-000394,2026-06-05 08:05:00,-18.2
RD-0009660,SH-00199,LG-000394,2026-06-05 08:35:00,-18.1
RD-0009661,SH-00199,LG-000394,2026-06-05 09:05:00,-13.7
RD-0009662,SH-00199,LG-000394,2026-06-05 09:35:00,-19.2
RD-0009663,SH-00200,LG-000395,2026-08-15 10:10:00,7.8
RD-0009664,SH-00200,LG-000395,2026-08-15 10:40:00,3.3
RD-0009665,SH-00200,LG-000395,2026-08-15 11:10:00,11.0
RD-0009666,SH-00200,LG-000395,2026-08-15 11:40:00,3.4
RD-0009667,SH-00200,LG-000395,2026-08-15 12:10:00,3.1
RD-0009668,SH-00200,LG-000395,2026-08-15 12:40:00,5.8
RD-0009669,SH-00200,LG-000395,2026-08-15 13:10:00,3.3
RD-0009670,SH-00200,LG-000395,2026-08-15 13:40:00,4.1
RD-0009671,SH-00200,LG-000395,2026-08-15 14:10:00,3.7
RD-0009672,SH-00200,LG-000395,2026-08-15 14:40:00,4.0
RD-0009673,SH-00200,LG-000395,2026-08-15 15:10:00,4.4
RD-0009674,SH-00200,LG-000395,2026-08-15 15:40:00,3.7
RD-0009675,SH-00200,LG-000395,2026-08-15 16:10:00,5.6
RD-0009676,SH-00200,LG-000395,2026-08-15 16:40:00,4.4
RD-0009677,SH-00200,LG-000395,2026-08-15 17:10:00,10.3
RD-0009678,SH-00200,LG-000395,2026-08-15 17:40:00,4.9
RD-0009679,SH-00200,LG-000395,2026-08-15 18:10:00,3.7
RD-0009680,SH-00200,LG-000395,2026-08-15 18:40:00,4.2
RD-0009681,SH-00200,LG-000395,2026-08-15 19:10:00,3.0
RD-0009682,SH-00200,LG-000395,2026-08-15 19:40:00,4.1
RD-0009683,SH-00200,LG-000395,2026-08-15 20:10:00,2.9
RD-0009684,SH-00200,LG-000395,2026-08-15 20:40:00,4.2
RD-0009685,SH-00200,LG-000395,2026-08-15 21:10:00,8.5
RD-0009686,SH-00200,LG-000395,2026-08-15 21:40:00,3.4
RD-0009687,SH-00200,LG-000395,2026-08-15 22:10:00,4.6
RD-0009688,SH-00200,LG-000395,2026-08-15 22:40:00,8.6
RD-0009689,SH-00200,LG-000395,2026-08-15 23:10:00,3.8
RD-0009690,SH-00200,LG-000395,2026-08-15 23:40:00,12.9
RD-0009691,SH-00200,LG-000395,2026-08-16 00:10:00,4.5
RD-0009692,SH-00200,LG-000395,2026-08-16 00:40:00,5.0
RD-0009693,SH-00200,LG-000395,2026-08-16 01:10:00,10.7
RD-0009694,SH-00200,LG-000395,2026-08-16 01:40:00,4.8
RD-0009695,SH-00200,LG-000395,2026-08-16 02:10:00,4.9
RD-0009696,SH-00200,LG-000395,2026-08-16 02:40:00,7.5
RD-0009697,SH-00200,LG-000395,2026-08-16 03:10:00,4.2
RD-0009698,SH-00200,LG-000395,2026-08-16 03:40:00,5.4
RD-0009699,SH-00200,LG-000395,2026-08-16 04:10:00,4.3
RD-0009700,SH-00200,LG-000395,2026-08-16 04:40:00,3.7
RD-0009701,SH-00200,LG-000395,2026-08-16 05:10:00,4.3
RD-0009702,SH-00200,LG-000395,2026-08-16 05:40:00,4.3
RD-0009703,SH-00200,LG-000395,2026-08-16 06:10:00,3.9
RD-0009704,SH-00200,LG-000395,2026-08-16 06:40:00,10.3
RD-0009705,SH-00200,LG-000395,2026-08-16 07:10:00,4.1
RD-0009706,SH-00200,LG-000395,2026-08-16 07:40:00,4.5
RD-0009707,SH-00200,LG-000395,2026-08-16 08:10:00,4.7
RD-0009708,SH-00200,LG-000395,2026-08-16 08:40:00,3.4
RD-0009709,SH-00200,LG-000395,2026-08-16 09:10:00,5.0
RD-0009710,SH-00200,LG-000395,2026-08-16 09:40:00,4.9
RD-0009711,SH-00200,LG-000395,2026-08-16 10:10:00,4.4
RD-0009712,SH-00200,LG-000395,2026-08-16 10:40:00,4.2
RD-0009713,SH-00200,LG-000395,2026-08-16 11:10:00,3.1
RD-0009714,SH-00200,LG-000395,2026-08-16 11:40:00,5.1
RD-0009715,SH-00200,LG-000395,2026-08-16 12:10:00,5.4
RD-0009716,SH-00200,LG-000395,2026-08-16 12:40:00,7.9
RD-0009717,SH-00200,LG-000395,2026-08-16 13:10:00,4.2
RD-0009718,SH-00200,LG-000395,2026-08-16 13:40:00,4.7
RD-0009719,SH-00200,LG-000395,2026-08-16 14:10:00,3.7
RD-0009720,SH-00200,LG-000395,2026-08-16 14:40:00,3.5
RD-0009721,SH-00200,LG-000395,2026-08-16 15:10:00,4.4
RD-0009722,SH-00200,LG-000395,2026-08-16 15:40:00,3.5
RD-0009723,SH-00200,LG-000395,2026-08-16 16:10:00,9.4
RD-0009724,SH-00200,LG-000395,2026-08-16 16:40:00,4.2
RD-0009725,SH-00200,LG-000395,2026-08-16 17:10:00,5.3
RD-0009726,SH-00200,LG-000395,2026-08-16 17:40:00,3.9
RD-0009727,SH-00200,LG-000395,2026-08-16 18:10:00,10.3
RD-0009728,SH-00200,LG-000395,2026-08-16 18:40:00,2.0
RD-0009729,SH-00200,LG-000395,2026-08-16 19:10:00,3.5
RD-0009730,SH-00200,LG-000395,2026-08-16 19:40:00,4.3
RD-0009731,SH-00200,LG-000395,2026-08-16 20:10:00,4.5
RD-0009732,SH-00200,LG-000395,2026-08-16 20:40:00,12.3
RD-0009733,SH-00200,LG-000395,2026-08-16 21:10:00,4.6
RD-0009734,SH-00200,LG-000395,2026-08-16 21:40:00,6.8
RD-0009735,SH-00200,LG-000395,2026-08-16 22:10:00,5.6
RD-0009736,SH-00200,LG-000395,2026-08-16 22:40:00,4.0
RD-0009737,SH-00200,LG-000395,2026-08-16 23:10:00,3.4
RD-0009738,SH-00200,LG-000395,2026-08-16 23:40:00,4.7
RD-0009739,SH-00200,LG-000395,2026-08-17 00:10:00,4.7
RD-0009740,SH-00200,LG-000395,2026-08-17 00:40:00,4.2
RD-0009741,SH-00200,LG-000395,2026-08-17 01:10:00,3.2
RD-0009742,SH-00200,LG-000395,2026-08-17 01:40:00,3.9
RD-0009743,SH-00201,LG-000396,2026-08-24 09:58:00,-18.5
RD-0009744,SH-00201,LG-000396,2026-08-24 10:28:00,-18.3
RD-0009745,SH-00201,LG-000396,2026-08-24 10:58:00,-18.0
RD-0009746,SH-00201,LG-000396,2026-08-24 11:28:00,-17.3
RD-0009747,SH-00201,LG-000396,2026-08-24 11:58:00,-18.8
RD-0009748,SH-00201,LG-000396,2026-08-24 12:28:00,-18.2
RD-0009749,SH-00201,LG-000396,2026-08-24 12:58:00,-18.8
RD-0009750,SH-00201,LG-000396,2026-08-24 13:28:00,-19.0
RD-0009751,SH-00201,LG-000396,2026-08-24 13:58:00,-16.7
RD-0009752,SH-00201,LG-000396,2026-08-24 14:28:00,-18.4
RD-0009753,SH-00201,LG-000396,2026-08-24 14:58:00,-18.7
RD-0009754,SH-00201,LG-000396,2026-08-24 15:28:00,-19.4
RD-0009755,SH-00201,LG-000396,2026-08-24 15:58:00,-16.6
RD-0009756,SH-00201,LG-000396,2026-08-24 16:28:00,-16.9
RD-0009757,SH-00201,LG-000396,2026-08-24 16:58:00,-17.6
RD-0009758,SH-00201,LG-000396,2026-08-24 17:28:00,-16.9
RD-0009759,SH-00201,LG-000396,2026-08-24 17:58:00,-18.7
RD-0009760,SH-00201,LG-000396,2026-08-24 18:28:00,-17.2
RD-0009761,SH-00201,LG-000396,2026-08-24 18:58:00,-17.5
RD-0009762,SH-00201,LG-000396,2026-08-24 19:28:00,-19.0
RD-0009763,SH-00201,LG-000396,2026-08-24 19:58:00,-17.4
RD-0009764,SH-00201,LG-000396,2026-08-24 20:28:00,-16.1
RD-0009765,SH-00201,LG-000396,2026-08-24 20:58:00,-16.6
RD-0009766,SH-00201,LG-000396,2026-08-24 21:28:00,-18.0
RD-0009767,SH-00201,LG-000396,2026-08-24 21:58:00,-19.0
RD-0009768,SH-00201,LG-000396,2026-08-24 22:28:00,-18.3
RD-0009769,SH-00201,LG-000396,2026-08-24 22:58:00,-18.1
RD-0009770,SH-00201,LG-000396,2026-08-24 23:28:00,-18.9
RD-0009771,SH-00201,LG-000396,2026-08-24 23:58:00,-18.1
RD-0009772,SH-00201,LG-000396,2026-08-25 00:28:00,-17.9
RD-0009773,SH-00201,LG-000396,2026-08-25 00:58:00,-20.2
RD-0009774,SH-00201,LG-000396,2026-08-25 01:28:00,-20.3
RD-0009775,SH-00201,LG-000396,2026-08-25 01:58:00,-17.2
RD-0009776,SH-00201,LG-000396,2026-08-25 02:28:00,-19.1
RD-0009777,SH-00201,LG-000396,2026-08-25 02:58:00,-17.8
RD-0009778,SH-00201,LG-000396,2026-08-25 03:28:00,-17.3
RD-0009779,SH-00201,LG-000396,2026-08-25 03:58:00,-18.1
RD-0009780,SH-00201,LG-000396,2026-08-25 04:28:00,-18.4
RD-0009781,SH-00201,LG-000396,2026-08-25 04:58:00,-20.0
RD-0009782,SH-00201,LG-000396,2026-08-25 05:28:00,-19.1
RD-0009783,SH-00201,LG-000396,2026-08-25 05:58:00,-17.8
RD-0009784,SH-00201,LG-000396,2026-08-25 06:28:00,-19.3
RD-0009785,SH-00201,LG-000396,2026-08-25 06:58:00,-17.5
RD-0009786,SH-00201,LG-000396,2026-08-25 07:28:00,-17.1
RD-0009787,SH-00201,LG-000396,2026-08-25 07:58:00,-18.5
RD-0009788,SH-00201,LG-000396,2026-08-25 08:28:00,-18.2
RD-0009789,SH-00201,LG-000396,2026-08-25 08:58:00,-16.4
RD-0009790,SH-00201,LG-000396,2026-08-25 09:28:00,-18.8
RD-0009791,SH-00201,LG-000396,2026-08-25 09:58:00,-18.3
RD-0009792,SH-00201,LG-000396,2026-08-25 10:28:00,-18.1
RD-0009793,SH-00201,LG-000396,2026-08-25 10:58:00,-19.0
RD-0009794,SH-00201,LG-000396,2026-08-25 11:28:00,-18.9
RD-0009795,SH-00201,LG-000396,2026-08-25 11:58:00,-18.3
RD-0009796,SH-00201,LG-000396,2026-08-25 12:28:00,-18.2
RD-0009797,SH-00201,LG-000396,2026-08-25 12:58:00,-15.8
RD-0009798,SH-00201,LG-000396,2026-08-25 13:28:00,-16.4
RD-0009799,SH-00201,LG-000396,2026-08-25 13:58:00,-16.0
RD-0009800,SH-00201,LG-000396,2026-08-25 14:28:00,-18.5
RD-0009801,SH-00202,LG-000397,2026-08-14 12:05:00,39.2
RD-0009802,SH-00202,LG-000397,2026-08-14 12:35:00,52.6
RD-0009803,SH-00202,LG-000397,2026-08-14 13:05:00,39.3
RD-0009804,SH-00202,LG-000397,2026-08-14 13:35:00,39.8
RD-0009805,SH-00202,LG-000397,2026-08-14 14:05:00,48.0
RD-0009806,SH-00202,LG-000397,2026-08-14 14:35:00,39.1
RD-0009807,SH-00202,LG-000397,2026-08-14 15:05:00,37.0
RD-0009808,SH-00202,LG-000397,2026-08-14 15:35:00,35.7
RD-0009809,SH-00202,LG-000397,2026-08-14 16:05:00,38.9
RD-0009810,SH-00202,LG-000397,2026-08-14 16:35:00,40.2
RD-0009811,SH-00202,LG-000397,2026-08-14 17:05:00,54.3
RD-0009812,SH-00202,LG-000397,2026-08-14 17:35:00,39.1
RD-0009813,SH-00202,LG-000397,2026-08-14 18:05:00,50.9
RD-0009814,SH-00202,LG-000397,2026-08-14 18:35:00,38.4
RD-0009815,SH-00202,LG-000397,2026-08-14 19:05:00,37.9
RD-0009816,SH-00202,LG-000397,2026-08-14 19:35:00,47.5
RD-0009817,SH-00202,LG-000397,2026-08-14 20:05:00,51.5
RD-0009818,SH-00202,LG-000397,2026-08-14 20:35:00,39.6
RD-0009819,SH-00202,LG-000397,2026-08-14 21:05:00,36.7
RD-0009820,SH-00202,LG-000397,2026-08-14 21:35:00,36.0
RD-0009821,SH-00202,LG-000397,2026-08-14 22:05:00,38.9
RD-0009822,SH-00202,LG-000397,2026-08-14 22:35:00,35.6
RD-0009823,SH-00202,LG-000397,2026-08-14 23:05:00,35.8
RD-0009824,SH-00202,LG-000397,2026-08-14 23:35:00,39.8
RD-0009825,SH-00202,LG-000397,2026-08-15 00:05:00,40.9
RD-0009826,SH-00202,LG-000397,2026-08-15 00:35:00,41.3
RD-0009827,SH-00202,LG-000397,2026-08-15 01:05:00,41.1
RD-0009828,SH-00202,LG-000397,2026-08-15 01:35:00,38.1
RD-0009829,SH-00202,LG-000397,2026-08-15 02:05:00,38.9
RD-0009830,SH-00202,LG-000397,2026-08-15 02:35:00,38.1
RD-0009831,SH-00202,LG-000397,2026-08-15 03:05:00,41.9
RD-0009832,SH-00202,LG-000397,2026-08-15 03:35:00,39.7
RD-0009833,SH-00202,LG-000397,2026-08-15 04:05:00,37.1
RD-0009834,SH-00202,LG-000397,2026-08-15 04:35:00,52.0
RD-0009835,SH-00202,LG-000397,2026-08-15 05:05:00,48.9
RD-0009836,SH-00202,LG-000397,2026-08-15 05:35:00,37.3
RD-0009837,SH-00202,LG-000398,2026-08-15 06:05:00,8.9
RD-0009838,SH-00202,LG-000398,2026-08-15 06:35:00,5.6
RD-0009839,SH-00202,LG-000398,2026-08-15 07:05:00,3.3
RD-0009840,SH-00202,LG-000398,2026-08-15 07:35:00,3.7
RD-0009841,SH-00202,LG-000398,2026-08-15 08:05:00,1.7
RD-0009842,SH-00202,LG-000398,2026-08-15 08:35:00,3.6
RD-0009843,SH-00202,LG-000398,2026-08-15 09:05:00,3.5
RD-0009844,SH-00202,LG-000398,2026-08-15 09:35:00,2.5
RD-0009845,SH-00202,LG-000398,2026-08-15 10:05:00,13.5
RD-0009846,SH-00202,LG-000398,2026-08-15 10:35:00,3.3
RD-0009847,SH-00202,LG-000398,2026-08-15 11:05:00,4.0
RD-0009848,SH-00202,LG-000398,2026-08-15 11:35:00,3.9
RD-0009849,SH-00202,LG-000398,2026-08-15 12:05:00,3.2
RD-0009850,SH-00202,LG-000398,2026-08-15 12:35:00,3.6
RD-0009851,SH-00202,LG-000398,2026-08-15 13:05:00,3.9
RD-0009852,SH-00202,LG-000398,2026-08-15 13:35:00,3.8
RD-0009853,SH-00202,LG-000398,2026-08-15 14:05:00,4.1
RD-0009854,SH-00202,LG-000398,2026-08-15 14:35:00,7.7
RD-0009855,SH-00202,LG-000398,2026-08-15 15:05:00,3.7
RD-0009856,SH-00202,LG-000398,2026-08-15 15:35:00,4.4
RD-0009857,SH-00202,LG-000398,2026-08-15 16:05:00,4.8
RD-0009858,SH-00202,LG-000398,2026-08-15 16:35:00,4.0
RD-0009859,SH-00202,LG-000398,2026-08-15 17:05:00,2.9
RD-0009860,SH-00202,LG-000398,2026-08-15 17:35:00,3.2
RD-0009861,SH-00202,LG-000398,2026-08-15 18:05:00,4.1
RD-0009862,SH-00202,LG-000398,2026-08-15 18:35:00,4.1
RD-0009863,SH-00202,LG-000398,2026-08-15 19:05:00,3.1
RD-0009864,SH-00202,LG-000398,2026-08-15 19:35:00,3.1
RD-0009865,SH-00202,LG-000398,2026-08-15 20:05:00,5.0
RD-0009866,SH-00202,LG-000398,2026-08-15 20:35:00,3.1
RD-0009867,SH-00202,LG-000398,2026-08-15 21:05:00,3.0
RD-0009868,SH-00202,LG-000398,2026-08-15 21:35:00,9.2
RD-0009869,SH-00202,LG-000398,2026-08-15 22:05:00,-999
RD-0009870,SH-00202,LG-000398,2026-08-15 22:35:00,3.1
RD-0009871,SH-00202,LG-000398,2026-08-15 23:05:00,3.1
RD-0009872,SH-00202,LG-000398,2026-08-15 23:35:00,3.6
RD-0009873,SH-00203,LG-000399,2026-07-17 09:06:00,-18.7
RD-0009874,SH-00203,LG-000399,2026-07-17 09:36:00,-18.1
RD-0009875,SH-00203,LG-000399,2026-07-17 10:06:00,-17.8
RD-0009876,SH-00203,LG-000399,2026-07-17 10:36:00,-18.5
RD-0009877,SH-00203,LG-000399,2026-07-17 11:06:00,-17.1
RD-0009878,SH-00203,LG-000399,2026-07-17 11:36:00,-17.0
RD-0009879,SH-00203,LG-000399,2026-07-17 12:06:00,-18.1
RD-0009880,SH-00203,LG-000399,2026-07-17 12:36:00,-18.3
RD-0009881,SH-00203,LG-000399,2026-07-17 13:06:00,-18.5
RD-0009882,SH-00203,LG-000399,2026-07-17 13:36:00,-17.2
RD-0009883,SH-00203,LG-000399,2026-07-17 14:06:00,-17.2
RD-0009884,SH-00203,LG-000399,2026-07-17 14:36:00,-19.2
RD-0009885,SH-00203,LG-000399,2026-07-17 15:06:00,-18.6
RD-0009886,SH-00203,LG-000399,2026-07-17 15:36:00,-17.9
RD-0009887,SH-00203,LG-000399,2026-07-17 16:06:00,-18.9
RD-0009888,SH-00203,LG-000399,2026-07-17 16:36:00,-18.4
RD-0009889,SH-00203,LG-000399,2026-07-17 17:06:00,-19.0
RD-0009890,SH-00203,LG-000399,2026-07-17 17:36:00,-17.9
RD-0009891,SH-00203,LG-000399,2026-07-17 18:06:00,-16.9
RD-0009892,SH-00203,LG-000399,2026-07-17 18:36:00,-17.8
RD-0009893,SH-00203,LG-000399,2026-07-17 19:06:00,-19.6
RD-0009894,SH-00203,LG-000399,2026-07-17 19:36:00,-18.4
RD-0009895,SH-00203,LG-000399,2026-07-17 20:06:00,-19.0
RD-0009896,SH-00203,LG-000399,2026-07-17 20:36:00,-18.6
RD-0009897,SH-00203,LG-000399,2026-07-17 21:06:00,-16.5
RD-0009898,SH-00203,LG-000399,2026-07-17 21:36:00,-18.7
RD-0009899,SH-00203,LG-000399,2026-07-17 22:06:00,-19.5
RD-0009900,SH-00203,LG-000399,2026-07-17 22:36:00,-17.6
RD-0009901,SH-00203,LG-000399,2026-07-17 23:06:00,-17.1
RD-0009902,SH-00203,LG-000399,2026-07-17 23:36:00,-17.8
RD-0009903,SH-00203,LG-000399,2026-07-18 00:06:00,-18.4
RD-0009904,SH-00203,LG-000399,2026-07-18 00:36:00,-18.2
RD-0009905,SH-00203,LG-000399,2026-07-18 01:06:00,-16.6
RD-0009906,SH-00203,LG-000399,2026-07-18 01:36:00,-17.5
RD-0009907,SH-00203,LG-000399,2026-07-18 02:06:00,-18.1
RD-0009908,SH-00203,LG-000399,2026-07-18 02:36:00,-18.3
RD-0009909,SH-00203,LG-000399,2026-07-18 03:06:00,-18.0
RD-0009910,SH-00203,LG-000399,2026-07-18 03:36:00,-18.9
RD-0009911,SH-00203,LG-000399,2026-07-18 04:06:00,-17.7
RD-0009912,SH-00203,LG-000399,2026-07-18 04:36:00,-17.7
RD-0009913,SH-00203,LG-000399,2026-07-18 05:06:00,-19.0
RD-0009914,SH-00203,LG-000399,2026-07-18 05:36:00,-17.6
RD-0009915,SH-00203,LG-000399,2026-07-18 06:06:00,-18.4
RD-0009916,SH-00203,LG-000399,2026-07-18 06:36:00,-17.2
RD-0009917,SH-00203,LG-000399,2026-07-18 07:06:00,-17.8
RD-0009918,SH-00203,LG-000399,2026-07-18 07:36:00,-17.4
RD-0009919,SH-00203,LG-000399,2026-07-18 08:06:00,-17.3
RD-0009920,SH-00203,LG-000399,2026-07-18 08:36:00,-19.2
RD-0009921,SH-00203,LG-000399,2026-07-18 09:06:00,-17.8
RD-0009922,SH-00203,LG-000399,2026-07-18 09:36:00,-17.7
RD-0009923,SH-00203,LG-000399,2026-07-18 10:06:00,-17.6
RD-0009924,SH-00203,LG-000399,2026-07-18 10:36:00,-17.2
RD-0009925,SH-00203,LG-000399,2026-07-18 11:06:00,-18.5
RD-0009926,SH-00203,LG-000399,2026-07-18 11:36:00,-18.4
RD-0009927,SH-00203,LG-000399,2026-07-18 12:06:00,-17.2
RD-0009928,SH-00203,LG-000399,2026-07-18 12:36:00,-18.0
RD-0009929,SH-00203,LG-000399,2026-07-18 13:06:00,-17.1
RD-0009930,SH-00203,LG-000399,2026-07-18 13:36:00,-16.7
RD-0009931,SH-00204,LG-000400,2026-07-18 04:51:00,4.3
RD-0009932,SH-00204,LG-000400,2026-07-18 05:21:00,4.1
RD-0009933,SH-00204,LG-000400,2026-07-18 05:51:00,3.9
RD-0009934,SH-00204,LG-000400,2026-07-18 06:21:00,3.7
RD-0009935,SH-00204,LG-000400,2026-07-18 06:51:00,3.8
RD-0009936,SH-00204,LG-000400,2026-07-18 07:21:00,4.9
RD-0009937,SH-00204,LG-000400,2026-07-18 07:51:00,4.0
RD-0009938,SH-00204,LG-000400,2026-07-18 08:21:00,5.4
RD-0009939,SH-00204,LG-000400,2026-07-18 08:51:00,3.3
RD-0009940,SH-00204,LG-000400,2026-07-18 09:21:00,4.1
RD-0009941,SH-00204,LG-000400,2026-07-18 09:51:00,4.1
RD-0009942,SH-00204,LG-000400,2026-07-18 10:21:00,4.7
RD-0009943,SH-00204,LG-000400,2026-07-18 10:51:00,2.3
RD-0009944,SH-00204,LG-000400,2026-07-18 11:21:00,5.3
RD-0009945,SH-00204,LG-000400,2026-07-18 11:51:00,5.3
RD-0009946,SH-00204,LG-000400,2026-07-18 12:21:00,2.5
RD-0009947,SH-00204,LG-000400,2026-07-18 12:51:00,3.5
RD-0009948,SH-00204,LG-000400,2026-07-18 13:21:00,4.5
RD-0009949,SH-00204,LG-000400,2026-07-18 13:51:00,4.3
RD-0009950,SH-00204,LG-000400,2026-07-18 14:21:00,4.0
RD-0009951,SH-00204,LG-000400,2026-07-18 14:51:00,5.4
RD-0009952,SH-00204,LG-000400,2026-07-18 15:21:00,3.6
RD-0009953,SH-00204,LG-000400,2026-07-18 15:51:00,2.8
RD-0009954,SH-00204,LG-000400,2026-07-18 16:21:00,1.6
RD-0009955,SH-00204,LG-000400,2026-07-18 16:51:00,3.9
RD-0009956,SH-00204,LG-000400,2026-07-18 17:21:00,3.7
RD-0009957,SH-00204,LG-000400,2026-07-18 17:51:00,4.2
RD-0009958,SH-00204,LG-000400,2026-07-18 18:21:00,5.0
RD-0009959,SH-00204,LG-000400,2026-07-18 18:51:00,3.7
RD-0009960,SH-00204,LG-000400,2026-07-18 19:21:00,5.3
RD-0009961,SH-00204,LG-000400,2026-07-18 19:51:00,4.4
RD-0009962,SH-00204,LG-000400,2026-07-18 20:21:00,4.6
RD-0009963,SH-00204,LG-000400,2026-07-18 20:51:00,3.3
RD-0009964,SH-00204,LG-000400,2026-07-18 21:21:00,5.0
RD-0009965,SH-00204,LG-000400,2026-07-18 21:51:00,4.4
RD-0009966,SH-00204,LG-000400,2026-07-18 22:21:00,3.8
RD-0009967,SH-00204,LG-000400,2026-07-18 22:51:00,2.8
RD-0009968,SH-00204,LG-000400,2026-07-18 23:21:00,3.4
RD-0009969,SH-00204,LG-000400,2026-07-18 23:51:00,5.3
RD-0009970,SH-00204,LG-000400,2026-07-19 00:21:00,4.5
RD-0009971,SH-00204,LG-000401,2026-07-19 00:51:00,2.1
RD-0009972,SH-00204,LG-000401,2026-07-19 01:21:00,4.5
RD-0009973,SH-00204,LG-000401,2026-07-19 01:51:00,4.0
RD-0009974,SH-00204,LG-000401,2026-07-19 02:21:00,3.2
RD-0009975,SH-00204,LG-000401,2026-07-19 02:51:00,4.1
RD-0009976,SH-00204,LG-000401,2026-07-19 03:21:00,4.1
RD-0009977,SH-00204,LG-000401,2026-07-19 03:51:00,3.5
RD-0009978,SH-00204,LG-000401,2026-07-19 04:21:00,4.3
RD-0009979,SH-00204,LG-000401,2026-07-19 04:51:00,3.8
RD-0009980,SH-00204,LG-000401,2026-07-19 05:21:00,4.3
RD-0009981,SH-00204,LG-000401,2026-07-19 05:51:00,5.6
RD-0009982,SH-00204,LG-000401,2026-07-19 06:21:00,4.5
RD-0009983,SH-00204,LG-000401,2026-07-19 06:51:00,4.6
RD-0009984,SH-00204,LG-000401,2026-07-19 07:21:00,3.9
RD-0009985,SH-00204,LG-000401,2026-07-19 07:51:00,3.8
RD-0009986,SH-00204,LG-000401,2026-07-19 08:21:00,2.1
RD-0009987,SH-00204,LG-000401,2026-07-19 08:51:00,4.3
RD-0009988,SH-00204,LG-000401,2026-07-19 09:21:00,4.3
RD-0009989,SH-00204,LG-000401,2026-07-19 09:51:00,6.0
RD-0009990,SH-00204,LG-000401,2026-07-19 10:21:00,4.4
RD-0009991,SH-00204,LG-000401,2026-07-19 10:51:00,3.6
RD-0009992,SH-00204,LG-000401,2026-07-19 11:21:00,5.2
RD-0009993,SH-00204,LG-000401,2026-07-19 11:51:00,4.4
RD-0009994,SH-00204,LG-000401,2026-07-19 12:21:00,4.3
RD-0009995,SH-00204,LG-000401,2026-07-19 12:51:00,4.0
RD-0009996,SH-00204,LG-000401,2026-07-19 13:21:00,6.3
RD-0009997,SH-00204,LG-000401,2026-07-19 13:51:00,3.7
RD-0009998,SH-00204,LG-000401,2026-07-19 14:21:00,3.6
RD-0009999,SH-00204,LG-000401,2026-07-19 14:51:00,3.9
RD-0010000,SH-00204,LG-000401,2026-07-19 15:21:00,3.4
RD-0010001,SH-00204,LG-000401,2026-07-19 15:51:00,3.0
RD-0010002,SH-00204,LG-000401,2026-07-19 16:21:00,3.9
RD-0010003,SH-00204,LG-000401,2026-07-19 16:51:00,3.6
RD-0010004,SH-00204,LG-000401,2026-07-19 17:21:00,4.3
RD-0010005,SH-00204,LG-000401,2026-07-19 17:51:00,3.0
RD-0010006,SH-00204,LG-000401,2026-07-19 18:21:00,4.5
RD-0010007,SH-00204,LG-000401,2026-07-19 18:51:00,3.7
RD-0010008,SH-00204,LG-000401,2026-07-19 19:21:00,3.2
RD-0010009,SH-00204,LG-000401,2026-07-19 19:51:00,-999
RD-0010010,SH-00204,LG-000401,2026-07-19 20:21:00,3.4
RD-0010011,SH-00205,LG-000402,2026-06-05 12:24:00,-19.8
RD-0010012,SH-00205,LG-000402,2026-06-05 12:54:00,-17.6
RD-0010013,SH-00205,LG-000402,2026-06-05 13:24:00,-18.9
RD-0010014,SH-00205,LG-000402,2026-06-05 13:54:00,-18.3
RD-0010015,SH-00205,LG-000402,2026-06-05 14:24:00,-17.3
RD-0010016,SH-00205,LG-000402,2026-06-05 14:54:00,-18.1
RD-0010017,SH-00205,LG-000402,2026-06-05 15:24:00,-17.3
RD-0010018,SH-00205,LG-000402,2026-06-05 15:54:00,-17.7
RD-0010019,SH-00205,LG-000402,2026-06-05 16:24:00,-18.3
RD-0010020,SH-00205,LG-000402,2026-06-05 16:54:00,-16.2
RD-0010021,SH-00205,LG-000402,2026-06-05 17:24:00,-16.9
RD-0010022,SH-00205,LG-000402,2026-06-05 17:54:00,-18.7
RD-0010023,SH-00205,LG-000402,2026-06-05 18:24:00,-18.5
RD-0010024,SH-00205,LG-000402,2026-06-05 18:54:00,-17.9
RD-0010025,SH-00205,LG-000402,2026-06-05 19:24:00,-18.6
RD-0010026,SH-00205,LG-000402,2026-06-05 19:54:00,-18.1
RD-0010027,SH-00205,LG-000402,2026-06-05 20:24:00,-17.7
RD-0010028,SH-00205,LG-000402,2026-06-05 20:54:00,-18.5
RD-0010029,SH-00205,LG-000402,2026-06-05 21:24:00,-17.0
RD-0010030,SH-00205,LG-000402,2026-06-05 21:54:00,-19.2
RD-0010031,SH-00205,LG-000402,2026-06-05 22:24:00,-17.5
RD-0010032,SH-00205,LG-000402,2026-06-05 22:54:00,-17.9
RD-0010033,SH-00205,LG-000402,2026-06-05 23:24:00,-19.2
RD-0010034,SH-00205,LG-000402,2026-06-05 23:54:00,-18.3
RD-0010035,SH-00205,LG-000403,2026-06-06 00:24:00,-18.5
RD-0010036,SH-00205,LG-000403,2026-06-06 00:54:00,-17.3
RD-0010037,SH-00205,LG-000403,2026-06-06 01:24:00,-18.9
RD-0010038,SH-00205,LG-000403,2026-06-06 01:54:00,-18.1
RD-0010039,SH-00205,LG-000403,2026-06-06 02:24:00,-18.9
RD-0010040,SH-00205,LG-000403,2026-06-06 02:54:00,-17.2
RD-0010041,SH-00205,LG-000403,2026-06-06 03:24:00,-19.0
RD-0010042,SH-00205,LG-000403,2026-06-06 03:54:00,-17.1
RD-0010043,SH-00205,LG-000403,2026-06-06 04:24:00,-18.0
RD-0010044,SH-00205,LG-000403,2026-06-06 04:54:00,-17.7
RD-0010045,SH-00205,LG-000403,2026-06-06 05:24:00,-19.2
RD-0010046,SH-00205,LG-000403,2026-06-06 05:54:00,-18.3
RD-0010047,SH-00205,LG-000403,2026-06-06 06:24:00,-17.2
RD-0010048,SH-00205,LG-000403,2026-06-06 06:54:00,-18.2
RD-0010049,SH-00205,LG-000403,2026-06-06 07:24:00,-17.4
RD-0010050,SH-00205,LG-000403,2026-06-06 07:54:00,-18.4
RD-0010051,SH-00205,LG-000403,2026-06-06 08:24:00,-18.3
RD-0010052,SH-00205,LG-000403,2026-06-06 08:54:00,-17.2
RD-0010053,SH-00205,LG-000403,2026-06-06 09:24:00,-17.6
RD-0010054,SH-00205,LG-000403,2026-06-06 09:54:00,-17.5
RD-0010055,SH-00205,LG-000403,2026-06-06 10:24:00,-18.5
RD-0010056,SH-00205,LG-000403,2026-06-06 10:54:00,-17.5
RD-0010057,SH-00205,LG-000403,2026-06-06 11:24:00,-18.2
RD-0010058,SH-00205,LG-000403,2026-06-06 11:54:00,-18.1
RD-0010059,SH-00206,LG-000404,2026-06-23 01:54:00,-18.3
RD-0010060,SH-00206,LG-000404,2026-06-23 02:24:00,-18.2
RD-0010061,SH-00206,LG-000404,2026-06-23 02:54:00,-18.3
RD-0010062,SH-00206,LG-000404,2026-06-23 03:24:00,-16.7
RD-0010063,SH-00206,LG-000404,2026-06-23 03:54:00,-16.9
RD-0010064,SH-00206,LG-000404,2026-06-23 04:24:00,-17.7
RD-0010065,SH-00206,LG-000404,2026-06-23 04:54:00,-17.7
RD-0010066,SH-00206,LG-000404,2026-06-23 05:24:00,-999
RD-0010067,SH-00206,LG-000404,2026-06-23 05:54:00,-17.6
RD-0010068,SH-00206,LG-000404,2026-06-23 06:24:00,-18.1
RD-0010069,SH-00206,LG-000404,2026-06-23 06:54:00,-17.8
RD-0010070,SH-00206,LG-000404,2026-06-23 07:24:00,-17.8
RD-0010071,SH-00206,LG-000404,2026-06-23 07:54:00,-18.7
RD-0010072,SH-00206,LG-000404,2026-06-23 08:24:00,-17.8
RD-0010073,SH-00206,LG-000404,2026-06-23 08:54:00,-17.3
RD-0010074,SH-00206,LG-000404,2026-06-23 09:24:00,-19.3
RD-0010075,SH-00206,LG-000404,2026-06-23 09:54:00,-18.1
RD-0010076,SH-00206,LG-000404,2026-06-23 10:24:00,-17.8
RD-0010077,SH-00206,LG-000404,2026-06-23 10:54:00,-18.7
RD-0010078,SH-00206,LG-000404,2026-06-23 11:24:00,-17.5
RD-0010079,SH-00206,LG-000404,2026-06-23 11:54:00,-18.7
RD-0010080,SH-00206,LG-000404,2026-06-23 12:24:00,-18.2
RD-0010081,SH-00206,LG-000404,2026-06-23 12:54:00,-18.3
RD-0010082,SH-00206,LG-000404,2026-06-23 13:24:00,-18.5
RD-0010083,SH-00206,LG-000405,2026-06-23 13:54:00,-18.6
RD-0010084,SH-00206,LG-000405,2026-06-23 14:24:00,-17.2
RD-0010085,SH-00206,LG-000405,2026-06-23 14:54:00,-18.9
RD-0010086,SH-00206,LG-000405,2026-06-23 15:24:00,-18.6
RD-0010087,SH-00206,LG-000405,2026-06-23 15:54:00,-17.6
RD-0010088,SH-00206,LG-000405,2026-06-23 16:24:00,-19.0
RD-0010089,SH-00206,LG-000405,2026-06-23 16:54:00,-18.0
RD-0010090,SH-00206,LG-000405,2026-06-23 17:24:00,-16.0
RD-0010091,SH-00206,LG-000405,2026-06-23 17:54:00,-17.8
RD-0010092,SH-00206,LG-000405,2026-06-23 18:24:00,-17.6
RD-0010093,SH-00206,LG-000405,2026-06-23 18:54:00,-17.4
RD-0010094,SH-00206,LG-000405,2026-06-23 19:24:00,-17.7
RD-0010095,SH-00206,LG-000405,2026-06-23 19:54:00,-19.6
RD-0010096,SH-00206,LG-000405,2026-06-23 20:24:00,-17.5
RD-0010097,SH-00206,LG-000405,2026-06-23 20:54:00,-18.8
RD-0010098,SH-00206,LG-000405,2026-06-23 21:24:00,-18.6
RD-0010099,SH-00206,LG-000405,2026-06-23 21:54:00,-17.1
RD-0010100,SH-00206,LG-000405,2026-06-23 22:24:00,-18.1
RD-0010101,SH-00206,LG-000405,2026-06-23 22:54:00,-18.2
RD-0010102,SH-00206,LG-000405,2026-06-23 23:24:00,-17.6
RD-0010103,SH-00206,LG-000405,2026-06-23 23:54:00,-16.8
RD-0010104,SH-00206,LG-000405,2026-06-24 00:24:00,-16.3
RD-0010105,SH-00206,LG-000405,2026-06-24 00:54:00,-18.6
RD-0010106,SH-00206,LG-000405,2026-06-24 01:24:00,-17.8
RD-0010107,SH-00207,LG-000406,2026-07-23 18:53:00,-17.6
RD-0010108,SH-00207,LG-000406,2026-07-23 19:23:00,-17.2
RD-0010109,SH-00207,LG-000406,2026-07-23 19:53:00,-18.9
RD-0010110,SH-00207,LG-000406,2026-07-23 20:23:00,-17.6
RD-0010111,SH-00207,LG-000406,2026-07-23 20:53:00,-17.9
RD-0010112,SH-00207,LG-000406,2026-07-23 21:23:00,-17.7
RD-0010113,SH-00207,LG-000406,2026-07-23 21:53:00,-17.0
RD-0010114,SH-00207,LG-000406,2026-07-23 22:23:00,-17.2
RD-0010115,SH-00207,LG-000406,2026-07-23 22:53:00,-17.5
RD-0010116,SH-00207,LG-000406,2026-07-23 23:23:00,-17.9
RD-0010117,SH-00207,LG-000406,2026-07-23 23:53:00,-18.7
RD-0010118,SH-00207,LG-000406,2026-07-24 00:23:00,-18.6
RD-0010119,SH-00207,LG-000406,2026-07-24 00:53:00,-18.9
RD-0010120,SH-00207,LG-000406,2026-07-24 01:23:00,-18.3
RD-0010121,SH-00207,LG-000406,2026-07-24 01:53:00,-19.2
RD-0010122,SH-00207,LG-000406,2026-07-24 02:23:00,-17.2
RD-0010123,SH-00207,LG-000406,2026-07-24 02:53:00,-18.6
RD-0010124,SH-00207,LG-000406,2026-07-24 03:23:00,-18.6
RD-0010125,SH-00207,LG-000406,2026-07-24 03:53:00,-17.7
RD-0010126,SH-00207,LG-000406,2026-07-24 04:23:00,-18.6
RD-0010127,SH-00207,LG-000406,2026-07-24 04:53:00,-19.0
RD-0010128,SH-00207,LG-000406,2026-07-24 05:23:00,-18.1
RD-0010129,SH-00207,LG-000406,2026-07-24 05:53:00,-17.7
RD-0010130,SH-00207,LG-000406,2026-07-24 06:23:00,-19.3
RD-0010131,SH-00207,LG-000406,2026-07-24 06:53:00,-16.9
RD-0010132,SH-00207,LG-000406,2026-07-24 07:23:00,-17.8
RD-0010133,SH-00207,LG-000406,2026-07-24 07:53:00,-18.8
RD-0010134,SH-00207,LG-000406,2026-07-24 08:23:00,-17.3
RD-0010135,SH-00207,LG-000406,2026-07-24 08:53:00,-18.1
RD-0010136,SH-00207,LG-000406,2026-07-24 09:23:00,-18.6
RD-0010137,SH-00207,LG-000407,2026-07-24 09:53:00,-18.2
RD-0010138,SH-00207,LG-000407,2026-07-24 10:23:00,-17.1
RD-0010139,SH-00207,LG-000407,2026-07-24 10:53:00,-17.6
RD-0010140,SH-00207,LG-000407,2026-07-24 11:23:00,-18.0
RD-0010141,SH-00207,LG-000407,2026-07-24 11:53:00,-18.4
RD-0010142,SH-00207,LG-000407,2026-07-24 12:23:00,-18.1
RD-0010143,SH-00207,LG-000407,2026-07-24 12:53:00,-19.0
RD-0010144,SH-00207,LG-000407,2026-07-24 13:23:00,-16.4
RD-0010145,SH-00207,LG-000407,2026-07-24 13:53:00,-19.1
RD-0010146,SH-00207,LG-000407,2026-07-24 14:23:00,-19.3
RD-0010147,SH-00207,LG-000407,2026-07-24 14:53:00,-18.7
RD-0010148,SH-00207,LG-000407,2026-07-24 15:23:00,-16.9
RD-0010149,SH-00207,LG-000407,2026-07-24 15:53:00,-19.9
RD-0010150,SH-00207,LG-000407,2026-07-24 16:23:00,-16.7
RD-0010151,SH-00207,LG-000407,2026-07-24 16:53:00,-16.7
RD-0010152,SH-00207,LG-000407,2026-07-24 17:23:00,-18.3
RD-0010153,SH-00207,LG-000407,2026-07-24 17:53:00,-15.9
RD-0010154,SH-00207,LG-000407,2026-07-24 18:23:00,-18.7
RD-0010155,SH-00207,LG-000407,2026-07-24 18:53:00,-18.6
RD-0010156,SH-00207,LG-000407,2026-07-24 19:23:00,-19.0
RD-0010157,SH-00207,LG-000407,2026-07-24 19:53:00,-17.6
RD-0010158,SH-00207,LG-000407,2026-07-24 20:23:00,-18.2
RD-0010159,SH-00207,LG-000407,2026-07-24 20:53:00,-18.7
RD-0010160,SH-00207,LG-000407,2026-07-24 21:23:00,-18.5
RD-0010161,SH-00207,LG-000407,2026-07-24 21:53:00,-18.6
RD-0010162,SH-00207,LG-000407,2026-07-24 22:23:00,-19.3
RD-0010163,SH-00207,LG-000407,2026-07-24 22:53:00,-19.4
RD-0010164,SH-00207,LG-000407,2026-07-24 23:23:00,-18.3
RD-0010165,SH-00207,LG-000407,2026-07-24 23:53:00,-18.0
RD-0010166,SH-00207,LG-000407,2026-07-25 00:23:00,-18.2
RD-0010167,SH-00208,LG-000408,2026-07-21 08:57:00,0.1
RD-0010168,SH-00208,LG-000408,2026-07-21 09:27:00,2.5
RD-0010169,SH-00208,LG-000408,2026-07-21 09:57:00,-0.2
RD-0010170,SH-00208,LG-000408,2026-07-21 10:27:00,2.2
RD-0010171,SH-00208,LG-000408,2026-07-21 10:57:00,-0.4
RD-0010172,SH-00208,LG-000408,2026-07-21 11:27:00,-0.4
RD-0010173,SH-00208,LG-000408,2026-07-21 11:57:00,2.5
RD-0010174,SH-00208,LG-000408,2026-07-21 12:27:00,-1.5
RD-0010175,SH-00208,LG-000408,2026-07-21 12:57:00,-1.6
RD-0010176,SH-00208,LG-000408,2026-07-21 13:27:00,-0.2
RD-0010177,SH-00208,LG-000408,2026-07-21 13:57:00,-1.2
RD-0010178,SH-00208,LG-000408,2026-07-21 14:27:00,-2.1
RD-0010179,SH-00208,LG-000408,2026-07-21 14:57:00,-2.5
RD-0010180,SH-00208,LG-000408,2026-07-21 15:27:00,-2.4
RD-0010181,SH-00208,LG-000408,2026-07-21 15:57:00,-3.8
RD-0010182,SH-00208,LG-000408,2026-07-21 16:27:00,-0.4
RD-0010183,SH-00208,LG-000408,2026-07-21 16:57:00,0.7
RD-0010184,SH-00208,LG-000408,2026-07-21 17:27:00,-1.2
RD-0010185,SH-00208,LG-000408,2026-07-21 17:57:00,-0.4
RD-0010186,SH-00208,LG-000408,2026-07-21 18:27:00,-3.0
RD-0010187,SH-00208,LG-000408,2026-07-21 18:57:00,1.3
RD-0010188,SH-00208,LG-000408,2026-07-21 19:27:00,-0.1
RD-0010189,SH-00208,LG-000409,2026-07-21 19:57:00,-15.9
RD-0010190,SH-00208,LG-000409,2026-07-21 20:27:00,-18.1
RD-0010191,SH-00208,LG-000409,2026-07-21 20:57:00,-18.3
RD-0010192,SH-00208,LG-000409,2026-07-21 21:27:00,-18.6
RD-0010193,SH-00208,LG-000409,2026-07-21 21:57:00,-17.9
RD-0010194,SH-00208,LG-000409,2026-07-21 22:27:00,-16.8
RD-0010195,SH-00208,LG-000409,2026-07-21 22:57:00,-16.9
RD-0010196,SH-00208,LG-000409,2026-07-21 23:27:00,-18.0
RD-0010197,SH-00208,LG-000409,2026-07-21 23:57:00,-15.9
RD-0010198,SH-00208,LG-000409,2026-07-22 00:27:00,-18.1
RD-0010199,SH-00208,LG-000409,2026-07-22 00:57:00,-17.2
RD-0010200,SH-00208,LG-000409,2026-07-22 01:27:00,-16.5
RD-0010201,SH-00208,LG-000409,2026-07-22 01:57:00,-17.7
RD-0010202,SH-00208,LG-000409,2026-07-22 02:27:00,-19.8
RD-0010203,SH-00208,LG-000409,2026-07-22 02:57:00,-18.5
RD-0010204,SH-00208,LG-000409,2026-07-22 03:27:00,-19.3
RD-0010205,SH-00208,LG-000409,2026-07-22 03:57:00,-17.8
RD-0010206,SH-00208,LG-000409,2026-07-22 04:27:00,-20.1
RD-0010207,SH-00208,LG-000409,2026-07-22 04:57:00,-18.0
RD-0010208,SH-00208,LG-000409,2026-07-22 05:27:00,-17.3
RD-0010209,SH-00208,LG-000409,2026-07-22 05:57:00,-18.8
RD-0010210,SH-00208,LG-000409,2026-07-22 06:27:00,-17.6
RD-0010211,SH-00209,LG-000410,2026-08-06 14:10:00,4.1
RD-0010212,SH-00209,LG-000410,2026-08-06 14:40:00,3.0
RD-0010213,SH-00209,LG-000410,2026-08-06 15:10:00,5.1
RD-0010214,SH-00209,LG-000410,2026-08-06 15:40:00,4.8
RD-0010215,SH-00209,LG-000410,2026-08-06 16:10:00,3.5
RD-0010216,SH-00209,LG-000410,2026-08-06 16:40:00,4.2
RD-0010217,SH-00209,LG-000410,2026-08-06 17:10:00,4.8
RD-0010218,SH-00209,LG-000410,2026-08-06 17:40:00,3.8
RD-0010219,SH-00209,LG-000410,2026-08-06 18:10:00,4.4
RD-0010220,SH-00209,LG-000410,2026-08-06 18:40:00,5.1
RD-0010221,SH-00209,LG-000410,2026-08-06 19:10:00,4.5
RD-0010222,SH-00209,LG-000410,2026-08-06 19:40:00,2.3
RD-0010223,SH-00209,LG-000410,2026-08-06 20:10:00,4.5
RD-0010224,SH-00209,LG-000410,2026-08-06 20:40:00,3.6
RD-0010225,SH-00209,LG-000410,2026-08-06 21:10:00,3.9
RD-0010226,SH-00209,LG-000410,2026-08-06 21:40:00,4.4
RD-0010227,SH-00209,LG-000410,2026-08-06 22:10:00,3.3
RD-0010228,SH-00209,LG-000410,2026-08-06 22:40:00,4.2
RD-0010229,SH-00209,LG-000410,2026-08-06 23:10:00,3.9
RD-0010230,SH-00209,LG-000410,2026-08-06 23:40:00,3.5
RD-0010231,SH-00209,LG-000410,2026-08-07 00:10:00,4.3
RD-0010232,SH-00209,LG-000410,2026-08-07 00:40:00,4.9
RD-0010233,SH-00209,LG-000411,2026-08-07 01:10:00,39.4
RD-0010234,SH-00209,LG-000411,2026-08-07 01:40:00,38.4
RD-0010235,SH-00209,LG-000411,2026-08-07 02:10:00,39.7
RD-0010236,SH-00209,LG-000411,2026-08-07 02:40:00,40.8
RD-0010237,SH-00209,LG-000411,2026-08-07 03:10:00,40.7
RD-0010238,SH-00209,LG-000411,2026-08-07 03:40:00,39.8
RD-0010239,SH-00209,LG-000411,2026-08-07 04:10:00,41.3
RD-0010240,SH-00209,LG-000411,2026-08-07 04:40:00,37.9
RD-0010241,SH-00209,LG-000411,2026-08-07 05:10:00,39.0
RD-0010242,SH-00209,LG-000411,2026-08-07 05:40:00,39.1
RD-0010243,SH-00209,LG-000411,2026-08-07 06:10:00,39.7
RD-0010244,SH-00209,LG-000411,2026-08-07 06:40:00,38.5
RD-0010245,SH-00209,LG-000411,2026-08-07 07:10:00,39.4
RD-0010246,SH-00209,LG-000411,2026-08-07 07:40:00,37.3
RD-0010247,SH-00209,LG-000411,2026-08-07 08:10:00,41.4
RD-0010248,SH-00209,LG-000411,2026-08-07 08:40:00,39.5
RD-0010249,SH-00209,LG-000411,2026-08-07 09:10:00,40.6
RD-0010250,SH-00209,LG-000411,2026-08-07 09:40:00,43.3
RD-0010251,SH-00209,LG-000411,2026-08-07 10:10:00,37.9
RD-0010252,SH-00209,LG-000411,2026-08-07 10:40:00,39.2
RD-0010253,SH-00209,LG-000411,2026-08-07 11:10:00,40.5
RD-0010254,SH-00209,LG-000411,2026-08-07 11:40:00,42.0
RD-0010255,SH-00210,LG-000412,2026-07-30 08:31:00,6.0
RD-0010256,SH-00210,LG-000412,2026-07-30 09:01:00,3.9
RD-0010257,SH-00210,LG-000412,2026-07-30 09:31:00,5.7
RD-0010258,SH-00210,LG-000412,2026-07-30 10:01:00,5.8
RD-0010259,SH-00210,LG-000412,2026-07-30 10:31:00,4.9
RD-0010260,SH-00210,LG-000412,2026-07-30 11:01:00,5.5
RD-0010261,SH-00210,LG-000412,2026-07-30 11:31:00,4.2
RD-0010262,SH-00210,LG-000412,2026-07-30 12:01:00,6.0
RD-0010263,SH-00210,LG-000412,2026-07-30 12:31:00,6.3
RD-0010264,SH-00210,LG-000412,2026-07-30 13:01:00,5.4
RD-0010265,SH-00210,LG-000412,2026-07-30 13:31:00,5.0
RD-0010266,SH-00210,LG-000412,2026-07-30 14:01:00,4.8
RD-0010267,SH-00210,LG-000412,2026-07-30 14:31:00,5.0
RD-0010268,SH-00210,LG-000412,2026-07-30 15:01:00,5.3
RD-0010269,SH-00210,LG-000412,2026-07-30 15:31:00,4.9
RD-0010270,SH-00210,LG-000412,2026-07-30 16:01:00,5.4
RD-0010271,SH-00210,LG-000412,2026-07-30 16:31:00,7.8
RD-0010272,SH-00210,LG-000412,2026-07-30 17:01:00,5.0
RD-0010273,SH-00210,LG-000412,2026-07-30 17:31:00,4.8
RD-0010274,SH-00210,LG-000412,2026-07-30 18:01:00,3.7
RD-0010275,SH-00210,LG-000412,2026-07-30 18:31:00,6.0
RD-0010276,SH-00210,LG-000412,2026-07-30 19:01:00,4.7
RD-0010277,SH-00210,LG-000412,2026-07-30 19:31:00,4.2
RD-0010278,SH-00210,LG-000412,2026-07-30 20:01:00,4.2
RD-0010279,SH-00210,LG-000412,2026-07-30 20:31:00,5.6
RD-0010280,SH-00210,LG-000412,2026-07-30 21:01:00,3.0
RD-0010281,SH-00210,LG-000412,2026-07-30 21:31:00,2.6
RD-0010282,SH-00210,LG-000412,2026-07-30 22:01:00,5.3
RD-0010283,SH-00210,LG-000412,2026-07-30 22:31:00,6.1
RD-0010284,SH-00210,LG-000412,2026-07-30 23:01:00,5.6
RD-0010285,SH-00210,LG-000412,2026-07-30 23:31:00,4.6
RD-0010286,SH-00210,LG-000412,2026-07-31 00:01:00,5.2
RD-0010287,SH-00210,LG-000413,2026-07-31 00:31:00,5.2
RD-0010288,SH-00210,LG-000413,2026-07-31 01:01:00,5.0
RD-0010289,SH-00210,LG-000413,2026-07-31 01:31:00,4.9
RD-0010290,SH-00210,LG-000413,2026-07-31 02:01:00,4.9
RD-0010291,SH-00210,LG-000413,2026-07-31 02:31:00,5.9
RD-0010292,SH-00210,LG-000413,2026-07-31 03:01:00,-999
RD-0010293,SH-00210,LG-000413,2026-07-31 03:31:00,5.6
RD-0010294,SH-00210,LG-000413,2026-07-31 04:01:00,4.3
RD-0010295,SH-00210,LG-000413,2026-07-31 04:31:00,4.8
RD-0010296,SH-00210,LG-000413,2026-07-31 05:01:00,4.5
RD-0010297,SH-00210,LG-000413,2026-07-31 05:31:00,5.0
RD-0010298,SH-00210,LG-000413,2026-07-31 06:01:00,5.9
RD-0010299,SH-00210,LG-000413,2026-07-31 06:31:00,4.1
RD-0010300,SH-00210,LG-000413,2026-07-31 07:01:00,5.3
RD-0010301,SH-00210,LG-000413,2026-07-31 07:31:00,5.3
RD-0010302,SH-00210,LG-000413,2026-07-31 08:01:00,4.5
RD-0010303,SH-00210,LG-000413,2026-07-31 08:31:00,4.0
RD-0010304,SH-00210,LG-000413,2026-07-31 09:01:00,4.5
RD-0010305,SH-00210,LG-000413,2026-07-31 09:31:00,4.9
RD-0010306,SH-00210,LG-000413,2026-07-31 10:01:00,3.9
RD-0010307,SH-00210,LG-000413,2026-07-31 10:31:00,6.0
RD-0010308,SH-00210,LG-000413,2026-07-31 11:01:00,5.2
RD-0010309,SH-00210,LG-000413,2026-07-31 11:31:00,4.8
RD-0010310,SH-00210,LG-000413,2026-07-31 12:01:00,5.0
RD-0010311,SH-00210,LG-000413,2026-07-31 12:31:00,5.8
RD-0010312,SH-00210,LG-000413,2026-07-31 13:01:00,4.6
RD-0010313,SH-00210,LG-000413,2026-07-31 13:31:00,4.9
RD-0010314,SH-00210,LG-000413,2026-07-31 14:01:00,3.3
RD-0010315,SH-00210,LG-000413,2026-07-31 14:31:00,5.0
RD-0010316,SH-00210,LG-000413,2026-07-31 15:01:00,5.0
RD-0010317,SH-00210,LG-000413,2026-07-31 15:31:00,4.7
RD-0010318,SH-00210,LG-000413,2026-07-31 16:01:00,5.5
RD-0010319,SH-00211,LG-000414,2026-08-10 00:37:00,-17.1
RD-0010320,SH-00211,LG-000414,2026-08-10 01:07:00,-18.1
RD-0010321,SH-00211,LG-000414,2026-08-10 01:37:00,-17.3
RD-0010322,SH-00211,LG-000414,2026-08-10 02:07:00,-17.8
RD-0010323,SH-00211,LG-000414,2026-08-10 02:37:00,-18.0
RD-0010324,SH-00211,LG-000414,2026-08-10 03:07:00,-16.6
RD-0010325,SH-00211,LG-000414,2026-08-10 03:37:00,-20.1
RD-0010326,SH-00211,LG-000414,2026-08-10 04:07:00,-18.1
RD-0010327,SH-00211,LG-000414,2026-08-10 04:37:00,-17.3
RD-0010328,SH-00211,LG-000414,2026-08-10 05:07:00,-16.4
RD-0010329,SH-00211,LG-000414,2026-08-10 05:37:00,-17.3
RD-0010330,SH-00211,LG-000414,2026-08-10 06:07:00,-17.0
RD-0010331,SH-00211,LG-000414,2026-08-10 06:37:00,-18.2
RD-0010332,SH-00211,LG-000414,2026-08-10 07:07:00,-16.8
RD-0010333,SH-00211,LG-000414,2026-08-10 07:37:00,-17.2
RD-0010334,SH-00211,LG-000414,2026-08-10 08:07:00,-18.1
RD-0010335,SH-00211,LG-000414,2026-08-10 08:37:00,-19.5
RD-0010336,SH-00211,LG-000414,2026-08-10 09:07:00,-17.4
RD-0010337,SH-00211,LG-000414,2026-08-10 09:37:00,-18.0
RD-0010338,SH-00211,LG-000414,2026-08-10 10:07:00,-19.4
RD-0010339,SH-00211,LG-000414,2026-08-10 10:37:00,-16.7
RD-0010340,SH-00211,LG-000414,2026-08-10 11:07:00,-17.8
RD-0010341,SH-00211,LG-000414,2026-08-10 11:37:00,-17.7
RD-0010342,SH-00211,LG-000414,2026-08-10 12:07:00,-17.9
RD-0010343,SH-00211,LG-000414,2026-08-10 12:37:00,-18.7
RD-0010344,SH-00211,LG-000414,2026-08-10 13:07:00,-17.3
RD-0010345,SH-00211,LG-000414,2026-08-10 13:37:00,-17.8
RD-0010346,SH-00211,LG-000414,2026-08-10 14:07:00,-17.4
RD-0010347,SH-00211,LG-000414,2026-08-10 14:37:00,-999
RD-0010348,SH-00211,LG-000414,2026-08-10 15:07:00,-17.7
RD-0010349,SH-00211,LG-000414,2026-08-10 15:37:00,-17.8
RD-0010350,SH-00211,LG-000414,2026-08-10 16:07:00,-19.2
RD-0010351,SH-00211,LG-000414,2026-08-10 16:37:00,-999
RD-0010352,SH-00211,LG-000414,2026-08-10 17:07:00,-18.0
RD-0010353,SH-00211,LG-000414,2026-08-10 17:37:00,-999
RD-0010354,SH-00211,LG-000414,2026-08-10 18:07:00,-17.7
RD-0010355,SH-00211,LG-000414,2026-08-10 18:37:00,-18.8
RD-0010356,SH-00211,LG-000414,2026-08-10 19:07:00,-18.0
RD-0010357,SH-00211,LG-000414,2026-08-10 19:37:00,-18.9
RD-0010358,SH-00211,LG-000414,2026-08-10 20:07:00,-17.4
RD-0010359,SH-00211,LG-000414,2026-08-10 20:37:00,-18.0
RD-0010360,SH-00211,LG-000414,2026-08-10 21:07:00,-18.0
RD-0010361,SH-00211,LG-000414,2026-08-10 21:37:00,-18.1
RD-0010362,SH-00211,LG-000414,2026-08-10 22:07:00,-18.3
RD-0010363,SH-00211,LG-000414,2026-08-10 22:37:00,-18.4
RD-0010364,SH-00211,LG-000414,2026-08-10 23:07:00,-18.2
RD-0010365,SH-00212,LG-000415,2026-06-12 14:55:00,4.9
RD-0010366,SH-00212,LG-000415,2026-06-12 15:25:00,2.9
RD-0010367,SH-00212,LG-000415,2026-06-12 15:55:00,4.5
RD-0010368,SH-00212,LG-000415,2026-06-12 16:25:00,3.5
RD-0010369,SH-00212,LG-000416,2026-06-12 16:55:00,3.0
RD-0010370,SH-00212,LG-000416,2026-06-12 17:25:00,4.3
RD-0010371,SH-00212,LG-000416,2026-06-12 17:55:00,3.8
RD-0010372,SH-00212,LG-000416,2026-06-12 18:25:00,3.0
RD-0010373,SH-00212,LG-000417,2026-06-12 18:55:00,-999
RD-0010374,SH-00212,LG-000417,2026-06-12 19:25:00,3.9
RD-0010375,SH-00212,LG-000417,2026-06-12 19:55:00,3.6
RD-0010376,SH-00212,LG-000417,2026-06-12 20:25:00,4.4
RD-0010377,SH-00213,LG-000418,2026-07-13 04:47:00,-18.1
RD-0010378,SH-00213,LG-000418,2026-07-13 05:17:00,-17.8
RD-0010379,SH-00213,LG-000418,2026-07-13 05:47:00,-17.6
RD-0010380,SH-00213,LG-000418,2026-07-13 06:17:00,-18.3
RD-0010381,SH-00213,LG-000418,2026-07-13 06:47:00,-18.6
RD-0010382,SH-00213,LG-000418,2026-07-13 07:17:00,-17.8
RD-0010383,SH-00213,LG-000418,2026-07-13 07:47:00,-17.9
RD-0010384,SH-00213,LG-000418,2026-07-13 08:17:00,-18.8
RD-0010385,SH-00213,LG-000418,2026-07-13 08:47:00,-18.9
RD-0010386,SH-00213,LG-000418,2026-07-13 09:17:00,-18.3
RD-0010387,SH-00213,LG-000419,2026-07-13 09:47:00,-16.9
RD-0010388,SH-00213,LG-000419,2026-07-13 10:17:00,-17.2
RD-0010389,SH-00213,LG-000419,2026-07-13 10:47:00,-18.3
RD-0010390,SH-00213,LG-000419,2026-07-13 11:17:00,-19.1
RD-0010391,SH-00213,LG-000419,2026-07-13 11:47:00,-18.5
RD-0010392,SH-00213,LG-000419,2026-07-13 12:17:00,-18.5
RD-0010393,SH-00213,LG-000419,2026-07-13 12:47:00,-18.3
RD-0010394,SH-00213,LG-000419,2026-07-13 13:17:00,-19.4
RD-0010395,SH-00213,LG-000419,2026-07-13 13:47:00,-19.2
RD-0010396,SH-00213,LG-000419,2026-07-13 14:17:00,-18.5
RD-0010397,SH-00214,LG-000420,2026-06-24 21:45:00,-17.6
RD-0010398,SH-00214,LG-000420,2026-06-24 22:15:00,-18.8
RD-0010399,SH-00214,LG-000420,2026-06-24 22:45:00,-18.4
RD-0010400,SH-00214,LG-000420,2026-06-24 23:15:00,-18.1
RD-0010401,SH-00214,LG-000420,2026-06-24 23:45:00,-19.1
RD-0010402,SH-00214,LG-000420,2026-06-25 00:15:00,-17.5
RD-0010403,SH-00214,LG-000420,2026-06-25 00:45:00,-18.9
RD-0010404,SH-00214,LG-000420,2026-06-25 01:15:00,-18.4
RD-0010405,SH-00214,LG-000420,2026-06-25 01:45:00,-18.6
RD-0010406,SH-00214,LG-000420,2026-06-25 02:15:00,-17.9
RD-0010407,SH-00214,LG-000420,2026-06-25 02:45:00,-17.0
RD-0010408,SH-00214,LG-000420,2026-06-25 03:15:00,-18.3
RD-0010409,SH-00214,LG-000420,2026-06-25 03:45:00,-18.0
RD-0010410,SH-00214,LG-000420,2026-06-25 04:15:00,-17.2
RD-0010411,SH-00214,LG-000420,2026-06-25 04:45:00,-18.7
RD-0010412,SH-00214,LG-000420,2026-06-25 05:15:00,-18.1
RD-0010413,SH-00214,LG-000421,2026-06-25 05:45:00,-17.4
RD-0010414,SH-00214,LG-000421,2026-06-25 06:15:00,-17.6
RD-0010415,SH-00214,LG-000421,2026-06-25 06:45:00,-17.7
RD-0010416,SH-00214,LG-000421,2026-06-25 07:15:00,-17.6
RD-0010417,SH-00214,LG-000421,2026-06-25 07:45:00,-17.8
RD-0010418,SH-00214,LG-000421,2026-06-25 08:15:00,-18.5
RD-0010419,SH-00214,LG-000421,2026-06-25 08:45:00,-18.0
RD-0010420,SH-00214,LG-000421,2026-06-25 09:15:00,-18.4
RD-0010421,SH-00214,LG-000421,2026-06-25 09:45:00,-17.9
RD-0010422,SH-00214,LG-000421,2026-06-25 10:15:00,-999
RD-0010423,SH-00214,LG-000421,2026-06-25 10:45:00,-17.8
RD-0010424,SH-00214,LG-000421,2026-06-25 11:15:00,-19.0
RD-0010425,SH-00214,LG-000421,2026-06-25 11:45:00,-17.7
RD-0010426,SH-00214,LG-000421,2026-06-25 12:15:00,-17.8
RD-0010427,SH-00214,LG-000421,2026-06-25 12:45:00,-19.0
RD-0010428,SH-00214,LG-000421,2026-06-25 13:15:00,-16.9
RD-0010429,SH-00215,LG-000422,2026-07-15 18:41:00,-18.3
RD-0010430,SH-00215,LG-000422,2026-07-15 19:11:00,-18.4
RD-0010431,SH-00215,LG-000422,2026-07-15 19:41:00,-17.9
RD-0010432,SH-00215,LG-000422,2026-07-15 20:11:00,-18.9
RD-0010433,SH-00215,LG-000422,2026-07-15 20:41:00,-18.0
RD-0010434,SH-00215,LG-000422,2026-07-15 21:11:00,-18.1
RD-0010435,SH-00215,LG-000422,2026-07-15 21:41:00,-17.9
RD-0010436,SH-00215,LG-000422,2026-07-15 22:11:00,-18.3
RD-0010437,SH-00215,LG-000422,2026-07-15 22:41:00,-18.5
RD-0010438,SH-00215,LG-000422,2026-07-15 23:11:00,-17.4
RD-0010439,SH-00215,LG-000422,2026-07-15 23:41:00,-18.4
RD-0010440,SH-00215,LG-000422,2026-07-16 00:11:00,-19.1
RD-0010441,SH-00215,LG-000422,2026-07-16 00:41:00,-18.4
RD-0010442,SH-00215,LG-000422,2026-07-16 01:11:00,-17.6
RD-0010443,SH-00215,LG-000422,2026-07-16 01:41:00,-18.0
RD-0010444,SH-00215,LG-000422,2026-07-16 02:11:00,-17.3
RD-0010445,SH-00215,LG-000422,2026-07-16 02:41:00,-19.2
RD-0010446,SH-00215,LG-000422,2026-07-16 03:11:00,-20.2
RD-0010447,SH-00215,LG-000422,2026-07-16 03:41:00,-18.1
RD-0010448,SH-00215,LG-000422,2026-07-16 04:11:00,-17.4
RD-0010449,SH-00215,LG-000422,2026-07-16 04:41:00,-17.4
RD-0010450,SH-00215,LG-000422,2026-07-16 05:11:00,-17.0
RD-0010451,SH-00215,LG-000422,2026-07-16 05:41:00,-17.8
RD-0010452,SH-00215,LG-000422,2026-07-16 06:11:00,-18.4
RD-0010453,SH-00215,LG-000422,2026-07-16 06:41:00,-17.9
RD-0010454,SH-00215,LG-000422,2026-07-16 07:11:00,-17.1
RD-0010455,SH-00215,LG-000422,2026-07-16 07:41:00,-18.0
RD-0010456,SH-00215,LG-000422,2026-07-16 08:11:00,-17.9
RD-0010457,SH-00215,LG-000422,2026-07-16 08:41:00,-17.3
RD-0010458,SH-00215,LG-000422,2026-07-16 09:11:00,-17.8
RD-0010459,SH-00215,LG-000422,2026-07-16 09:41:00,-17.9
RD-0010460,SH-00215,LG-000422,2026-07-16 10:11:00,-18.5
RD-0010461,SH-00215,LG-000422,2026-07-16 10:41:00,-17.5
RD-0010462,SH-00215,LG-000422,2026-07-16 11:11:00,-17.1
RD-0010463,SH-00215,LG-000422,2026-07-16 11:41:00,-18.5
RD-0010464,SH-00215,LG-000422,2026-07-16 12:11:00,-18.4
RD-0010465,SH-00215,LG-000422,2026-07-16 12:41:00,-18.2
RD-0010466,SH-00215,LG-000422,2026-07-16 13:11:00,-17.7
RD-0010467,SH-00215,LG-000422,2026-07-16 13:41:00,-17.9
RD-0010468,SH-00215,LG-000422,2026-07-16 14:11:00,-19.2
RD-0010469,SH-00215,LG-000422,2026-07-16 14:41:00,-19.1
RD-0010470,SH-00215,LG-000422,2026-07-16 15:11:00,-18.7
RD-0010471,SH-00215,LG-000422,2026-07-16 15:41:00,-18.5
RD-0010472,SH-00215,LG-000422,2026-07-16 16:11:00,-17.4
RD-0010473,SH-00215,LG-000422,2026-07-16 16:41:00,-17.6
RD-0010474,SH-00215,LG-000422,2026-07-16 17:11:00,-999
RD-0010475,SH-00215,LG-000422,2026-07-16 17:41:00,-18.2
RD-0010476,SH-00215,LG-000422,2026-07-16 18:11:00,-18.4
RD-0010477,SH-00215,LG-000422,2026-07-16 18:41:00,-18.8
RD-0010478,SH-00215,LG-000422,2026-07-16 19:11:00,-17.9
RD-0010479,SH-00215,LG-000422,2026-07-16 19:41:00,-17.6
RD-0010480,SH-00215,LG-000422,2026-07-16 20:11:00,-18.2
RD-0010481,SH-00215,LG-000422,2026-07-16 20:41:00,-19.1
RD-0010482,SH-00215,LG-000422,2026-07-16 21:11:00,-17.4
RD-0010483,SH-00215,LG-000422,2026-07-16 21:41:00,-17.9
RD-0010484,SH-00215,LG-000422,2026-07-16 22:11:00,-18.1
RD-0010485,SH-00215,LG-000422,2026-07-16 22:41:00,-16.4
RD-0010486,SH-00215,LG-000422,2026-07-16 23:11:00,-18.3
RD-0010487,SH-00215,LG-000422,2026-07-16 23:41:00,-18.6
RD-0010488,SH-00215,LG-000422,2026-07-17 00:11:00,-17.7
RD-0010489,SH-00216,LG-000423,2026-08-04 20:01:00,3.9
RD-0010490,SH-00216,LG-000423,2026-08-04 20:31:00,5.0
RD-0010491,SH-00216,LG-000423,2026-08-04 21:01:00,2.6
RD-0010492,SH-00216,LG-000423,2026-08-04 21:31:00,3.2
RD-0010493,SH-00216,LG-000423,2026-08-04 22:01:00,3.2
RD-0010494,SH-00216,LG-000423,2026-08-04 22:31:00,4.7
RD-0010495,SH-00216,LG-000423,2026-08-04 23:01:00,4.0
RD-0010496,SH-00216,LG-000423,2026-08-04 23:31:00,4.6
RD-0010497,SH-00216,LG-000423,2026-08-05 00:01:00,4.1
RD-0010498,SH-00216,LG-000423,2026-08-05 00:31:00,3.7
RD-0010499,SH-00216,LG-000423,2026-08-05 01:01:00,4.4
RD-0010500,SH-00216,LG-000423,2026-08-05 01:31:00,4.0
RD-0010501,SH-00216,LG-000423,2026-08-05 02:01:00,3.9
RD-0010502,SH-00216,LG-000423,2026-08-05 02:31:00,3.9
RD-0010503,SH-00216,LG-000423,2026-08-05 03:01:00,4.5
RD-0010504,SH-00216,LG-000423,2026-08-05 03:31:00,3.1
RD-0010505,SH-00216,LG-000423,2026-08-05 04:01:00,4.8
RD-0010506,SH-00216,LG-000423,2026-08-05 04:31:00,3.9
RD-0010507,SH-00216,LG-000423,2026-08-05 05:01:00,4.6
RD-0010508,SH-00216,LG-000423,2026-08-05 05:31:00,2.8
RD-0010509,SH-00216,LG-000423,2026-08-05 06:01:00,-999
RD-0010510,SH-00216,LG-000423,2026-08-05 06:31:00,4.1
RD-0010511,SH-00216,LG-000423,2026-08-05 07:01:00,4.9
RD-0010512,SH-00216,LG-000423,2026-08-05 07:31:00,4.4
RD-0010513,SH-00216,LG-000423,2026-08-05 08:01:00,3.9
RD-0010514,SH-00216,LG-000423,2026-08-05 08:31:00,2.7
RD-0010515,SH-00216,LG-000423,2026-08-05 09:01:00,3.5
RD-0010516,SH-00216,LG-000423,2026-08-05 09:31:00,4.5
RD-0010517,SH-00216,LG-000423,2026-08-05 10:01:00,3.5
RD-0010518,SH-00216,LG-000423,2026-08-05 10:31:00,3.2
RD-0010519,SH-00216,LG-000423,2026-08-05 11:01:00,2.8
RD-0010520,SH-00216,LG-000423,2026-08-05 11:31:00,5.3
RD-0010521,SH-00216,LG-000423,2026-08-05 12:01:00,5.3
RD-0010522,SH-00216,LG-000423,2026-08-05 12:31:00,4.4
RD-0010523,SH-00216,LG-000423,2026-08-05 13:01:00,3.3
RD-0010524,SH-00216,LG-000423,2026-08-05 13:31:00,3.6
RD-0010525,SH-00216,LG-000423,2026-08-05 14:01:00,3.5
RD-0010526,SH-00216,LG-000423,2026-08-05 14:31:00,4.5
RD-0010527,SH-00216,LG-000423,2026-08-05 15:01:00,3.6
RD-0010528,SH-00216,LG-000423,2026-08-05 15:31:00,5.2
RD-0010529,SH-00216,LG-000423,2026-08-05 16:01:00,3.5
RD-0010530,SH-00216,LG-000423,2026-08-05 16:31:00,3.5
RD-0010531,SH-00216,LG-000423,2026-08-05 17:01:00,4.2
RD-0010532,SH-00216,LG-000423,2026-08-05 17:31:00,3.8
RD-0010533,SH-00216,LG-000423,2026-08-05 18:01:00,3.8
RD-0010534,SH-00216,LG-000423,2026-08-05 18:31:00,4.3
RD-0010535,SH-00216,LG-000423,2026-08-05 19:01:00,3.6
RD-0010536,SH-00216,LG-000423,2026-08-05 19:31:00,4.0
RD-0010537,SH-00216,LG-000423,2026-08-05 20:01:00,3.4
RD-0010538,SH-00216,LG-000423,2026-08-05 20:31:00,5.7
RD-0010539,SH-00216,LG-000423,2026-08-05 21:01:00,4.2
RD-0010540,SH-00216,LG-000423,2026-08-05 21:31:00,4.9
RD-0010541,SH-00216,LG-000423,2026-08-05 22:01:00,4.6
RD-0010542,SH-00216,LG-000423,2026-08-05 22:31:00,2.0
RD-0010543,SH-00216,LG-000423,2026-08-05 23:01:00,4.2
RD-0010544,SH-00216,LG-000423,2026-08-05 23:31:00,3.8
RD-0010545,SH-00217,LG-000424,2026-06-11 15:41:00,-17.5
RD-0010546,SH-00217,LG-000424,2026-06-11 16:11:00,-18.1
RD-0010547,SH-00217,LG-000424,2026-06-11 16:41:00,-999
RD-0010548,SH-00217,LG-000424,2026-06-11 17:11:00,-18.8
RD-0010549,SH-00217,LG-000424,2026-06-11 17:41:00,-9.9
RD-0010550,SH-00217,LG-000424,2026-06-11 18:11:00,-18.2
RD-0010551,SH-00217,LG-000424,2026-06-11 18:41:00,-20.2
RD-0010552,SH-00217,LG-000424,2026-06-11 19:11:00,-18.5
RD-0010553,SH-00217,LG-000424,2026-06-11 19:41:00,-18.9
RD-0010554,SH-00217,LG-000424,2026-06-11 20:11:00,-18.7
RD-0010555,SH-00217,LG-000424,2026-06-11 20:41:00,-17.1
RD-0010556,SH-00217,LG-000424,2026-06-11 21:11:00,-18.3
RD-0010557,SH-00217,LG-000424,2026-06-11 21:41:00,-18.6
RD-0010558,SH-00217,LG-000424,2026-06-11 22:11:00,-18.3
RD-0010559,SH-00217,LG-000424,2026-06-11 22:41:00,-10.7
RD-0010560,SH-00217,LG-000424,2026-06-11 23:11:00,-18.8
RD-0010561,SH-00217,LG-000424,2026-06-11 23:41:00,-18.4
RD-0010562,SH-00217,LG-000424,2026-06-12 00:11:00,-17.3
RD-0010563,SH-00217,LG-000424,2026-06-12 00:41:00,-10.4
RD-0010564,SH-00217,LG-000424,2026-06-12 01:11:00,-17.4
RD-0010565,SH-00217,LG-000424,2026-06-12 01:41:00,-19.4
RD-0010566,SH-00217,LG-000424,2026-06-12 02:11:00,-17.8
RD-0010567,SH-00217,LG-000424,2026-06-12 02:41:00,-19.4
RD-0010568,SH-00217,LG-000424,2026-06-12 03:11:00,-17.3
RD-0010569,SH-00217,LG-000424,2026-06-12 03:41:00,-999
RD-0010570,SH-00217,LG-000424,2026-06-12 04:11:00,-17.8
RD-0010571,SH-00217,LG-000424,2026-06-12 04:41:00,-12.9
RD-0010572,SH-00217,LG-000424,2026-06-12 05:11:00,-18.6
RD-0010573,SH-00217,LG-000424,2026-06-12 05:41:00,-9.7
RD-0010574,SH-00217,LG-000424,2026-06-12 06:11:00,-12.3
RD-0010575,SH-00217,LG-000424,2026-06-12 06:41:00,-17.7
RD-0010576,SH-00217,LG-000424,2026-06-12 07:11:00,-17.9
RD-0010577,SH-00217,LG-000424,2026-06-12 07:41:00,-10.1
RD-0010578,SH-00217,LG-000424,2026-06-12 08:11:00,-18.5
RD-0010579,SH-00217,LG-000424,2026-06-12 08:41:00,-10.3
RD-0010580,SH-00217,LG-000424,2026-06-12 09:11:00,-18.3
RD-0010581,SH-00217,LG-000424,2026-06-12 09:41:00,-16.8
RD-0010582,SH-00217,LG-000424,2026-06-12 10:11:00,-9.2
RD-0010583,SH-00217,LG-000424,2026-06-12 10:41:00,-17.9
RD-0010584,SH-00217,LG-000424,2026-06-12 11:11:00,-18.2
RD-0010585,SH-00217,LG-000424,2026-06-12 11:41:00,-18.1
RD-0010586,SH-00217,LG-000424,2026-06-12 12:11:00,-19.0
RD-0010587,SH-00218,LG-000425,2026-06-20 05:25:00,-17.1
RD-0010588,SH-00218,LG-000425,2026-06-20 05:55:00,-18.1
RD-0010589,SH-00218,LG-000425,2026-06-20 06:25:00,-17.0
RD-0010590,SH-00218,LG-000425,2026-06-20 06:55:00,-18.9
RD-0010591,SH-00218,LG-000425,2026-06-20 07:25:00,-19.3
RD-0010592,SH-00218,LG-000425,2026-06-20 07:55:00,-18.7
RD-0010593,SH-00218,LG-000425,2026-06-20 08:25:00,-16.5
RD-0010594,SH-00218,LG-000425,2026-06-20 08:55:00,-17.4
RD-0010595,SH-00218,LG-000425,2026-06-20 09:25:00,-19.1
RD-0010596,SH-00218,LG-000425,2026-06-20 09:55:00,-18.3
RD-0010597,SH-00218,LG-000426,2026-06-20 10:25:00,-19.0
RD-0010598,SH-00218,LG-000426,2026-06-20 10:55:00,-19.9
RD-0010599,SH-00218,LG-000426,2026-06-20 11:25:00,-18.0
RD-0010600,SH-00218,LG-000426,2026-06-20 11:55:00,-17.0
RD-0010601,SH-00218,LG-000426,2026-06-20 12:25:00,-18.2
RD-0010602,SH-00218,LG-000426,2026-06-20 12:55:00,-18.6
RD-0010603,SH-00218,LG-000426,2026-06-20 13:25:00,-17.1
RD-0010604,SH-00218,LG-000426,2026-06-20 13:55:00,-19.0
RD-0010605,SH-00218,LG-000426,2026-06-20 14:25:00,-18.2
RD-0010606,SH-00218,LG-000426,2026-06-20 14:55:00,-17.3
RD-0010607,SH-00219,LG-000427,2026-06-09 22:52:00,42.9
RD-0010608,SH-00219,LG-000427,2026-06-09 23:22:00,41.4
RD-0010609,SH-00219,LG-000427,2026-06-09 23:52:00,41.3
RD-0010610,SH-00219,LG-000427,2026-06-10 00:22:00,40.8
RD-0010611,SH-00219,LG-000427,2026-06-10 00:52:00,41.5
RD-0010612,SH-00219,LG-000427,2026-06-10 01:22:00,40.9
RD-0010613,SH-00219,LG-000427,2026-06-10 01:52:00,42.8
RD-0010614,SH-00219,LG-000427,2026-06-10 02:22:00,39.5
RD-0010615,SH-00219,LG-000427,2026-06-10 02:52:00,42.0
RD-0010616,SH-00219,LG-000427,2026-06-10 03:22:00,41.7
RD-0010617,SH-00219,LG-000427,2026-06-10 03:52:00,41.3
RD-0010618,SH-00219,LG-000427,2026-06-10 04:22:00,43.3
RD-0010619,SH-00219,LG-000427,2026-06-10 04:52:00,39.6
RD-0010620,SH-00219,LG-000427,2026-06-10 05:22:00,38.7
RD-0010621,SH-00219,LG-000427,2026-06-10 05:52:00,41.6
RD-0010622,SH-00219,LG-000427,2026-06-10 06:22:00,40.5
RD-0010623,SH-00219,LG-000427,2026-06-10 06:52:00,38.8
RD-0010624,SH-00219,LG-000427,2026-06-10 07:22:00,40.4
RD-0010625,SH-00219,LG-000427,2026-06-10 07:52:00,39.0
RD-0010626,SH-00219,LG-000427,2026-06-10 08:22:00,41.8
RD-0010627,SH-00219,LG-000427,2026-06-10 08:52:00,38.9
RD-0010628,SH-00219,LG-000427,2026-06-10 09:22:00,41.1
RD-0010629,SH-00219,LG-000427,2026-06-10 09:52:00,40.9
RD-0010630,SH-00219,LG-000427,2026-06-10 10:22:00,41.3
RD-0010631,SH-00219,LG-000427,2026-06-10 10:52:00,39.6
RD-0010632,SH-00219,LG-000427,2026-06-10 11:22:00,41.8
RD-0010633,SH-00219,LG-000427,2026-06-10 11:52:00,40.4
RD-0010634,SH-00219,LG-000427,2026-06-10 12:22:00,44.5
RD-0010635,SH-00219,LG-000427,2026-06-10 12:52:00,43.2
RD-0010636,SH-00219,LG-000427,2026-06-10 13:22:00,41.4
RD-0010637,SH-00219,LG-000427,2026-06-10 13:52:00,40.4
RD-0010638,SH-00219,LG-000427,2026-06-10 14:22:00,40.3
RD-0010639,SH-00219,LG-000428,2026-06-10 14:52:00,5.7
RD-0010640,SH-00219,LG-000428,2026-06-10 15:22:00,4.8
RD-0010641,SH-00219,LG-000428,2026-06-10 15:52:00,4.8
RD-0010642,SH-00219,LG-000428,2026-06-10 16:22:00,5.0
RD-0010643,SH-00219,LG-000428,2026-06-10 16:52:00,5.1
RD-0010644,SH-00219,LG-000428,2026-06-10 17:22:00,4.5
RD-0010645,SH-00219,LG-000428,2026-06-10 17:52:00,4.0
RD-0010646,SH-00219,LG-000428,2026-06-10 18:22:00,5.6
RD-0010647,SH-00219,LG-000428,2026-06-10 18:52:00,4.8
RD-0010648,SH-00219,LG-000428,2026-06-10 19:22:00,-999
RD-0010649,SH-00219,LG-000428,2026-06-10 19:52:00,5.0
RD-0010650,SH-00219,LG-000428,2026-06-10 20:22:00,6.1
RD-0010651,SH-00219,LG-000428,2026-06-10 20:52:00,4.6
RD-0010652,SH-00219,LG-000428,2026-06-10 21:22:00,5.0
RD-0010653,SH-00219,LG-000428,2026-06-10 21:52:00,5.4
RD-0010654,SH-00219,LG-000428,2026-06-10 22:22:00,4.6
RD-0010655,SH-00219,LG-000428,2026-06-10 22:52:00,4.1
RD-0010656,SH-00219,LG-000428,2026-06-10 23:22:00,4.9
RD-0010657,SH-00219,LG-000428,2026-06-10 23:52:00,5.2
RD-0010658,SH-00219,LG-000428,2026-06-11 00:22:00,4.9
RD-0010659,SH-00219,LG-000428,2026-06-11 00:52:00,5.0
RD-0010660,SH-00219,LG-000428,2026-06-11 01:22:00,4.5
RD-0010661,SH-00219,LG-000428,2026-06-11 01:52:00,4.5
RD-0010662,SH-00219,LG-000428,2026-06-11 02:22:00,3.4
RD-0010663,SH-00219,LG-000428,2026-06-11 02:52:00,4.7
RD-0010664,SH-00219,LG-000428,2026-06-11 03:22:00,5.0
RD-0010665,SH-00219,LG-000428,2026-06-11 03:52:00,5.7
RD-0010666,SH-00219,LG-000428,2026-06-11 04:22:00,5.0
RD-0010667,SH-00219,LG-000428,2026-06-11 04:52:00,4.1
RD-0010668,SH-00219,LG-000428,2026-06-11 05:22:00,5.1
RD-0010669,SH-00219,LG-000428,2026-06-11 05:52:00,4.3
RD-0010670,SH-00219,LG-000428,2026-06-11 06:22:00,4.5
RD-0010671,SH-00220,LG-000429,2026-08-21 18:48:00,3.9
RD-0010672,SH-00220,LG-000429,2026-08-21 19:18:00,3.8
RD-0010673,SH-00220,LG-000429,2026-08-21 19:48:00,4.4
RD-0010674,SH-00220,LG-000429,2026-08-21 20:18:00,3.4
RD-0010675,SH-00220,LG-000429,2026-08-21 20:48:00,3.9
RD-0010676,SH-00220,LG-000429,2026-08-21 21:18:00,3.6
RD-0010677,SH-00220,LG-000429,2026-08-21 21:48:00,3.4
RD-0010678,SH-00220,LG-000429,2026-08-21 22:18:00,3.4
RD-0010679,SH-00220,LG-000429,2026-08-21 22:48:00,3.3
RD-0010680,SH-00220,LG-000429,2026-08-21 23:18:00,4.2
RD-0010681,SH-00220,LG-000429,2026-08-21 23:48:00,3.8
RD-0010682,SH-00220,LG-000429,2026-08-22 00:18:00,4.3
RD-0010683,SH-00220,LG-000429,2026-08-22 00:48:00,5.2
RD-0010684,SH-00220,LG-000429,2026-08-22 01:18:00,2.4
RD-0010685,SH-00220,LG-000429,2026-08-22 01:48:00,4.4
RD-0010686,SH-00220,LG-000429,2026-08-22 02:18:00,4.6
RD-0010687,SH-00220,LG-000429,2026-08-22 02:48:00,4.8
RD-0010688,SH-00220,LG-000429,2026-08-22 03:18:00,4.5
RD-0010689,SH-00220,LG-000429,2026-08-22 03:48:00,4.6
RD-0010690,SH-00220,LG-000429,2026-08-22 04:18:00,4.1
RD-0010691,SH-00220,LG-000429,2026-08-22 04:48:00,3.1
RD-0010692,SH-00220,LG-000429,2026-08-22 05:18:00,3.4
RD-0010693,SH-00220,LG-000429,2026-08-22 05:48:00,5.4
RD-0010694,SH-00220,LG-000429,2026-08-22 06:18:00,4.5
RD-0010695,SH-00220,LG-000429,2026-08-22 06:48:00,3.4
RD-0010696,SH-00220,LG-000429,2026-08-22 07:18:00,4.9
RD-0010697,SH-00220,LG-000430,2026-08-22 07:48:00,3.3
RD-0010698,SH-00220,LG-000430,2026-08-22 08:18:00,4.6
RD-0010699,SH-00220,LG-000430,2026-08-22 08:48:00,3.1
RD-0010700,SH-00220,LG-000430,2026-08-22 09:18:00,5.9
RD-0010701,SH-00220,LG-000430,2026-08-22 09:48:00,4.6
RD-0010702,SH-00220,LG-000430,2026-08-22 10:18:00,4.8
RD-0010703,SH-00220,LG-000430,2026-08-22 10:48:00,4.5
RD-0010704,SH-00220,LG-000430,2026-08-22 11:18:00,2.8
RD-0010705,SH-00220,LG-000430,2026-08-22 11:48:00,5.4
RD-0010706,SH-00220,LG-000430,2026-08-22 12:18:00,4.9
RD-0010707,SH-00220,LG-000430,2026-08-22 12:48:00,4.8
RD-0010708,SH-00220,LG-000430,2026-08-22 13:18:00,3.3
RD-0010709,SH-00220,LG-000430,2026-08-22 13:48:00,4.1
RD-0010710,SH-00220,LG-000430,2026-08-22 14:18:00,5.5
RD-0010711,SH-00220,LG-000430,2026-08-22 14:48:00,5.4
RD-0010712,SH-00220,LG-000430,2026-08-22 15:18:00,5.1
RD-0010713,SH-00220,LG-000430,2026-08-22 15:48:00,3.3
RD-0010714,SH-00220,LG-000430,2026-08-22 16:18:00,1.8
RD-0010715,SH-00220,LG-000430,2026-08-22 16:48:00,3.8
RD-0010716,SH-00220,LG-000430,2026-08-22 17:18:00,4.4
RD-0010717,SH-00220,LG-000430,2026-08-22 17:48:00,4.2
RD-0010718,SH-00220,LG-000430,2026-08-22 18:18:00,3.3
RD-0010719,SH-00220,LG-000430,2026-08-22 18:48:00,3.5
RD-0010720,SH-00220,LG-000430,2026-08-22 19:18:00,4.5
RD-0010721,SH-00220,LG-000430,2026-08-22 19:48:00,2.7
RD-0010722,SH-00220,LG-000430,2026-08-22 20:18:00,4.1
RD-0010723,SH-00221,LG-000431,2026-07-10 11:13:00,-19.5
RD-0010724,SH-00221,LG-000431,2026-07-10 11:43:00,-19.1
RD-0010725,SH-00221,LG-000431,2026-07-10 12:13:00,-17.5
RD-0010726,SH-00221,LG-000431,2026-07-10 12:43:00,-17.7
RD-0010727,SH-00221,LG-000431,2026-07-10 13:13:00,-18.2
RD-0010728,SH-00221,LG-000431,2026-07-10 13:43:00,-17.8
RD-0010729,SH-00221,LG-000431,2026-07-10 14:13:00,-17.1
RD-0010730,SH-00221,LG-000431,2026-07-10 14:43:00,-19.3
RD-0010731,SH-00221,LG-000432,2026-07-10 15:13:00,-17.2
RD-0010732,SH-00221,LG-000432,2026-07-10 15:43:00,-17.8
RD-0010733,SH-00221,LG-000432,2026-07-10 16:13:00,-18.9
RD-0010734,SH-00221,LG-000432,2026-07-10 16:43:00,-17.8
RD-0010735,SH-00221,LG-000432,2026-07-10 17:13:00,-18.0
RD-0010736,SH-00221,LG-000432,2026-07-10 17:43:00,-18.8
RD-0010737,SH-00221,LG-000432,2026-07-10 18:13:00,-18.5
RD-0010738,SH-00221,LG-000432,2026-07-10 18:43:00,-17.4
RD-0010739,SH-00222,LG-000433,2026-08-12 15:12:00,-11.3
RD-0010740,SH-00222,LG-000433,2026-08-12 15:42:00,-10.6
RD-0010741,SH-00222,LG-000433,2026-08-12 16:12:00,-18.1
RD-0010742,SH-00222,LG-000433,2026-08-12 16:42:00,-19.2
RD-0010743,SH-00222,LG-000433,2026-08-12 17:12:00,-17.5
RD-0010744,SH-00222,LG-000433,2026-08-12 17:42:00,-999
RD-0010745,SH-00222,LG-000433,2026-08-12 18:12:00,-18.6
RD-0010746,SH-00222,LG-000433,2026-08-12 18:42:00,-18.1
RD-0010747,SH-00222,LG-000433,2026-08-12 19:12:00,-18.2
RD-0010748,SH-00222,LG-000433,2026-08-12 19:42:00,-10.1
RD-0010749,SH-00222,LG-000433,2026-08-12 20:12:00,-17.8
RD-0010750,SH-00222,LG-000433,2026-08-12 20:42:00,-18.3
RD-0010751,SH-00222,LG-000433,2026-08-12 21:12:00,-17.1
RD-0010752,SH-00222,LG-000433,2026-08-12 21:42:00,-18.3
RD-0010753,SH-00222,LG-000433,2026-08-12 22:12:00,-18.8
RD-0010754,SH-00222,LG-000433,2026-08-12 22:42:00,-9.9
RD-0010755,SH-00222,LG-000433,2026-08-12 23:12:00,-18.8
RD-0010756,SH-00222,LG-000433,2026-08-12 23:42:00,-11.3
RD-0010757,SH-00222,LG-000433,2026-08-13 00:12:00,-18.1
RD-0010758,SH-00222,LG-000433,2026-08-13 00:42:00,-18.9
RD-0010759,SH-00222,LG-000433,2026-08-13 01:12:00,-18.3
RD-0010760,SH-00222,LG-000433,2026-08-13 01:42:00,-18.2
RD-0010761,SH-00222,LG-000433,2026-08-13 02:12:00,-17.4
RD-0010762,SH-00222,LG-000433,2026-08-13 02:42:00,-18.5
RD-0010763,SH-00222,LG-000433,2026-08-13 03:12:00,-18.0
RD-0010764,SH-00222,LG-000433,2026-08-13 03:42:00,-17.9
RD-0010765,SH-00222,LG-000433,2026-08-13 04:12:00,-17.6
RD-0010766,SH-00222,LG-000433,2026-08-13 04:42:00,-19.3
RD-0010767,SH-00222,LG-000433,2026-08-13 05:12:00,-17.3
RD-0010768,SH-00222,LG-000433,2026-08-13 05:42:00,-8.9
RD-0010769,SH-00222,LG-000433,2026-08-13 06:12:00,-12.2
RD-0010770,SH-00222,LG-000433,2026-08-13 06:42:00,-19.3
RD-0010771,SH-00222,LG-000433,2026-08-13 07:12:00,-16.9
RD-0010772,SH-00222,LG-000433,2026-08-13 07:42:00,-13.3
RD-0010773,SH-00222,LG-000433,2026-08-13 08:12:00,-17.7
RD-0010774,SH-00222,LG-000433,2026-08-13 08:42:00,-19.2
RD-0010775,SH-00222,LG-000433,2026-08-13 09:12:00,-17.8
RD-0010776,SH-00222,LG-000433,2026-08-13 09:42:00,-18.2
RD-0010777,SH-00222,LG-000433,2026-08-13 10:12:00,-18.4
RD-0010778,SH-00222,LG-000433,2026-08-13 10:42:00,-999
RD-0010779,SH-00222,LG-000433,2026-08-13 11:12:00,-18.7
RD-0010780,SH-00222,LG-000433,2026-08-13 11:42:00,-18.2
RD-0010781,SH-00222,LG-000433,2026-08-13 12:12:00,-18.6
RD-0010782,SH-00222,LG-000433,2026-08-13 12:42:00,-17.0
RD-0010783,SH-00222,LG-000433,2026-08-13 13:12:00,-18.4
RD-0010784,SH-00222,LG-000433,2026-08-13 13:42:00,-17.0
RD-0010785,SH-00222,LG-000433,2026-08-13 14:12:00,-17.4
RD-0010786,SH-00222,LG-000433,2026-08-13 14:42:00,-18.1
RD-0010787,SH-00223,LG-000434,2026-08-18 02:49:00,38.5
RD-0010788,SH-00223,LG-000434,2026-08-18 03:19:00,39.8
RD-0010789,SH-00223,LG-000434,2026-08-18 03:49:00,41.0
RD-0010790,SH-00223,LG-000434,2026-08-18 04:19:00,40.6
RD-0010791,SH-00223,LG-000434,2026-08-18 04:49:00,37.7
RD-0010792,SH-00223,LG-000434,2026-08-18 05:19:00,35.5
RD-0010793,SH-00223,LG-000434,2026-08-18 05:49:00,41.6
RD-0010794,SH-00223,LG-000434,2026-08-18 06:19:00,37.7
RD-0010795,SH-00223,LG-000434,2026-08-18 06:49:00,37.3
RD-0010796,SH-00223,LG-000434,2026-08-18 07:19:00,41.0
RD-0010797,SH-00223,LG-000434,2026-08-18 07:49:00,38.0
RD-0010798,SH-00223,LG-000434,2026-08-18 08:19:00,42.3
RD-0010799,SH-00223,LG-000434,2026-08-18 08:49:00,37.5
RD-0010800,SH-00223,LG-000434,2026-08-18 09:19:00,39.4
RD-0010801,SH-00223,LG-000434,2026-08-18 09:49:00,39.5
RD-0010802,SH-00223,LG-000434,2026-08-18 10:19:00,39.3
RD-0010803,SH-00223,LG-000434,2026-08-18 10:49:00,38.7
RD-0010804,SH-00223,LG-000434,2026-08-18 11:19:00,37.1
RD-0010805,SH-00223,LG-000434,2026-08-18 11:49:00,39.5
RD-0010806,SH-00223,LG-000434,2026-08-18 12:19:00,38.5
RD-0010807,SH-00223,LG-000434,2026-08-18 12:49:00,38.2
RD-0010808,SH-00223,LG-000434,2026-08-18 13:19:00,41.2
RD-0010809,SH-00223,LG-000434,2026-08-18 13:49:00,39.5
RD-0010810,SH-00223,LG-000434,2026-08-18 14:19:00,40.8
RD-0010811,SH-00223,LG-000434,2026-08-18 14:49:00,38.5
RD-0010812,SH-00223,LG-000434,2026-08-18 15:19:00,36.6
RD-0010813,SH-00223,LG-000434,2026-08-18 15:49:00,38.3
RD-0010814,SH-00223,LG-000434,2026-08-18 16:19:00,38.8
RD-0010815,SH-00223,LG-000434,2026-08-18 16:49:00,38.9
RD-0010816,SH-00223,LG-000434,2026-08-18 17:19:00,41.9
RD-0010817,SH-00223,LG-000434,2026-08-18 17:49:00,37.0
RD-0010818,SH-00223,LG-000434,2026-08-18 18:19:00,36.5
RD-0010819,SH-00223,LG-000434,2026-08-18 18:49:00,40.1
RD-0010820,SH-00223,LG-000434,2026-08-18 19:19:00,40.0
RD-0010821,SH-00223,LG-000434,2026-08-18 19:49:00,38.7
RD-0010822,SH-00223,LG-000434,2026-08-18 20:19:00,39.2
RD-0010823,SH-00223,LG-000434,2026-08-18 20:49:00,38.4
RD-0010824,SH-00223,LG-000434,2026-08-18 21:19:00,37.8
RD-0010825,SH-00223,LG-000435,2026-08-18 21:49:00,4.2
RD-0010826,SH-00223,LG-000435,2026-08-18 22:19:00,2.8
RD-0010827,SH-00223,LG-000435,2026-08-18 22:49:00,4.6
RD-0010828,SH-00223,LG-000435,2026-08-18 23:19:00,2.9
RD-0010829,SH-00223,LG-000435,2026-08-18 23:49:00,4.1
RD-0010830,SH-00223,LG-000435,2026-08-19 00:19:00,3.3
RD-0010831,SH-00223,LG-000435,2026-08-19 00:49:00,2.5
RD-0010832,SH-00223,LG-000435,2026-08-19 01:19:00,3.5
RD-0010833,SH-00223,LG-000435,2026-08-19 01:49:00,4.1
RD-0010834,SH-00223,LG-000435,2026-08-19 02:19:00,3.9
RD-0010835,SH-00223,LG-000435,2026-08-19 02:49:00,4.3
RD-0010836,SH-00223,LG-000435,2026-08-19 03:19:00,3.6
RD-0010837,SH-00223,LG-000435,2026-08-19 03:49:00,5.3
RD-0010838,SH-00223,LG-000435,2026-08-19 04:19:00,2.8
RD-0010839,SH-00223,LG-000435,2026-08-19 04:49:00,3.9
RD-0010840,SH-00223,LG-000435,2026-08-19 05:19:00,4.8
RD-0010841,SH-00223,LG-000435,2026-08-19 05:49:00,2.5
RD-0010842,SH-00223,LG-000435,2026-08-19 06:19:00,4.2
RD-0010843,SH-00223,LG-000435,2026-08-19 06:49:00,3.6
RD-0010844,SH-00223,LG-000435,2026-08-19 07:19:00,3.9
RD-0010845,SH-00223,LG-000435,2026-08-19 07:49:00,2.4
RD-0010846,SH-00223,LG-000435,2026-08-19 08:19:00,4.7
RD-0010847,SH-00223,LG-000435,2026-08-19 08:49:00,3.1
RD-0010848,SH-00223,LG-000435,2026-08-19 09:19:00,3.4
RD-0010849,SH-00223,LG-000435,2026-08-19 09:49:00,3.6
RD-0010850,SH-00223,LG-000435,2026-08-19 10:19:00,4.1
RD-0010851,SH-00223,LG-000435,2026-08-19 10:49:00,3.3
RD-0010852,SH-00223,LG-000435,2026-08-19 11:19:00,4.0
RD-0010853,SH-00223,LG-000435,2026-08-19 11:49:00,5.7
RD-0010854,SH-00223,LG-000435,2026-08-19 12:19:00,4.0
RD-0010855,SH-00223,LG-000435,2026-08-19 12:49:00,2.9
RD-0010856,SH-00223,LG-000435,2026-08-19 13:19:00,3.7
RD-0010857,SH-00223,LG-000435,2026-08-19 13:49:00,2.9
RD-0010858,SH-00223,LG-000435,2026-08-19 14:19:00,3.0
RD-0010859,SH-00223,LG-000435,2026-08-19 14:49:00,5.2
RD-0010860,SH-00223,LG-000435,2026-08-19 15:19:00,3.3
RD-0010861,SH-00223,LG-000435,2026-08-19 15:49:00,4.9
RD-0010862,SH-00223,LG-000435,2026-08-19 16:19:00,3.9
RD-0010863,SH-00224,LG-000436,2026-08-20 05:09:00,-17.3
RD-0010864,SH-00224,LG-000436,2026-08-20 05:39:00,-18.0
RD-0010865,SH-00224,LG-000436,2026-08-20 06:09:00,-17.8
RD-0010866,SH-00224,LG-000436,2026-08-20 06:39:00,-18.1
RD-0010867,SH-00224,LG-000436,2026-08-20 07:09:00,-999
RD-0010868,SH-00224,LG-000436,2026-08-20 07:39:00,-17.8
RD-0010869,SH-00224,LG-000436,2026-08-20 08:09:00,-18.4
RD-0010870,SH-00224,LG-000436,2026-08-20 08:39:00,-17.1
RD-0010871,SH-00224,LG-000436,2026-08-20 09:09:00,-17.3
RD-0010872,SH-00224,LG-000436,2026-08-20 09:39:00,-19.0
RD-0010873,SH-00224,LG-000437,2026-08-20 10:09:00,-18.1
RD-0010874,SH-00224,LG-000437,2026-08-20 10:39:00,-17.3
RD-0010875,SH-00224,LG-000437,2026-08-20 11:09:00,-16.7
RD-0010876,SH-00224,LG-000437,2026-08-20 11:39:00,-16.8
RD-0010877,SH-00224,LG-000437,2026-08-20 12:09:00,-18.0
RD-0010878,SH-00224,LG-000437,2026-08-20 12:39:00,-17.2
RD-0010879,SH-00224,LG-000437,2026-08-20 13:09:00,-19.5
RD-0010880,SH-00224,LG-000437,2026-08-20 13:39:00,-18.7
RD-0010881,SH-00224,LG-000437,2026-08-20 14:09:00,-999
RD-0010882,SH-00224,LG-000437,2026-08-20 14:39:00,-18.1
RD-0010883,SH-00225,LG-000438,2026-06-07 22:55:00,4.4
RD-0010884,SH-00225,LG-000438,2026-06-07 23:25:00,4.2
RD-0010885,SH-00225,LG-000438,2026-06-07 23:55:00,5.8
RD-0010886,SH-00225,LG-000438,2026-06-08 00:25:00,5.7
RD-0010887,SH-00225,LG-000438,2026-06-08 00:55:00,6.5
RD-0010888,SH-00225,LG-000438,2026-06-08 01:25:00,5.4
RD-0010889,SH-00225,LG-000438,2026-06-08 01:55:00,3.9
RD-0010890,SH-00225,LG-000438,2026-06-08 02:25:00,5.9
RD-0010891,SH-00225,LG-000438,2026-06-08 02:55:00,6.0
RD-0010892,SH-00225,LG-000438,2026-06-08 03:25:00,4.5
RD-0010893,SH-00225,LG-000438,2026-06-08 03:55:00,6.3
RD-0010894,SH-00225,LG-000438,2026-06-08 04:25:00,5.7
RD-0010895,SH-00225,LG-000438,2026-06-08 04:55:00,5.0
RD-0010896,SH-00225,LG-000438,2026-06-08 05:25:00,5.0
RD-0010897,SH-00225,LG-000438,2026-06-08 05:55:00,5.4
RD-0010898,SH-00225,LG-000438,2026-06-08 06:25:00,5.9
RD-0010899,SH-00225,LG-000439,2026-06-08 06:55:00,6.2
RD-0010900,SH-00225,LG-000439,2026-06-08 07:25:00,4.7
RD-0010901,SH-00225,LG-000439,2026-06-08 07:55:00,-999
RD-0010902,SH-00225,LG-000439,2026-06-08 08:25:00,6.6
RD-0010903,SH-00225,LG-000439,2026-06-08 08:55:00,5.6
RD-0010904,SH-00225,LG-000439,2026-06-08 09:25:00,4.1
RD-0010905,SH-00225,LG-000439,2026-06-08 09:55:00,4.3
RD-0010906,SH-00225,LG-000439,2026-06-08 10:25:00,4.5
RD-0010907,SH-00225,LG-000439,2026-06-08 10:55:00,5.4
RD-0010908,SH-00225,LG-000439,2026-06-08 11:25:00,6.5
RD-0010909,SH-00225,LG-000439,2026-06-08 11:55:00,5.7
RD-0010910,SH-00225,LG-000439,2026-06-08 12:25:00,5.6
RD-0010911,SH-00225,LG-000439,2026-06-08 12:55:00,5.2
RD-0010912,SH-00225,LG-000439,2026-06-08 13:25:00,5.6
RD-0010913,SH-00225,LG-000439,2026-06-08 13:55:00,6.0
RD-0010914,SH-00225,LG-000439,2026-06-08 14:25:00,4.9
RD-0010915,SH-00226,LG-000440,2026-07-17 04:02:00,-18.0
RD-0010916,SH-00226,LG-000440,2026-07-17 04:32:00,-18.4
RD-0010917,SH-00226,LG-000440,2026-07-17 05:02:00,-18.0
RD-0010918,SH-00226,LG-000440,2026-07-17 05:32:00,-18.3
RD-0010919,SH-00226,LG-000440,2026-07-17 06:02:00,-18.1
RD-0010920,SH-00226,LG-000440,2026-07-17 06:32:00,-18.8
RD-0010921,SH-00226,LG-000440,2026-07-17 07:02:00,-16.9
RD-0010922,SH-00226,LG-000440,2026-07-17 07:32:00,-17.5
RD-0010923,SH-00226,LG-000441,2026-07-17 08:02:00,-16.7
RD-0010924,SH-00226,LG-000441,2026-07-17 08:32:00,-18.3
RD-0010925,SH-00226,LG-000441,2026-07-17 09:02:00,-18.8
RD-0010926,SH-00226,LG-000441,2026-07-17 09:32:00,-18.4
RD-0010927,SH-00226,LG-000441,2026-07-17 10:02:00,-17.5
RD-0010928,SH-00226,LG-000441,2026-07-17 10:32:00,-17.8
RD-0010929,SH-00226,LG-000441,2026-07-17 11:02:00,-19.8
RD-0010930,SH-00226,LG-000441,2026-07-17 11:32:00,-18.3
RD-0010931,SH-00226,LG-000442,2026-07-17 12:02:00,-16.7
RD-0010932,SH-00226,LG-000442,2026-07-17 12:32:00,-18.5
RD-0010933,SH-00226,LG-000442,2026-07-17 13:02:00,-16.5
RD-0010934,SH-00226,LG-000442,2026-07-17 13:32:00,-17.6
RD-0010935,SH-00226,LG-000442,2026-07-17 14:02:00,-18.8
RD-0010936,SH-00226,LG-000442,2026-07-17 14:32:00,-16.9
RD-0010937,SH-00226,LG-000442,2026-07-17 15:02:00,-18.8
RD-0010938,SH-00226,LG-000442,2026-07-17 15:32:00,-18.0
RD-0010939,SH-00227,LG-000443,2026-06-20 04:41:00,-18.1
RD-0010940,SH-00227,LG-000443,2026-06-20 05:11:00,-17.7
RD-0010941,SH-00227,LG-000443,2026-06-20 05:41:00,-18.1
RD-0010942,SH-00227,LG-000443,2026-06-20 06:11:00,-999
RD-0010943,SH-00227,LG-000443,2026-06-20 06:41:00,-17.9
RD-0010944,SH-00227,LG-000443,2026-06-20 07:11:00,-17.7
RD-0010945,SH-00227,LG-000443,2026-06-20 07:41:00,-17.8
RD-0010946,SH-00227,LG-000443,2026-06-20 08:11:00,-17.9
RD-0010947,SH-00227,LG-000443,2026-06-20 08:41:00,-19.1
RD-0010948,SH-00227,LG-000443,2026-06-20 09:11:00,-18.5
RD-0010949,SH-00227,LG-000443,2026-06-20 09:41:00,-18.1
RD-0010950,SH-00227,LG-000443,2026-06-20 10:11:00,-18.2
RD-0010951,SH-00227,LG-000443,2026-06-20 10:41:00,-17.1
RD-0010952,SH-00227,LG-000443,2026-06-20 11:11:00,-17.9
RD-0010953,SH-00227,LG-000443,2026-06-20 11:41:00,-17.6
RD-0010954,SH-00227,LG-000443,2026-06-20 12:11:00,-18.3
RD-0010955,SH-00227,LG-000443,2026-06-20 12:41:00,-18.9
RD-0010956,SH-00227,LG-000443,2026-06-20 13:11:00,-17.8
RD-0010957,SH-00227,LG-000443,2026-06-20 13:41:00,-17.3
RD-0010958,SH-00227,LG-000443,2026-06-20 14:11:00,-17.7
RD-0010959,SH-00227,LG-000443,2026-06-20 14:41:00,-17.8
RD-0010960,SH-00227,LG-000443,2026-06-20 15:11:00,-17.6
RD-0010961,SH-00227,LG-000443,2026-06-20 15:41:00,-17.3
RD-0010962,SH-00227,LG-000443,2026-06-20 16:11:00,-18.3
RD-0010963,SH-00227,LG-000443,2026-06-20 16:41:00,-19.0
RD-0010964,SH-00227,LG-000443,2026-06-20 17:11:00,-18.8
RD-0010965,SH-00227,LG-000443,2026-06-20 17:41:00,-18.3
RD-0010966,SH-00227,LG-000443,2026-06-20 18:11:00,-16.5
RD-0010967,SH-00227,LG-000443,2026-06-20 18:41:00,-19.9
RD-0010968,SH-00227,LG-000443,2026-06-20 19:11:00,-19.0
RD-0010969,SH-00227,LG-000444,2026-06-20 19:41:00,-18.9
RD-0010970,SH-00227,LG-000444,2026-06-20 20:11:00,-18.1
RD-0010971,SH-00227,LG-000444,2026-06-20 20:41:00,-19.0
RD-0010972,SH-00227,LG-000444,2026-06-20 21:11:00,-17.9
RD-0010973,SH-00227,LG-000444,2026-06-20 21:41:00,-17.9
RD-0010974,SH-00227,LG-000444,2026-06-20 22:11:00,-17.8
RD-0010975,SH-00227,LG-000444,2026-06-20 22:41:00,-999
RD-0010976,SH-00227,LG-000444,2026-06-20 23:11:00,-18.1
RD-0010977,SH-00227,LG-000444,2026-06-20 23:41:00,-18.2
RD-0010978,SH-00227,LG-000444,2026-06-21 00:11:00,-18.1
RD-0010979,SH-00227,LG-000444,2026-06-21 00:41:00,-19.6
RD-0010980,SH-00227,LG-000444,2026-06-21 01:11:00,-18.2
RD-0010981,SH-00227,LG-000444,2026-06-21 01:41:00,-17.2
RD-0010982,SH-00227,LG-000444,2026-06-21 02:11:00,-19.1
RD-0010983,SH-00227,LG-000444,2026-06-21 02:41:00,-18.3
RD-0010984,SH-00227,LG-000444,2026-06-21 03:11:00,-17.7
RD-0010985,SH-00227,LG-000444,2026-06-21 03:41:00,-19.4
RD-0010986,SH-00227,LG-000444,2026-06-21 04:11:00,-18.5
RD-0010987,SH-00227,LG-000444,2026-06-21 04:41:00,-17.6
RD-0010988,SH-00227,LG-000444,2026-06-21 05:11:00,-17.3
RD-0010989,SH-00227,LG-000444,2026-06-21 05:41:00,-16.9
RD-0010990,SH-00227,LG-000444,2026-06-21 06:11:00,-18.5
RD-0010991,SH-00227,LG-000444,2026-06-21 06:41:00,-16.3
RD-0010992,SH-00227,LG-000444,2026-06-21 07:11:00,-16.5
RD-0010993,SH-00227,LG-000444,2026-06-21 07:41:00,-18.9
RD-0010994,SH-00227,LG-000444,2026-06-21 08:11:00,-17.8
RD-0010995,SH-00227,LG-000444,2026-06-21 08:41:00,-17.6
RD-0010996,SH-00227,LG-000444,2026-06-21 09:11:00,-17.5
RD-0010997,SH-00227,LG-000444,2026-06-21 09:41:00,-17.5
RD-0010998,SH-00227,LG-000444,2026-06-21 10:11:00,-17.8
RD-0010999,SH-00228,LG-000445,2026-08-16 13:08:00,4.9
RD-0011000,SH-00228,LG-000445,2026-08-16 13:38:00,4.3
RD-0011001,SH-00228,LG-000445,2026-08-16 14:08:00,3.2
RD-0011002,SH-00228,LG-000445,2026-08-16 14:38:00,5.1
RD-0011003,SH-00228,LG-000445,2026-08-16 15:08:00,4.8
RD-0011004,SH-00228,LG-000445,2026-08-16 15:38:00,5.3
RD-0011005,SH-00228,LG-000445,2026-08-16 16:08:00,4.7
RD-0011006,SH-00228,LG-000445,2026-08-16 16:38:00,4.1
RD-0011007,SH-00228,LG-000445,2026-08-16 17:08:00,4.9
RD-0011008,SH-00228,LG-000445,2026-08-16 17:38:00,3.9
RD-0011009,SH-00228,LG-000445,2026-08-16 18:08:00,5.7
RD-0011010,SH-00228,LG-000445,2026-08-16 18:38:00,4.4
RD-0011011,SH-00228,LG-000445,2026-08-16 19:08:00,5.8
RD-0011012,SH-00228,LG-000445,2026-08-16 19:38:00,6.5
RD-0011013,SH-00228,LG-000445,2026-08-16 20:08:00,6.3
RD-0011014,SH-00228,LG-000445,2026-08-16 20:38:00,4.9
RD-0011015,SH-00228,LG-000445,2026-08-16 21:08:00,3.5
RD-0011016,SH-00228,LG-000445,2026-08-16 21:38:00,6.1
RD-0011017,SH-00228,LG-000445,2026-08-16 22:08:00,5.3
RD-0011018,SH-00228,LG-000445,2026-08-16 22:38:00,4.6
RD-0011019,SH-00228,LG-000445,2026-08-16 23:08:00,6.3
RD-0011020,SH-00228,LG-000445,2026-08-16 23:38:00,4.3
RD-0011021,SH-00228,LG-000445,2026-08-17 00:08:00,5.8
RD-0011022,SH-00228,LG-000445,2026-08-17 00:38:00,4.7
RD-0011023,SH-00228,LG-000445,2026-08-17 01:08:00,4.7
RD-0011024,SH-00228,LG-000445,2026-08-17 01:38:00,4.3
RD-0011025,SH-00228,LG-000445,2026-08-17 02:08:00,3.9
RD-0011026,SH-00228,LG-000445,2026-08-17 02:38:00,4.1
RD-0011027,SH-00228,LG-000445,2026-08-17 03:08:00,4.7
RD-0011028,SH-00228,LG-000445,2026-08-17 03:38:00,5.3
RD-0011029,SH-00228,LG-000445,2026-08-17 04:08:00,4.3
RD-0011030,SH-00228,LG-000445,2026-08-17 04:38:00,4.2
RD-0011031,SH-00228,LG-000445,2026-08-17 05:08:00,4.8
RD-0011032,SH-00228,LG-000445,2026-08-17 05:38:00,5.6
RD-0011033,SH-00228,LG-000445,2026-08-17 06:08:00,5.0
RD-0011034,SH-00228,LG-000445,2026-08-17 06:38:00,5.8
RD-0011035,SH-00228,LG-000445,2026-08-17 07:08:00,5.9
RD-0011036,SH-00228,LG-000445,2026-08-17 07:38:00,5.5
RD-0011037,SH-00228,LG-000445,2026-08-17 08:08:00,5.5
RD-0011038,SH-00228,LG-000445,2026-08-17 08:38:00,6.1
RD-0011039,SH-00228,LG-000445,2026-08-17 09:08:00,2.8
RD-0011040,SH-00228,LG-000445,2026-08-17 09:38:00,4.9
RD-0011041,SH-00228,LG-000445,2026-08-17 10:08:00,5.1
RD-0011042,SH-00228,LG-000445,2026-08-17 10:38:00,4.5
RD-0011043,SH-00228,LG-000445,2026-08-17 11:08:00,6.3
RD-0011044,SH-00228,LG-000445,2026-08-17 11:38:00,5.6
RD-0011045,SH-00228,LG-000445,2026-08-17 12:08:00,6.4
RD-0011046,SH-00228,LG-000445,2026-08-17 12:38:00,5.6
RD-0011047,SH-00229,LG-000446,2026-08-27 21:41:00,4.0
RD-0011048,SH-00229,LG-000446,2026-08-27 22:11:00,3.1
RD-0011049,SH-00229,LG-000446,2026-08-27 22:41:00,6.2
RD-0011050,SH-00229,LG-000446,2026-08-27 23:11:00,3.3
RD-0011051,SH-00229,LG-000446,2026-08-27 23:41:00,3.3
RD-0011052,SH-00229,LG-000446,2026-08-28 00:11:00,4.1
RD-0011053,SH-00229,LG-000446,2026-08-28 00:41:00,5.6
RD-0011054,SH-00229,LG-000446,2026-08-28 01:11:00,4.3
RD-0011055,SH-00229,LG-000446,2026-08-28 01:41:00,3.7
RD-0011056,SH-00229,LG-000446,2026-08-28 02:11:00,3.4
RD-0011057,SH-00229,LG-000446,2026-08-28 02:41:00,4.3
RD-0011058,SH-00229,LG-000446,2026-08-28 03:11:00,4.2
RD-0011059,SH-00229,LG-000446,2026-08-28 03:41:00,3.4
RD-0011060,SH-00229,LG-000446,2026-08-28 04:11:00,3.8
RD-0011061,SH-00229,LG-000446,2026-08-28 04:41:00,4.2
RD-0011062,SH-00229,LG-000446,2026-08-28 05:11:00,3.8
RD-0011063,SH-00229,LG-000446,2026-08-28 05:41:00,4.7
RD-0011064,SH-00229,LG-000446,2026-08-28 06:11:00,3.3
RD-0011065,SH-00229,LG-000446,2026-08-28 06:41:00,2.8
RD-0011066,SH-00229,LG-000446,2026-08-28 07:11:00,4.0
RD-0011067,SH-00229,LG-000446,2026-08-28 07:41:00,3.9
RD-0011068,SH-00229,LG-000446,2026-08-28 08:11:00,5.1
RD-0011069,SH-00229,LG-000446,2026-08-28 08:41:00,4.3
RD-0011070,SH-00229,LG-000446,2026-08-28 09:11:00,3.2
RD-0011071,SH-00229,LG-000446,2026-08-28 09:41:00,3.1
RD-0011072,SH-00229,LG-000446,2026-08-28 10:11:00,3.2
RD-0011073,SH-00229,LG-000446,2026-08-28 10:41:00,3.4
RD-0011074,SH-00229,LG-000446,2026-08-28 11:11:00,3.3
RD-0011075,SH-00229,LG-000447,2026-08-28 11:41:00,4.6
RD-0011076,SH-00229,LG-000447,2026-08-28 12:11:00,3.7
RD-0011077,SH-00229,LG-000447,2026-08-28 12:41:00,4.0
RD-0011078,SH-00229,LG-000447,2026-08-28 13:11:00,3.1
RD-0011079,SH-00229,LG-000447,2026-08-28 13:41:00,5.6
RD-0011080,SH-00229,LG-000447,2026-08-28 14:11:00,4.2
RD-0011081,SH-00229,LG-000447,2026-08-28 14:41:00,4.7
RD-0011082,SH-00229,LG-000447,2026-08-28 15:11:00,4.1
RD-0011083,SH-00229,LG-000447,2026-08-28 15:41:00,4.1
RD-0011084,SH-00229,LG-000447,2026-08-28 16:11:00,5.2
RD-0011085,SH-00229,LG-000447,2026-08-28 16:41:00,4.4
RD-0011086,SH-00229,LG-000447,2026-08-28 17:11:00,5.9
RD-0011087,SH-00229,LG-000447,2026-08-28 17:41:00,3.6
RD-0011088,SH-00229,LG-000447,2026-08-28 18:11:00,4.6
RD-0011089,SH-00229,LG-000447,2026-08-28 18:41:00,3.9
RD-0011090,SH-00229,LG-000447,2026-08-28 19:11:00,4.0
RD-0011091,SH-00229,LG-000447,2026-08-28 19:41:00,4.7
RD-0011092,SH-00229,LG-000447,2026-08-28 20:11:00,3.4
RD-0011093,SH-00229,LG-000447,2026-08-28 20:41:00,4.5
RD-0011094,SH-00229,LG-000447,2026-08-28 21:11:00,4.8
RD-0011095,SH-00229,LG-000447,2026-08-28 21:41:00,2.0
RD-0011096,SH-00229,LG-000447,2026-08-28 22:11:00,2.7
RD-0011097,SH-00229,LG-000447,2026-08-28 22:41:00,3.1
RD-0011098,SH-00229,LG-000447,2026-08-28 23:11:00,5.0
RD-0011099,SH-00229,LG-000447,2026-08-28 23:41:00,5.1
RD-0011100,SH-00229,LG-000447,2026-08-29 00:11:00,3.0
RD-0011101,SH-00229,LG-000447,2026-08-29 00:41:00,3.6
RD-0011102,SH-00229,LG-000447,2026-08-29 01:11:00,2.4
RD-0011103,SH-00230,LG-000448,2026-07-12 21:54:00,-17.7
RD-0011104,SH-00230,LG-000448,2026-07-12 22:24:00,-18.1
RD-0011105,SH-00230,LG-000448,2026-07-12 22:54:00,-17.8
RD-0011106,SH-00230,LG-000448,2026-07-12 23:24:00,-18.8
RD-0011107,SH-00230,LG-000448,2026-07-12 23:54:00,-18.1
RD-0011108,SH-00230,LG-000448,2026-07-13 00:24:00,-18.0
RD-0011109,SH-00230,LG-000448,2026-07-13 00:54:00,-18.8
RD-0011110,SH-00230,LG-000448,2026-07-13 01:24:00,-17.5
RD-0011111,SH-00230,LG-000448,2026-07-13 01:54:00,-16.1
RD-0011112,SH-00230,LG-000448,2026-07-13 02:24:00,-17.4
RD-0011113,SH-00230,LG-000448,2026-07-13 02:54:00,-17.8
RD-0011114,SH-00230,LG-000448,2026-07-13 03:24:00,-16.1
RD-0011115,SH-00230,LG-000448,2026-07-13 03:54:00,-18.1
RD-0011116,SH-00230,LG-000448,2026-07-13 04:24:00,-17.1
RD-0011117,SH-00230,LG-000448,2026-07-13 04:54:00,-17.4
RD-0011118,SH-00230,LG-000448,2026-07-13 05:24:00,-17.7
RD-0011119,SH-00230,LG-000448,2026-07-13 05:54:00,-18.0
RD-0011120,SH-00230,LG-000448,2026-07-13 06:24:00,-17.9
RD-0011121,SH-00230,LG-000448,2026-07-13 06:54:00,-17.5
RD-0011122,SH-00230,LG-000448,2026-07-13 07:24:00,-17.9
RD-0011123,SH-00230,LG-000448,2026-07-13 07:54:00,-17.8
RD-0011124,SH-00230,LG-000448,2026-07-13 08:24:00,-18.2
RD-0011125,SH-00230,LG-000448,2026-07-13 08:54:00,-17.7
RD-0011126,SH-00230,LG-000448,2026-07-13 09:24:00,-18.4
RD-0011127,SH-00230,LG-000448,2026-07-13 09:54:00,-17.8
RD-0011128,SH-00230,LG-000448,2026-07-13 10:24:00,-18.0
RD-0011129,SH-00230,LG-000448,2026-07-13 10:54:00,-19.6
RD-0011130,SH-00230,LG-000448,2026-07-13 11:24:00,-17.8
RD-0011131,SH-00230,LG-000448,2026-07-13 11:54:00,-17.7
RD-0011132,SH-00230,LG-000448,2026-07-13 12:24:00,-18.4
RD-0011133,SH-00230,LG-000448,2026-07-13 12:54:00,-19.4
RD-0011134,SH-00230,LG-000448,2026-07-13 13:24:00,-19.6
RD-0011135,SH-00230,LG-000448,2026-07-13 13:54:00,-17.6
RD-0011136,SH-00230,LG-000448,2026-07-13 14:24:00,-18.3
RD-0011137,SH-00230,LG-000448,2026-07-13 14:54:00,-17.6
RD-0011138,SH-00230,LG-000448,2026-07-13 15:24:00,-18.2
RD-0011139,SH-00230,LG-000448,2026-07-13 15:54:00,-18.9
RD-0011140,SH-00230,LG-000448,2026-07-13 16:24:00,-19.3
RD-0011141,SH-00230,LG-000448,2026-07-13 16:54:00,-17.4
RD-0011142,SH-00230,LG-000448,2026-07-13 17:24:00,-16.6
RD-0011143,SH-00230,LG-000448,2026-07-13 17:54:00,-17.9
RD-0011144,SH-00230,LG-000448,2026-07-13 18:24:00,-16.3
RD-0011145,SH-00230,LG-000448,2026-07-13 18:54:00,-18.0
RD-0011146,SH-00230,LG-000448,2026-07-13 19:24:00,-16.6
RD-0011147,SH-00230,LG-000448,2026-07-13 19:54:00,-19.0
RD-0011148,SH-00230,LG-000448,2026-07-13 20:24:00,-18.6
RD-0011149,SH-00230,LG-000448,2026-07-13 20:54:00,-17.3
RD-0011150,SH-00230,LG-000448,2026-07-13 21:24:00,-17.2
RD-0011151,SH-00230,LG-000448,2026-07-13 21:54:00,-17.5
RD-0011152,SH-00230,LG-000448,2026-07-13 22:24:00,-18.1
RD-0011153,SH-00230,LG-000448,2026-07-13 22:54:00,-18.1
RD-0011154,SH-00230,LG-000448,2026-07-13 23:24:00,-17.6
RD-0011155,SH-00230,LG-000448,2026-07-13 23:54:00,-18.7
RD-0011156,SH-00230,LG-000448,2026-07-14 00:24:00,-16.4
RD-0011157,SH-00231,LG-000449,2026-08-19 08:50:00,-16.5
RD-0011158,SH-00231,LG-000449,2026-08-19 09:20:00,-19.2
RD-0011159,SH-00231,LG-000449,2026-08-19 09:50:00,-16.6
RD-0011160,SH-00231,LG-000449,2026-08-19 10:20:00,-17.8
RD-0011161,SH-00231,LG-000449,2026-08-19 10:50:00,-18.6
RD-0011162,SH-00231,LG-000449,2026-08-19 11:20:00,-16.4
RD-0011163,SH-00231,LG-000449,2026-08-19 11:50:00,-17.4
RD-0011164,SH-00231,LG-000449,2026-08-19 12:20:00,-18.3
RD-0011165,SH-00231,LG-000449,2026-08-19 12:50:00,-17.2
RD-0011166,SH-00231,LG-000449,2026-08-19 13:20:00,-19.6
RD-0011167,SH-00231,LG-000449,2026-08-19 13:50:00,-16.7
RD-0011168,SH-00231,LG-000449,2026-08-19 14:20:00,-18.9
RD-0011169,SH-00231,LG-000449,2026-08-19 14:50:00,-19.8
RD-0011170,SH-00231,LG-000449,2026-08-19 15:20:00,-999
RD-0011171,SH-00231,LG-000449,2026-08-19 15:50:00,-16.7
RD-0011172,SH-00231,LG-000449,2026-08-19 16:20:00,-17.3
RD-0011173,SH-00231,LG-000449,2026-08-19 16:50:00,-16.2
RD-0011174,SH-00231,LG-000449,2026-08-19 17:20:00,-18.9
RD-0011175,SH-00231,LG-000449,2026-08-19 17:50:00,-17.8
RD-0011176,SH-00231,LG-000449,2026-08-19 18:20:00,-18.3
RD-0011177,SH-00231,LG-000449,2026-08-19 18:50:00,-17.6
RD-0011178,SH-00231,LG-000449,2026-08-19 19:20:00,-17.7
RD-0011179,SH-00231,LG-000449,2026-08-19 19:50:00,-18.4
RD-0011180,SH-00231,LG-000449,2026-08-19 20:20:00,-19.2
RD-0011181,SH-00231,LG-000449,2026-08-19 20:50:00,-15.9
RD-0011182,SH-00231,LG-000449,2026-08-19 21:20:00,-18.5
RD-0011183,SH-00231,LG-000449,2026-08-19 21:50:00,-17.8
RD-0011184,SH-00231,LG-000449,2026-08-19 22:20:00,-17.1
RD-0011185,SH-00231,LG-000449,2026-08-19 22:50:00,-18.3
RD-0011186,SH-00231,LG-000449,2026-08-19 23:20:00,-18.6
RD-0011187,SH-00231,LG-000449,2026-08-19 23:50:00,-18.1
RD-0011188,SH-00231,LG-000449,2026-08-20 00:20:00,-18.6
RD-0011189,SH-00231,LG-000449,2026-08-20 00:50:00,-17.3
RD-0011190,SH-00231,LG-000449,2026-08-20 01:20:00,-17.8
RD-0011191,SH-00231,LG-000449,2026-08-20 01:50:00,-18.4
RD-0011192,SH-00231,LG-000449,2026-08-20 02:20:00,-17.6
RD-0011193,SH-00231,LG-000449,2026-08-20 02:50:00,-17.8
RD-0011194,SH-00231,LG-000449,2026-08-20 03:20:00,-19.2
RD-0011195,SH-00231,LG-000449,2026-08-20 03:50:00,-17.8
RD-0011196,SH-00231,LG-000449,2026-08-20 04:20:00,-18.5
RD-0011197,SH-00231,LG-000449,2026-08-20 04:50:00,-16.5
RD-0011198,SH-00231,LG-000449,2026-08-20 05:20:00,-17.9
RD-0011199,SH-00231,LG-000449,2026-08-20 05:50:00,-17.6
RD-0011200,SH-00231,LG-000449,2026-08-20 06:20:00,-17.0
RD-0011201,SH-00232,LG-000450,2026-06-24 18:10:00,-13.8
RD-0011202,SH-00232,LG-000450,2026-06-24 18:40:00,-17.3
RD-0011203,SH-00232,LG-000450,2026-06-24 19:10:00,-17.6
RD-0011204,SH-00232,LG-000450,2026-06-24 19:40:00,-17.4
RD-0011205,SH-00232,LG-000450,2026-06-24 20:10:00,-17.6
RD-0011206,SH-00232,LG-000450,2026-06-24 20:40:00,-18.8
RD-0011207,SH-00232,LG-000450,2026-06-24 21:10:00,-19.1
RD-0011208,SH-00232,LG-000450,2026-06-24 21:40:00,-17.5
RD-0011209,SH-00232,LG-000450,2026-06-24 22:10:00,-17.4
RD-0011210,SH-00232,LG-000450,2026-06-24 22:40:00,-17.4
RD-0011211,SH-00232,LG-000450,2026-06-24 23:10:00,-17.1
RD-0011212,SH-00232,LG-000450,2026-06-24 23:40:00,-10.3
RD-0011213,SH-00232,LG-000450,2026-06-25 00:10:00,-18.2
RD-0011214,SH-00232,LG-000450,2026-06-25 00:40:00,-18.9
RD-0011215,SH-00232,LG-000450,2026-06-25 01:10:00,-18.1
RD-0011216,SH-00232,LG-000450,2026-06-25 01:40:00,-17.8
RD-0011217,SH-00232,LG-000450,2026-06-25 02:10:00,-10.5
RD-0011218,SH-00232,LG-000450,2026-06-25 02:40:00,-17.7
RD-0011219,SH-00232,LG-000450,2026-06-25 03:10:00,-16.8
RD-0011220,SH-00232,LG-000450,2026-06-25 03:40:00,-19.3
RD-0011221,SH-00232,LG-000450,2026-06-25 04:10:00,-17.9
RD-0011222,SH-00232,LG-000450,2026-06-25 04:40:00,-12.1
RD-0011223,SH-00232,LG-000450,2026-06-25 05:10:00,-18.0
RD-0011224,SH-00232,LG-000450,2026-06-25 05:40:00,-18.8
RD-0011225,SH-00232,LG-000451,2026-06-25 06:10:00,-13.9
RD-0011226,SH-00232,LG-000451,2026-06-25 06:40:00,-18.9
RD-0011227,SH-00232,LG-000451,2026-06-25 07:10:00,-18.8
RD-0011228,SH-00232,LG-000451,2026-06-25 07:40:00,-15.7
RD-0011229,SH-00232,LG-000451,2026-06-25 08:10:00,-13.3
RD-0011230,SH-00232,LG-000451,2026-06-25 08:40:00,-18.3
RD-0011231,SH-00232,LG-000451,2026-06-25 09:10:00,-17.6
RD-0011232,SH-00232,LG-000451,2026-06-25 09:40:00,-18.4
RD-0011233,SH-00232,LG-000451,2026-06-25 10:10:00,-12.2
RD-0011234,SH-00232,LG-000451,2026-06-25 10:40:00,-19.4
RD-0011235,SH-00232,LG-000451,2026-06-25 11:10:00,-12.9
RD-0011236,SH-00232,LG-000451,2026-06-25 11:40:00,-18.8
RD-0011237,SH-00232,LG-000451,2026-06-25 12:10:00,-8.7
RD-0011238,SH-00232,LG-000451,2026-06-25 12:40:00,-12.3
RD-0011239,SH-00232,LG-000451,2026-06-25 13:10:00,-17.2
RD-0011240,SH-00232,LG-000451,2026-06-25 13:40:00,-10.5
RD-0011241,SH-00232,LG-000451,2026-06-25 14:10:00,-19.1
RD-0011242,SH-00232,LG-000451,2026-06-25 14:40:00,-16.1
RD-0011243,SH-00232,LG-000451,2026-06-25 15:10:00,-18.8
RD-0011244,SH-00232,LG-000451,2026-06-25 15:40:00,-18.2
RD-0011245,SH-00232,LG-000451,2026-06-25 16:10:00,-19.1
RD-0011246,SH-00232,LG-000451,2026-06-25 16:40:00,-17.9
RD-0011247,SH-00232,LG-000451,2026-06-25 17:10:00,-9.7
RD-0011248,SH-00232,LG-000451,2026-06-25 17:40:00,-16.9
RD-0011249,SH-00233,LG-000452,2026-07-24 00:42:00,2.9
RD-0011250,SH-00233,LG-000452,2026-07-24 01:12:00,4.6
RD-0011251,SH-00233,LG-000452,2026-07-24 01:42:00,3.9
RD-0011252,SH-00233,LG-000452,2026-07-24 02:12:00,4.7
RD-0011253,SH-00233,LG-000452,2026-07-24 02:42:00,3.1
RD-0011254,SH-00233,LG-000452,2026-07-24 03:12:00,4.8
RD-0011255,SH-00233,LG-000452,2026-07-24 03:42:00,4.2
RD-0011256,SH-00233,LG-000452,2026-07-24 04:12:00,5.3
RD-0011257,SH-00233,LG-000452,2026-07-24 04:42:00,4.5
RD-0011258,SH-00233,LG-000452,2026-07-24 05:12:00,5.0
RD-0011259,SH-00233,LG-000452,2026-07-24 05:42:00,2.9
RD-0011260,SH-00233,LG-000452,2026-07-24 06:12:00,7.8
RD-0011261,SH-00233,LG-000452,2026-07-24 06:42:00,10.2
RD-0011262,SH-00233,LG-000452,2026-07-24 07:12:00,4.1
RD-0011263,SH-00233,LG-000452,2026-07-24 07:42:00,3.9
RD-0011264,SH-00233,LG-000452,2026-07-24 08:12:00,4.9
RD-0011265,SH-00233,LG-000452,2026-07-24 08:42:00,4.6
RD-0011266,SH-00233,LG-000452,2026-07-24 09:12:00,12.2
RD-0011267,SH-00233,LG-000452,2026-07-24 09:42:00,3.8
RD-0011268,SH-00233,LG-000452,2026-07-24 10:12:00,4.4
RD-0011269,SH-00233,LG-000452,2026-07-24 10:42:00,11.8
RD-0011270,SH-00233,LG-000452,2026-07-24 11:12:00,5.3
RD-0011271,SH-00233,LG-000452,2026-07-24 11:42:00,4.1
RD-0011272,SH-00233,LG-000452,2026-07-24 12:12:00,4.2
RD-0011273,SH-00233,LG-000452,2026-07-24 12:42:00,3.8
RD-0011274,SH-00233,LG-000452,2026-07-24 13:12:00,4.4
RD-0011275,SH-00233,LG-000452,2026-07-24 13:42:00,2.7
RD-0011276,SH-00233,LG-000452,2026-07-24 14:12:00,5.2
RD-0011277,SH-00233,LG-000452,2026-07-24 14:42:00,4.4
RD-0011278,SH-00233,LG-000452,2026-07-24 15:12:00,3.9
RD-0011279,SH-00233,LG-000452,2026-07-24 15:42:00,5.0
RD-0011280,SH-00233,LG-000452,2026-07-24 16:12:00,2.5
RD-0011281,SH-00233,LG-000452,2026-07-24 16:42:00,3.4
RD-0011282,SH-00233,LG-000452,2026-07-24 17:12:00,4.1
RD-0011283,SH-00233,LG-000452,2026-07-24 17:42:00,2.8
RD-0011284,SH-00233,LG-000452,2026-07-24 18:12:00,9.4
RD-0011285,SH-00233,LG-000452,2026-07-24 18:42:00,7.7
RD-0011286,SH-00233,LG-000452,2026-07-24 19:12:00,8.5
RD-0011287,SH-00233,LG-000452,2026-07-24 19:42:00,3.6
RD-0011288,SH-00233,LG-000452,2026-07-24 20:12:00,9.9
RD-0011289,SH-00233,LG-000452,2026-07-24 20:42:00,4.5
RD-0011290,SH-00233,LG-000452,2026-07-24 21:12:00,4.9
RD-0011291,SH-00234,LG-000453,2026-06-09 07:26:00,4.6
RD-0011292,SH-00234,LG-000453,2026-06-09 07:56:00,3.4
RD-0011293,SH-00234,LG-000453,2026-06-09 08:26:00,4.1
RD-0011294,SH-00234,LG-000453,2026-06-09 08:56:00,3.8
RD-0011295,SH-00234,LG-000453,2026-06-09 09:26:00,2.9
RD-0011296,SH-00234,LG-000453,2026-06-09 09:56:00,3.8
RD-0011297,SH-00234,LG-000453,2026-06-09 10:26:00,4.2
RD-0011298,SH-00234,LG-000453,2026-06-09 10:56:00,5.0
RD-0011299,SH-00234,LG-000453,2026-06-09 11:26:00,4.2
RD-0011300,SH-00234,LG-000453,2026-06-09 11:56:00,2.8
RD-0011301,SH-00234,LG-000453,2026-06-09 12:26:00,3.8
RD-0011302,SH-00234,LG-000453,2026-06-09 12:56:00,5.1
RD-0011303,SH-00234,LG-000453,2026-06-09 13:26:00,3.4
RD-0011304,SH-00234,LG-000453,2026-06-09 13:56:00,3.7
RD-0011305,SH-00234,LG-000453,2026-06-09 14:26:00,4.0
RD-0011306,SH-00234,LG-000453,2026-06-09 14:56:00,4.2
RD-0011307,SH-00234,LG-000453,2026-06-09 15:26:00,3.5
RD-0011308,SH-00234,LG-000453,2026-06-09 15:56:00,2.9
RD-0011309,SH-00234,LG-000453,2026-06-09 16:26:00,4.0
RD-0011310,SH-00234,LG-000453,2026-06-09 16:56:00,4.4
RD-0011311,SH-00234,LG-000453,2026-06-09 17:26:00,3.4
RD-0011312,SH-00234,LG-000453,2026-06-09 17:56:00,3.8
RD-0011313,SH-00234,LG-000453,2026-06-09 18:26:00,3.3
RD-0011314,SH-00234,LG-000453,2026-06-09 18:56:00,4.7
RD-0011315,SH-00234,LG-000453,2026-06-09 19:26:00,2.4
RD-0011316,SH-00234,LG-000453,2026-06-09 19:56:00,4.9
RD-0011317,SH-00234,LG-000453,2026-06-09 20:26:00,4.0
RD-0011318,SH-00234,LG-000453,2026-06-09 20:56:00,3.4
RD-0011319,SH-00234,LG-000453,2026-06-09 21:26:00,3.2
RD-0011320,SH-00234,LG-000453,2026-06-09 21:56:00,3.0
RD-0011321,SH-00234,LG-000453,2026-06-09 22:26:00,5.8
RD-0011322,SH-00234,LG-000453,2026-06-09 22:56:00,5.5
RD-0011323,SH-00234,LG-000453,2026-06-09 23:26:00,1.7
RD-0011324,SH-00234,LG-000453,2026-06-09 23:56:00,4.7
RD-0011325,SH-00234,LG-000454,2026-06-10 00:26:00,4.5
RD-0011326,SH-00234,LG-000454,2026-06-10 00:56:00,3.3
RD-0011327,SH-00234,LG-000454,2026-06-10 01:26:00,4.2
RD-0011328,SH-00234,LG-000454,2026-06-10 01:56:00,3.6
RD-0011329,SH-00234,LG-000454,2026-06-10 02:26:00,4.0
RD-0011330,SH-00234,LG-000454,2026-06-10 02:56:00,5.0
RD-0011331,SH-00234,LG-000454,2026-06-10 03:26:00,2.8
RD-0011332,SH-00234,LG-000454,2026-06-10 03:56:00,4.8
RD-0011333,SH-00234,LG-000454,2026-06-10 04:26:00,3.2
RD-0011334,SH-00234,LG-000454,2026-06-10 04:56:00,4.1
RD-0011335,SH-00234,LG-000454,2026-06-10 05:26:00,1.9
RD-0011336,SH-00234,LG-000454,2026-06-10 05:56:00,3.9
RD-0011337,SH-00234,LG-000454,2026-06-10 06:26:00,3.5
RD-0011338,SH-00234,LG-000454,2026-06-10 06:56:00,4.5
RD-0011339,SH-00234,LG-000454,2026-06-10 07:26:00,4.5
RD-0011340,SH-00234,LG-000454,2026-06-10 07:56:00,4.9
RD-0011341,SH-00234,LG-000454,2026-06-10 08:26:00,3.8
RD-0011342,SH-00234,LG-000454,2026-06-10 08:56:00,3.3
RD-0011343,SH-00234,LG-000454,2026-06-10 09:26:00,4.1
RD-0011344,SH-00234,LG-000454,2026-06-10 09:56:00,3.0
RD-0011345,SH-00234,LG-000454,2026-06-10 10:26:00,4.9
RD-0011346,SH-00234,LG-000454,2026-06-10 10:56:00,4.3
RD-0011347,SH-00234,LG-000454,2026-06-10 11:26:00,3.5
RD-0011348,SH-00234,LG-000454,2026-06-10 11:56:00,4.0
RD-0011349,SH-00234,LG-000454,2026-06-10 12:26:00,4.1
RD-0011350,SH-00234,LG-000454,2026-06-10 12:56:00,3.9
RD-0011351,SH-00234,LG-000454,2026-06-10 13:26:00,3.7
RD-0011352,SH-00234,LG-000454,2026-06-10 13:56:00,3.4
RD-0011353,SH-00234,LG-000454,2026-06-10 14:26:00,3.5
RD-0011354,SH-00234,LG-000454,2026-06-10 14:56:00,3.7
RD-0011355,SH-00234,LG-000454,2026-06-10 15:26:00,3.4
RD-0011356,SH-00234,LG-000454,2026-06-10 15:56:00,5.0
RD-0011357,SH-00234,LG-000454,2026-06-10 16:26:00,2.7
RD-0011358,SH-00234,LG-000454,2026-06-10 16:56:00,3.5
RD-0011359,SH-00235,LG-000455,2026-06-05 11:29:00,5.0
RD-0011360,SH-00235,LG-000455,2026-06-05 11:59:00,3.8
RD-0011361,SH-00235,LG-000455,2026-06-05 12:29:00,4.7
RD-0011362,SH-00235,LG-000455,2026-06-05 12:59:00,4.7
RD-0011363,SH-00235,LG-000455,2026-06-05 13:29:00,3.7
RD-0011364,SH-00235,LG-000455,2026-06-05 13:59:00,3.3
RD-0011365,SH-00235,LG-000455,2026-06-05 14:29:00,4.1
RD-0011366,SH-00235,LG-000455,2026-06-05 14:59:00,5.2
RD-0011367,SH-00235,LG-000455,2026-06-05 15:29:00,4.4
RD-0011368,SH-00235,LG-000455,2026-06-05 15:59:00,3.8
RD-0011369,SH-00235,LG-000455,2026-06-05 16:29:00,4.4
RD-0011370,SH-00235,LG-000455,2026-06-05 16:59:00,3.0
RD-0011371,SH-00235,LG-000455,2026-06-05 17:29:00,4.0
RD-0011372,SH-00235,LG-000455,2026-06-05 17:59:00,5.5
RD-0011373,SH-00235,LG-000455,2026-06-05 18:29:00,4.5
RD-0011374,SH-00235,LG-000455,2026-06-05 18:59:00,3.6
RD-0011375,SH-00235,LG-000455,2026-06-05 19:29:00,3.8
RD-0011376,SH-00235,LG-000455,2026-06-05 19:59:00,2.2
RD-0011377,SH-00235,LG-000455,2026-06-05 20:29:00,3.7
RD-0011378,SH-00235,LG-000455,2026-06-05 20:59:00,3.7
RD-0011379,SH-00235,LG-000455,2026-06-05 21:29:00,3.6
RD-0011380,SH-00235,LG-000455,2026-06-05 21:59:00,3.8
RD-0011381,SH-00235,LG-000456,2026-06-05 22:29:00,3.3
RD-0011382,SH-00235,LG-000456,2026-06-05 22:59:00,4.2
RD-0011383,SH-00235,LG-000456,2026-06-05 23:29:00,1.9
RD-0011384,SH-00235,LG-000456,2026-06-05 23:59:00,2.7
RD-0011385,SH-00235,LG-000456,2026-06-06 00:29:00,4.9
RD-0011386,SH-00235,LG-000456,2026-06-06 00:59:00,4.7
RD-0011387,SH-00235,LG-000456,2026-06-06 01:29:00,4.6
RD-0011388,SH-00235,LG-000456,2026-06-06 01:59:00,4.0
RD-0011389,SH-00235,LG-000456,2026-06-06 02:29:00,3.1
RD-0011390,SH-00235,LG-000456,2026-06-06 02:59:00,4.3
RD-0011391,SH-00235,LG-000456,2026-06-06 03:29:00,4.8
RD-0011392,SH-00235,LG-000456,2026-06-06 03:59:00,4.9
RD-0011393,SH-00235,LG-000456,2026-06-06 04:29:00,4.2
RD-0011394,SH-00235,LG-000456,2026-06-06 04:59:00,3.5
RD-0011395,SH-00235,LG-000456,2026-06-06 05:29:00,4.4
RD-0011396,SH-00235,LG-000456,2026-06-06 05:59:00,5.4
RD-0011397,SH-00235,LG-000456,2026-06-06 06:29:00,3.8
RD-0011398,SH-00235,LG-000456,2026-06-06 06:59:00,4.2
RD-0011399,SH-00235,LG-000456,2026-06-06 07:29:00,5.0
RD-0011400,SH-00235,LG-000456,2026-06-06 07:59:00,4.0
RD-0011401,SH-00235,LG-000456,2026-06-06 08:29:00,5.4
RD-0011402,SH-00235,LG-000456,2026-06-06 08:59:00,4.3
RD-0011403,SH-00236,LG-000457,2026-08-23 23:28:00,2.3
RD-0011404,SH-00236,LG-000457,2026-08-23 23:58:00,6.0
RD-0011405,SH-00236,LG-000457,2026-08-24 00:28:00,3.4
RD-0011406,SH-00236,LG-000457,2026-08-24 00:58:00,4.0
RD-0011407,SH-00236,LG-000457,2026-08-24 01:28:00,4.5
RD-0011408,SH-00236,LG-000457,2026-08-24 01:58:00,3.6
RD-0011409,SH-00236,LG-000457,2026-08-24 02:28:00,4.1
RD-0011410,SH-00236,LG-000457,2026-08-24 02:58:00,3.5
RD-0011411,SH-00236,LG-000457,2026-08-24 03:28:00,3.3
RD-0011412,SH-00236,LG-000457,2026-08-24 03:58:00,3.6
RD-0011413,SH-00236,LG-000457,2026-08-24 04:28:00,4.5
RD-0011414,SH-00236,LG-000457,2026-08-24 04:58:00,4.2
RD-0011415,SH-00236,LG-000457,2026-08-24 05:28:00,4.8
RD-0011416,SH-00236,LG-000457,2026-08-24 05:58:00,4.4
RD-0011417,SH-00236,LG-000457,2026-08-24 06:28:00,4.3
RD-0011418,SH-00236,LG-000457,2026-08-24 06:58:00,4.6
RD-0011419,SH-00236,LG-000457,2026-08-24 07:28:00,4.1
RD-0011420,SH-00236,LG-000457,2026-08-24 07:58:00,1.7
RD-0011421,SH-00236,LG-000457,2026-08-24 08:28:00,3.9
RD-0011422,SH-00236,LG-000457,2026-08-24 08:58:00,3.8
RD-0011423,SH-00236,LG-000457,2026-08-24 09:28:00,5.0
RD-0011424,SH-00236,LG-000457,2026-08-24 09:58:00,3.8
RD-0011425,SH-00236,LG-000457,2026-08-24 10:28:00,5.2
RD-0011426,SH-00236,LG-000457,2026-08-24 10:58:00,5.3
RD-0011427,SH-00236,LG-000458,2026-08-24 11:28:00,40.0
RD-0011428,SH-00236,LG-000458,2026-08-24 11:58:00,37.2
RD-0011429,SH-00236,LG-000458,2026-08-24 12:28:00,38.1
RD-0011430,SH-00236,LG-000458,2026-08-24 12:58:00,41.0
RD-0011431,SH-00236,LG-000458,2026-08-24 13:28:00,40.6
RD-0011432,SH-00236,LG-000458,2026-08-24 13:58:00,41.2
RD-0011433,SH-00236,LG-000458,2026-08-24 14:28:00,38.6
RD-0011434,SH-00236,LG-000458,2026-08-24 14:58:00,39.4
RD-0011435,SH-00236,LG-000458,2026-08-24 15:28:00,38.4
RD-0011436,SH-00236,LG-000458,2026-08-24 15:58:00,37.0
RD-0011437,SH-00236,LG-000458,2026-08-24 16:28:00,39.0
RD-0011438,SH-00236,LG-000458,2026-08-24 16:58:00,36.8
RD-0011439,SH-00236,LG-000458,2026-08-24 17:28:00,40.9
RD-0011440,SH-00236,LG-000458,2026-08-24 17:58:00,38.4
RD-0011441,SH-00236,LG-000458,2026-08-24 18:28:00,43.5
RD-0011442,SH-00236,LG-000458,2026-08-24 18:58:00,36.7
RD-0011443,SH-00236,LG-000458,2026-08-24 19:28:00,36.3
RD-0011444,SH-00236,LG-000458,2026-08-24 19:58:00,41.7
RD-0011445,SH-00236,LG-000458,2026-08-24 20:28:00,36.4
RD-0011446,SH-00236,LG-000458,2026-08-24 20:58:00,40.2
RD-0011447,SH-00236,LG-000458,2026-08-24 21:28:00,-999
RD-0011448,SH-00236,LG-000458,2026-08-24 21:58:00,39.3
RD-0011449,SH-00236,LG-000458,2026-08-24 22:28:00,40.6
RD-0011450,SH-00236,LG-000458,2026-08-24 22:58:00,39.7
RD-0011451,SH-00237,LG-000459,2026-07-08 03:09:00,-17.3
RD-0011452,SH-00237,LG-000459,2026-07-08 03:39:00,-19.3
RD-0011453,SH-00237,LG-000459,2026-07-08 04:09:00,-20.2
RD-0011454,SH-00237,LG-000459,2026-07-08 04:39:00,-18.3
RD-0011455,SH-00237,LG-000459,2026-07-08 05:09:00,-16.7
RD-0011456,SH-00237,LG-000459,2026-07-08 05:39:00,-16.8
RD-0011457,SH-00237,LG-000459,2026-07-08 06:09:00,-19.2
RD-0011458,SH-00237,LG-000459,2026-07-08 06:39:00,-19.2
RD-0011459,SH-00237,LG-000459,2026-07-08 07:09:00,-18.1
RD-0011460,SH-00237,LG-000459,2026-07-08 07:39:00,-18.3
RD-0011461,SH-00237,LG-000459,2026-07-08 08:09:00,-18.3
RD-0011462,SH-00237,LG-000459,2026-07-08 08:39:00,-18.8
RD-0011463,SH-00237,LG-000460,2026-07-08 09:09:00,-1.8
RD-0011464,SH-00237,LG-000460,2026-07-08 09:39:00,-0.3
RD-0011465,SH-00237,LG-000460,2026-07-08 10:09:00,2.7
RD-0011466,SH-00237,LG-000460,2026-07-08 10:39:00,-0.7
RD-0011467,SH-00237,LG-000460,2026-07-08 11:09:00,-3.0
RD-0011468,SH-00237,LG-000460,2026-07-08 11:39:00,-1.1
RD-0011469,SH-00237,LG-000460,2026-07-08 12:09:00,-0.8
RD-0011470,SH-00237,LG-000460,2026-07-08 12:39:00,1.3
RD-0011471,SH-00237,LG-000460,2026-07-08 13:09:00,-0.2
RD-0011472,SH-00237,LG-000460,2026-07-08 13:39:00,-2.0
RD-0011473,SH-00237,LG-000460,2026-07-08 14:09:00,0.3
RD-0011474,SH-00237,LG-000460,2026-07-08 14:39:00,-0.8
RD-0011475,SH-00238,LG-000461,2026-07-15 16:57:00,4.2
RD-0011476,SH-00238,LG-000461,2026-07-15 17:27:00,-999
RD-0011477,SH-00238,LG-000461,2026-07-15 17:57:00,5.5
RD-0011478,SH-00238,LG-000461,2026-07-15 18:27:00,5.9
RD-0011479,SH-00238,LG-000461,2026-07-15 18:57:00,4.7
RD-0011480,SH-00238,LG-000461,2026-07-15 19:27:00,5.0
RD-0011481,SH-00238,LG-000461,2026-07-15 19:57:00,4.2
RD-0011482,SH-00238,LG-000461,2026-07-15 20:27:00,4.3
RD-0011483,SH-00238,LG-000461,2026-07-15 20:57:00,5.0
RD-0011484,SH-00238,LG-000461,2026-07-15 21:27:00,5.3
RD-0011485,SH-00238,LG-000462,2026-07-15 21:57:00,5.1
RD-0011486,SH-00238,LG-000462,2026-07-15 22:27:00,4.4
RD-0011487,SH-00238,LG-000462,2026-07-15 22:57:00,4.4
RD-0011488,SH-00238,LG-000462,2026-07-15 23:27:00,5.4
RD-0011489,SH-00238,LG-000462,2026-07-15 23:57:00,4.4
RD-0011490,SH-00238,LG-000462,2026-07-16 00:27:00,5.8
RD-0011491,SH-00238,LG-000462,2026-07-16 00:57:00,3.8
RD-0011492,SH-00238,LG-000462,2026-07-16 01:27:00,6.1
RD-0011493,SH-00238,LG-000462,2026-07-16 01:57:00,3.9
RD-0011494,SH-00238,LG-000462,2026-07-16 02:27:00,3.1
RD-0011495,SH-00239,LG-000463,2026-08-17 10:40:00,4.5
RD-0011496,SH-00239,LG-000463,2026-08-17 11:10:00,4.3
RD-0011497,SH-00239,LG-000463,2026-08-17 11:40:00,3.9
RD-0011498,SH-00239,LG-000463,2026-08-17 12:10:00,4.3
RD-0011499,SH-00239,LG-000463,2026-08-17 12:40:00,5.8
RD-0011500,SH-00239,LG-000463,2026-08-17 13:10:00,5.0
RD-0011501,SH-00239,LG-000463,2026-08-17 13:40:00,5.0
RD-0011502,SH-00239,LG-000463,2026-08-17 14:10:00,5.4
RD-0011503,SH-00239,LG-000463,2026-08-17 14:40:00,5.9
RD-0011504,SH-00239,LG-000463,2026-08-17 15:10:00,4.5
RD-0011505,SH-00239,LG-000463,2026-08-17 15:40:00,5.4
RD-0011506,SH-00239,LG-000463,2026-08-17 16:10:00,5.8
RD-0011507,SH-00239,LG-000463,2026-08-17 16:40:00,6.1
RD-0011508,SH-00239,LG-000463,2026-08-17 17:10:00,5.6
RD-0011509,SH-00239,LG-000463,2026-08-17 17:40:00,5.0
RD-0011510,SH-00239,LG-000463,2026-08-17 18:10:00,4.0
RD-0011511,SH-00239,LG-000463,2026-08-17 18:40:00,6.6
RD-0011512,SH-00239,LG-000463,2026-08-17 19:10:00,4.8
RD-0011513,SH-00240,LG-000464,2026-06-18 07:48:00,4.2
RD-0011514,SH-00240,LG-000464,2026-06-18 08:18:00,6.5
RD-0011515,SH-00240,LG-000464,2026-06-18 08:48:00,4.7
RD-0011516,SH-00240,LG-000464,2026-06-18 09:18:00,3.5
RD-0011517,SH-00240,LG-000464,2026-06-18 09:48:00,5.5
RD-0011518,SH-00240,LG-000464,2026-06-18 10:18:00,4.0
RD-0011519,SH-00240,LG-000464,2026-06-18 10:48:00,6.1
RD-0011520,SH-00240,LG-000464,2026-06-18 11:18:00,5.3
RD-0011521,SH-00240,LG-000464,2026-06-18 11:48:00,6.0
RD-0011522,SH-00240,LG-000464,2026-06-18 12:18:00,3.7
RD-0011523,SH-00240,LG-000464,2026-06-18 12:48:00,3.5
RD-0011524,SH-00240,LG-000464,2026-06-18 13:18:00,6.1
RD-0011525,SH-00240,LG-000464,2026-06-18 13:48:00,3.8
RD-0011526,SH-00240,LG-000464,2026-06-18 14:18:00,5.7
RD-0011527,SH-00240,LG-000464,2026-06-18 14:48:00,-999
RD-0011528,SH-00240,LG-000464,2026-06-18 15:18:00,4.6
RD-0011529,SH-00240,LG-000464,2026-06-18 15:48:00,4.0
RD-0011530,SH-00240,LG-000464,2026-06-18 16:18:00,6.0
RD-0011531,SH-00240,LG-000464,2026-06-18 16:48:00,4.7
RD-0011532,SH-00240,LG-000464,2026-06-18 17:18:00,6.6
RD-0011533,SH-00240,LG-000464,2026-06-18 17:48:00,5.0
RD-0011534,SH-00240,LG-000464,2026-06-18 18:18:00,3.7
RD-0011535,SH-00240,LG-000464,2026-06-18 18:48:00,4.9
RD-0011536,SH-00240,LG-000464,2026-06-18 19:18:00,4.9
RD-0011537,SH-00240,LG-000464,2026-06-18 19:48:00,4.7
RD-0011538,SH-00240,LG-000464,2026-06-18 20:18:00,4.5
RD-0011539,SH-00240,LG-000464,2026-06-18 20:48:00,4.3
RD-0011540,SH-00240,LG-000464,2026-06-18 21:18:00,5.2
RD-0011541,SH-00240,LG-000464,2026-06-18 21:48:00,5.2
RD-0011542,SH-00240,LG-000464,2026-06-18 22:18:00,5.1
RD-0011543,SH-00240,LG-000464,2026-06-18 22:48:00,5.8
RD-0011544,SH-00240,LG-000464,2026-06-18 23:18:00,5.1
RD-0011545,SH-00240,LG-000465,2026-06-18 23:48:00,5.2
RD-0011546,SH-00240,LG-000465,2026-06-19 00:18:00,3.7
RD-0011547,SH-00240,LG-000465,2026-06-19 00:48:00,4.6
RD-0011548,SH-00240,LG-000465,2026-06-19 01:18:00,5.4
RD-0011549,SH-00240,LG-000465,2026-06-19 01:48:00,5.1
RD-0011550,SH-00240,LG-000465,2026-06-19 02:18:00,5.2
RD-0011551,SH-00240,LG-000465,2026-06-19 02:48:00,4.6
RD-0011552,SH-00240,LG-000465,2026-06-19 03:18:00,4.4
RD-0011553,SH-00240,LG-000465,2026-06-19 03:48:00,4.6
RD-0011554,SH-00240,LG-000465,2026-06-19 04:18:00,5.1
RD-0011555,SH-00240,LG-000465,2026-06-19 04:48:00,5.1
RD-0011556,SH-00240,LG-000465,2026-06-19 05:18:00,4.6
RD-0011557,SH-00240,LG-000465,2026-06-19 05:48:00,4.6
RD-0011558,SH-00240,LG-000465,2026-06-19 06:18:00,3.9
RD-0011559,SH-00240,LG-000465,2026-06-19 06:48:00,5.0
RD-0011560,SH-00240,LG-000465,2026-06-19 07:18:00,4.6
RD-0011561,SH-00240,LG-000465,2026-06-19 07:48:00,5.2
RD-0011562,SH-00240,LG-000465,2026-06-19 08:18:00,4.7
RD-0011563,SH-00240,LG-000465,2026-06-19 08:48:00,6.4
RD-0011564,SH-00240,LG-000465,2026-06-19 09:18:00,4.7
RD-0011565,SH-00240,LG-000465,2026-06-19 09:48:00,4.2
RD-0011566,SH-00240,LG-000465,2026-06-19 10:18:00,4.4
RD-0011567,SH-00240,LG-000465,2026-06-19 10:48:00,4.0
RD-0011568,SH-00240,LG-000465,2026-06-19 11:18:00,6.0
RD-0011569,SH-00240,LG-000465,2026-06-19 11:48:00,6.7
RD-0011570,SH-00240,LG-000465,2026-06-19 12:18:00,5.9
RD-0011571,SH-00240,LG-000465,2026-06-19 12:48:00,3.3
RD-0011572,SH-00240,LG-000465,2026-06-19 13:18:00,4.5
RD-0011573,SH-00240,LG-000465,2026-06-19 13:48:00,3.3
RD-0011574,SH-00240,LG-000465,2026-06-19 14:18:00,4.3
RD-0011575,SH-00240,LG-000465,2026-06-19 14:48:00,5.0
RD-0011576,SH-00240,LG-000465,2026-06-19 15:18:00,3.5
RD-0011577,SH-00241,LG-000466,2026-06-12 03:29:00,4.7
RD-0011578,SH-00241,LG-000466,2026-06-12 03:59:00,5.1
RD-0011579,SH-00241,LG-000466,2026-06-12 04:29:00,6.0
RD-0011580,SH-00241,LG-000466,2026-06-12 04:59:00,5.4
RD-0011581,SH-00241,LG-000466,2026-06-12 05:29:00,6.1
RD-0011582,SH-00241,LG-000466,2026-06-12 05:59:00,4.7
RD-0011583,SH-00241,LG-000466,2026-06-12 06:29:00,5.7
RD-0011584,SH-00241,LG-000466,2026-06-12 06:59:00,4.6
RD-0011585,SH-00241,LG-000466,2026-06-12 07:29:00,4.9
RD-0011586,SH-00241,LG-000466,2026-06-12 07:59:00,5.4
RD-0011587,SH-00241,LG-000466,2026-06-12 08:29:00,4.6
RD-0011588,SH-00241,LG-000466,2026-06-12 08:59:00,4.5
RD-0011589,SH-00241,LG-000466,2026-06-12 09:29:00,4.7
RD-0011590,SH-00241,LG-000466,2026-06-12 09:59:00,4.6
RD-0011591,SH-00241,LG-000466,2026-06-12 10:29:00,4.8
RD-0011592,SH-00241,LG-000466,2026-06-12 10:59:00,3.8
RD-0011593,SH-00241,LG-000466,2026-06-12 11:29:00,5.4
RD-0011594,SH-00241,LG-000466,2026-06-12 11:59:00,3.3
RD-0011595,SH-00241,LG-000466,2026-06-12 12:29:00,3.6
RD-0011596,SH-00241,LG-000466,2026-06-12 12:59:00,4.4
RD-0011597,SH-00241,LG-000466,2026-06-12 13:29:00,4.3
RD-0011598,SH-00241,LG-000466,2026-06-12 13:59:00,4.8
RD-0011599,SH-00241,LG-000466,2026-06-12 14:29:00,5.8
RD-0011600,SH-00241,LG-000466,2026-06-12 14:59:00,3.7
RD-0011601,SH-00241,LG-000467,2026-06-12 15:29:00,5.7
RD-0011602,SH-00241,LG-000467,2026-06-12 15:59:00,6.1
RD-0011603,SH-00241,LG-000467,2026-06-12 16:29:00,5.0
RD-0011604,SH-00241,LG-000467,2026-06-12 16:59:00,5.0
RD-0011605,SH-00241,LG-000467,2026-06-12 17:29:00,6.2
RD-0011606,SH-00241,LG-000467,2026-06-12 17:59:00,3.9
RD-0011607,SH-00241,LG-000467,2026-06-12 18:29:00,4.3
RD-0011608,SH-00241,LG-000467,2026-06-12 18:59:00,5.1
RD-0011609,SH-00241,LG-000467,2026-06-12 19:29:00,4.6
RD-0011610,SH-00241,LG-000467,2026-06-12 19:59:00,5.4
RD-0011611,SH-00241,LG-000467,2026-06-12 20:29:00,5.5
RD-0011612,SH-00241,LG-000467,2026-06-12 20:59:00,5.2
RD-0011613,SH-00241,LG-000467,2026-06-12 21:29:00,4.5
RD-0011614,SH-00241,LG-000467,2026-06-12 21:59:00,4.8
RD-0011615,SH-00241,LG-000467,2026-06-12 22:29:00,4.7
RD-0011616,SH-00241,LG-000467,2026-06-12 22:59:00,5.8
RD-0011617,SH-00241,LG-000467,2026-06-12 23:29:00,5.7
RD-0011618,SH-00241,LG-000467,2026-06-12 23:59:00,5.6
RD-0011619,SH-00241,LG-000467,2026-06-13 00:29:00,3.9
RD-0011620,SH-00241,LG-000467,2026-06-13 00:59:00,4.8
RD-0011621,SH-00241,LG-000467,2026-06-13 01:29:00,5.0
RD-0011622,SH-00241,LG-000467,2026-06-13 01:59:00,5.1
RD-0011623,SH-00241,LG-000467,2026-06-13 02:29:00,4.5
RD-0011624,SH-00241,LG-000467,2026-06-13 02:59:00,4.9
RD-0011625,SH-00241,LG-000468,2026-06-13 03:29:00,6.5
RD-0011626,SH-00241,LG-000468,2026-06-13 03:59:00,6.6
RD-0011627,SH-00241,LG-000468,2026-06-13 04:29:00,6.4
RD-0011628,SH-00241,LG-000468,2026-06-13 04:59:00,4.8
RD-0011629,SH-00241,LG-000468,2026-06-13 05:29:00,5.1
RD-0011630,SH-00241,LG-000468,2026-06-13 05:59:00,4.5
RD-0011631,SH-00241,LG-000468,2026-06-13 06:29:00,5.4
RD-0011632,SH-00241,LG-000468,2026-06-13 06:59:00,6.3
RD-0011633,SH-00241,LG-000468,2026-06-13 07:29:00,4.5
RD-0011634,SH-00241,LG-000468,2026-06-13 07:59:00,5.6
RD-0011635,SH-00241,LG-000468,2026-06-13 08:29:00,3.9
RD-0011636,SH-00241,LG-000468,2026-06-13 08:59:00,5.0
RD-0011637,SH-00241,LG-000468,2026-06-13 09:29:00,5.9
RD-0011638,SH-00241,LG-000468,2026-06-13 09:59:00,5.5
RD-0011639,SH-00241,LG-000468,2026-06-13 10:29:00,3.6
RD-0011640,SH-00241,LG-000468,2026-06-13 10:59:00,5.1
RD-0011641,SH-00241,LG-000468,2026-06-13 11:29:00,4.1
RD-0011642,SH-00241,LG-000468,2026-06-13 11:59:00,3.2
RD-0011643,SH-00241,LG-000468,2026-06-13 12:29:00,-999
RD-0011644,SH-00241,LG-000468,2026-06-13 12:59:00,5.2
RD-0011645,SH-00241,LG-000468,2026-06-13 13:29:00,6.2
RD-0011646,SH-00241,LG-000468,2026-06-13 13:59:00,5.0
RD-0011647,SH-00241,LG-000468,2026-06-13 14:29:00,5.5
RD-0011648,SH-00241,LG-000468,2026-06-13 14:59:00,5.2
RD-0011649,SH-00242,LG-000469,2026-07-09 12:57:00,-18.1
RD-0011650,SH-00242,LG-000469,2026-07-09 13:27:00,-16.9
RD-0011651,SH-00242,LG-000469,2026-07-09 13:57:00,-18.2
RD-0011652,SH-00242,LG-000469,2026-07-09 14:27:00,-18.8
RD-0011653,SH-00242,LG-000469,2026-07-09 14:57:00,-18.5
RD-0011654,SH-00242,LG-000469,2026-07-09 15:27:00,-17.3
RD-0011655,SH-00242,LG-000469,2026-07-09 15:57:00,-17.4
RD-0011656,SH-00242,LG-000469,2026-07-09 16:27:00,-17.4
RD-0011657,SH-00242,LG-000469,2026-07-09 16:57:00,-19.2
RD-0011658,SH-00242,LG-000469,2026-07-09 17:27:00,-18.4
RD-0011659,SH-00242,LG-000469,2026-07-09 17:57:00,-999
RD-0011660,SH-00242,LG-000469,2026-07-09 18:27:00,-16.9
RD-0011661,SH-00242,LG-000469,2026-07-09 18:57:00,-17.0
RD-0011662,SH-00242,LG-000469,2026-07-09 19:27:00,-17.2
RD-0011663,SH-00242,LG-000469,2026-07-09 19:57:00,-17.8
RD-0011664,SH-00242,LG-000469,2026-07-09 20:27:00,-17.4
RD-0011665,SH-00242,LG-000469,2026-07-09 20:57:00,-17.7
RD-0011666,SH-00242,LG-000469,2026-07-09 21:27:00,-17.5
RD-0011667,SH-00242,LG-000469,2026-07-09 21:57:00,-18.8
RD-0011668,SH-00242,LG-000469,2026-07-09 22:27:00,-18.2
RD-0011669,SH-00242,LG-000469,2026-07-09 22:57:00,-17.7
RD-0011670,SH-00242,LG-000469,2026-07-09 23:27:00,-17.3
RD-0011671,SH-00242,LG-000469,2026-07-09 23:57:00,-18.0
RD-0011672,SH-00242,LG-000469,2026-07-10 00:27:00,-18.7
RD-0011673,SH-00242,LG-000470,2026-07-10 00:57:00,-17.4
RD-0011674,SH-00242,LG-000470,2026-07-10 01:27:00,-18.9
RD-0011675,SH-00242,LG-000470,2026-07-10 01:57:00,-18.3
RD-0011676,SH-00242,LG-000470,2026-07-10 02:27:00,-17.0
RD-0011677,SH-00242,LG-000470,2026-07-10 02:57:00,-17.3
RD-0011678,SH-00242,LG-000470,2026-07-10 03:27:00,-16.4
RD-0011679,SH-00242,LG-000470,2026-07-10 03:57:00,-17.3
RD-0011680,SH-00242,LG-000470,2026-07-10 04:27:00,-17.8
RD-0011681,SH-00242,LG-000470,2026-07-10 04:57:00,-18.3
RD-0011682,SH-00242,LG-000470,2026-07-10 05:27:00,-18.1
RD-0011683,SH-00242,LG-000470,2026-07-10 05:57:00,-17.6
RD-0011684,SH-00242,LG-000470,2026-07-10 06:27:00,-17.0
RD-0011685,SH-00242,LG-000470,2026-07-10 06:57:00,-17.6
RD-0011686,SH-00242,LG-000470,2026-07-10 07:27:00,-18.8
RD-0011687,SH-00242,LG-000470,2026-07-10 07:57:00,-17.2
RD-0011688,SH-00242,LG-000470,2026-07-10 08:27:00,-19.5
RD-0011689,SH-00242,LG-000470,2026-07-10 08:57:00,-18.9
RD-0011690,SH-00242,LG-000470,2026-07-10 09:27:00,-17.7
RD-0011691,SH-00242,LG-000470,2026-07-10 09:57:00,-17.5
RD-0011692,SH-00242,LG-000470,2026-07-10 10:27:00,-999
RD-0011693,SH-00242,LG-000470,2026-07-10 10:57:00,-18.4
RD-0011694,SH-00242,LG-000470,2026-07-10 11:27:00,-18.0
RD-0011695,SH-00242,LG-000470,2026-07-10 11:57:00,-17.1
RD-0011696,SH-00242,LG-000470,2026-07-10 12:27:00,-16.8
RD-0011697,SH-00243,LG-000471,2026-07-30 20:10:00,4.2
RD-0011698,SH-00243,LG-000471,2026-07-30 20:40:00,4.8
RD-0011699,SH-00243,LG-000471,2026-07-30 21:10:00,5.7
RD-0011700,SH-00243,LG-000471,2026-07-30 21:40:00,5.2
RD-0011701,SH-00243,LG-000471,2026-07-30 22:10:00,5.0
RD-0011702,SH-00243,LG-000471,2026-07-30 22:40:00,4.7
RD-0011703,SH-00243,LG-000471,2026-07-30 23:10:00,5.4
RD-0011704,SH-00243,LG-000471,2026-07-30 23:40:00,3.9
RD-0011705,SH-00243,LG-000471,2026-07-31 00:10:00,3.6
RD-0011706,SH-00243,LG-000471,2026-07-31 00:40:00,4.5
RD-0011707,SH-00243,LG-000471,2026-07-31 01:10:00,6.3
RD-0011708,SH-00243,LG-000471,2026-07-31 01:40:00,4.7
RD-0011709,SH-00243,LG-000471,2026-07-31 02:10:00,4.2
RD-0011710,SH-00243,LG-000471,2026-07-31 02:40:00,4.4
RD-0011711,SH-00243,LG-000471,2026-07-31 03:10:00,4.9
RD-0011712,SH-00243,LG-000471,2026-07-31 03:40:00,4.1
RD-0011713,SH-00243,LG-000471,2026-07-31 04:10:00,4.3
RD-0011714,SH-00243,LG-000471,2026-07-31 04:40:00,4.3
RD-0011715,SH-00243,LG-000471,2026-07-31 05:10:00,4.2
RD-0011716,SH-00243,LG-000471,2026-07-31 05:40:00,4.9
RD-0011717,SH-00243,LG-000472,2026-07-31 06:10:00,39.6
RD-0011718,SH-00243,LG-000472,2026-07-31 06:40:00,42.3
RD-0011719,SH-00243,LG-000472,2026-07-31 07:10:00,40.9
RD-0011720,SH-00243,LG-000472,2026-07-31 07:40:00,38.2
RD-0011721,SH-00243,LG-000472,2026-07-31 08:10:00,42.8
RD-0011722,SH-00243,LG-000472,2026-07-31 08:40:00,37.4
RD-0011723,SH-00243,LG-000472,2026-07-31 09:10:00,42.7
RD-0011724,SH-00243,LG-000472,2026-07-31 09:40:00,39.2
RD-0011725,SH-00243,LG-000472,2026-07-31 10:10:00,40.0
RD-0011726,SH-00243,LG-000472,2026-07-31 10:40:00,38.9
RD-0011727,SH-00243,LG-000472,2026-07-31 11:10:00,41.0
RD-0011728,SH-00243,LG-000472,2026-07-31 11:40:00,40.3
RD-0011729,SH-00243,LG-000472,2026-07-31 12:10:00,42.0
RD-0011730,SH-00243,LG-000472,2026-07-31 12:40:00,44.0
RD-0011731,SH-00243,LG-000472,2026-07-31 13:10:00,40.7
RD-0011732,SH-00243,LG-000472,2026-07-31 13:40:00,42.0
RD-0011733,SH-00243,LG-000472,2026-07-31 14:10:00,42.5
RD-0011734,SH-00243,LG-000472,2026-07-31 14:40:00,40.9
RD-0011735,SH-00243,LG-000472,2026-07-31 15:10:00,40.3
RD-0011736,SH-00243,LG-000472,2026-07-31 15:40:00,37.7
RD-0011737,SH-00243,LG-000473,2026-07-31 16:10:00,6.0
RD-0011738,SH-00243,LG-000473,2026-07-31 16:40:00,4.8
RD-0011739,SH-00243,LG-000473,2026-07-31 17:10:00,5.2
RD-0011740,SH-00243,LG-000473,2026-07-31 17:40:00,5.1
RD-0011741,SH-00243,LG-000473,2026-07-31 18:10:00,3.9
RD-0011742,SH-00243,LG-000473,2026-07-31 18:40:00,5.3
RD-0011743,SH-00243,LG-000473,2026-07-31 19:10:00,5.3
RD-0011744,SH-00243,LG-000473,2026-07-31 19:40:00,4.3
RD-0011745,SH-00243,LG-000473,2026-07-31 20:10:00,5.0
RD-0011746,SH-00243,LG-000473,2026-07-31 20:40:00,4.4
RD-0011747,SH-00243,LG-000473,2026-07-31 21:10:00,5.0
RD-0011748,SH-00243,LG-000473,2026-07-31 21:40:00,5.6
RD-0011749,SH-00243,LG-000473,2026-07-31 22:10:00,6.2
RD-0011750,SH-00243,LG-000473,2026-07-31 22:40:00,5.1
RD-0011751,SH-00243,LG-000473,2026-07-31 23:10:00,5.9
RD-0011752,SH-00243,LG-000473,2026-07-31 23:40:00,3.9
RD-0011753,SH-00243,LG-000473,2026-08-01 00:10:00,4.8
RD-0011754,SH-00243,LG-000473,2026-08-01 00:40:00,4.6
RD-0011755,SH-00243,LG-000473,2026-08-01 01:10:00,5.1
RD-0011756,SH-00243,LG-000473,2026-08-01 01:40:00,6.2
RD-0011757,SH-00244,LG-000474,2026-06-04 06:04:00,4.7
RD-0011758,SH-00244,LG-000474,2026-06-04 06:34:00,4.6
RD-0011759,SH-00244,LG-000474,2026-06-04 07:04:00,4.1
RD-0011760,SH-00244,LG-000474,2026-06-04 07:34:00,3.5
RD-0011761,SH-00244,LG-000474,2026-06-04 08:04:00,4.4
RD-0011762,SH-00244,LG-000474,2026-06-04 08:34:00,3.7
RD-0011763,SH-00244,LG-000474,2026-06-04 09:04:00,3.9
RD-0011764,SH-00244,LG-000474,2026-06-04 09:34:00,3.4
RD-0011765,SH-00244,LG-000474,2026-06-04 10:04:00,4.0
RD-0011766,SH-00244,LG-000474,2026-06-04 10:34:00,2.3
RD-0011767,SH-00244,LG-000474,2026-06-04 11:04:00,3.8
RD-0011768,SH-00244,LG-000474,2026-06-04 11:34:00,4.4
RD-0011769,SH-00244,LG-000474,2026-06-04 12:04:00,3.9
RD-0011770,SH-00244,LG-000474,2026-06-04 12:34:00,3.8
RD-0011771,SH-00244,LG-000474,2026-06-04 13:04:00,4.2
RD-0011772,SH-00244,LG-000474,2026-06-04 13:34:00,4.0
RD-0011773,SH-00244,LG-000474,2026-06-04 14:04:00,4.7
RD-0011774,SH-00244,LG-000474,2026-06-04 14:34:00,4.1
RD-0011775,SH-00244,LG-000474,2026-06-04 15:04:00,3.9
RD-0011776,SH-00244,LG-000474,2026-06-04 15:34:00,3.4
RD-0011777,SH-00244,LG-000474,2026-06-04 16:04:00,2.8
RD-0011778,SH-00244,LG-000474,2026-06-04 16:34:00,5.2
RD-0011779,SH-00244,LG-000474,2026-06-04 17:04:00,3.6
RD-0011780,SH-00244,LG-000474,2026-06-04 17:34:00,3.0
RD-0011781,SH-00244,LG-000474,2026-06-04 18:04:00,4.2
RD-0011782,SH-00244,LG-000474,2026-06-04 18:34:00,3.9
RD-0011783,SH-00244,LG-000474,2026-06-04 19:04:00,3.8
RD-0011784,SH-00244,LG-000474,2026-06-04 19:34:00,3.9
RD-0011785,SH-00244,LG-000474,2026-06-04 20:04:00,4.2
RD-0011786,SH-00244,LG-000474,2026-06-04 20:34:00,2.8
RD-0011787,SH-00244,LG-000474,2026-06-04 21:04:00,3.6
RD-0011788,SH-00244,LG-000474,2026-06-04 21:34:00,3.6
RD-0011789,SH-00244,LG-000474,2026-06-04 22:04:00,4.8
RD-0011790,SH-00244,LG-000474,2026-06-04 22:34:00,3.7
RD-0011791,SH-00244,LG-000474,2026-06-04 23:04:00,3.1
RD-0011792,SH-00244,LG-000474,2026-06-04 23:34:00,4.8
RD-0011793,SH-00244,LG-000474,2026-06-05 00:04:00,2.5
RD-0011794,SH-00244,LG-000474,2026-06-05 00:34:00,4.5
RD-0011795,SH-00244,LG-000474,2026-06-05 01:04:00,4.4
RD-0011796,SH-00244,LG-000474,2026-06-05 01:34:00,3.7
RD-0011797,SH-00244,LG-000474,2026-06-05 02:04:00,4.0
RD-0011798,SH-00244,LG-000474,2026-06-05 02:34:00,3.7
RD-0011799,SH-00244,LG-000474,2026-06-05 03:04:00,3.3
RD-0011800,SH-00244,LG-000474,2026-06-05 03:34:00,3.2
RD-0011801,SH-00244,LG-000474,2026-06-05 04:04:00,4.1
RD-0011802,SH-00244,LG-000474,2026-06-05 04:34:00,3.9
RD-0011803,SH-00244,LG-000474,2026-06-05 05:04:00,4.9
RD-0011804,SH-00244,LG-000474,2026-06-05 05:34:00,4.0
RD-0011805,SH-00245,LG-000475,2026-07-18 21:08:00,2.7
RD-0011806,SH-00245,LG-000475,2026-07-18 21:38:00,2.8
RD-0011807,SH-00245,LG-000475,2026-07-18 22:08:00,3.1
RD-0011808,SH-00245,LG-000475,2026-07-18 22:38:00,-999
RD-0011809,SH-00245,LG-000475,2026-07-18 23:08:00,4.3
RD-0011810,SH-00245,LG-000475,2026-07-18 23:38:00,3.8
RD-0011811,SH-00245,LG-000475,2026-07-19 00:08:00,4.2
RD-0011812,SH-00245,LG-000475,2026-07-19 00:38:00,3.4
RD-0011813,SH-00245,LG-000475,2026-07-19 01:08:00,-999
RD-0011814,SH-00245,LG-000475,2026-07-19 01:38:00,5.3
RD-0011815,SH-00245,LG-000475,2026-07-19 02:08:00,4.9
RD-0011816,SH-00245,LG-000475,2026-07-19 02:38:00,4.0
RD-0011817,SH-00245,LG-000475,2026-07-19 03:08:00,2.5
RD-0011818,SH-00245,LG-000475,2026-07-19 03:38:00,3.6
RD-0011819,SH-00245,LG-000475,2026-07-19 04:08:00,4.7
RD-0011820,SH-00245,LG-000475,2026-07-19 04:38:00,4.0
RD-0011821,SH-00245,LG-000475,2026-07-19 05:08:00,3.4
RD-0011822,SH-00245,LG-000475,2026-07-19 05:38:00,5.1
RD-0011823,SH-00245,LG-000475,2026-07-19 06:08:00,3.6
RD-0011824,SH-00245,LG-000475,2026-07-19 06:38:00,2.6
RD-0011825,SH-00245,LG-000475,2026-07-19 07:08:00,4.1
RD-0011826,SH-00245,LG-000475,2026-07-19 07:38:00,4.2
RD-0011827,SH-00245,LG-000475,2026-07-19 08:08:00,3.1
RD-0011828,SH-00245,LG-000475,2026-07-19 08:38:00,5.9
RD-0011829,SH-00245,LG-000475,2026-07-19 09:08:00,3.5
RD-0011830,SH-00245,LG-000475,2026-07-19 09:38:00,4.4
RD-0011831,SH-00245,LG-000475,2026-07-19 10:08:00,3.6
RD-0011832,SH-00245,LG-000475,2026-07-19 10:38:00,4.1
RD-0011833,SH-00245,LG-000475,2026-07-19 11:08:00,4.1
RD-0011834,SH-00245,LG-000475,2026-07-19 11:38:00,4.8
RD-0011835,SH-00245,LG-000475,2026-07-19 12:08:00,3.2
RD-0011836,SH-00245,LG-000475,2026-07-19 12:38:00,3.8
RD-0011837,SH-00245,LG-000475,2026-07-19 13:08:00,3.8
RD-0011838,SH-00245,LG-000475,2026-07-19 13:38:00,3.3
RD-0011839,SH-00245,LG-000475,2026-07-19 14:08:00,4.5
RD-0011840,SH-00245,LG-000475,2026-07-19 14:38:00,4.3
RD-0011841,SH-00245,LG-000476,2026-07-19 15:08:00,4.9
RD-0011842,SH-00245,LG-000476,2026-07-19 15:38:00,4.2
RD-0011843,SH-00245,LG-000476,2026-07-19 16:08:00,3.1
RD-0011844,SH-00245,LG-000476,2026-07-19 16:38:00,2.9
RD-0011845,SH-00245,LG-000476,2026-07-19 17:08:00,4.8
RD-0011846,SH-00245,LG-000476,2026-07-19 17:38:00,2.2
RD-0011847,SH-00245,LG-000476,2026-07-19 18:08:00,4.1
RD-0011848,SH-00245,LG-000476,2026-07-19 18:38:00,3.5
RD-0011849,SH-00245,LG-000476,2026-07-19 19:08:00,3.8
RD-0011850,SH-00245,LG-000476,2026-07-19 19:38:00,4.9
RD-0011851,SH-00245,LG-000476,2026-07-19 20:08:00,3.5
RD-0011852,SH-00245,LG-000476,2026-07-19 20:38:00,4.9
RD-0011853,SH-00245,LG-000476,2026-07-19 21:08:00,4.3
RD-0011854,SH-00245,LG-000476,2026-07-19 21:38:00,3.6
RD-0011855,SH-00245,LG-000476,2026-07-19 22:08:00,4.8
RD-0011856,SH-00245,LG-000476,2026-07-19 22:38:00,3.9
RD-0011857,SH-00245,LG-000476,2026-07-19 23:08:00,-999
RD-0011858,SH-00245,LG-000476,2026-07-19 23:38:00,5.2
RD-0011859,SH-00245,LG-000476,2026-07-20 00:08:00,4.9
RD-0011860,SH-00245,LG-000476,2026-07-20 00:38:00,3.9
RD-0011861,SH-00245,LG-000476,2026-07-20 01:08:00,4.0
RD-0011862,SH-00245,LG-000476,2026-07-20 01:38:00,2.5
RD-0011863,SH-00245,LG-000476,2026-07-20 02:08:00,4.2
RD-0011864,SH-00245,LG-000476,2026-07-20 02:38:00,3.0
RD-0011865,SH-00245,LG-000476,2026-07-20 03:08:00,3.9
RD-0011866,SH-00245,LG-000476,2026-07-20 03:38:00,3.3
RD-0011867,SH-00245,LG-000476,2026-07-20 04:08:00,5.3
RD-0011868,SH-00245,LG-000476,2026-07-20 04:38:00,4.7
RD-0011869,SH-00245,LG-000476,2026-07-20 05:08:00,4.2
RD-0011870,SH-00245,LG-000476,2026-07-20 05:38:00,3.9
RD-0011871,SH-00245,LG-000476,2026-07-20 06:08:00,-999
RD-0011872,SH-00245,LG-000476,2026-07-20 06:38:00,4.2
RD-0011873,SH-00245,LG-000476,2026-07-20 07:08:00,4.0
RD-0011874,SH-00245,LG-000476,2026-07-20 07:38:00,4.1
RD-0011875,SH-00245,LG-000476,2026-07-20 08:08:00,5.3
RD-0011876,SH-00245,LG-000476,2026-07-20 08:38:00,4.2
RD-0011877,SH-00246,LG-000477,2026-07-21 14:56:00,-17.1
RD-0011878,SH-00246,LG-000477,2026-07-21 15:26:00,-18.9
RD-0011879,SH-00246,LG-000477,2026-07-21 15:56:00,-17.2
RD-0011880,SH-00246,LG-000477,2026-07-21 16:26:00,-17.8
RD-0011881,SH-00246,LG-000477,2026-07-21 16:56:00,-16.6
RD-0011882,SH-00246,LG-000477,2026-07-21 17:26:00,-18.8
RD-0011883,SH-00246,LG-000477,2026-07-21 17:56:00,-18.7
RD-0011884,SH-00246,LG-000477,2026-07-21 18:26:00,-19.0
RD-0011885,SH-00246,LG-000477,2026-07-21 18:56:00,-19.1
RD-0011886,SH-00246,LG-000477,2026-07-21 19:26:00,-16.2
RD-0011887,SH-00246,LG-000477,2026-07-21 19:56:00,-16.5
RD-0011888,SH-00246,LG-000477,2026-07-21 20:26:00,-17.9
RD-0011889,SH-00246,LG-000477,2026-07-21 20:56:00,-18.4
RD-0011890,SH-00246,LG-000477,2026-07-21 21:26:00,-18.5
RD-0011891,SH-00246,LG-000477,2026-07-21 21:56:00,-16.8
RD-0011892,SH-00246,LG-000477,2026-07-21 22:26:00,-18.7
RD-0011893,SH-00246,LG-000477,2026-07-21 22:56:00,-17.8
RD-0011894,SH-00246,LG-000477,2026-07-21 23:26:00,-17.5
RD-0011895,SH-00246,LG-000477,2026-07-21 23:56:00,-16.7
RD-0011896,SH-00246,LG-000477,2026-07-22 00:26:00,-18.7
RD-0011897,SH-00246,LG-000477,2026-07-22 00:56:00,-17.7
RD-0011898,SH-00246,LG-000477,2026-07-22 01:26:00,-17.6
RD-0011899,SH-00246,LG-000477,2026-07-22 01:56:00,-17.4
RD-0011900,SH-00246,LG-000477,2026-07-22 02:26:00,-18.4
RD-0011901,SH-00246,LG-000477,2026-07-22 02:56:00,-18.5
RD-0011902,SH-00246,LG-000477,2026-07-22 03:26:00,-18.1
RD-0011903,SH-00246,LG-000477,2026-07-22 03:56:00,-18.1
RD-0011904,SH-00246,LG-000477,2026-07-22 04:26:00,-17.3
RD-0011905,SH-00246,LG-000477,2026-07-22 04:56:00,-16.9
RD-0011906,SH-00246,LG-000477,2026-07-22 05:26:00,-18.3
RD-0011907,SH-00246,LG-000477,2026-07-22 05:56:00,-19.3
RD-0011908,SH-00246,LG-000477,2026-07-22 06:26:00,-17.5
RD-0011909,SH-00246,LG-000477,2026-07-22 06:56:00,-18.1
RD-0011910,SH-00246,LG-000477,2026-07-22 07:26:00,-17.7
RD-0011911,SH-00246,LG-000477,2026-07-22 07:56:00,-18.2
RD-0011912,SH-00246,LG-000477,2026-07-22 08:26:00,-17.1
RD-0011913,SH-00246,LG-000477,2026-07-22 08:56:00,-18.9
RD-0011914,SH-00246,LG-000477,2026-07-22 09:26:00,-18.8
RD-0011915,SH-00246,LG-000478,2026-07-22 09:56:00,-17.7
RD-0011916,SH-00246,LG-000478,2026-07-22 10:26:00,-18.0
RD-0011917,SH-00246,LG-000478,2026-07-22 10:56:00,-17.3
RD-0011918,SH-00246,LG-000478,2026-07-22 11:26:00,-17.7
RD-0011919,SH-00246,LG-000478,2026-07-22 11:56:00,-18.7
RD-0011920,SH-00246,LG-000478,2026-07-22 12:26:00,-17.9
RD-0011921,SH-00246,LG-000478,2026-07-22 12:56:00,-17.7
RD-0011922,SH-00246,LG-000478,2026-07-22 13:26:00,-18.7
RD-0011923,SH-00246,LG-000478,2026-07-22 13:56:00,-17.6
RD-0011924,SH-00246,LG-000478,2026-07-22 14:26:00,-18.0
RD-0011925,SH-00246,LG-000478,2026-07-22 14:56:00,-18.3
RD-0011926,SH-00246,LG-000478,2026-07-22 15:26:00,-18.5
RD-0011927,SH-00246,LG-000478,2026-07-22 15:56:00,-19.8
RD-0011928,SH-00246,LG-000478,2026-07-22 16:26:00,-18.6
RD-0011929,SH-00246,LG-000478,2026-07-22 16:56:00,-17.3
RD-0011930,SH-00246,LG-000478,2026-07-22 17:26:00,-17.9
RD-0011931,SH-00246,LG-000478,2026-07-22 17:56:00,-19.8
RD-0011932,SH-00246,LG-000478,2026-07-22 18:26:00,-17.6
RD-0011933,SH-00246,LG-000478,2026-07-22 18:56:00,-17.2
RD-0011934,SH-00246,LG-000478,2026-07-22 19:26:00,-17.5
RD-0011935,SH-00246,LG-000478,2026-07-22 19:56:00,-17.1
RD-0011936,SH-00246,LG-000478,2026-07-22 20:26:00,-17.6
RD-0011937,SH-00246,LG-000478,2026-07-22 20:56:00,-17.2
RD-0011938,SH-00246,LG-000478,2026-07-22 21:26:00,-16.6
RD-0011939,SH-00246,LG-000478,2026-07-22 21:56:00,-18.1
RD-0011940,SH-00246,LG-000478,2026-07-22 22:26:00,-16.7
RD-0011941,SH-00246,LG-000478,2026-07-22 22:56:00,-18.3
RD-0011942,SH-00246,LG-000478,2026-07-22 23:26:00,-16.1
RD-0011943,SH-00246,LG-000478,2026-07-22 23:56:00,-18.3
RD-0011944,SH-00246,LG-000478,2026-07-23 00:26:00,-18.1
RD-0011945,SH-00246,LG-000478,2026-07-23 00:56:00,-17.5
RD-0011946,SH-00246,LG-000478,2026-07-23 01:26:00,-17.1
RD-0011947,SH-00246,LG-000478,2026-07-23 01:56:00,-17.7
RD-0011948,SH-00246,LG-000478,2026-07-23 02:26:00,-17.8
RD-0011949,SH-00246,LG-000478,2026-07-23 02:56:00,-19.3
RD-0011950,SH-00246,LG-000478,2026-07-23 03:26:00,-17.6
RD-0011951,SH-00246,LG-000478,2026-07-23 03:56:00,-18.4
RD-0011952,SH-00246,LG-000478,2026-07-23 04:26:00,-18.8
RD-0011953,SH-00247,LG-000479,2026-06-06 05:24:00,-18.4
RD-0011954,SH-00247,LG-000479,2026-06-06 05:54:00,-17.2
RD-0011955,SH-00247,LG-000479,2026-06-06 06:24:00,-17.9
RD-0011956,SH-00247,LG-000479,2026-06-06 06:54:00,-17.0
RD-0011957,SH-00247,LG-000479,2026-06-06 07:24:00,-18.0
RD-0011958,SH-00247,LG-000479,2026-06-06 07:54:00,-18.1
RD-0011959,SH-00247,LG-000479,2026-06-06 08:24:00,-18.7
RD-0011960,SH-00247,LG-000479,2026-06-06 08:54:00,-18.3
RD-0011961,SH-00247,LG-000479,2026-06-06 09:24:00,-19.6
RD-0011962,SH-00247,LG-000479,2026-06-06 09:54:00,-19.7
RD-0011963,SH-00247,LG-000479,2026-06-06 10:24:00,-19.7
RD-0011964,SH-00247,LG-000479,2026-06-06 10:54:00,-17.4
RD-0011965,SH-00247,LG-000479,2026-06-06 11:24:00,-16.8
RD-0011966,SH-00247,LG-000479,2026-06-06 11:54:00,-18.8
RD-0011967,SH-00247,LG-000479,2026-06-06 12:24:00,-17.7
RD-0011968,SH-00247,LG-000479,2026-06-06 12:54:00,-18.2
RD-0011969,SH-00247,LG-000479,2026-06-06 13:24:00,-17.8
RD-0011970,SH-00247,LG-000479,2026-06-06 13:54:00,-17.6
RD-0011971,SH-00247,LG-000479,2026-06-06 14:24:00,-18.6
RD-0011972,SH-00247,LG-000479,2026-06-06 14:54:00,-17.8
RD-0011973,SH-00247,LG-000479,2026-06-06 15:24:00,-16.3
RD-0011974,SH-00247,LG-000479,2026-06-06 15:54:00,-17.8
RD-0011975,SH-00247,LG-000479,2026-06-06 16:24:00,-18.1
RD-0011976,SH-00247,LG-000479,2026-06-06 16:54:00,-18.3
RD-0011977,SH-00247,LG-000479,2026-06-06 17:24:00,-16.7
RD-0011978,SH-00247,LG-000479,2026-06-06 17:54:00,-18.9
RD-0011979,SH-00247,LG-000479,2026-06-06 18:24:00,-17.3
RD-0011980,SH-00247,LG-000479,2026-06-06 18:54:00,-18.0
RD-0011981,SH-00247,LG-000479,2026-06-06 19:24:00,-18.7
RD-0011982,SH-00247,LG-000479,2026-06-06 19:54:00,-18.7
RD-0011983,SH-00247,LG-000479,2026-06-06 20:24:00,-17.2
RD-0011984,SH-00247,LG-000479,2026-06-06 20:54:00,-18.8
RD-0011985,SH-00247,LG-000479,2026-06-06 21:24:00,-18.4
RD-0011986,SH-00247,LG-000479,2026-06-06 21:54:00,-18.8
RD-0011987,SH-00247,LG-000479,2026-06-06 22:24:00,-18.1
RD-0011988,SH-00247,LG-000479,2026-06-06 22:54:00,-17.7
RD-0011989,SH-00247,LG-000479,2026-06-06 23:24:00,-999
RD-0011990,SH-00247,LG-000479,2026-06-06 23:54:00,-18.2
RD-0011991,SH-00247,LG-000479,2026-06-07 00:24:00,-18.0
RD-0011992,SH-00247,LG-000479,2026-06-07 00:54:00,-999
RD-0011993,SH-00247,LG-000479,2026-06-07 01:24:00,-18.2
RD-0011994,SH-00247,LG-000479,2026-06-07 01:54:00,-16.9
RD-0011995,SH-00247,LG-000479,2026-06-07 02:24:00,-18.7
RD-0011996,SH-00247,LG-000479,2026-06-07 02:54:00,-19.2
RD-0011997,SH-00247,LG-000479,2026-06-07 03:24:00,-18.0
RD-0011998,SH-00247,LG-000479,2026-06-07 03:54:00,-17.5
RD-0011999,SH-00247,LG-000479,2026-06-07 04:24:00,-17.9
RD-0012000,SH-00247,LG-000479,2026-06-07 04:54:00,-17.9
RD-0012001,SH-00247,LG-000479,2026-06-07 05:24:00,-16.9
RD-0012002,SH-00247,LG-000479,2026-06-07 05:54:00,-17.5
RD-0012003,SH-00247,LG-000479,2026-06-07 06:24:00,-17.3
RD-0012004,SH-00247,LG-000479,2026-06-07 06:54:00,-17.2
RD-0012005,SH-00247,LG-000479,2026-06-07 07:24:00,-18.0
RD-0012006,SH-00247,LG-000479,2026-06-07 07:54:00,-18.7
RD-0012007,SH-00247,LG-000479,2026-06-07 08:24:00,-17.8
RD-0012008,SH-00247,LG-000479,2026-06-07 08:54:00,-19.0
RD-0012009,SH-00248,LG-000480,2026-07-08 12:59:00,3.0
RD-0012010,SH-00248,LG-000480,2026-07-08 13:29:00,3.4
RD-0012011,SH-00248,LG-000480,2026-07-08 13:59:00,3.6
RD-0012012,SH-00248,LG-000480,2026-07-08 14:29:00,3.7
RD-0012013,SH-00248,LG-000480,2026-07-08 14:59:00,3.1
RD-0012014,SH-00248,LG-000480,2026-07-08 15:29:00,3.6
RD-0012015,SH-00248,LG-000480,2026-07-08 15:59:00,3.4
RD-0012016,SH-00248,LG-000480,2026-07-08 16:29:00,3.5
RD-0012017,SH-00248,LG-000480,2026-07-08 16:59:00,4.4
RD-0012018,SH-00248,LG-000480,2026-07-08 17:29:00,3.7
RD-0012019,SH-00248,LG-000480,2026-07-08 17:59:00,3.7
RD-0012020,SH-00248,LG-000480,2026-07-08 18:29:00,3.9
RD-0012021,SH-00248,LG-000480,2026-07-08 18:59:00,4.2
RD-0012022,SH-00248,LG-000480,2026-07-08 19:29:00,5.2
RD-0012023,SH-00248,LG-000480,2026-07-08 19:59:00,4.6
RD-0012024,SH-00248,LG-000480,2026-07-08 20:29:00,3.4
RD-0012025,SH-00248,LG-000480,2026-07-08 20:59:00,3.8
RD-0012026,SH-00248,LG-000480,2026-07-08 21:29:00,3.2
RD-0012027,SH-00248,LG-000480,2026-07-08 21:59:00,4.1
RD-0012028,SH-00248,LG-000480,2026-07-08 22:29:00,4.2
RD-0012029,SH-00249,LG-000481,2026-08-08 08:16:00,5.5
RD-0012030,SH-00249,LG-000481,2026-08-08 08:46:00,6.0
RD-0012031,SH-00249,LG-000481,2026-08-08 09:16:00,5.1
RD-0012032,SH-00249,LG-000481,2026-08-08 09:46:00,5.1
RD-0012033,SH-00249,LG-000481,2026-08-08 10:16:00,5.2
RD-0012034,SH-00249,LG-000481,2026-08-08 10:46:00,4.6
RD-0012035,SH-00249,LG-000481,2026-08-08 11:16:00,5.2
RD-0012036,SH-00249,LG-000481,2026-08-08 11:46:00,5.4
RD-0012037,SH-00249,LG-000481,2026-08-08 12:16:00,5.7
RD-0012038,SH-00249,LG-000481,2026-08-08 12:46:00,4.3
RD-0012039,SH-00249,LG-000481,2026-08-08 13:16:00,3.4
RD-0012040,SH-00249,LG-000481,2026-08-08 13:46:00,4.6
RD-0012041,SH-00249,LG-000481,2026-08-08 14:16:00,5.1
RD-0012042,SH-00249,LG-000481,2026-08-08 14:46:00,4.7
RD-0012043,SH-00249,LG-000481,2026-08-08 15:16:00,6.1
RD-0012044,SH-00249,LG-000481,2026-08-08 15:46:00,4.6
RD-0012045,SH-00249,LG-000481,2026-08-08 16:16:00,3.3
RD-0012046,SH-00249,LG-000481,2026-08-08 16:46:00,3.8
RD-0012047,SH-00249,LG-000481,2026-08-08 17:16:00,4.7
RD-0012048,SH-00249,LG-000481,2026-08-08 17:46:00,6.0
RD-0012049,SH-00249,LG-000481,2026-08-08 18:16:00,5.1
RD-0012050,SH-00249,LG-000481,2026-08-08 18:46:00,4.5
RD-0012051,SH-00249,LG-000481,2026-08-08 19:16:00,4.2
RD-0012052,SH-00249,LG-000481,2026-08-08 19:46:00,4.6
RD-0012053,SH-00249,LG-000481,2026-08-08 20:16:00,4.6
RD-0012054,SH-00249,LG-000481,2026-08-08 20:46:00,6.0
RD-0012055,SH-00249,LG-000481,2026-08-08 21:16:00,5.0
RD-0012056,SH-00249,LG-000481,2026-08-08 21:46:00,5.0
RD-0012057,SH-00249,LG-000481,2026-08-08 22:16:00,5.3
RD-0012058,SH-00249,LG-000481,2026-08-08 22:46:00,5.5
RD-0012059,SH-00249,LG-000481,2026-08-08 23:16:00,5.0
RD-0012060,SH-00249,LG-000481,2026-08-08 23:46:00,4.6
RD-0012061,SH-00249,LG-000481,2026-08-09 00:16:00,4.0
RD-0012062,SH-00249,LG-000481,2026-08-09 00:46:00,4.8
RD-0012063,SH-00249,LG-000481,2026-08-09 01:16:00,4.2
RD-0012064,SH-00249,LG-000481,2026-08-09 01:46:00,6.0
RD-0012065,SH-00249,LG-000481,2026-08-09 02:16:00,5.7
RD-0012066,SH-00249,LG-000481,2026-08-09 02:46:00,6.0
RD-0012067,SH-00249,LG-000481,2026-08-09 03:16:00,3.8
RD-0012068,SH-00249,LG-000481,2026-08-09 03:46:00,4.9
RD-0012069,SH-00249,LG-000481,2026-08-09 04:16:00,5.6
RD-0012070,SH-00249,LG-000481,2026-08-09 04:46:00,4.0
RD-0012071,SH-00249,LG-000481,2026-08-09 05:16:00,3.9
RD-0012072,SH-00249,LG-000481,2026-08-09 05:46:00,5.5
RD-0012073,SH-00249,LG-000481,2026-08-09 06:16:00,3.7
RD-0012074,SH-00249,LG-000481,2026-08-09 06:46:00,5.1
RD-0012075,SH-00249,LG-000481,2026-08-09 07:16:00,4.8
RD-0012076,SH-00249,LG-000481,2026-08-09 07:46:00,4.9
RD-0012077,SH-00249,LG-000481,2026-08-09 08:16:00,5.3
RD-0012078,SH-00249,LG-000481,2026-08-09 08:46:00,4.8
RD-0012079,SH-00249,LG-000481,2026-08-09 09:16:00,6.4
RD-0012080,SH-00249,LG-000481,2026-08-09 09:46:00,4.9
RD-0012081,SH-00249,LG-000481,2026-08-09 10:16:00,5.6
RD-0012082,SH-00249,LG-000481,2026-08-09 10:46:00,4.4
RD-0012083,SH-00249,LG-000481,2026-08-09 11:16:00,5.3
RD-0012084,SH-00249,LG-000481,2026-08-09 11:46:00,4.1
RD-0012085,SH-00249,LG-000481,2026-08-09 12:16:00,3.6
RD-0012086,SH-00249,LG-000481,2026-08-09 12:46:00,5.0
RD-0012087,SH-00249,LG-000481,2026-08-09 13:16:00,5.3
RD-0012088,SH-00249,LG-000481,2026-08-09 13:46:00,6.2
RD-0012089,SH-00249,LG-000481,2026-08-09 14:16:00,4.0
RD-0012090,SH-00249,LG-000481,2026-08-09 14:46:00,4.3
RD-0012091,SH-00249,LG-000481,2026-08-09 15:16:00,3.9
RD-0012092,SH-00249,LG-000481,2026-08-09 15:46:00,5.1
RD-0012093,SH-00249,LG-000481,2026-08-09 16:16:00,4.8
RD-0012094,SH-00249,LG-000481,2026-08-09 16:46:00,6.5
RD-0012095,SH-00249,LG-000481,2026-08-09 17:16:00,5.4
RD-0012096,SH-00249,LG-000481,2026-08-09 17:46:00,4.9
RD-0012097,SH-00249,LG-000481,2026-08-09 18:16:00,4.9
RD-0012098,SH-00249,LG-000481,2026-08-09 18:46:00,5.5
RD-0012099,SH-00250,LG-000482,2026-06-13 11:26:00,-18.5
RD-0012100,SH-00250,LG-000482,2026-06-13 11:56:00,-19.1
RD-0012101,SH-00250,LG-000482,2026-06-13 12:26:00,-18.5
RD-0012102,SH-00250,LG-000482,2026-06-13 12:56:00,-17.1
RD-0012103,SH-00250,LG-000482,2026-06-13 13:26:00,-999
RD-0012104,SH-00250,LG-000482,2026-06-13 13:56:00,-18.2
RD-0012105,SH-00250,LG-000482,2026-06-13 14:26:00,-18.0
RD-0012106,SH-00250,LG-000482,2026-06-13 14:56:00,-19.0
RD-0012107,SH-00250,LG-000482,2026-06-13 15:26:00,-18.8
RD-0012108,SH-00250,LG-000482,2026-06-13 15:56:00,-17.4
RD-0012109,SH-00250,LG-000482,2026-06-13 16:26:00,-18.0
RD-0012110,SH-00250,LG-000482,2026-06-13 16:56:00,-19.5
RD-0012111,SH-00250,LG-000482,2026-06-13 17:26:00,-17.5
RD-0012112,SH-00250,LG-000482,2026-06-13 17:56:00,-18.4
RD-0012113,SH-00250,LG-000482,2026-06-13 18:26:00,-18.7
RD-0012114,SH-00250,LG-000482,2026-06-13 18:56:00,-17.5
RD-0012115,SH-00250,LG-000482,2026-06-13 19:26:00,-19.4
RD-0012116,SH-00250,LG-000482,2026-06-13 19:56:00,-19.3
RD-0012117,SH-00250,LG-000482,2026-06-13 20:26:00,-16.9
RD-0012118,SH-00250,LG-000482,2026-06-13 20:56:00,-18.0
RD-0012119,SH-00250,LG-000483,2026-06-13 21:26:00,-18.2
RD-0012120,SH-00250,LG-000483,2026-06-13 21:56:00,-17.3
RD-0012121,SH-00250,LG-000483,2026-06-13 22:26:00,-18.0
RD-0012122,SH-00250,LG-000483,2026-06-13 22:56:00,-17.0
RD-0012123,SH-00250,LG-000483,2026-06-13 23:26:00,-19.4
RD-0012124,SH-00250,LG-000483,2026-06-13 23:56:00,-17.4
RD-0012125,SH-00250,LG-000483,2026-06-14 00:26:00,-17.2
RD-0012126,SH-00250,LG-000483,2026-06-14 00:56:00,-17.1
RD-0012127,SH-00250,LG-000483,2026-06-14 01:26:00,-18.2
RD-0012128,SH-00250,LG-000483,2026-06-14 01:56:00,-18.0
RD-0012129,SH-00250,LG-000483,2026-06-14 02:26:00,-17.5
RD-0012130,SH-00250,LG-000483,2026-06-14 02:56:00,-19.1
RD-0012131,SH-00250,LG-000483,2026-06-14 03:26:00,-18.0
RD-0012132,SH-00250,LG-000483,2026-06-14 03:56:00,-18.4
RD-0012133,SH-00250,LG-000483,2026-06-14 04:26:00,-17.5
RD-0012134,SH-00250,LG-000483,2026-06-14 04:56:00,-19.0
RD-0012135,SH-00250,LG-000483,2026-06-14 05:26:00,-17.6
RD-0012136,SH-00250,LG-000483,2026-06-14 05:56:00,-17.9
RD-0012137,SH-00250,LG-000483,2026-06-14 06:26:00,-18.8
RD-0012138,SH-00250,LG-000483,2026-06-14 06:56:00,-17.7
RD-0012139,SH-00250,LG-000484,2026-06-14 07:26:00,-18.2
RD-0012140,SH-00250,LG-000484,2026-06-14 07:56:00,-17.9
RD-0012141,SH-00250,LG-000484,2026-06-14 08:26:00,-18.8
RD-0012142,SH-00250,LG-000484,2026-06-14 08:56:00,-18.2
RD-0012143,SH-00250,LG-000484,2026-06-14 09:26:00,-17.2
RD-0012144,SH-00250,LG-000484,2026-06-14 09:56:00,-18.9
RD-0012145,SH-00250,LG-000484,2026-06-14 10:26:00,-18.4
RD-0012146,SH-00250,LG-000484,2026-06-14 10:56:00,-19.2
RD-0012147,SH-00250,LG-000484,2026-06-14 11:26:00,-18.0
RD-0012148,SH-00250,LG-000484,2026-06-14 11:56:00,-17.8
RD-0012149,SH-00250,LG-000484,2026-06-14 12:26:00,-18.2
RD-0012150,SH-00250,LG-000484,2026-06-14 12:56:00,-18.7
RD-0012151,SH-00250,LG-000484,2026-06-14 13:26:00,-17.7
RD-0012152,SH-00250,LG-000484,2026-06-14 13:56:00,-18.5
RD-0012153,SH-00250,LG-000484,2026-06-14 14:26:00,-17.4
RD-0012154,SH-00250,LG-000484,2026-06-14 14:56:00,-18.5
RD-0012155,SH-00250,LG-000484,2026-06-14 15:26:00,-17.9
RD-0012156,SH-00250,LG-000484,2026-06-14 15:56:00,-16.5
RD-0012157,SH-00250,LG-000484,2026-06-14 16:26:00,-17.8
RD-0012158,SH-00250,LG-000484,2026-06-14 16:56:00,-18.1
RD-0012159,SH-00251,LG-000485,2026-08-16 14:44:00,3.5
RD-0012160,SH-00251,LG-000485,2026-08-16 15:14:00,4.0
RD-0012161,SH-00251,LG-000485,2026-08-16 15:44:00,3.7
RD-0012162,SH-00251,LG-000485,2026-08-16 16:14:00,4.3
RD-0012163,SH-00251,LG-000485,2026-08-16 16:44:00,4.1
RD-0012164,SH-00251,LG-000485,2026-08-16 17:14:00,5.1
RD-0012165,SH-00251,LG-000485,2026-08-16 17:44:00,3.8
RD-0012166,SH-00251,LG-000485,2026-08-16 18:14:00,4.2
RD-0012167,SH-00251,LG-000485,2026-08-16 18:44:00,5.4
RD-0012168,SH-00251,LG-000485,2026-08-16 19:14:00,3.4
RD-0012169,SH-00251,LG-000485,2026-08-16 19:44:00,4.1
RD-0012170,SH-00251,LG-000485,2026-08-16 20:14:00,4.4
RD-0012171,SH-00251,LG-000485,2026-08-16 20:44:00,4.1
RD-0012172,SH-00251,LG-000485,2026-08-16 21:14:00,4.8
RD-0012173,SH-00251,LG-000485,2026-08-16 21:44:00,-999
RD-0012174,SH-00251,LG-000485,2026-08-16 22:14:00,3.2
RD-0012175,SH-00251,LG-000486,2026-08-16 22:44:00,4.1
RD-0012176,SH-00251,LG-000486,2026-08-16 23:14:00,4.9
RD-0012177,SH-00251,LG-000486,2026-08-16 23:44:00,4.0
RD-0012178,SH-00251,LG-000486,2026-08-17 00:14:00,4.2
RD-0012179,SH-00251,LG-000486,2026-08-17 00:44:00,4.1
RD-0012180,SH-00251,LG-000486,2026-08-17 01:14:00,3.0
RD-0012181,SH-00251,LG-000486,2026-08-17 01:44:00,5.2
RD-0012182,SH-00251,LG-000486,2026-08-17 02:14:00,3.3
RD-0012183,SH-00251,LG-000486,2026-08-17 02:44:00,4.6
RD-0012184,SH-00251,LG-000486,2026-08-17 03:14:00,4.2
RD-0012185,SH-00251,LG-000486,2026-08-17 03:44:00,3.2
RD-0012186,SH-00251,LG-000486,2026-08-17 04:14:00,5.3
RD-0012187,SH-00251,LG-000486,2026-08-17 04:44:00,3.2
RD-0012188,SH-00251,LG-000486,2026-08-17 05:14:00,5.1
RD-0012189,SH-00251,LG-000486,2026-08-17 05:44:00,3.3
RD-0012190,SH-00251,LG-000486,2026-08-17 06:14:00,3.4
RD-0012191,SH-00251,LG-000487,2026-08-17 06:44:00,4.2
RD-0012192,SH-00251,LG-000487,2026-08-17 07:14:00,5.1
RD-0012193,SH-00251,LG-000487,2026-08-17 07:44:00,5.5
RD-0012194,SH-00251,LG-000487,2026-08-17 08:14:00,3.2
RD-0012195,SH-00251,LG-000487,2026-08-17 08:44:00,2.5
RD-0012196,SH-00251,LG-000487,2026-08-17 09:14:00,3.7
RD-0012197,SH-00251,LG-000487,2026-08-17 09:44:00,3.7
RD-0012198,SH-00251,LG-000487,2026-08-17 10:14:00,5.1
RD-0012199,SH-00251,LG-000487,2026-08-17 10:44:00,2.9
RD-0012200,SH-00251,LG-000487,2026-08-17 11:14:00,3.7
RD-0012201,SH-00251,LG-000487,2026-08-17 11:44:00,4.8
RD-0012202,SH-00251,LG-000487,2026-08-17 12:14:00,4.0
RD-0012203,SH-00251,LG-000487,2026-08-17 12:44:00,4.3
RD-0012204,SH-00251,LG-000487,2026-08-17 13:14:00,4.4
RD-0012205,SH-00251,LG-000487,2026-08-17 13:44:00,4.4
RD-0012206,SH-00251,LG-000487,2026-08-17 14:14:00,3.3
RD-0012207,SH-00252,LG-000488,2026-07-07 06:38:00,-17.0
RD-0012208,SH-00252,LG-000488,2026-07-07 07:08:00,-18.4
RD-0012209,SH-00252,LG-000488,2026-07-07 07:38:00,-18.8
RD-0012210,SH-00252,LG-000488,2026-07-07 08:08:00,-18.5
RD-0012211,SH-00252,LG-000488,2026-07-07 08:38:00,-18.4
RD-0012212,SH-00252,LG-000488,2026-07-07 09:08:00,-18.5
RD-0012213,SH-00252,LG-000488,2026-07-07 09:38:00,-17.7
RD-0012214,SH-00252,LG-000488,2026-07-07 10:08:00,-18.4
RD-0012215,SH-00252,LG-000488,2026-07-07 10:38:00,-18.2
RD-0012216,SH-00252,LG-000488,2026-07-07 11:08:00,-17.8
RD-0012217,SH-00252,LG-000488,2026-07-07 11:38:00,-18.4
RD-0012218,SH-00252,LG-000488,2026-07-07 12:08:00,-19.7
RD-0012219,SH-00252,LG-000488,2026-07-07 12:38:00,-10.5
RD-0012220,SH-00252,LG-000488,2026-07-07 13:08:00,-18.7
RD-0012221,SH-00252,LG-000488,2026-07-07 13:38:00,-19.3
RD-0012222,SH-00252,LG-000488,2026-07-07 14:08:00,-17.8
RD-0012223,SH-00252,LG-000489,2026-07-07 14:38:00,-18.7
RD-0012224,SH-00252,LG-000489,2026-07-07 15:08:00,-18.4
RD-0012225,SH-00252,LG-000489,2026-07-07 15:38:00,-17.8
RD-0012226,SH-00252,LG-000489,2026-07-07 16:08:00,-13.1
RD-0012227,SH-00252,LG-000489,2026-07-07 16:38:00,-17.3
RD-0012228,SH-00252,LG-000489,2026-07-07 17:08:00,-18.5
RD-0012229,SH-00252,LG-000489,2026-07-07 17:38:00,-18.3
RD-0012230,SH-00252,LG-000489,2026-07-07 18:08:00,-19.8
RD-0012231,SH-00252,LG-000489,2026-07-07 18:38:00,-18.7
RD-0012232,SH-00252,LG-000489,2026-07-07 19:08:00,-19.2
RD-0012233,SH-00252,LG-000489,2026-07-07 19:38:00,-11.6
RD-0012234,SH-00252,LG-000489,2026-07-07 20:08:00,-18.9
RD-0012235,SH-00252,LG-000489,2026-07-07 20:38:00,-17.9
RD-0012236,SH-00252,LG-000489,2026-07-07 21:08:00,-10.8
RD-0012237,SH-00252,LG-000489,2026-07-07 21:38:00,-11.4
RD-0012238,SH-00252,LG-000489,2026-07-07 22:08:00,-999
RD-0012239,SH-00253,LG-000490,2026-08-18 09:52:00,1.2
RD-0012240,SH-00253,LG-000490,2026-08-18 10:22:00,1.8
RD-0012241,SH-00253,LG-000490,2026-08-18 10:52:00,-4.4
RD-0012242,SH-00253,LG-000490,2026-08-18 11:22:00,-1.9
RD-0012243,SH-00253,LG-000490,2026-08-18 11:52:00,0.2
RD-0012244,SH-00253,LG-000490,2026-08-18 12:22:00,0.0
RD-0012245,SH-00253,LG-000490,2026-08-18 12:52:00,-0.9
RD-0012246,SH-00253,LG-000490,2026-08-18 13:22:00,-2.0
RD-0012247,SH-00253,LG-000490,2026-08-18 13:52:00,-2.8
RD-0012248,SH-00253,LG-000490,2026-08-18 14:22:00,-4.0
RD-0012249,SH-00253,LG-000491,2026-08-18 14:52:00,-18.2
RD-0012250,SH-00253,LG-000491,2026-08-18 15:22:00,-17.8
RD-0012251,SH-00253,LG-000491,2026-08-18 15:52:00,-17.4
RD-0012252,SH-00253,LG-000491,2026-08-18 16:22:00,-16.9
RD-0012253,SH-00253,LG-000491,2026-08-18 16:52:00,-18.3
RD-0012254,SH-00253,LG-000491,2026-08-18 17:22:00,-18.7
RD-0012255,SH-00253,LG-000491,2026-08-18 17:52:00,-18.3
RD-0012256,SH-00253,LG-000491,2026-08-18 18:22:00,-18.3
RD-0012257,SH-00253,LG-000491,2026-08-18 18:52:00,-17.5
RD-0012258,SH-00253,LG-000491,2026-08-18 19:22:00,-16.4
RD-0012259,SH-00254,LG-000492,2026-07-03 05:06:00,-18.6
RD-0012260,SH-00254,LG-000492,2026-07-03 05:36:00,-16.7
RD-0012261,SH-00254,LG-000492,2026-07-03 06:06:00,-18.5
RD-0012262,SH-00254,LG-000492,2026-07-03 06:36:00,-10.3
RD-0012263,SH-00254,LG-000492,2026-07-03 07:06:00,-18.4
RD-0012264,SH-00254,LG-000492,2026-07-03 07:36:00,-18.8
RD-0012265,SH-00254,LG-000492,2026-07-03 08:06:00,-17.5
RD-0012266,SH-00254,LG-000492,2026-07-03 08:36:00,-13.8
RD-0012267,SH-00254,LG-000492,2026-07-03 09:06:00,-12.5
RD-0012268,SH-00254,LG-000492,2026-07-03 09:36:00,-14.1
RD-0012269,SH-00254,LG-000492,2026-07-03 10:06:00,-17.5
RD-0012270,SH-00254,LG-000492,2026-07-03 10:36:00,-14.9
RD-0012271,SH-00254,LG-000492,2026-07-03 11:06:00,-18.4
RD-0012272,SH-00254,LG-000492,2026-07-03 11:36:00,-17.6
RD-0012273,SH-00254,LG-000492,2026-07-03 12:06:00,-18.2
RD-0012274,SH-00254,LG-000492,2026-07-03 12:36:00,-19.2
RD-0012275,SH-00254,LG-000493,2026-07-03 13:06:00,-18.8
RD-0012276,SH-00254,LG-000493,2026-07-03 13:36:00,-18.7
RD-0012277,SH-00254,LG-000493,2026-07-03 14:06:00,-11.7
RD-0012278,SH-00254,LG-000493,2026-07-03 14:36:00,-17.6
RD-0012279,SH-00254,LG-000493,2026-07-03 15:06:00,-17.6
RD-0012280,SH-00254,LG-000493,2026-07-03 15:36:00,-16.5
RD-0012281,SH-00254,LG-000493,2026-07-03 16:06:00,-20.3
RD-0012282,SH-00254,LG-000493,2026-07-03 16:36:00,-16.6
RD-0012283,SH-00254,LG-000493,2026-07-03 17:06:00,-17.5
RD-0012284,SH-00254,LG-000493,2026-07-03 17:36:00,-18.7
RD-0012285,SH-00254,LG-000493,2026-07-03 18:06:00,-17.8
RD-0012286,SH-00254,LG-000493,2026-07-03 18:36:00,-17.7
RD-0012287,SH-00254,LG-000493,2026-07-03 19:06:00,-18.9
RD-0012288,SH-00254,LG-000493,2026-07-03 19:36:00,-12.4
RD-0012289,SH-00254,LG-000493,2026-07-03 20:06:00,-18.0
RD-0012290,SH-00254,LG-000493,2026-07-03 20:36:00,-17.9
RD-0012291,SH-00255,LG-000494,2026-07-21 12:47:00,3.6
RD-0012292,SH-00255,LG-000494,2026-07-21 13:17:00,3.0
RD-0012293,SH-00255,LG-000494,2026-07-21 13:47:00,4.0
RD-0012294,SH-00255,LG-000494,2026-07-21 14:17:00,4.6
RD-0012295,SH-00255,LG-000494,2026-07-21 14:47:00,3.7
RD-0012296,SH-00255,LG-000494,2026-07-21 15:17:00,3.2
RD-0012297,SH-00255,LG-000494,2026-07-21 15:47:00,4.3
RD-0012298,SH-00255,LG-000494,2026-07-21 16:17:00,4.0
RD-0012299,SH-00255,LG-000494,2026-07-21 16:47:00,5.5
RD-0012300,SH-00255,LG-000494,2026-07-21 17:17:00,3.4
RD-0012301,SH-00255,LG-000494,2026-07-21 17:47:00,3.4
RD-0012302,SH-00255,LG-000494,2026-07-21 18:17:00,4.7
RD-0012303,SH-00255,LG-000494,2026-07-21 18:47:00,3.3
RD-0012304,SH-00255,LG-000494,2026-07-21 19:17:00,4.0
RD-0012305,SH-00255,LG-000494,2026-07-21 19:47:00,4.7
RD-0012306,SH-00255,LG-000494,2026-07-21 20:17:00,4.0
RD-0012307,SH-00255,LG-000494,2026-07-21 20:47:00,3.5
RD-0012308,SH-00255,LG-000494,2026-07-21 21:17:00,4.3
RD-0012309,SH-00255,LG-000494,2026-07-21 21:47:00,4.1
RD-0012310,SH-00255,LG-000494,2026-07-21 22:17:00,3.9
RD-0012311,SH-00255,LG-000494,2026-07-21 22:47:00,3.7
RD-0012312,SH-00255,LG-000494,2026-07-21 23:17:00,4.5
RD-0012313,SH-00255,LG-000494,2026-07-21 23:47:00,4.0
RD-0012314,SH-00255,LG-000494,2026-07-22 00:17:00,3.3
RD-0012315,SH-00255,LG-000494,2026-07-22 00:47:00,3.1
RD-0012316,SH-00255,LG-000494,2026-07-22 01:17:00,4.1
RD-0012317,SH-00255,LG-000494,2026-07-22 01:47:00,3.8
RD-0012318,SH-00255,LG-000494,2026-07-22 02:17:00,4.3
RD-0012319,SH-00255,LG-000494,2026-07-22 02:47:00,-999
RD-0012320,SH-00255,LG-000494,2026-07-22 03:17:00,5.1
RD-0012321,SH-00255,LG-000494,2026-07-22 03:47:00,2.6
RD-0012322,SH-00255,LG-000494,2026-07-22 04:17:00,4.4
RD-0012323,SH-00255,LG-000494,2026-07-22 04:47:00,3.9
RD-0012324,SH-00255,LG-000494,2026-07-22 05:17:00,5.4
RD-0012325,SH-00255,LG-000494,2026-07-22 05:47:00,2.8
RD-0012326,SH-00255,LG-000494,2026-07-22 06:17:00,4.6
RD-0012327,SH-00255,LG-000494,2026-07-22 06:47:00,4.4
RD-0012328,SH-00255,LG-000494,2026-07-22 07:17:00,4.9
RD-0012329,SH-00255,LG-000494,2026-07-22 07:47:00,2.9
RD-0012330,SH-00255,LG-000494,2026-07-22 08:17:00,4.3
RD-0012331,SH-00255,LG-000494,2026-07-22 08:47:00,4.2
RD-0012332,SH-00255,LG-000494,2026-07-22 09:17:00,4.0
RD-0012333,SH-00255,LG-000494,2026-07-22 09:47:00,3.8
RD-0012334,SH-00255,LG-000494,2026-07-22 10:17:00,3.9
RD-0012335,SH-00255,LG-000494,2026-07-22 10:47:00,4.5
RD-0012336,SH-00255,LG-000494,2026-07-22 11:17:00,4.4
RD-0012337,SH-00255,LG-000494,2026-07-22 11:47:00,3.9
RD-0012338,SH-00255,LG-000494,2026-07-22 12:17:00,4.3
RD-0012339,SH-00255,LG-000494,2026-07-22 12:47:00,4.0
RD-0012340,SH-00255,LG-000494,2026-07-22 13:17:00,3.2
RD-0012341,SH-00255,LG-000494,2026-07-22 13:47:00,3.8
RD-0012342,SH-00255,LG-000494,2026-07-22 14:17:00,4.0
RD-0012343,SH-00255,LG-000494,2026-07-22 14:47:00,3.9
RD-0012344,SH-00255,LG-000494,2026-07-22 15:17:00,4.3
RD-0012345,SH-00255,LG-000494,2026-07-22 15:47:00,4.3
RD-0012346,SH-00255,LG-000494,2026-07-22 16:17:00,5.1
RD-0012347,SH-00255,LG-000494,2026-07-22 16:47:00,4.5
RD-0012348,SH-00255,LG-000494,2026-07-22 17:17:00,4.9
RD-0012349,SH-00255,LG-000494,2026-07-22 17:47:00,3.3
RD-0012350,SH-00255,LG-000494,2026-07-22 18:17:00,4.1
RD-0012351,SH-00255,LG-000494,2026-07-22 18:47:00,3.4
RD-0012352,SH-00255,LG-000494,2026-07-22 19:17:00,4.3
RD-0012353,SH-00255,LG-000494,2026-07-22 19:47:00,3.7
RD-0012354,SH-00255,LG-000494,2026-07-22 20:17:00,3.7
RD-0012355,SH-00256,LG-000495,2026-07-31 03:55:00,41.1
RD-0012356,SH-00256,LG-000495,2026-07-31 04:25:00,41.2
RD-0012357,SH-00256,LG-000495,2026-07-31 04:55:00,39.2
RD-0012358,SH-00256,LG-000495,2026-07-31 05:25:00,41.6
RD-0012359,SH-00256,LG-000495,2026-07-31 05:55:00,39.0
RD-0012360,SH-00256,LG-000495,2026-07-31 06:25:00,40.0
RD-0012361,SH-00256,LG-000495,2026-07-31 06:55:00,42.3
RD-0012362,SH-00256,LG-000495,2026-07-31 07:25:00,41.7
RD-0012363,SH-00256,LG-000495,2026-07-31 07:55:00,42.3
RD-0012364,SH-00256,LG-000495,2026-07-31 08:25:00,41.3
RD-0012365,SH-00256,LG-000495,2026-07-31 08:55:00,39.1
RD-0012366,SH-00256,LG-000495,2026-07-31 09:25:00,42.8
RD-0012367,SH-00256,LG-000495,2026-07-31 09:55:00,40.8
RD-0012368,SH-00256,LG-000495,2026-07-31 10:25:00,41.1
RD-0012369,SH-00256,LG-000495,2026-07-31 10:55:00,42.8
RD-0012370,SH-00256,LG-000495,2026-07-31 11:25:00,42.5
RD-0012371,SH-00256,LG-000495,2026-07-31 11:55:00,41.8
RD-0012372,SH-00256,LG-000495,2026-07-31 12:25:00,41.1
RD-0012373,SH-00256,LG-000495,2026-07-31 12:55:00,41.4
RD-0012374,SH-00256,LG-000495,2026-07-31 13:25:00,41.2
RD-0012375,SH-00256,LG-000495,2026-07-31 13:55:00,39.9
RD-0012376,SH-00256,LG-000495,2026-07-31 14:25:00,42.2
RD-0012377,SH-00256,LG-000495,2026-07-31 14:55:00,41.6
RD-0012378,SH-00256,LG-000495,2026-07-31 15:25:00,39.7
RD-0012379,SH-00256,LG-000495,2026-07-31 15:55:00,41.1
RD-0012380,SH-00256,LG-000495,2026-07-31 16:25:00,42.9
RD-0012381,SH-00256,LG-000495,2026-07-31 16:55:00,41.6
RD-0012382,SH-00256,LG-000495,2026-07-31 17:25:00,41.8
RD-0012383,SH-00256,LG-000495,2026-07-31 17:55:00,39.9
RD-0012384,SH-00256,LG-000495,2026-07-31 18:25:00,41.9
RD-0012385,SH-00256,LG-000495,2026-07-31 18:55:00,41.8
RD-0012386,SH-00256,LG-000495,2026-07-31 19:25:00,41.8
RD-0012387,SH-00256,LG-000495,2026-07-31 19:55:00,42.2
RD-0012388,SH-00256,LG-000495,2026-07-31 20:25:00,41.9
RD-0012389,SH-00256,LG-000495,2026-07-31 20:55:00,-999
RD-0012390,SH-00256,LG-000495,2026-07-31 21:25:00,41.4
RD-0012391,SH-00256,LG-000495,2026-07-31 21:55:00,41.9
RD-0012392,SH-00256,LG-000495,2026-07-31 22:25:00,38.0
RD-0012393,SH-00256,LG-000495,2026-07-31 22:55:00,42.5
RD-0012394,SH-00256,LG-000495,2026-07-31 23:25:00,43.6
RD-0012395,SH-00256,LG-000496,2026-07-31 23:55:00,5.5
RD-0012396,SH-00256,LG-000496,2026-08-01 00:25:00,6.0
RD-0012397,SH-00256,LG-000496,2026-08-01 00:55:00,5.2
RD-0012398,SH-00256,LG-000496,2026-08-01 01:25:00,4.7
RD-0012399,SH-00256,LG-000496,2026-08-01 01:55:00,4.2
RD-0012400,SH-00256,LG-000496,2026-08-01 02:25:00,4.4
RD-0012401,SH-00256,LG-000496,2026-08-01 02:55:00,4.6
RD-0012402,SH-00256,LG-000496,2026-08-01 03:25:00,5.6
RD-0012403,SH-00256,LG-000496,2026-08-01 03:55:00,5.1
RD-0012404,SH-00256,LG-000496,2026-08-01 04:25:00,4.2
RD-0012405,SH-00256,LG-000496,2026-08-01 04:55:00,5.4
RD-0012406,SH-00256,LG-000496,2026-08-01 05:25:00,5.1
RD-0012407,SH-00256,LG-000496,2026-08-01 05:55:00,3.9
RD-0012408,SH-00256,LG-000496,2026-08-01 06:25:00,3.4
RD-0012409,SH-00256,LG-000496,2026-08-01 06:55:00,4.1
RD-0012410,SH-00256,LG-000496,2026-08-01 07:25:00,4.5
RD-0012411,SH-00256,LG-000496,2026-08-01 07:55:00,5.3
RD-0012412,SH-00256,LG-000496,2026-08-01 08:25:00,4.1
RD-0012413,SH-00256,LG-000496,2026-08-01 08:55:00,5.9
RD-0012414,SH-00256,LG-000496,2026-08-01 09:25:00,4.6
RD-0012415,SH-00256,LG-000496,2026-08-01 09:55:00,3.6
RD-0012416,SH-00256,LG-000496,2026-08-01 10:25:00,4.9
RD-0012417,SH-00256,LG-000496,2026-08-01 10:55:00,4.7
RD-0012418,SH-00256,LG-000496,2026-08-01 11:25:00,4.1
RD-0012419,SH-00256,LG-000496,2026-08-01 11:55:00,3.4
RD-0012420,SH-00256,LG-000496,2026-08-01 12:25:00,3.4
RD-0012421,SH-00256,LG-000496,2026-08-01 12:55:00,5.1
RD-0012422,SH-00256,LG-000496,2026-08-01 13:25:00,4.0
RD-0012423,SH-00256,LG-000496,2026-08-01 13:55:00,5.8
RD-0012424,SH-00256,LG-000496,2026-08-01 14:25:00,4.7
RD-0012425,SH-00256,LG-000496,2026-08-01 14:55:00,4.7
RD-0012426,SH-00256,LG-000496,2026-08-01 15:25:00,4.0
RD-0012427,SH-00256,LG-000496,2026-08-01 15:55:00,5.8
RD-0012428,SH-00256,LG-000496,2026-08-01 16:25:00,4.9
RD-0012429,SH-00256,LG-000496,2026-08-01 16:55:00,5.3
RD-0012430,SH-00256,LG-000496,2026-08-01 17:25:00,5.4
RD-0012431,SH-00256,LG-000496,2026-08-01 17:55:00,5.2
RD-0012432,SH-00256,LG-000496,2026-08-01 18:25:00,5.7
RD-0012433,SH-00256,LG-000496,2026-08-01 18:55:00,5.2
RD-0012434,SH-00256,LG-000496,2026-08-01 19:25:00,3.7
RD-0012435,SH-00257,LG-000497,2026-08-13 06:36:00,3.4
RD-0012436,SH-00257,LG-000497,2026-08-13 07:06:00,5.3
RD-0012437,SH-00257,LG-000497,2026-08-13 07:36:00,3.4
RD-0012438,SH-00257,LG-000497,2026-08-13 08:06:00,4.0
RD-0012439,SH-00257,LG-000497,2026-08-13 08:36:00,4.7
RD-0012440,SH-00257,LG-000497,2026-08-13 09:06:00,6.3
RD-0012441,SH-00257,LG-000497,2026-08-13 09:36:00,3.7
RD-0012442,SH-00257,LG-000497,2026-08-13 10:06:00,3.8
RD-0012443,SH-00257,LG-000497,2026-08-13 10:36:00,4.4
RD-0012444,SH-00257,LG-000497,2026-08-13 11:06:00,5.2
RD-0012445,SH-00257,LG-000497,2026-08-13 11:36:00,3.0
RD-0012446,SH-00257,LG-000497,2026-08-13 12:06:00,4.6
RD-0012447,SH-00257,LG-000497,2026-08-13 12:36:00,3.2
RD-0012448,SH-00257,LG-000497,2026-08-13 13:06:00,4.3
RD-0012449,SH-00257,LG-000497,2026-08-13 13:36:00,3.6
RD-0012450,SH-00257,LG-000497,2026-08-13 14:06:00,3.4
RD-0012451,SH-00257,LG-000497,2026-08-13 14:36:00,3.6
RD-0012452,SH-00257,LG-000497,2026-08-13 15:06:00,4.4
RD-0012453,SH-00257,LG-000497,2026-08-13 15:36:00,4.2
RD-0012454,SH-00257,LG-000497,2026-08-13 16:06:00,4.9
RD-0012455,SH-00257,LG-000497,2026-08-13 16:36:00,3.8
RD-0012456,SH-00257,LG-000497,2026-08-13 17:06:00,4.1
RD-0012457,SH-00257,LG-000497,2026-08-13 17:36:00,4.0
RD-0012458,SH-00257,LG-000497,2026-08-13 18:06:00,3.0
RD-0012459,SH-00257,LG-000497,2026-08-13 18:36:00,4.2
RD-0012460,SH-00257,LG-000497,2026-08-13 19:06:00,4.7
RD-0012461,SH-00257,LG-000497,2026-08-13 19:36:00,3.4
RD-0012462,SH-00257,LG-000497,2026-08-13 20:06:00,4.0
RD-0012463,SH-00257,LG-000497,2026-08-13 20:36:00,2.8
RD-0012464,SH-00257,LG-000497,2026-08-13 21:06:00,4.4
RD-0012465,SH-00257,LG-000497,2026-08-13 21:36:00,5.1
RD-0012466,SH-00257,LG-000497,2026-08-13 22:06:00,3.6
RD-0012467,SH-00257,LG-000497,2026-08-13 22:36:00,3.9
RD-0012468,SH-00257,LG-000497,2026-08-13 23:06:00,5.7
RD-0012469,SH-00257,LG-000497,2026-08-13 23:36:00,2.7
RD-0012470,SH-00257,LG-000497,2026-08-14 00:06:00,3.7
RD-0012471,SH-00257,LG-000497,2026-08-14 00:36:00,4.7
RD-0012472,SH-00257,LG-000497,2026-08-14 01:06:00,5.0
RD-0012473,SH-00257,LG-000497,2026-08-14 01:36:00,3.4
RD-0012474,SH-00257,LG-000497,2026-08-14 02:06:00,3.3
RD-0012475,SH-00257,LG-000497,2026-08-14 02:36:00,4.5
RD-0012476,SH-00257,LG-000497,2026-08-14 03:06:00,4.2
RD-0012477,SH-00257,LG-000497,2026-08-14 03:36:00,4.6
RD-0012478,SH-00257,LG-000497,2026-08-14 04:06:00,-999
RD-0012479,SH-00257,LG-000497,2026-08-14 04:36:00,2.6
RD-0012480,SH-00257,LG-000497,2026-08-14 05:06:00,3.7
RD-0012481,SH-00257,LG-000497,2026-08-14 05:36:00,4.1
RD-0012482,SH-00257,LG-000497,2026-08-14 06:06:00,3.9
RD-0012483,SH-00257,LG-000497,2026-08-14 06:36:00,3.2
RD-0012484,SH-00257,LG-000497,2026-08-14 07:06:00,3.1
RD-0012485,SH-00257,LG-000497,2026-08-14 07:36:00,3.5
RD-0012486,SH-00257,LG-000497,2026-08-14 08:06:00,4.2
RD-0012487,SH-00257,LG-000497,2026-08-14 08:36:00,3.5
RD-0012488,SH-00257,LG-000497,2026-08-14 09:06:00,4.5
RD-0012489,SH-00257,LG-000497,2026-08-14 09:36:00,3.4
RD-0012490,SH-00257,LG-000497,2026-08-14 10:06:00,4.2
RD-0012491,SH-00257,LG-000497,2026-08-14 10:36:00,3.5
RD-0012492,SH-00257,LG-000497,2026-08-14 11:06:00,4.1
RD-0012493,SH-00257,LG-000497,2026-08-14 11:36:00,4.2
RD-0012494,SH-00257,LG-000497,2026-08-14 12:06:00,4.1
RD-0012495,SH-00258,LG-000498,2026-07-31 02:52:00,4.1
RD-0012496,SH-00258,LG-000498,2026-07-31 03:22:00,4.7
RD-0012497,SH-00258,LG-000498,2026-07-31 03:52:00,5.0
RD-0012498,SH-00258,LG-000498,2026-07-31 04:22:00,3.5
RD-0012499,SH-00258,LG-000498,2026-07-31 04:52:00,3.6
RD-0012500,SH-00258,LG-000498,2026-07-31 05:22:00,5.2
RD-0012501,SH-00258,LG-000498,2026-07-31 05:52:00,3.9
RD-0012502,SH-00258,LG-000498,2026-07-31 06:22:00,3.0
RD-0012503,SH-00258,LG-000498,2026-07-31 06:52:00,4.6
RD-0012504,SH-00258,LG-000498,2026-07-31 07:22:00,3.8
RD-0012505,SH-00258,LG-000498,2026-07-31 07:52:00,4.3
RD-0012506,SH-00258,LG-000498,2026-07-31 08:22:00,2.8
RD-0012507,SH-00258,LG-000498,2026-07-31 08:52:00,4.4
RD-0012508,SH-00258,LG-000498,2026-07-31 09:22:00,3.7
RD-0012509,SH-00258,LG-000498,2026-07-31 09:52:00,2.6
RD-0012510,SH-00258,LG-000498,2026-07-31 10:22:00,3.6
RD-0012511,SH-00258,LG-000498,2026-07-31 10:52:00,4.3
RD-0012512,SH-00258,LG-000498,2026-07-31 11:22:00,4.3
RD-0012513,SH-00258,LG-000498,2026-07-31 11:52:00,4.0
RD-0012514,SH-00258,LG-000498,2026-07-31 12:22:00,4.3
RD-0012515,SH-00258,LG-000498,2026-07-31 12:52:00,5.3
RD-0012516,SH-00258,LG-000498,2026-07-31 13:22:00,3.2
RD-0012517,SH-00258,LG-000498,2026-07-31 13:52:00,4.5
RD-0012518,SH-00258,LG-000498,2026-07-31 14:22:00,3.3
RD-0012519,SH-00258,LG-000498,2026-07-31 14:52:00,3.2
RD-0012520,SH-00258,LG-000498,2026-07-31 15:22:00,3.4
RD-0012521,SH-00258,LG-000498,2026-07-31 15:52:00,4.4
RD-0012522,SH-00258,LG-000498,2026-07-31 16:22:00,4.8
RD-0012523,SH-00258,LG-000498,2026-07-31 16:52:00,3.8
RD-0012524,SH-00258,LG-000498,2026-07-31 17:22:00,3.5
RD-0012525,SH-00258,LG-000498,2026-07-31 17:52:00,3.1
RD-0012526,SH-00258,LG-000498,2026-07-31 18:22:00,3.3
RD-0012527,SH-00258,LG-000498,2026-07-31 18:52:00,3.6
RD-0012528,SH-00258,LG-000498,2026-07-31 19:22:00,3.7
RD-0012529,SH-00258,LG-000498,2026-07-31 19:52:00,4.1
RD-0012530,SH-00258,LG-000498,2026-07-31 20:22:00,3.7
RD-0012531,SH-00258,LG-000498,2026-07-31 20:52:00,3.2
RD-0012532,SH-00258,LG-000498,2026-07-31 21:22:00,4.5
RD-0012533,SH-00258,LG-000498,2026-07-31 21:52:00,4.6
RD-0012534,SH-00258,LG-000498,2026-07-31 22:22:00,3.9
RD-0012535,SH-00258,LG-000498,2026-07-31 22:52:00,2.7
RD-0012536,SH-00258,LG-000498,2026-07-31 23:22:00,3.4
RD-0012537,SH-00258,LG-000498,2026-07-31 23:52:00,4.4
RD-0012538,SH-00258,LG-000498,2026-08-01 00:22:00,4.0
RD-0012539,SH-00258,LG-000498,2026-08-01 00:52:00,5.4
RD-0012540,SH-00258,LG-000498,2026-08-01 01:22:00,3.5
RD-0012541,SH-00258,LG-000498,2026-08-01 01:52:00,4.6
RD-0012542,SH-00258,LG-000498,2026-08-01 02:22:00,3.7
RD-0012543,SH-00258,LG-000498,2026-08-01 02:52:00,4.1
RD-0012544,SH-00258,LG-000498,2026-08-01 03:22:00,5.4
RD-0012545,SH-00258,LG-000498,2026-08-01 03:52:00,4.7
RD-0012546,SH-00258,LG-000498,2026-08-01 04:22:00,4.5
RD-0012547,SH-00258,LG-000498,2026-08-01 04:52:00,5.6
RD-0012548,SH-00258,LG-000498,2026-08-01 05:22:00,4.9
RD-0012549,SH-00258,LG-000498,2026-08-01 05:52:00,4.3
RD-0012550,SH-00258,LG-000498,2026-08-01 06:22:00,3.1
RD-0012551,SH-00258,LG-000498,2026-08-01 06:52:00,4.2
RD-0012552,SH-00258,LG-000498,2026-08-01 07:22:00,3.3
RD-0012553,SH-00258,LG-000498,2026-08-01 07:52:00,2.8
RD-0012554,SH-00258,LG-000498,2026-08-01 08:22:00,3.1
RD-0012555,SH-00258,LG-000498,2026-08-01 08:52:00,3.7
RD-0012556,SH-00258,LG-000498,2026-08-01 09:22:00,5.0
RD-0012557,SH-00258,LG-000498,2026-08-01 09:52:00,3.5
RD-0012558,SH-00258,LG-000498,2026-08-01 10:22:00,2.8
RD-0012559,SH-00259,LG-000499,2026-07-21 05:54:00,4.8
RD-0012560,SH-00259,LG-000499,2026-07-21 06:24:00,4.5
RD-0012561,SH-00259,LG-000499,2026-07-21 06:54:00,6.5
RD-0012562,SH-00259,LG-000499,2026-07-21 07:24:00,3.9
RD-0012563,SH-00259,LG-000499,2026-07-21 07:54:00,6.6
RD-0012564,SH-00259,LG-000499,2026-07-21 08:24:00,4.9
RD-0012565,SH-00259,LG-000499,2026-07-21 08:54:00,5.3
RD-0012566,SH-00259,LG-000499,2026-07-21 09:24:00,4.7
RD-0012567,SH-00259,LG-000499,2026-07-21 09:54:00,8.4
RD-0012568,SH-00259,LG-000499,2026-07-21 10:24:00,4.7
RD-0012569,SH-00259,LG-000499,2026-07-21 10:54:00,13.6
RD-0012570,SH-00259,LG-000499,2026-07-21 11:24:00,3.9
RD-0012571,SH-00259,LG-000499,2026-07-21 11:54:00,5.7
RD-0012572,SH-00259,LG-000499,2026-07-21 12:24:00,5.3
RD-0012573,SH-00259,LG-000499,2026-07-21 12:54:00,9.1
RD-0012574,SH-00259,LG-000499,2026-07-21 13:24:00,8.9
RD-0012575,SH-00259,LG-000499,2026-07-21 13:54:00,4.4
RD-0012576,SH-00259,LG-000499,2026-07-21 14:24:00,6.2
RD-0012577,SH-00259,LG-000499,2026-07-21 14:54:00,5.0
RD-0012578,SH-00259,LG-000499,2026-07-21 15:24:00,5.9
RD-0012579,SH-00259,LG-000499,2026-07-21 15:54:00,5.3
RD-0012580,SH-00259,LG-000499,2026-07-21 16:24:00,10.4
RD-0012581,SH-00259,LG-000499,2026-07-21 16:54:00,12.6
RD-0012582,SH-00259,LG-000499,2026-07-21 17:24:00,6.2
RD-0012583,SH-00259,LG-000499,2026-07-21 17:54:00,8.0
RD-0012584,SH-00259,LG-000499,2026-07-21 18:24:00,4.3
RD-0012585,SH-00259,LG-000499,2026-07-21 18:54:00,4.3
RD-0012586,SH-00259,LG-000499,2026-07-21 19:24:00,5.7
RD-0012587,SH-00259,LG-000499,2026-07-21 19:54:00,5.6
RD-0012588,SH-00259,LG-000499,2026-07-21 20:24:00,5.1
RD-0012589,SH-00259,LG-000499,2026-07-21 20:54:00,5.9
RD-0012590,SH-00259,LG-000499,2026-07-21 21:24:00,5.0
RD-0012591,SH-00259,LG-000499,2026-07-21 21:54:00,5.6
RD-0012592,SH-00259,LG-000499,2026-07-21 22:24:00,4.0
RD-0012593,SH-00259,LG-000499,2026-07-21 22:54:00,5.5
RD-0012594,SH-00259,LG-000499,2026-07-21 23:24:00,4.4
RD-0012595,SH-00259,LG-000499,2026-07-21 23:54:00,5.3
RD-0012596,SH-00259,LG-000499,2026-07-22 00:24:00,4.9
RD-0012597,SH-00259,LG-000499,2026-07-22 00:54:00,5.4
RD-0012598,SH-00259,LG-000499,2026-07-22 01:24:00,4.8
RD-0012599,SH-00259,LG-000500,2026-07-22 01:54:00,5.4
RD-0012600,SH-00259,LG-000500,2026-07-22 02:24:00,-999
RD-0012601,SH-00259,LG-000500,2026-07-22 02:54:00,5.2
RD-0012602,SH-00259,LG-000500,2026-07-22 03:24:00,7.0
RD-0012603,SH-00259,LG-000500,2026-07-22 03:54:00,5.4
RD-0012604,SH-00259,LG-000500,2026-07-22 04:24:00,5.9
RD-0012605,SH-00259,LG-000500,2026-07-22 04:54:00,6.3
RD-0012606,SH-00259,LG-000500,2026-07-22 05:24:00,5.7
RD-0012607,SH-00259,LG-000500,2026-07-22 05:54:00,5.4
RD-0012608,SH-00259,LG-000500,2026-07-22 06:24:00,5.2
RD-0012609,SH-00259,LG-000500,2026-07-22 06:54:00,11.4
RD-0012610,SH-00259,LG-000500,2026-07-22 07:24:00,4.1
RD-0012611,SH-00259,LG-000500,2026-07-22 07:54:00,5.6
RD-0012612,SH-00259,LG-000500,2026-07-22 08:24:00,4.4
RD-0012613,SH-00259,LG-000500,2026-07-22 08:54:00,4.8
RD-0012614,SH-00259,LG-000500,2026-07-22 09:24:00,5.3
RD-0012615,SH-00259,LG-000500,2026-07-22 09:54:00,4.8
RD-0012616,SH-00259,LG-000500,2026-07-22 10:24:00,4.1
RD-0012617,SH-00259,LG-000500,2026-07-22 10:54:00,12.6
RD-0012618,SH-00259,LG-000500,2026-07-22 11:24:00,3.8
RD-0012619,SH-00259,LG-000500,2026-07-22 11:54:00,5.4
RD-0012620,SH-00259,LG-000500,2026-07-22 12:24:00,5.2
RD-0012621,SH-00259,LG-000500,2026-07-22 12:54:00,4.6
RD-0012622,SH-00259,LG-000500,2026-07-22 13:24:00,9.3
RD-0012623,SH-00259,LG-000500,2026-07-22 13:54:00,4.6
RD-0012624,SH-00259,LG-000500,2026-07-22 14:24:00,5.2
RD-0012625,SH-00259,LG-000500,2026-07-22 14:54:00,5.6
RD-0012626,SH-00259,LG-000500,2026-07-22 15:24:00,3.8
RD-0012627,SH-00259,LG-000500,2026-07-22 15:54:00,6.1
RD-0012628,SH-00259,LG-000500,2026-07-22 16:24:00,4.9
RD-0012629,SH-00259,LG-000500,2026-07-22 16:54:00,4.6
RD-0012630,SH-00259,LG-000500,2026-07-22 17:24:00,9.6
RD-0012631,SH-00259,LG-000500,2026-07-22 17:54:00,5.3
RD-0012632,SH-00259,LG-000500,2026-07-22 18:24:00,5.1
RD-0012633,SH-00259,LG-000500,2026-07-22 18:54:00,5.2
RD-0012634,SH-00259,LG-000500,2026-07-22 19:24:00,5.3
RD-0012635,SH-00259,LG-000500,2026-07-22 19:54:00,3.8
RD-0012636,SH-00259,LG-000500,2026-07-22 20:24:00,9.3
RD-0012637,SH-00259,LG-000500,2026-07-22 20:54:00,13.0
RD-0012638,SH-00259,LG-000500,2026-07-22 21:24:00,5.8
RD-0012639,SH-00260,LG-000501,2026-07-09 20:27:00,4.5
RD-0012640,SH-00260,LG-000501,2026-07-09 20:57:00,2.9
RD-0012641,SH-00260,LG-000501,2026-07-09 21:27:00,4.1
RD-0012642,SH-00260,LG-000501,2026-07-09 21:57:00,4.1
RD-0012643,SH-00260,LG-000501,2026-07-09 22:27:00,5.4
RD-0012644,SH-00260,LG-000501,2026-07-09 22:57:00,4.4
RD-0012645,SH-00260,LG-000501,2026-07-09 23:27:00,3.6
RD-0012646,SH-00260,LG-000501,2026-07-09 23:57:00,4.6
RD-0012647,SH-00260,LG-000501,2026-07-10 00:27:00,4.7
RD-0012648,SH-00260,LG-000501,2026-07-10 00:57:00,5.0
RD-0012649,SH-00260,LG-000501,2026-07-10 01:27:00,3.9
RD-0012650,SH-00260,LG-000501,2026-07-10 01:57:00,4.0
RD-0012651,SH-00260,LG-000501,2026-07-10 02:27:00,4.0
RD-0012652,SH-00260,LG-000501,2026-07-10 02:57:00,4.2
RD-0012653,SH-00260,LG-000501,2026-07-10 03:27:00,2.6
RD-0012654,SH-00260,LG-000501,2026-07-10 03:57:00,3.5
RD-0012655,SH-00260,LG-000501,2026-07-10 04:27:00,3.5
RD-0012656,SH-00260,LG-000501,2026-07-10 04:57:00,4.6
RD-0012657,SH-00260,LG-000501,2026-07-10 05:27:00,3.5
RD-0012658,SH-00260,LG-000501,2026-07-10 05:57:00,2.6
RD-0012659,SH-00260,LG-000501,2026-07-10 06:27:00,6.0
RD-0012660,SH-00260,LG-000501,2026-07-10 06:57:00,4.7
RD-0012661,SH-00260,LG-000501,2026-07-10 07:27:00,4.4
RD-0012662,SH-00260,LG-000501,2026-07-10 07:57:00,3.6
RD-0012663,SH-00260,LG-000501,2026-07-10 08:27:00,3.4
RD-0012664,SH-00260,LG-000501,2026-07-10 08:57:00,4.8
RD-0012665,SH-00260,LG-000501,2026-07-10 09:27:00,3.5
RD-0012666,SH-00260,LG-000501,2026-07-10 09:57:00,3.4
RD-0012667,SH-00260,LG-000501,2026-07-10 10:27:00,2.1
RD-0012668,SH-00260,LG-000501,2026-07-10 10:57:00,4.5
RD-0012669,SH-00260,LG-000501,2026-07-10 11:27:00,3.1
RD-0012670,SH-00260,LG-000501,2026-07-10 11:57:00,4.6
RD-0012671,SH-00260,LG-000501,2026-07-10 12:27:00,2.7
RD-0012672,SH-00260,LG-000501,2026-07-10 12:57:00,4.6
RD-0012673,SH-00260,LG-000502,2026-07-10 13:27:00,3.4
RD-0012674,SH-00260,LG-000502,2026-07-10 13:57:00,3.8
RD-0012675,SH-00260,LG-000502,2026-07-10 14:27:00,3.8
RD-0012676,SH-00260,LG-000502,2026-07-10 14:57:00,4.6
RD-0012677,SH-00260,LG-000502,2026-07-10 15:27:00,5.8
RD-0012678,SH-00260,LG-000502,2026-07-10 15:57:00,4.0
RD-0012679,SH-00260,LG-000502,2026-07-10 16:27:00,4.5
RD-0012680,SH-00260,LG-000502,2026-07-10 16:57:00,4.3
RD-0012681,SH-00260,LG-000502,2026-07-10 17:27:00,5.3
RD-0012682,SH-00260,LG-000502,2026-07-10 17:57:00,4.8
RD-0012683,SH-00260,LG-000502,2026-07-10 18:27:00,2.9
RD-0012684,SH-00260,LG-000502,2026-07-10 18:57:00,3.2
RD-0012685,SH-00260,LG-000502,2026-07-10 19:27:00,3.4
RD-0012686,SH-00260,LG-000502,2026-07-10 19:57:00,3.6
RD-0012687,SH-00260,LG-000502,2026-07-10 20:27:00,-999
RD-0012688,SH-00260,LG-000502,2026-07-10 20:57:00,2.9
RD-0012689,SH-00260,LG-000502,2026-07-10 21:27:00,4.7
RD-0012690,SH-00260,LG-000502,2026-07-10 21:57:00,5.0
RD-0012691,SH-00260,LG-000502,2026-07-10 22:27:00,4.7
RD-0012692,SH-00260,LG-000502,2026-07-10 22:57:00,3.7
RD-0012693,SH-00260,LG-000502,2026-07-10 23:27:00,5.0
RD-0012694,SH-00260,LG-000502,2026-07-10 23:57:00,4.0
RD-0012695,SH-00260,LG-000502,2026-07-11 00:27:00,4.9
RD-0012696,SH-00260,LG-000502,2026-07-11 00:57:00,4.9
RD-0012697,SH-00260,LG-000502,2026-07-11 01:27:00,5.3
RD-0012698,SH-00260,LG-000502,2026-07-11 01:57:00,3.6
RD-0012699,SH-00260,LG-000502,2026-07-11 02:27:00,3.3
RD-0012700,SH-00260,LG-000502,2026-07-11 02:57:00,3.0
RD-0012701,SH-00260,LG-000502,2026-07-11 03:27:00,5.4
RD-0012702,SH-00260,LG-000502,2026-07-11 03:57:00,4.9
RD-0012703,SH-00260,LG-000502,2026-07-11 04:27:00,4.9
RD-0012704,SH-00260,LG-000502,2026-07-11 04:57:00,4.4
RD-0012705,SH-00260,LG-000502,2026-07-11 05:27:00,3.9
RD-0012706,SH-00260,LG-000502,2026-07-11 05:57:00,2.2
RD-0012707,SH-00261,LG-000503,2026-08-20 14:35:00,3.5
RD-0012708,SH-00261,LG-000503,2026-08-20 15:05:00,2.8
RD-0012709,SH-00261,LG-000503,2026-08-20 15:35:00,3.9
RD-0012710,SH-00261,LG-000503,2026-08-20 16:05:00,3.1
RD-0012711,SH-00261,LG-000503,2026-08-20 16:35:00,5.0
RD-0012712,SH-00261,LG-000503,2026-08-20 17:05:00,5.4
RD-0012713,SH-00261,LG-000503,2026-08-20 17:35:00,4.5
RD-0012714,SH-00261,LG-000503,2026-08-20 18:05:00,4.6
RD-0012715,SH-00261,LG-000503,2026-08-20 18:35:00,5.0
RD-0012716,SH-00261,LG-000503,2026-08-20 19:05:00,2.7
RD-0012717,SH-00261,LG-000503,2026-08-20 19:35:00,4.0
RD-0012718,SH-00261,LG-000503,2026-08-20 20:05:00,-999
RD-0012719,SH-00261,LG-000503,2026-08-20 20:35:00,4.4
RD-0012720,SH-00261,LG-000503,2026-08-20 21:05:00,4.1
RD-0012721,SH-00261,LG-000503,2026-08-20 21:35:00,4.1
RD-0012722,SH-00261,LG-000503,2026-08-20 22:05:00,3.9
RD-0012723,SH-00261,LG-000503,2026-08-20 22:35:00,4.1
RD-0012724,SH-00261,LG-000503,2026-08-20 23:05:00,4.4
RD-0012725,SH-00261,LG-000504,2026-08-20 23:35:00,4.5
RD-0012726,SH-00261,LG-000504,2026-08-21 00:05:00,4.0
RD-0012727,SH-00261,LG-000504,2026-08-21 00:35:00,3.3
RD-0012728,SH-00261,LG-000504,2026-08-21 01:05:00,3.6
RD-0012729,SH-00261,LG-000504,2026-08-21 01:35:00,3.5
RD-0012730,SH-00261,LG-000504,2026-08-21 02:05:00,4.6
RD-0012731,SH-00261,LG-000504,2026-08-21 02:35:00,3.5
RD-0012732,SH-00261,LG-000504,2026-08-21 03:05:00,2.2
RD-0012733,SH-00261,LG-000504,2026-08-21 03:35:00,3.0
RD-0012734,SH-00261,LG-000504,2026-08-21 04:05:00,3.6
RD-0012735,SH-00261,LG-000504,2026-08-21 04:35:00,3.4
RD-0012736,SH-00261,LG-000504,2026-08-21 05:05:00,6.1
RD-0012737,SH-00261,LG-000504,2026-08-21 05:35:00,4.1
RD-0012738,SH-00261,LG-000504,2026-08-21 06:05:00,4.1
RD-0012739,SH-00261,LG-000504,2026-08-21 06:35:00,4.7
RD-0012740,SH-00261,LG-000504,2026-08-21 07:05:00,4.9
RD-0012741,SH-00261,LG-000504,2026-08-21 07:35:00,4.1
RD-0012742,SH-00261,LG-000504,2026-08-21 08:05:00,3.1
RD-0012743,SH-00261,LG-000505,2026-08-21 08:35:00,2.0
RD-0012744,SH-00261,LG-000505,2026-08-21 09:05:00,4.6
RD-0012745,SH-00261,LG-000505,2026-08-21 09:35:00,2.8
RD-0012746,SH-00261,LG-000505,2026-08-21 10:05:00,5.1
RD-0012747,SH-00261,LG-000505,2026-08-21 10:35:00,4.0
RD-0012748,SH-00261,LG-000505,2026-08-21 11:05:00,4.7
RD-0012749,SH-00261,LG-000505,2026-08-21 11:35:00,3.5
RD-0012750,SH-00261,LG-000505,2026-08-21 12:05:00,4.6
RD-0012751,SH-00261,LG-000505,2026-08-21 12:35:00,4.6
RD-0012752,SH-00261,LG-000505,2026-08-21 13:05:00,3.8
RD-0012753,SH-00261,LG-000505,2026-08-21 13:35:00,5.2
RD-0012754,SH-00261,LG-000505,2026-08-21 14:05:00,3.2
RD-0012755,SH-00261,LG-000505,2026-08-21 14:35:00,3.7
RD-0012756,SH-00261,LG-000505,2026-08-21 15:05:00,4.9
RD-0012757,SH-00261,LG-000505,2026-08-21 15:35:00,2.7
RD-0012758,SH-00261,LG-000505,2026-08-21 16:05:00,2.6
RD-0012759,SH-00261,LG-000505,2026-08-21 16:35:00,3.8
RD-0012760,SH-00261,LG-000505,2026-08-21 17:05:00,3.0
RD-0012761,SH-00262,LG-000506,2026-08-22 19:15:00,-17.9
RD-0012762,SH-00262,LG-000506,2026-08-22 19:45:00,-17.8
RD-0012763,SH-00262,LG-000506,2026-08-22 20:15:00,-18.8
RD-0012764,SH-00262,LG-000506,2026-08-22 20:45:00,-18.7
RD-0012765,SH-00262,LG-000506,2026-08-22 21:15:00,-19.6
RD-0012766,SH-00262,LG-000506,2026-08-22 21:45:00,-18.0
RD-0012767,SH-00262,LG-000506,2026-08-22 22:15:00,-18.0
RD-0012768,SH-00262,LG-000506,2026-08-22 22:45:00,-17.8
RD-0012769,SH-00262,LG-000506,2026-08-22 23:15:00,-18.1
RD-0012770,SH-00262,LG-000506,2026-08-22 23:45:00,-17.4
RD-0012771,SH-00262,LG-000506,2026-08-23 00:15:00,-17.1
RD-0012772,SH-00262,LG-000506,2026-08-23 00:45:00,-18.2
RD-0012773,SH-00262,LG-000506,2026-08-23 01:15:00,-19.0
RD-0012774,SH-00262,LG-000506,2026-08-23 01:45:00,-17.9
RD-0012775,SH-00262,LG-000506,2026-08-23 02:15:00,-18.4
RD-0012776,SH-00262,LG-000506,2026-08-23 02:45:00,-19.9
RD-0012777,SH-00262,LG-000506,2026-08-23 03:15:00,-17.0
RD-0012778,SH-00262,LG-000506,2026-08-23 03:45:00,-17.3
RD-0012779,SH-00262,LG-000506,2026-08-23 04:15:00,-19.8
RD-0012780,SH-00262,LG-000506,2026-08-23 04:45:00,-18.3
RD-0012781,SH-00262,LG-000506,2026-08-23 05:15:00,-18.5
RD-0012782,SH-00262,LG-000506,2026-08-23 05:45:00,-19.7
RD-0012783,SH-00262,LG-000506,2026-08-23 06:15:00,-17.7
RD-0012784,SH-00262,LG-000506,2026-08-23 06:45:00,-17.8
RD-0012785,SH-00262,LG-000506,2026-08-23 07:15:00,-16.9
RD-0012786,SH-00262,LG-000506,2026-08-23 07:45:00,-18.1
RD-0012787,SH-00262,LG-000506,2026-08-23 08:15:00,-17.7
RD-0012788,SH-00262,LG-000506,2026-08-23 08:45:00,-18.2
RD-0012789,SH-00262,LG-000506,2026-08-23 09:15:00,-18.3
RD-0012790,SH-00262,LG-000506,2026-08-23 09:45:00,-17.7
RD-0012791,SH-00262,LG-000506,2026-08-23 10:15:00,-17.9
RD-0012792,SH-00262,LG-000506,2026-08-23 10:45:00,-17.9
RD-0012793,SH-00262,LG-000506,2026-08-23 11:15:00,-18.3
RD-0012794,SH-00262,LG-000506,2026-08-23 11:45:00,-17.6
RD-0012795,SH-00262,LG-000506,2026-08-23 12:15:00,-17.6
RD-0012796,SH-00262,LG-000506,2026-08-23 12:45:00,-18.4
RD-0012797,SH-00262,LG-000507,2026-08-23 13:15:00,-17.9
RD-0012798,SH-00262,LG-000507,2026-08-23 13:45:00,-18.1
RD-0012799,SH-00262,LG-000507,2026-08-23 14:15:00,-17.9
RD-0012800,SH-00262,LG-000507,2026-08-23 14:45:00,-18.4
RD-0012801,SH-00262,LG-000507,2026-08-23 15:15:00,-17.9
RD-0012802,SH-00262,LG-000507,2026-08-23 15:45:00,-18.3
RD-0012803,SH-00262,LG-000507,2026-08-23 16:15:00,-17.3
RD-0012804,SH-00262,LG-000507,2026-08-23 16:45:00,-17.5
RD-0012805,SH-00262,LG-000507,2026-08-23 17:15:00,-17.8
RD-0012806,SH-00262,LG-000507,2026-08-23 17:45:00,-18.1
RD-0012807,SH-00262,LG-000507,2026-08-23 18:15:00,-18.4
RD-0012808,SH-00262,LG-000507,2026-08-23 18:45:00,-18.6
RD-0012809,SH-00262,LG-000507,2026-08-23 19:15:00,-18.6
RD-0012810,SH-00262,LG-000507,2026-08-23 19:45:00,-18.0
RD-0012811,SH-00262,LG-000507,2026-08-23 20:15:00,-16.6
RD-0012812,SH-00262,LG-000507,2026-08-23 20:45:00,-18.6
RD-0012813,SH-00262,LG-000507,2026-08-23 21:15:00,-18.9
RD-0012814,SH-00262,LG-000507,2026-08-23 21:45:00,-17.7
RD-0012815,SH-00262,LG-000507,2026-08-23 22:15:00,-17.8
RD-0012816,SH-00262,LG-000507,2026-08-23 22:45:00,-999
RD-0012817,SH-00262,LG-000507,2026-08-23 23:15:00,-19.8
RD-0012818,SH-00262,LG-000507,2026-08-23 23:45:00,-17.9
RD-0012819,SH-00262,LG-000507,2026-08-24 00:15:00,-18.0
RD-0012820,SH-00262,LG-000507,2026-08-24 00:45:00,-18.1
RD-0012821,SH-00262,LG-000507,2026-08-24 01:15:00,-18.0
RD-0012822,SH-00262,LG-000507,2026-08-24 01:45:00,-19.6
RD-0012823,SH-00262,LG-000507,2026-08-24 02:15:00,-17.7
RD-0012824,SH-00262,LG-000507,2026-08-24 02:45:00,-18.1
RD-0012825,SH-00262,LG-000507,2026-08-24 03:15:00,-16.9
RD-0012826,SH-00262,LG-000507,2026-08-24 03:45:00,-17.4
RD-0012827,SH-00262,LG-000507,2026-08-24 04:15:00,-18.7
RD-0012828,SH-00262,LG-000507,2026-08-24 04:45:00,-17.3
RD-0012829,SH-00262,LG-000507,2026-08-24 05:15:00,-16.7
RD-0012830,SH-00262,LG-000507,2026-08-24 05:45:00,-17.1
RD-0012831,SH-00262,LG-000507,2026-08-24 06:15:00,-18.8
RD-0012832,SH-00262,LG-000507,2026-08-24 06:45:00,-17.7
RD-0012833,SH-00263,LG-000508,2026-06-22 06:44:00,3.1
RD-0012834,SH-00263,LG-000508,2026-06-22 07:14:00,4.1
RD-0012835,SH-00263,LG-000508,2026-06-22 07:44:00,3.4
RD-0012836,SH-00263,LG-000508,2026-06-22 08:14:00,4.1
RD-0012837,SH-00263,LG-000508,2026-06-22 08:44:00,3.9
RD-0012838,SH-00263,LG-000508,2026-06-22 09:14:00,5.1
RD-0012839,SH-00263,LG-000508,2026-06-22 09:44:00,5.3
RD-0012840,SH-00263,LG-000508,2026-06-22 10:14:00,4.8
RD-0012841,SH-00263,LG-000508,2026-06-22 10:44:00,3.7
RD-0012842,SH-00263,LG-000508,2026-06-22 11:14:00,4.2
RD-0012843,SH-00263,LG-000508,2026-06-22 11:44:00,3.7
RD-0012844,SH-00263,LG-000508,2026-06-22 12:14:00,4.9
RD-0012845,SH-00263,LG-000508,2026-06-22 12:44:00,3.2
RD-0012846,SH-00263,LG-000508,2026-06-22 13:14:00,4.3
RD-0012847,SH-00263,LG-000508,2026-06-22 13:44:00,4.3
RD-0012848,SH-00263,LG-000508,2026-06-22 14:14:00,5.0
RD-0012849,SH-00263,LG-000509,2026-06-22 14:44:00,2.4
RD-0012850,SH-00263,LG-000509,2026-06-22 15:14:00,3.8
RD-0012851,SH-00263,LG-000509,2026-06-22 15:44:00,4.0
RD-0012852,SH-00263,LG-000509,2026-06-22 16:14:00,3.5
RD-0012853,SH-00263,LG-000509,2026-06-22 16:44:00,5.2
RD-0012854,SH-00263,LG-000509,2026-06-22 17:14:00,4.0
RD-0012855,SH-00263,LG-000509,2026-06-22 17:44:00,3.9
RD-0012856,SH-00263,LG-000509,2026-06-22 18:14:00,3.7
RD-0012857,SH-00263,LG-000509,2026-06-22 18:44:00,4.1
RD-0012858,SH-00263,LG-000509,2026-06-22 19:14:00,4.3
RD-0012859,SH-00263,LG-000509,2026-06-22 19:44:00,4.5
RD-0012860,SH-00263,LG-000509,2026-06-22 20:14:00,4.3
RD-0012861,SH-00263,LG-000509,2026-06-22 20:44:00,5.0
RD-0012862,SH-00263,LG-000509,2026-06-22 21:14:00,4.0
RD-0012863,SH-00263,LG-000509,2026-06-22 21:44:00,3.8
RD-0012864,SH-00263,LG-000509,2026-06-22 22:14:00,3.4
RD-0012865,SH-00263,LG-000510,2026-06-22 22:44:00,3.4
RD-0012866,SH-00263,LG-000510,2026-06-22 23:14:00,3.9
RD-0012867,SH-00263,LG-000510,2026-06-22 23:44:00,5.1
RD-0012868,SH-00263,LG-000510,2026-06-23 00:14:00,3.2
RD-0012869,SH-00263,LG-000510,2026-06-23 00:44:00,3.6
RD-0012870,SH-00263,LG-000510,2026-06-23 01:14:00,4.5
RD-0012871,SH-00263,LG-000510,2026-06-23 01:44:00,3.6
RD-0012872,SH-00263,LG-000510,2026-06-23 02:14:00,4.4
RD-0012873,SH-00263,LG-000510,2026-06-23 02:44:00,4.2
RD-0012874,SH-00263,LG-000510,2026-06-23 03:14:00,4.7
RD-0012875,SH-00263,LG-000510,2026-06-23 03:44:00,3.3
RD-0012876,SH-00263,LG-000510,2026-06-23 04:14:00,3.2
RD-0012877,SH-00263,LG-000510,2026-06-23 04:44:00,-999
RD-0012878,SH-00263,LG-000510,2026-06-23 05:14:00,5.5
RD-0012879,SH-00263,LG-000510,2026-06-23 05:44:00,3.0
RD-0012880,SH-00263,LG-000510,2026-06-23 06:14:00,4.6
RD-0012881,SH-00264,LG-000511,2026-08-01 09:43:00,4.1
RD-0012882,SH-00264,LG-000511,2026-08-01 10:13:00,5.4
RD-0012883,SH-00264,LG-000511,2026-08-01 10:43:00,3.9
RD-0012884,SH-00264,LG-000511,2026-08-01 11:13:00,10.8
RD-0012885,SH-00264,LG-000511,2026-08-01 11:43:00,3.5
RD-0012886,SH-00264,LG-000511,2026-08-01 12:13:00,3.9
RD-0012887,SH-00264,LG-000511,2026-08-01 12:43:00,4.6
RD-0012888,SH-00264,LG-000511,2026-08-01 13:13:00,2.7
RD-0012889,SH-00264,LG-000511,2026-08-01 13:43:00,3.6
RD-0012890,SH-00264,LG-000511,2026-08-01 14:13:00,2.9
RD-0012891,SH-00264,LG-000511,2026-08-01 14:43:00,2.6
RD-0012892,SH-00264,LG-000511,2026-08-01 15:13:00,4.3
RD-0012893,SH-00264,LG-000511,2026-08-01 15:43:00,4.8
RD-0012894,SH-00264,LG-000511,2026-08-01 16:13:00,3.7
RD-0012895,SH-00264,LG-000511,2026-08-01 16:43:00,4.1
RD-0012896,SH-00264,LG-000511,2026-08-01 17:13:00,10.1
RD-0012897,SH-00264,LG-000511,2026-08-01 17:43:00,2.9
RD-0012898,SH-00264,LG-000511,2026-08-01 18:13:00,3.6
RD-0012899,SH-00264,LG-000511,2026-08-01 18:43:00,12.6
RD-0012900,SH-00264,LG-000511,2026-08-01 19:13:00,4.2
RD-0012901,SH-00264,LG-000511,2026-08-01 19:43:00,3.6
RD-0012902,SH-00264,LG-000511,2026-08-01 20:13:00,10.4
RD-0012903,SH-00264,LG-000511,2026-08-01 20:43:00,4.1
RD-0012904,SH-00264,LG-000511,2026-08-01 21:13:00,3.7
RD-0012905,SH-00264,LG-000511,2026-08-01 21:43:00,11.0
RD-0012906,SH-00264,LG-000511,2026-08-01 22:13:00,4.0
RD-0012907,SH-00264,LG-000511,2026-08-01 22:43:00,4.0
RD-0012908,SH-00264,LG-000511,2026-08-01 23:13:00,3.4
RD-0012909,SH-00264,LG-000511,2026-08-01 23:43:00,10.8
RD-0012910,SH-00264,LG-000511,2026-08-02 00:13:00,3.9
RD-0012911,SH-00264,LG-000511,2026-08-02 00:43:00,3.5
RD-0012912,SH-00264,LG-000511,2026-08-02 01:13:00,11.3
RD-0012913,SH-00264,LG-000512,2026-08-02 01:43:00,4.6
RD-0012914,SH-00264,LG-000512,2026-08-02 02:13:00,3.9
RD-0012915,SH-00264,LG-000512,2026-08-02 02:43:00,4.4
RD-0012916,SH-00264,LG-000512,2026-08-02 03:13:00,4.8
RD-0012917,SH-00264,LG-000512,2026-08-02 03:43:00,4.1
RD-0012918,SH-00264,LG-000512,2026-08-02 04:13:00,4.1
RD-0012919,SH-00264,LG-000512,2026-08-02 04:43:00,3.3
RD-0012920,SH-00264,LG-000512,2026-08-02 05:13:00,3.9
RD-0012921,SH-00264,LG-000512,2026-08-02 05:43:00,2.6
RD-0012922,SH-00264,LG-000512,2026-08-02 06:13:00,-999
RD-0012923,SH-00264,LG-000512,2026-08-02 06:43:00,8.3
RD-0012924,SH-00264,LG-000512,2026-08-02 07:13:00,4.4
RD-0012925,SH-00264,LG-000512,2026-08-02 07:43:00,2.7
RD-0012926,SH-00264,LG-000512,2026-08-02 08:13:00,3.9
RD-0012927,SH-00264,LG-000512,2026-08-02 08:43:00,3.3
RD-0012928,SH-00264,LG-000512,2026-08-02 09:13:00,8.2
RD-0012929,SH-00264,LG-000512,2026-08-02 09:43:00,3.6
RD-0012930,SH-00264,LG-000512,2026-08-02 10:13:00,3.1
RD-0012931,SH-00264,LG-000512,2026-08-02 10:43:00,2.8
RD-0012932,SH-00264,LG-000512,2026-08-02 11:13:00,4.4
RD-0012933,SH-00264,LG-000512,2026-08-02 11:43:00,3.8
RD-0012934,SH-00264,LG-000512,2026-08-02 12:13:00,9.8
RD-0012935,SH-00264,LG-000512,2026-08-02 12:43:00,4.1
RD-0012936,SH-00264,LG-000512,2026-08-02 13:13:00,3.2
RD-0012937,SH-00264,LG-000512,2026-08-02 13:43:00,5.5
RD-0012938,SH-00264,LG-000512,2026-08-02 14:13:00,2.8
RD-0012939,SH-00264,LG-000512,2026-08-02 14:43:00,3.4
RD-0012940,SH-00264,LG-000512,2026-08-02 15:13:00,7.4
RD-0012941,SH-00264,LG-000512,2026-08-02 15:43:00,4.1
RD-0012942,SH-00264,LG-000512,2026-08-02 16:13:00,4.8
RD-0012943,SH-00264,LG-000512,2026-08-02 16:43:00,4.6
RD-0012944,SH-00264,LG-000512,2026-08-02 17:13:00,4.7
RD-0012945,SH-00265,LG-000513,2026-06-18 06:36:00,3.8
RD-0012946,SH-00265,LG-000513,2026-06-18 07:06:00,3.8
RD-0012947,SH-00265,LG-000513,2026-06-18 07:36:00,3.2
RD-0012948,SH-00265,LG-000513,2026-06-18 08:06:00,4.4
RD-0012949,SH-00265,LG-000513,2026-06-18 08:36:00,3.1
RD-0012950,SH-00265,LG-000513,2026-06-18 09:06:00,5.0
RD-0012951,SH-00265,LG-000513,2026-06-18 09:36:00,5.7
RD-0012952,SH-00265,LG-000513,2026-06-18 10:06:00,4.4
RD-0012953,SH-00265,LG-000513,2026-06-18 10:36:00,2.9
RD-0012954,SH-00265,LG-000513,2026-06-18 11:06:00,5.9
RD-0012955,SH-00265,LG-000513,2026-06-18 11:36:00,4.6
RD-0012956,SH-00265,LG-000513,2026-06-18 12:06:00,4.2
RD-0012957,SH-00265,LG-000513,2026-06-18 12:36:00,3.4
RD-0012958,SH-00265,LG-000513,2026-06-18 13:06:00,3.8
RD-0012959,SH-00265,LG-000513,2026-06-18 13:36:00,4.8
RD-0012960,SH-00265,LG-000513,2026-06-18 14:06:00,4.7
RD-0012961,SH-00265,LG-000514,2026-06-18 14:36:00,40.6
RD-0012962,SH-00265,LG-000514,2026-06-18 15:06:00,40.9
RD-0012963,SH-00265,LG-000514,2026-06-18 15:36:00,38.5
RD-0012964,SH-00265,LG-000514,2026-06-18 16:06:00,36.6
RD-0012965,SH-00265,LG-000514,2026-06-18 16:36:00,41.6
RD-0012966,SH-00265,LG-000514,2026-06-18 17:06:00,38.6
RD-0012967,SH-00265,LG-000514,2026-06-18 17:36:00,40.1
RD-0012968,SH-00265,LG-000514,2026-06-18 18:06:00,38.9
RD-0012969,SH-00265,LG-000514,2026-06-18 18:36:00,37.5
RD-0012970,SH-00265,LG-000514,2026-06-18 19:06:00,41.1
RD-0012971,SH-00265,LG-000514,2026-06-18 19:36:00,39.0
RD-0012972,SH-00265,LG-000514,2026-06-18 20:06:00,40.7
RD-0012973,SH-00265,LG-000514,2026-06-18 20:36:00,37.5
RD-0012974,SH-00265,LG-000514,2026-06-18 21:06:00,38.7
RD-0012975,SH-00265,LG-000514,2026-06-18 21:36:00,38.2
RD-0012976,SH-00265,LG-000514,2026-06-18 22:06:00,39.6
RD-0012977,SH-00265,LG-000515,2026-06-18 22:36:00,3.8
RD-0012978,SH-00265,LG-000515,2026-06-18 23:06:00,3.4
RD-0012979,SH-00265,LG-000515,2026-06-18 23:36:00,5.1
RD-0012980,SH-00265,LG-000515,2026-06-19 00:06:00,4.7
RD-0012981,SH-00265,LG-000515,2026-06-19 00:36:00,5.1
RD-0012982,SH-00265,LG-000515,2026-06-19 01:06:00,4.8
RD-0012983,SH-00265,LG-000515,2026-06-19 01:36:00,5.0
RD-0012984,SH-00265,LG-000515,2026-06-19 02:06:00,5.9
RD-0012985,SH-00265,LG-000515,2026-06-19 02:36:00,6.2
RD-0012986,SH-00265,LG-000515,2026-06-19 03:06:00,4.5
RD-0012987,SH-00265,LG-000515,2026-06-19 03:36:00,4.0
RD-0012988,SH-00265,LG-000515,2026-06-19 04:06:00,4.2
RD-0012989,SH-00265,LG-000515,2026-06-19 04:36:00,3.6
RD-0012990,SH-00265,LG-000515,2026-06-19 05:06:00,4.0
RD-0012991,SH-00265,LG-000515,2026-06-19 05:36:00,2.8
RD-0012992,SH-00265,LG-000515,2026-06-19 06:06:00,3.8
RD-0012993,SH-00266,LG-000516,2026-07-16 11:58:00,2.8
RD-0012994,SH-00266,LG-000516,2026-07-16 12:28:00,4.0
RD-0012995,SH-00266,LG-000516,2026-07-16 12:58:00,4.8
RD-0012996,SH-00266,LG-000516,2026-07-16 13:28:00,3.8
RD-0012997,SH-00266,LG-000516,2026-07-16 13:58:00,3.8
RD-0012998,SH-00266,LG-000516,2026-07-16 14:28:00,3.1
RD-0012999,SH-00266,LG-000516,2026-07-16 14:58:00,3.5
RD-0013000,SH-00266,LG-000516,2026-07-16 15:28:00,4.6
RD-0013001,SH-00266,LG-000516,2026-07-16 15:58:00,3.5
RD-0013002,SH-00266,LG-000516,2026-07-16 16:28:00,-999
RD-0013003,SH-00266,LG-000516,2026-07-16 16:58:00,4.4
RD-0013004,SH-00266,LG-000516,2026-07-16 17:28:00,4.4
RD-0013005,SH-00266,LG-000516,2026-07-16 17:58:00,3.1
RD-0013006,SH-00266,LG-000516,2026-07-16 18:28:00,4.4
RD-0013007,SH-00266,LG-000516,2026-07-16 18:58:00,4.0
RD-0013008,SH-00266,LG-000516,2026-07-16 19:28:00,4.1
RD-0013009,SH-00266,LG-000516,2026-07-16 19:58:00,5.2
RD-0013010,SH-00266,LG-000516,2026-07-16 20:28:00,4.3
RD-0013011,SH-00266,LG-000516,2026-07-16 20:58:00,4.1
RD-0013012,SH-00266,LG-000516,2026-07-16 21:28:00,3.7
RD-0013013,SH-00266,LG-000516,2026-07-16 21:58:00,5.5
RD-0013014,SH-00266,LG-000516,2026-07-16 22:28:00,3.8
RD-0013015,SH-00266,LG-000516,2026-07-16 22:58:00,3.5
RD-0013016,SH-00266,LG-000516,2026-07-16 23:28:00,3.3
RD-0013017,SH-00266,LG-000516,2026-07-16 23:58:00,4.7
RD-0013018,SH-00266,LG-000516,2026-07-17 00:28:00,3.8
RD-0013019,SH-00266,LG-000516,2026-07-17 00:58:00,4.5
RD-0013020,SH-00266,LG-000516,2026-07-17 01:28:00,5.7
RD-0013021,SH-00266,LG-000516,2026-07-17 01:58:00,3.4
RD-0013022,SH-00266,LG-000516,2026-07-17 02:28:00,3.5
RD-0013023,SH-00266,LG-000516,2026-07-17 02:58:00,4.2
RD-0013024,SH-00266,LG-000516,2026-07-17 03:28:00,3.8
RD-0013025,SH-00266,LG-000516,2026-07-17 03:58:00,3.0
RD-0013026,SH-00266,LG-000516,2026-07-17 04:28:00,4.4
RD-0013027,SH-00266,LG-000516,2026-07-17 04:58:00,3.8
RD-0013028,SH-00266,LG-000516,2026-07-17 05:28:00,3.7
RD-0013029,SH-00266,LG-000516,2026-07-17 05:58:00,3.6
RD-0013030,SH-00266,LG-000516,2026-07-17 06:28:00,4.4
RD-0013031,SH-00266,LG-000516,2026-07-17 06:58:00,3.0
RD-0013032,SH-00266,LG-000516,2026-07-17 07:28:00,4.5
RD-0013033,SH-00266,LG-000516,2026-07-17 07:58:00,3.7
RD-0013034,SH-00266,LG-000516,2026-07-17 08:28:00,4.1
RD-0013035,SH-00266,LG-000516,2026-07-17 08:58:00,4.4
RD-0013036,SH-00266,LG-000516,2026-07-17 09:28:00,3.0
RD-0013037,SH-00266,LG-000516,2026-07-17 09:58:00,2.7
RD-0013038,SH-00266,LG-000516,2026-07-17 10:28:00,3.6
RD-0013039,SH-00266,LG-000516,2026-07-17 10:58:00,4.4
RD-0013040,SH-00266,LG-000516,2026-07-17 11:28:00,3.8
RD-0013041,SH-00266,LG-000516,2026-07-17 11:58:00,-999
RD-0013042,SH-00266,LG-000516,2026-07-17 12:28:00,3.7
RD-0013043,SH-00266,LG-000516,2026-07-17 12:58:00,4.0
RD-0013044,SH-00266,LG-000516,2026-07-17 13:28:00,4.1
RD-0013045,SH-00266,LG-000516,2026-07-17 13:58:00,3.5
RD-0013046,SH-00266,LG-000516,2026-07-17 14:28:00,2.5
RD-0013047,SH-00266,LG-000516,2026-07-17 14:58:00,4.7
RD-0013048,SH-00266,LG-000516,2026-07-17 15:28:00,3.8
RD-0013049,SH-00267,LG-000517,2026-08-10 22:49:00,-18.4
RD-0013050,SH-00267,LG-000517,2026-08-10 23:19:00,-17.2
RD-0013051,SH-00267,LG-000517,2026-08-10 23:49:00,-18.5
RD-0013052,SH-00267,LG-000517,2026-08-11 00:19:00,-18.2
RD-0013053,SH-00267,LG-000517,2026-08-11 00:49:00,-18.5
RD-0013054,SH-00267,LG-000517,2026-08-11 01:19:00,-18.9
RD-0013055,SH-00267,LG-000517,2026-08-11 01:49:00,-18.7
RD-0013056,SH-00267,LG-000517,2026-08-11 02:19:00,-17.7
RD-0013057,SH-00267,LG-000517,2026-08-11 02:49:00,-17.9
RD-0013058,SH-00267,LG-000517,2026-08-11 03:19:00,-18.1
RD-0013059,SH-00267,LG-000517,2026-08-11 03:49:00,-18.4
RD-0013060,SH-00267,LG-000517,2026-08-11 04:19:00,-17.2
RD-0013061,SH-00267,LG-000517,2026-08-11 04:49:00,-18.7
RD-0013062,SH-00267,LG-000517,2026-08-11 05:19:00,-18.0
RD-0013063,SH-00267,LG-000517,2026-08-11 05:49:00,-18.0
RD-0013064,SH-00267,LG-000517,2026-08-11 06:19:00,-999
RD-0013065,SH-00267,LG-000517,2026-08-11 06:49:00,-17.7
RD-0013066,SH-00267,LG-000517,2026-08-11 07:19:00,-17.8
RD-0013067,SH-00267,LG-000517,2026-08-11 07:49:00,-18.4
RD-0013068,SH-00267,LG-000517,2026-08-11 08:19:00,-18.9
RD-0013069,SH-00267,LG-000517,2026-08-11 08:49:00,-17.7
RD-0013070,SH-00267,LG-000517,2026-08-11 09:19:00,-17.9
RD-0013071,SH-00267,LG-000517,2026-08-11 09:49:00,-17.4
RD-0013072,SH-00267,LG-000517,2026-08-11 10:19:00,-18.2
RD-0013073,SH-00267,LG-000518,2026-08-11 10:49:00,-19.0
RD-0013074,SH-00267,LG-000518,2026-08-11 11:19:00,-17.4
RD-0013075,SH-00267,LG-000518,2026-08-11 11:49:00,-17.6
RD-0013076,SH-00267,LG-000518,2026-08-11 12:19:00,-17.6
RD-0013077,SH-00267,LG-000518,2026-08-11 12:49:00,-17.1
RD-0013078,SH-00267,LG-000518,2026-08-11 13:19:00,-16.4
RD-0013079,SH-00267,LG-000518,2026-08-11 13:49:00,-18.3
RD-0013080,SH-00267,LG-000518,2026-08-11 14:19:00,-18.4
RD-0013081,SH-00267,LG-000518,2026-08-11 14:49:00,-18.0
RD-0013082,SH-00267,LG-000518,2026-08-11 15:19:00,-19.8
RD-0013083,SH-00267,LG-000518,2026-08-11 15:49:00,-18.5
RD-0013084,SH-00267,LG-000518,2026-08-11 16:19:00,-18.8
RD-0013085,SH-00267,LG-000518,2026-08-11 16:49:00,-16.8
RD-0013086,SH-00267,LG-000518,2026-08-11 17:19:00,-16.6
RD-0013087,SH-00267,LG-000518,2026-08-11 17:49:00,-18.0
RD-0013088,SH-00267,LG-000518,2026-08-11 18:19:00,-17.3
RD-0013089,SH-00267,LG-000518,2026-08-11 18:49:00,-18.0
RD-0013090,SH-00267,LG-000518,2026-08-11 19:19:00,-18.6
RD-0013091,SH-00267,LG-000518,2026-08-11 19:49:00,-18.3
RD-0013092,SH-00267,LG-000518,2026-08-11 20:19:00,-16.0
RD-0013093,SH-00267,LG-000518,2026-08-11 20:49:00,-19.6
RD-0013094,SH-00267,LG-000518,2026-08-11 21:19:00,-16.8
RD-0013095,SH-00267,LG-000518,2026-08-11 21:49:00,-18.9
RD-0013096,SH-00267,LG-000518,2026-08-11 22:19:00,-17.8
RD-0013097,SH-00268,LG-000519,2026-07-27 21:33:00,-18.4
RD-0013098,SH-00268,LG-000519,2026-07-27 22:03:00,-17.3
RD-0013099,SH-00268,LG-000519,2026-07-27 22:33:00,-17.3
RD-0013100,SH-00268,LG-000519,2026-07-27 23:03:00,-16.9
RD-0013101,SH-00268,LG-000519,2026-07-27 23:33:00,-17.1
RD-0013102,SH-00268,LG-000519,2026-07-28 00:03:00,-18.7
RD-0013103,SH-00268,LG-000519,2026-07-28 00:33:00,-17.9
RD-0013104,SH-00268,LG-000519,2026-07-28 01:03:00,-16.9
RD-0013105,SH-00268,LG-000519,2026-07-28 01:33:00,-17.7
RD-0013106,SH-00268,LG-000519,2026-07-28 02:03:00,-17.9
RD-0013107,SH-00268,LG-000520,2026-07-28 02:33:00,-17.7
RD-0013108,SH-00268,LG-000520,2026-07-28 03:03:00,-19.6
RD-0013109,SH-00268,LG-000520,2026-07-28 03:33:00,-17.3
RD-0013110,SH-00268,LG-000520,2026-07-28 04:03:00,-18.3
RD-0013111,SH-00268,LG-000520,2026-07-28 04:33:00,-17.7
RD-0013112,SH-00268,LG-000520,2026-07-28 05:03:00,-17.8
RD-0013113,SH-00268,LG-000520,2026-07-28 05:33:00,-17.2
RD-0013114,SH-00268,LG-000520,2026-07-28 06:03:00,-19.6
RD-0013115,SH-00268,LG-000520,2026-07-28 06:33:00,-18.9
RD-0013116,SH-00268,LG-000520,2026-07-28 07:03:00,-18.6
RD-0013117,SH-00269,LG-000521,2026-08-11 06:53:00,3.5
RD-0013118,SH-00269,LG-000521,2026-08-11 07:23:00,6.0
RD-0013119,SH-00269,LG-000521,2026-08-11 07:53:00,3.0
RD-0013120,SH-00269,LG-000521,2026-08-11 08:23:00,5.4
RD-0013121,SH-00269,LG-000521,2026-08-11 08:53:00,4.5
RD-0013122,SH-00269,LG-000521,2026-08-11 09:23:00,2.9
RD-0013123,SH-00269,LG-000521,2026-08-11 09:53:00,3.2
RD-0013124,SH-00269,LG-000521,2026-08-11 10:23:00,3.5
RD-0013125,SH-00269,LG-000521,2026-08-11 10:53:00,4.5
RD-0013126,SH-00269,LG-000521,2026-08-11 11:23:00,3.0
RD-0013127,SH-00269,LG-000521,2026-08-11 11:53:00,3.8
RD-0013128,SH-00269,LG-000521,2026-08-11 12:23:00,3.1
RD-0013129,SH-00269,LG-000521,2026-08-11 12:53:00,4.0
RD-0013130,SH-00269,LG-000521,2026-08-11 13:23:00,3.5
RD-0013131,SH-00269,LG-000521,2026-08-11 13:53:00,4.3
RD-0013132,SH-00269,LG-000521,2026-08-11 14:23:00,4.9
RD-0013133,SH-00269,LG-000521,2026-08-11 14:53:00,2.6
RD-0013134,SH-00269,LG-000521,2026-08-11 15:23:00,2.8
RD-0013135,SH-00269,LG-000521,2026-08-11 15:53:00,2.9
RD-0013136,SH-00269,LG-000521,2026-08-11 16:23:00,3.2
RD-0013137,SH-00269,LG-000521,2026-08-11 16:53:00,2.6
RD-0013138,SH-00269,LG-000521,2026-08-11 17:23:00,3.9
RD-0013139,SH-00269,LG-000521,2026-08-11 17:53:00,4.9
RD-0013140,SH-00269,LG-000521,2026-08-11 18:23:00,5.0
RD-0013141,SH-00269,LG-000521,2026-08-11 18:53:00,3.3
RD-0013142,SH-00269,LG-000521,2026-08-11 19:23:00,4.5
RD-0013143,SH-00269,LG-000521,2026-08-11 19:53:00,3.2
RD-0013144,SH-00269,LG-000521,2026-08-11 20:23:00,4.1
RD-0013145,SH-00269,LG-000521,2026-08-11 20:53:00,3.9
RD-0013146,SH-00269,LG-000521,2026-08-11 21:23:00,4.7
RD-0013147,SH-00269,LG-000521,2026-08-11 21:53:00,3.2
RD-0013148,SH-00269,LG-000521,2026-08-11 22:23:00,3.7
RD-0013149,SH-00269,LG-000521,2026-08-11 22:53:00,2.9
RD-0013150,SH-00269,LG-000521,2026-08-11 23:23:00,3.4
RD-0013151,SH-00269,LG-000521,2026-08-11 23:53:00,3.8
RD-0013152,SH-00269,LG-000521,2026-08-12 00:23:00,3.7
RD-0013153,SH-00269,LG-000521,2026-08-12 00:53:00,-999
RD-0013154,SH-00269,LG-000521,2026-08-12 01:23:00,3.4
RD-0013155,SH-00269,LG-000521,2026-08-12 01:53:00,-999
RD-0013156,SH-00269,LG-000521,2026-08-12 02:23:00,2.8
RD-0013157,SH-00269,LG-000521,2026-08-12 02:53:00,4.4
RD-0013158,SH-00269,LG-000521,2026-08-12 03:23:00,4.8
RD-0013159,SH-00269,LG-000521,2026-08-12 03:53:00,3.4
RD-0013160,SH-00269,LG-000521,2026-08-12 04:23:00,2.9
RD-0013161,SH-00269,LG-000521,2026-08-12 04:53:00,3.8
RD-0013162,SH-00269,LG-000521,2026-08-12 05:23:00,4.2
RD-0013163,SH-00269,LG-000521,2026-08-12 05:53:00,3.7
RD-0013164,SH-00269,LG-000521,2026-08-12 06:23:00,3.8
RD-0013165,SH-00269,LG-000521,2026-08-12 06:53:00,4.4
RD-0013166,SH-00269,LG-000521,2026-08-12 07:23:00,3.2
RD-0013167,SH-00269,LG-000521,2026-08-12 07:53:00,2.8
RD-0013168,SH-00269,LG-000521,2026-08-12 08:23:00,2.6
RD-0013169,SH-00269,LG-000521,2026-08-12 08:53:00,3.8
RD-0013170,SH-00269,LG-000521,2026-08-12 09:23:00,2.9
RD-0013171,SH-00269,LG-000521,2026-08-12 09:53:00,4.8
RD-0013172,SH-00269,LG-000521,2026-08-12 10:23:00,4.3
RD-0013173,SH-00269,LG-000521,2026-08-12 10:53:00,5.3
RD-0013174,SH-00269,LG-000521,2026-08-12 11:23:00,4.2
RD-0013175,SH-00269,LG-000521,2026-08-12 11:53:00,3.1
RD-0013176,SH-00269,LG-000521,2026-08-12 12:23:00,4.1
RD-0013177,SH-00269,LG-000521,2026-08-12 12:53:00,3.1
RD-0013178,SH-00269,LG-000521,2026-08-12 13:23:00,4.2
RD-0013179,SH-00269,LG-000521,2026-08-12 13:53:00,3.1
RD-0013180,SH-00269,LG-000521,2026-08-12 14:23:00,4.3
RD-0013181,SH-00269,LG-000521,2026-08-12 14:53:00,3.3
RD-0013182,SH-00269,LG-000521,2026-08-12 15:23:00,4.4
RD-0013183,SH-00269,LG-000521,2026-08-12 15:53:00,4.7
RD-0013184,SH-00269,LG-000521,2026-08-12 16:23:00,4.6
RD-0013185,SH-00269,LG-000521,2026-08-12 16:53:00,4.4
RD-0013186,SH-00269,LG-000521,2026-08-12 17:23:00,4.8
RD-0013187,SH-00269,LG-000521,2026-08-12 17:53:00,3.5
RD-0013188,SH-00269,LG-000521,2026-08-12 18:23:00,4.6
RD-0013189,SH-00269,LG-000521,2026-08-12 18:53:00,3.5
RD-0013190,SH-00269,LG-000521,2026-08-12 19:23:00,2.8
RD-0013191,SH-00270,LG-000522,2026-06-08 06:40:00,4.6
RD-0013192,SH-00270,LG-000522,2026-06-08 07:10:00,5.8
RD-0013193,SH-00270,LG-000522,2026-06-08 07:40:00,3.6
RD-0013194,SH-00270,LG-000522,2026-06-08 08:10:00,3.7
RD-0013195,SH-00270,LG-000522,2026-06-08 08:40:00,4.4
RD-0013196,SH-00270,LG-000522,2026-06-08 09:10:00,4.3
RD-0013197,SH-00270,LG-000522,2026-06-08 09:40:00,4.8
RD-0013198,SH-00270,LG-000522,2026-06-08 10:10:00,3.4
RD-0013199,SH-00270,LG-000522,2026-06-08 10:40:00,3.9
RD-0013200,SH-00270,LG-000522,2026-06-08 11:10:00,4.4
RD-0013201,SH-00270,LG-000522,2026-06-08 11:40:00,3.7
RD-0013202,SH-00270,LG-000522,2026-06-08 12:10:00,3.8
RD-0013203,SH-00270,LG-000522,2026-06-08 12:40:00,5.0
RD-0013204,SH-00270,LG-000522,2026-06-08 13:10:00,4.3
RD-0013205,SH-00270,LG-000522,2026-06-08 13:40:00,3.8
RD-0013206,SH-00270,LG-000522,2026-06-08 14:10:00,4.3
RD-0013207,SH-00270,LG-000522,2026-06-08 14:40:00,5.4
RD-0013208,SH-00270,LG-000522,2026-06-08 15:10:00,3.7
RD-0013209,SH-00270,LG-000522,2026-06-08 15:40:00,3.9
RD-0013210,SH-00270,LG-000522,2026-06-08 16:10:00,3.6
RD-0013211,SH-00270,LG-000522,2026-06-08 16:40:00,5.5
RD-0013212,SH-00270,LG-000522,2026-06-08 17:10:00,4.6
RD-0013213,SH-00270,LG-000522,2026-06-08 17:40:00,4.0
RD-0013214,SH-00270,LG-000522,2026-06-08 18:10:00,3.9
RD-0013215,SH-00270,LG-000522,2026-06-08 18:40:00,2.9
RD-0013216,SH-00270,LG-000522,2026-06-08 19:10:00,3.8
RD-0013217,SH-00270,LG-000522,2026-06-08 19:40:00,2.9
RD-0013218,SH-00270,LG-000522,2026-06-08 20:10:00,3.7
RD-0013219,SH-00270,LG-000522,2026-06-08 20:40:00,4.4
RD-0013220,SH-00270,LG-000522,2026-06-08 21:10:00,4.5
RD-0013221,SH-00270,LG-000522,2026-06-08 21:40:00,3.7
RD-0013222,SH-00270,LG-000522,2026-06-08 22:10:00,3.8
RD-0013223,SH-00270,LG-000522,2026-06-08 22:40:00,4.4
RD-0013224,SH-00270,LG-000522,2026-06-08 23:10:00,3.1
RD-0013225,SH-00270,LG-000522,2026-06-08 23:40:00,4.1
RD-0013226,SH-00270,LG-000522,2026-06-09 00:10:00,3.6
RD-0013227,SH-00270,LG-000522,2026-06-09 00:40:00,4.7
RD-0013228,SH-00270,LG-000522,2026-06-09 01:10:00,3.4
RD-0013229,SH-00270,LG-000522,2026-06-09 01:40:00,3.7
RD-0013230,SH-00270,LG-000522,2026-06-09 02:10:00,3.5
RD-0013231,SH-00270,LG-000522,2026-06-09 02:40:00,4.6
RD-0013232,SH-00270,LG-000522,2026-06-09 03:10:00,2.7
RD-0013233,SH-00270,LG-000522,2026-06-09 03:40:00,4.7
RD-0013234,SH-00270,LG-000522,2026-06-09 04:10:00,3.7
RD-0013235,SH-00270,LG-000522,2026-06-09 04:40:00,3.8
RD-0013236,SH-00270,LG-000522,2026-06-09 05:10:00,3.1
RD-0013237,SH-00270,LG-000522,2026-06-09 05:40:00,4.9
RD-0013238,SH-00270,LG-000522,2026-06-09 06:10:00,3.3
RD-0013239,SH-00270,LG-000522,2026-06-09 06:40:00,3.6
RD-0013240,SH-00270,LG-000522,2026-06-09 07:10:00,4.6
RD-0013241,SH-00270,LG-000522,2026-06-09 07:40:00,4.0
RD-0013242,SH-00270,LG-000522,2026-06-09 08:10:00,5.1
RD-0013243,SH-00270,LG-000522,2026-06-09 08:40:00,3.0
RD-0013244,SH-00270,LG-000522,2026-06-09 09:10:00,-999
RD-0013245,SH-00270,LG-000522,2026-06-09 09:40:00,4.6
RD-0013246,SH-00270,LG-000522,2026-06-09 10:10:00,5.3
RD-0013247,SH-00270,LG-000522,2026-06-09 10:40:00,2.8
RD-0013248,SH-00270,LG-000522,2026-06-09 11:10:00,3.1
RD-0013249,SH-00270,LG-000522,2026-06-09 11:40:00,3.8
RD-0013250,SH-00270,LG-000522,2026-06-09 12:10:00,4.2
RD-0013251,SH-00271,LG-000523,2026-08-19 09:30:00,-18.0
RD-0013252,SH-00271,LG-000523,2026-08-19 10:00:00,-17.1
RD-0013253,SH-00271,LG-000523,2026-08-19 10:30:00,-19.9
RD-0013254,SH-00271,LG-000523,2026-08-19 11:00:00,-17.5
RD-0013255,SH-00271,LG-000523,2026-08-19 11:30:00,-17.2
RD-0013256,SH-00271,LG-000523,2026-08-19 12:00:00,-17.9
RD-0013257,SH-00271,LG-000523,2026-08-19 12:30:00,-18.2
RD-0013258,SH-00271,LG-000523,2026-08-19 13:00:00,-17.9
RD-0013259,SH-00271,LG-000523,2026-08-19 13:30:00,-18.0
RD-0013260,SH-00271,LG-000523,2026-08-19 14:00:00,-17.3
RD-0013261,SH-00271,LG-000523,2026-08-19 14:30:00,-17.2
RD-0013262,SH-00271,LG-000523,2026-08-19 15:00:00,-17.6
RD-0013263,SH-00271,LG-000523,2026-08-19 15:30:00,-17.6
RD-0013264,SH-00271,LG-000523,2026-08-19 16:00:00,-17.8
RD-0013265,SH-00271,LG-000523,2026-08-19 16:30:00,-18.6
RD-0013266,SH-00271,LG-000523,2026-08-19 17:00:00,-18.4
RD-0013267,SH-00271,LG-000523,2026-08-19 17:30:00,-19.0
RD-0013268,SH-00271,LG-000523,2026-08-19 18:00:00,-18.7
RD-0013269,SH-00271,LG-000523,2026-08-19 18:30:00,-17.1
RD-0013270,SH-00271,LG-000523,2026-08-19 19:00:00,-17.7
RD-0013271,SH-00271,LG-000523,2026-08-19 19:30:00,-19.0
RD-0013272,SH-00271,LG-000523,2026-08-19 20:00:00,-17.0
RD-0013273,SH-00271,LG-000523,2026-08-19 20:30:00,-19.1
RD-0013274,SH-00271,LG-000523,2026-08-19 21:00:00,-18.2
RD-0013275,SH-00271,LG-000523,2026-08-19 21:30:00,-17.3
RD-0013276,SH-00271,LG-000523,2026-08-19 22:00:00,-18.0
RD-0013277,SH-00271,LG-000523,2026-08-19 22:30:00,-17.9
RD-0013278,SH-00271,LG-000523,2026-08-19 23:00:00,-18.2
RD-0013279,SH-00271,LG-000523,2026-08-19 23:30:00,-19.1
RD-0013280,SH-00271,LG-000523,2026-08-20 00:00:00,-16.9
RD-0013281,SH-00271,LG-000523,2026-08-20 00:30:00,-17.7
RD-0013282,SH-00271,LG-000523,2026-08-20 01:00:00,-17.8
RD-0013283,SH-00271,LG-000523,2026-08-20 01:30:00,-18.6
RD-0013284,SH-00271,LG-000523,2026-08-20 02:00:00,-18.2
RD-0013285,SH-00271,LG-000523,2026-08-20 02:30:00,-18.7
RD-0013286,SH-00271,LG-000523,2026-08-20 03:00:00,-18.4
RD-0013287,SH-00272,LG-000524,2026-06-04 13:59:00,2.8
RD-0013288,SH-00272,LG-000524,2026-06-04 14:29:00,5.8
RD-0013289,SH-00272,LG-000524,2026-06-04 14:59:00,4.4
RD-0013290,SH-00272,LG-000524,2026-06-04 15:29:00,2.1
RD-0013291,SH-00272,LG-000524,2026-06-04 15:59:00,4.6
RD-0013292,SH-00272,LG-000524,2026-06-04 16:29:00,3.8
RD-0013293,SH-00272,LG-000524,2026-06-04 16:59:00,3.3
RD-0013294,SH-00272,LG-000524,2026-06-04 17:29:00,5.1
RD-0013295,SH-00272,LG-000524,2026-06-04 17:59:00,4.1
RD-0013296,SH-00272,LG-000524,2026-06-04 18:29:00,3.8
RD-0013297,SH-00272,LG-000524,2026-06-04 18:59:00,3.6
RD-0013298,SH-00272,LG-000524,2026-06-04 19:29:00,4.9
RD-0013299,SH-00272,LG-000524,2026-06-04 19:59:00,4.2
RD-0013300,SH-00272,LG-000524,2026-06-04 20:29:00,3.7
RD-0013301,SH-00272,LG-000525,2026-06-04 20:59:00,5.7
RD-0013302,SH-00272,LG-000525,2026-06-04 21:29:00,4.1
RD-0013303,SH-00272,LG-000525,2026-06-04 21:59:00,4.8
RD-0013304,SH-00272,LG-000525,2026-06-04 22:29:00,3.2
RD-0013305,SH-00272,LG-000525,2026-06-04 22:59:00,5.0
RD-0013306,SH-00272,LG-000525,2026-06-04 23:29:00,3.7
RD-0013307,SH-00272,LG-000525,2026-06-04 23:59:00,4.3
RD-0013308,SH-00272,LG-000525,2026-06-05 00:29:00,2.5
RD-0013309,SH-00272,LG-000525,2026-06-05 00:59:00,2.7
RD-0013310,SH-00272,LG-000525,2026-06-05 01:29:00,4.7
RD-0013311,SH-00272,LG-000525,2026-06-05 01:59:00,2.7
RD-0013312,SH-00272,LG-000525,2026-06-05 02:29:00,4.4
RD-0013313,SH-00272,LG-000525,2026-06-05 02:59:00,5.1
RD-0013314,SH-00272,LG-000525,2026-06-05 03:29:00,3.9
RD-0013315,SH-00272,LG-000526,2026-06-05 03:59:00,4.2
RD-0013316,SH-00272,LG-000526,2026-06-05 04:29:00,3.2
RD-0013317,SH-00272,LG-000526,2026-06-05 04:59:00,4.3
RD-0013318,SH-00272,LG-000526,2026-06-05 05:29:00,4.3
RD-0013319,SH-00272,LG-000526,2026-06-05 05:59:00,-999
RD-0013320,SH-00272,LG-000526,2026-06-05 06:29:00,3.7
RD-0013321,SH-00272,LG-000526,2026-06-05 06:59:00,4.5
RD-0013322,SH-00272,LG-000526,2026-06-05 07:29:00,3.9
RD-0013323,SH-00272,LG-000526,2026-06-05 07:59:00,3.9
RD-0013324,SH-00272,LG-000526,2026-06-05 08:29:00,3.7
RD-0013325,SH-00272,LG-000526,2026-06-05 08:59:00,4.2
RD-0013326,SH-00272,LG-000526,2026-06-05 09:29:00,4.4
RD-0013327,SH-00272,LG-000526,2026-06-05 09:59:00,4.7
RD-0013328,SH-00272,LG-000526,2026-06-05 10:29:00,5.3
RD-0013329,SH-00273,LG-000527,2026-07-08 02:41:00,3.4
RD-0013330,SH-00273,LG-000527,2026-07-08 03:11:00,5.4
RD-0013331,SH-00273,LG-000527,2026-07-08 03:41:00,5.2
RD-0013332,SH-00273,LG-000527,2026-07-08 04:11:00,4.1
RD-0013333,SH-00273,LG-000527,2026-07-08 04:41:00,5.5
RD-0013334,SH-00273,LG-000527,2026-07-08 05:11:00,3.2
RD-0013335,SH-00273,LG-000527,2026-07-08 05:41:00,3.9
RD-0013336,SH-00273,LG-000527,2026-07-08 06:11:00,4.4
RD-0013337,SH-00273,LG-000527,2026-07-08 06:41:00,5.1
RD-0013338,SH-00273,LG-000527,2026-07-08 07:11:00,-999
RD-0013339,SH-00273,LG-000527,2026-07-08 07:41:00,4.2
RD-0013340,SH-00273,LG-000527,2026-07-08 08:11:00,4.4
RD-0013341,SH-00273,LG-000527,2026-07-08 08:41:00,3.9
RD-0013342,SH-00273,LG-000527,2026-07-08 09:11:00,4.8
RD-0013343,SH-00273,LG-000527,2026-07-08 09:41:00,4.4
RD-0013344,SH-00273,LG-000527,2026-07-08 10:11:00,4.2
RD-0013345,SH-00273,LG-000527,2026-07-08 10:41:00,4.8
RD-0013346,SH-00273,LG-000527,2026-07-08 11:11:00,4.0
RD-0013347,SH-00273,LG-000528,2026-07-08 11:41:00,3.5
RD-0013348,SH-00273,LG-000528,2026-07-08 12:11:00,5.4
RD-0013349,SH-00273,LG-000528,2026-07-08 12:41:00,4.8
RD-0013350,SH-00273,LG-000528,2026-07-08 13:11:00,4.6
RD-0013351,SH-00273,LG-000528,2026-07-08 13:41:00,3.8
RD-0013352,SH-00273,LG-000528,2026-07-08 14:11:00,4.4
RD-0013353,SH-00273,LG-000528,2026-07-08 14:41:00,4.0
RD-0013354,SH-00273,LG-000528,2026-07-08 15:11:00,3.6
RD-0013355,SH-00273,LG-000528,2026-07-08 15:41:00,2.5
RD-0013356,SH-00273,LG-000528,2026-07-08 16:11:00,3.5
RD-0013357,SH-00273,LG-000528,2026-07-08 16:41:00,3.8
RD-0013358,SH-00273,LG-000528,2026-07-08 17:11:00,3.9
RD-0013359,SH-00273,LG-000528,2026-07-08 17:41:00,3.9
RD-0013360,SH-00273,LG-000528,2026-07-08 18:11:00,5.0
RD-0013361,SH-00273,LG-000528,2026-07-08 18:41:00,3.5
RD-0013362,SH-00273,LG-000528,2026-07-08 19:11:00,5.3
RD-0013363,SH-00273,LG-000528,2026-07-08 19:41:00,4.9
RD-0013364,SH-00273,LG-000528,2026-07-08 20:11:00,3.9
RD-0013365,SH-00274,LG-000529,2026-07-16 10:44:00,5.1
RD-0013366,SH-00274,LG-000529,2026-07-16 11:14:00,4.0
RD-0013367,SH-00274,LG-000529,2026-07-16 11:44:00,5.3
RD-0013368,SH-00274,LG-000529,2026-07-16 12:14:00,5.4
RD-0013369,SH-00274,LG-000529,2026-07-16 12:44:00,13.2
RD-0013370,SH-00274,LG-000529,2026-07-16 13:14:00,4.7
RD-0013371,SH-00274,LG-000529,2026-07-16 13:44:00,12.4
RD-0013372,SH-00274,LG-000529,2026-07-16 14:14:00,4.5
RD-0013373,SH-00274,LG-000529,2026-07-16 14:44:00,3.4
RD-0013374,SH-00274,LG-000529,2026-07-16 15:14:00,5.6
RD-0013375,SH-00274,LG-000529,2026-07-16 15:44:00,5.4
RD-0013376,SH-00274,LG-000529,2026-07-16 16:14:00,4.2
RD-0013377,SH-00274,LG-000529,2026-07-16 16:44:00,5.8
RD-0013378,SH-00274,LG-000529,2026-07-16 17:14:00,11.5
RD-0013379,SH-00274,LG-000529,2026-07-16 17:44:00,5.3
RD-0013380,SH-00274,LG-000529,2026-07-16 18:14:00,5.5
RD-0013381,SH-00274,LG-000530,2026-07-16 18:44:00,4.7
RD-0013382,SH-00274,LG-000530,2026-07-16 19:14:00,3.6
RD-0013383,SH-00274,LG-000530,2026-07-16 19:44:00,6.1
RD-0013384,SH-00274,LG-000530,2026-07-16 20:14:00,5.4
RD-0013385,SH-00274,LG-000530,2026-07-16 20:44:00,4.8
RD-0013386,SH-00274,LG-000530,2026-07-16 21:14:00,3.6
RD-0013387,SH-00274,LG-000530,2026-07-16 21:44:00,4.7
RD-0013388,SH-00274,LG-000530,2026-07-16 22:14:00,14.3
RD-0013389,SH-00274,LG-000530,2026-07-16 22:44:00,3.8
RD-0013390,SH-00274,LG-000530,2026-07-16 23:14:00,4.4
RD-0013391,SH-00274,LG-000530,2026-07-16 23:44:00,5.9
RD-0013392,SH-00274,LG-000530,2026-07-17 00:14:00,5.4
RD-0013393,SH-00274,LG-000530,2026-07-17 00:44:00,5.8
RD-0013394,SH-00274,LG-000530,2026-07-17 01:14:00,4.9
RD-0013395,SH-00274,LG-000530,2026-07-17 01:44:00,6.5
RD-0013396,SH-00274,LG-000530,2026-07-17 02:14:00,5.7
RD-0013397,SH-00275,LG-000531,2026-08-07 07:53:00,37.2
RD-0013398,SH-00275,LG-000531,2026-08-07 08:23:00,37.2
RD-0013399,SH-00275,LG-000531,2026-08-07 08:53:00,38.4
RD-0013400,SH-00275,LG-000531,2026-08-07 09:23:00,39.0
RD-0013401,SH-00275,LG-000531,2026-08-07 09:53:00,37.8
RD-0013402,SH-00275,LG-000531,2026-08-07 10:23:00,40.1
RD-0013403,SH-00275,LG-000531,2026-08-07 10:53:00,39.1
RD-0013404,SH-00275,LG-000531,2026-08-07 11:23:00,37.1
RD-0013405,SH-00275,LG-000531,2026-08-07 11:53:00,39.3
RD-0013406,SH-00275,LG-000531,2026-08-07 12:23:00,40.3
RD-0013407,SH-00275,LG-000531,2026-08-07 12:53:00,37.1
RD-0013408,SH-00275,LG-000531,2026-08-07 13:23:00,37.4
RD-0013409,SH-00275,LG-000531,2026-08-07 13:53:00,38.8
RD-0013410,SH-00275,LG-000531,2026-08-07 14:23:00,37.0
RD-0013411,SH-00275,LG-000531,2026-08-07 14:53:00,39.3
RD-0013412,SH-00275,LG-000531,2026-08-07 15:23:00,40.9
RD-0013413,SH-00275,LG-000531,2026-08-07 15:53:00,39.1
RD-0013414,SH-00275,LG-000531,2026-08-07 16:23:00,38.8
RD-0013415,SH-00275,LG-000531,2026-08-07 16:53:00,40.7
RD-0013416,SH-00275,LG-000531,2026-08-07 17:23:00,37.8
RD-0013417,SH-00275,LG-000531,2026-08-07 17:53:00,40.5
RD-0013418,SH-00275,LG-000531,2026-08-07 18:23:00,40.0
RD-0013419,SH-00275,LG-000531,2026-08-07 18:53:00,-999
RD-0013420,SH-00275,LG-000531,2026-08-07 19:23:00,41.5
RD-0013421,SH-00275,LG-000531,2026-08-07 19:53:00,41.6
RD-0013422,SH-00275,LG-000531,2026-08-07 20:23:00,40.1
RD-0013423,SH-00275,LG-000531,2026-08-07 20:53:00,40.5
RD-0013424,SH-00275,LG-000531,2026-08-07 21:23:00,39.6
RD-0013425,SH-00275,LG-000531,2026-08-07 21:53:00,39.7
RD-0013426,SH-00275,LG-000531,2026-08-07 22:23:00,38.7
RD-0013427,SH-00275,LG-000531,2026-08-07 22:53:00,38.8
RD-0013428,SH-00275,LG-000531,2026-08-07 23:23:00,37.5
RD-0013429,SH-00275,LG-000531,2026-08-07 23:53:00,38.5
RD-0013430,SH-00275,LG-000531,2026-08-08 00:23:00,40.9
RD-0013431,SH-00275,LG-000531,2026-08-08 00:53:00,39.1
RD-0013432,SH-00275,LG-000531,2026-08-08 01:23:00,40.0
RD-0013433,SH-00275,LG-000531,2026-08-08 01:53:00,41.9
RD-0013434,SH-00275,LG-000531,2026-08-08 02:23:00,39.7
RD-0013435,SH-00275,LG-000531,2026-08-08 02:53:00,39.6
RD-0013436,SH-00275,LG-000531,2026-08-08 03:23:00,38.8
RD-0013437,SH-00275,LG-000532,2026-08-08 03:53:00,3.7
RD-0013438,SH-00275,LG-000532,2026-08-08 04:23:00,3.9
RD-0013439,SH-00275,LG-000532,2026-08-08 04:53:00,4.8
RD-0013440,SH-00275,LG-000532,2026-08-08 05:23:00,3.6
RD-0013441,SH-00275,LG-000532,2026-08-08 05:53:00,3.9
RD-0013442,SH-00275,LG-000532,2026-08-08 06:23:00,4.9
RD-0013443,SH-00275,LG-000532,2026-08-08 06:53:00,3.4
RD-0013444,SH-00275,LG-000532,2026-08-08 07:23:00,4.6
RD-0013445,SH-00275,LG-000532,2026-08-08 07:53:00,3.2
RD-0013446,SH-00275,LG-000532,2026-08-08 08:23:00,4.6
RD-0013447,SH-00275,LG-000532,2026-08-08 08:53:00,4.1
RD-0013448,SH-00275,LG-000532,2026-08-08 09:23:00,4.7
RD-0013449,SH-00275,LG-000532,2026-08-08 09:53:00,4.2
RD-0013450,SH-00275,LG-000532,2026-08-08 10:23:00,4.6
RD-0013451,SH-00275,LG-000532,2026-08-08 10:53:00,3.6
RD-0013452,SH-00275,LG-000532,2026-08-08 11:23:00,3.9
RD-0013453,SH-00275,LG-000532,2026-08-08 11:53:00,3.1
RD-0013454,SH-00275,LG-000532,2026-08-08 12:23:00,-999
RD-0013455,SH-00275,LG-000532,2026-08-08 12:53:00,3.5
RD-0013456,SH-00275,LG-000532,2026-08-08 13:23:00,5.1
RD-0013457,SH-00275,LG-000532,2026-08-08 13:53:00,2.6
RD-0013458,SH-00275,LG-000532,2026-08-08 14:23:00,3.6
RD-0013459,SH-00275,LG-000532,2026-08-08 14:53:00,3.2
RD-0013460,SH-00275,LG-000532,2026-08-08 15:23:00,2.0
RD-0013461,SH-00275,LG-000532,2026-08-08 15:53:00,3.8
RD-0013462,SH-00275,LG-000532,2026-08-08 16:23:00,5.0
RD-0013463,SH-00275,LG-000532,2026-08-08 16:53:00,5.0
RD-0013464,SH-00275,LG-000532,2026-08-08 17:23:00,4.5
RD-0013465,SH-00275,LG-000532,2026-08-08 17:53:00,4.3
RD-0013466,SH-00275,LG-000532,2026-08-08 18:23:00,3.1
RD-0013467,SH-00275,LG-000532,2026-08-08 18:53:00,4.4
RD-0013468,SH-00275,LG-000532,2026-08-08 19:23:00,4.7
RD-0013469,SH-00275,LG-000532,2026-08-08 19:53:00,4.8
RD-0013470,SH-00275,LG-000532,2026-08-08 20:23:00,2.9
RD-0013471,SH-00275,LG-000532,2026-08-08 20:53:00,5.1
RD-0013472,SH-00275,LG-000532,2026-08-08 21:23:00,4.9
RD-0013473,SH-00275,LG-000532,2026-08-08 21:53:00,3.9
RD-0013474,SH-00275,LG-000532,2026-08-08 22:23:00,4.4
RD-0013475,SH-00275,LG-000532,2026-08-08 22:53:00,5.0
RD-0013476,SH-00275,LG-000532,2026-08-08 23:23:00,4.8
RD-0013477,SH-00276,LG-000533,2026-07-31 11:32:00,5.7
RD-0013478,SH-00276,LG-000533,2026-07-31 12:02:00,4.8
RD-0013479,SH-00276,LG-000533,2026-07-31 12:32:00,4.1
RD-0013480,SH-00276,LG-000533,2026-07-31 13:02:00,4.9
RD-0013481,SH-00276,LG-000533,2026-07-31 13:32:00,13.1
RD-0013482,SH-00276,LG-000533,2026-07-31 14:02:00,4.4
RD-0013483,SH-00276,LG-000533,2026-07-31 14:32:00,12.2
RD-0013484,SH-00276,LG-000533,2026-07-31 15:02:00,10.3
RD-0013485,SH-00276,LG-000533,2026-07-31 15:32:00,6.2
RD-0013486,SH-00276,LG-000533,2026-07-31 16:02:00,6.0
RD-0013487,SH-00276,LG-000533,2026-07-31 16:32:00,6.0
RD-0013488,SH-00276,LG-000533,2026-07-31 17:02:00,5.8
RD-0013489,SH-00276,LG-000533,2026-07-31 17:32:00,4.5
RD-0013490,SH-00276,LG-000533,2026-07-31 18:02:00,13.4
RD-0013491,SH-00276,LG-000534,2026-07-31 18:32:00,42.0
RD-0013492,SH-00276,LG-000534,2026-07-31 19:02:00,41.5
RD-0013493,SH-00276,LG-000534,2026-07-31 19:32:00,40.2
RD-0013494,SH-00276,LG-000534,2026-07-31 20:02:00,40.3
RD-0013495,SH-00276,LG-000534,2026-07-31 20:32:00,57.1
RD-0013496,SH-00276,LG-000534,2026-07-31 21:02:00,41.4
RD-0013497,SH-00276,LG-000534,2026-07-31 21:32:00,40.1
RD-0013498,SH-00276,LG-000534,2026-07-31 22:02:00,42.6
RD-0013499,SH-00276,LG-000534,2026-07-31 22:32:00,41.6
RD-0013500,SH-00276,LG-000534,2026-07-31 23:02:00,49.3
RD-0013501,SH-00276,LG-000534,2026-07-31 23:32:00,39.1
RD-0013502,SH-00276,LG-000534,2026-08-01 00:02:00,40.6
RD-0013503,SH-00276,LG-000534,2026-08-01 00:32:00,42.2
RD-0013504,SH-00276,LG-000534,2026-08-01 01:02:00,41.7
RD-0013505,SH-00276,LG-000535,2026-08-01 01:32:00,8.3
RD-0013506,SH-00276,LG-000535,2026-08-01 02:02:00,9.8
RD-0013507,SH-00276,LG-000535,2026-08-01 02:32:00,5.3
RD-0013508,SH-00276,LG-000535,2026-08-01 03:02:00,5.4
RD-0013509,SH-00276,LG-000535,2026-08-01 03:32:00,5.3
RD-0013510,SH-00276,LG-000535,2026-08-01 04:02:00,5.0
RD-0013511,SH-00276,LG-000535,2026-08-01 04:32:00,12.6
RD-0013512,SH-00276,LG-000535,2026-08-01 05:02:00,4.2
RD-0013513,SH-00276,LG-000535,2026-08-01 05:32:00,14.7
RD-0013514,SH-00276,LG-000535,2026-08-01 06:02:00,3.6
RD-0013515,SH-00276,LG-000535,2026-08-01 06:32:00,4.6
RD-0013516,SH-00276,LG-000535,2026-08-01 07:02:00,5.0
RD-0013517,SH-00276,LG-000535,2026-08-01 07:32:00,4.7
RD-0013518,SH-00276,LG-000535,2026-08-01 08:02:00,5.1
RD-0013519,SH-00277,LG-000536,2026-06-22 14:54:00,-17.8
RD-0013520,SH-00277,LG-000536,2026-06-22 15:24:00,-18.9
RD-0013521,SH-00277,LG-000536,2026-06-22 15:54:00,-17.3
RD-0013522,SH-00277,LG-000536,2026-06-22 16:24:00,-19.2
RD-0013523,SH-00277,LG-000536,2026-06-22 16:54:00,-17.7
RD-0013524,SH-00277,LG-000536,2026-06-22 17:24:00,-18.3
RD-0013525,SH-00277,LG-000536,2026-06-22 17:54:00,-18.4
RD-0013526,SH-00277,LG-000536,2026-06-22 18:24:00,-17.9
RD-0013527,SH-00277,LG-000536,2026-06-22 18:54:00,-17.6
RD-0013528,SH-00277,LG-000536,2026-06-22 19:24:00,-19.0
RD-0013529,SH-00277,LG-000536,2026-06-22 19:54:00,-18.0
RD-0013530,SH-00277,LG-000536,2026-06-22 20:24:00,-17.8
RD-0013531,SH-00277,LG-000536,2026-06-22 20:54:00,-16.8
RD-0013532,SH-00277,LG-000536,2026-06-22 21:24:00,-18.0
RD-0013533,SH-00277,LG-000536,2026-06-22 21:54:00,-17.1
RD-0013534,SH-00277,LG-000536,2026-06-22 22:24:00,-18.5
RD-0013535,SH-00277,LG-000536,2026-06-22 22:54:00,-17.6
RD-0013536,SH-00277,LG-000536,2026-06-22 23:24:00,-17.1
RD-0013537,SH-00277,LG-000536,2026-06-22 23:54:00,-17.9
RD-0013538,SH-00277,LG-000536,2026-06-23 00:24:00,-18.4
RD-0013539,SH-00277,LG-000536,2026-06-23 00:54:00,-17.5
RD-0013540,SH-00277,LG-000536,2026-06-23 01:24:00,-18.3
RD-0013541,SH-00278,LG-000537,2026-06-25 00:47:00,3.6
RD-0013542,SH-00278,LG-000537,2026-06-25 01:17:00,3.0
RD-0013543,SH-00278,LG-000537,2026-06-25 01:47:00,3.0
RD-0013544,SH-00278,LG-000537,2026-06-25 02:17:00,3.9
RD-0013545,SH-00278,LG-000537,2026-06-25 02:47:00,3.3
RD-0013546,SH-00278,LG-000537,2026-06-25 03:17:00,3.9
RD-0013547,SH-00278,LG-000537,2026-06-25 03:47:00,3.4
RD-0013548,SH-00278,LG-000537,2026-06-25 04:17:00,3.8
RD-0013549,SH-00278,LG-000537,2026-06-25 04:47:00,3.0
RD-0013550,SH-00278,LG-000537,2026-06-25 05:17:00,4.5
RD-0013551,SH-00278,LG-000537,2026-06-25 05:47:00,4.1
RD-0013552,SH-00278,LG-000537,2026-06-25 06:17:00,4.4
RD-0013553,SH-00278,LG-000537,2026-06-25 06:47:00,4.9
RD-0013554,SH-00278,LG-000537,2026-06-25 07:17:00,4.7
RD-0013555,SH-00278,LG-000537,2026-06-25 07:47:00,4.3
RD-0013556,SH-00278,LG-000537,2026-06-25 08:17:00,5.8
RD-0013557,SH-00278,LG-000537,2026-06-25 08:47:00,3.5
RD-0013558,SH-00278,LG-000537,2026-06-25 09:17:00,3.5
RD-0013559,SH-00278,LG-000537,2026-06-25 09:47:00,2.6
RD-0013560,SH-00278,LG-000537,2026-06-25 10:17:00,2.4
RD-0013561,SH-00278,LG-000538,2026-06-25 10:47:00,4.4
RD-0013562,SH-00278,LG-000538,2026-06-25 11:17:00,5.1
RD-0013563,SH-00278,LG-000538,2026-06-25 11:47:00,4.6
RD-0013564,SH-00278,LG-000538,2026-06-25 12:17:00,3.5
RD-0013565,SH-00278,LG-000538,2026-06-25 12:47:00,5.1
RD-0013566,SH-00278,LG-000538,2026-06-25 13:17:00,4.9
RD-0013567,SH-00278,LG-000538,2026-06-25 13:47:00,4.7
RD-0013568,SH-00278,LG-000538,2026-06-25 14:17:00,5.1
RD-0013569,SH-00278,LG-000538,2026-06-25 14:47:00,3.5
RD-0013570,SH-00278,LG-000538,2026-06-25 15:17:00,2.4
RD-0013571,SH-00278,LG-000538,2026-06-25 15:47:00,3.0
RD-0013572,SH-00278,LG-000538,2026-06-25 16:17:00,4.4
RD-0013573,SH-00278,LG-000538,2026-06-25 16:47:00,4.8
RD-0013574,SH-00278,LG-000538,2026-06-25 17:17:00,3.1
RD-0013575,SH-00278,LG-000538,2026-06-25 17:47:00,3.8
RD-0013576,SH-00278,LG-000538,2026-06-25 18:17:00,4.0
RD-0013577,SH-00278,LG-000538,2026-06-25 18:47:00,4.6
RD-0013578,SH-00278,LG-000538,2026-06-25 19:17:00,3.6
RD-0013579,SH-00278,LG-000538,2026-06-25 19:47:00,3.7
RD-0013580,SH-00278,LG-000538,2026-06-25 20:17:00,5.0
RD-0013581,SH-00279,LG-000539,2026-08-16 21:06:00,-1.0
RD-0013582,SH-00279,LG-000539,2026-08-16 21:36:00,2.1
RD-0013583,SH-00279,LG-000539,2026-08-16 22:06:00,-0.4
RD-0013584,SH-00279,LG-000539,2026-08-16 22:36:00,-2.5
RD-0013585,SH-00279,LG-000539,2026-08-16 23:06:00,-2.0
RD-0013586,SH-00279,LG-000539,2026-08-16 23:36:00,-0.8
RD-0013587,SH-00279,LG-000539,2026-08-17 00:06:00,0.1
RD-0013588,SH-00279,LG-000539,2026-08-17 00:36:00,-1.5
RD-0013589,SH-00279,LG-000539,2026-08-17 01:06:00,1.6
RD-0013590,SH-00279,LG-000539,2026-08-17 01:36:00,0.5
RD-0013591,SH-00279,LG-000539,2026-08-17 02:06:00,-0.4
RD-0013592,SH-00279,LG-000539,2026-08-17 02:36:00,-1.4
RD-0013593,SH-00279,LG-000539,2026-08-17 03:06:00,1.3
RD-0013594,SH-00279,LG-000539,2026-08-17 03:36:00,-1.4
RD-0013595,SH-00279,LG-000540,2026-08-17 04:06:00,-16.9
RD-0013596,SH-00279,LG-000540,2026-08-17 04:36:00,-18.2
RD-0013597,SH-00279,LG-000540,2026-08-17 05:06:00,-17.5
RD-0013598,SH-00279,LG-000540,2026-08-17 05:36:00,-18.7
RD-0013599,SH-00279,LG-000540,2026-08-17 06:06:00,-17.9
RD-0013600,SH-00279,LG-000540,2026-08-17 06:36:00,-17.4
RD-0013601,SH-00279,LG-000540,2026-08-17 07:06:00,-18.3
RD-0013602,SH-00279,LG-000540,2026-08-17 07:36:00,-19.1
RD-0013603,SH-00279,LG-000540,2026-08-17 08:06:00,-18.7
RD-0013604,SH-00279,LG-000540,2026-08-17 08:36:00,-19.0
RD-0013605,SH-00279,LG-000540,2026-08-17 09:06:00,-18.1
RD-0013606,SH-00279,LG-000540,2026-08-17 09:36:00,-18.3
RD-0013607,SH-00279,LG-000540,2026-08-17 10:06:00,-18.3
RD-0013608,SH-00279,LG-000540,2026-08-17 10:36:00,-18.0
RD-0013609,SH-00280,LG-000541,2026-08-22 10:19:00,3.7
RD-0013610,SH-00280,LG-000541,2026-08-22 10:49:00,3.3
RD-0013611,SH-00280,LG-000541,2026-08-22 11:19:00,3.9
RD-0013612,SH-00280,LG-000541,2026-08-22 11:49:00,3.4
RD-0013613,SH-00280,LG-000541,2026-08-22 12:19:00,4.0
RD-0013614,SH-00280,LG-000541,2026-08-22 12:49:00,12.0
RD-0013615,SH-00280,LG-000541,2026-08-22 13:19:00,3.1
RD-0013616,SH-00280,LG-000541,2026-08-22 13:49:00,5.6
RD-0013617,SH-00280,LG-000541,2026-08-22 14:19:00,4.9
RD-0013618,SH-00280,LG-000541,2026-08-22 14:49:00,3.9
RD-0013619,SH-00280,LG-000541,2026-08-22 15:19:00,2.6
RD-0013620,SH-00280,LG-000541,2026-08-22 15:49:00,3.1
RD-0013621,SH-00280,LG-000541,2026-08-22 16:19:00,3.2
RD-0013622,SH-00280,LG-000541,2026-08-22 16:49:00,12.1
RD-0013623,SH-00280,LG-000541,2026-08-22 17:19:00,3.8
RD-0013624,SH-00280,LG-000541,2026-08-22 17:49:00,4.5
RD-0013625,SH-00280,LG-000541,2026-08-22 18:19:00,13.0
RD-0013626,SH-00280,LG-000541,2026-08-22 18:49:00,4.4
RD-0013627,SH-00280,LG-000541,2026-08-22 19:19:00,4.6
RD-0013628,SH-00280,LG-000541,2026-08-22 19:49:00,3.3
RD-0013629,SH-00280,LG-000541,2026-08-22 20:19:00,4.6
RD-0013630,SH-00280,LG-000541,2026-08-22 20:49:00,1.7
RD-0013631,SH-00280,LG-000541,2026-08-22 21:19:00,5.1
RD-0013632,SH-00280,LG-000541,2026-08-22 21:49:00,3.3
RD-0013633,SH-00280,LG-000541,2026-08-22 22:19:00,8.3
RD-0013634,SH-00280,LG-000541,2026-08-22 22:49:00,4.5
RD-0013635,SH-00280,LG-000541,2026-08-22 23:19:00,8.5
RD-0013636,SH-00280,LG-000541,2026-08-22 23:49:00,3.5
RD-0013637,SH-00280,LG-000541,2026-08-23 00:19:00,3.5
RD-0013638,SH-00280,LG-000541,2026-08-23 00:49:00,8.9
RD-0013639,SH-00280,LG-000541,2026-08-23 01:19:00,10.7
RD-0013640,SH-00280,LG-000541,2026-08-23 01:49:00,3.7
RD-0013641,SH-00280,LG-000541,2026-08-23 02:19:00,10.2
RD-0013642,SH-00280,LG-000541,2026-08-23 02:49:00,4.6
RD-0013643,SH-00281,LG-000542,2026-08-05 19:59:00,40.2
RD-0013644,SH-00281,LG-000542,2026-08-05 20:29:00,41.3
RD-0013645,SH-00281,LG-000542,2026-08-05 20:59:00,42.1
RD-0013646,SH-00281,LG-000542,2026-08-05 21:29:00,42.3
RD-0013647,SH-00281,LG-000542,2026-08-05 21:59:00,42.0
RD-0013648,SH-00281,LG-000542,2026-08-05 22:29:00,40.2
RD-0013649,SH-00281,LG-000542,2026-08-05 22:59:00,42.6
RD-0013650,SH-00281,LG-000542,2026-08-05 23:29:00,39.1
RD-0013651,SH-00281,LG-000542,2026-08-05 23:59:00,42.2
RD-0013652,SH-00281,LG-000542,2026-08-06 00:29:00,40.9
RD-0013653,SH-00281,LG-000542,2026-08-06 00:59:00,42.3
RD-0013654,SH-00281,LG-000542,2026-08-06 01:29:00,43.1
RD-0013655,SH-00281,LG-000542,2026-08-06 01:59:00,41.0
RD-0013656,SH-00281,LG-000542,2026-08-06 02:29:00,41.7
RD-0013657,SH-00281,LG-000542,2026-08-06 02:59:00,40.3
RD-0013658,SH-00281,LG-000542,2026-08-06 03:29:00,40.3
RD-0013659,SH-00281,LG-000542,2026-08-06 03:59:00,41.1
RD-0013660,SH-00281,LG-000542,2026-08-06 04:29:00,42.1
RD-0013661,SH-00281,LG-000542,2026-08-06 04:59:00,38.6
RD-0013662,SH-00281,LG-000542,2026-08-06 05:29:00,41.9
RD-0013663,SH-00281,LG-000542,2026-08-06 05:59:00,41.4
RD-0013664,SH-00281,LG-000542,2026-08-06 06:29:00,41.2
RD-0013665,SH-00281,LG-000542,2026-08-06 06:59:00,41.4
RD-0013666,SH-00281,LG-000542,2026-08-06 07:29:00,38.9
RD-0013667,SH-00281,LG-000542,2026-08-06 07:59:00,40.2
RD-0013668,SH-00281,LG-000542,2026-08-06 08:29:00,39.8
RD-0013669,SH-00281,LG-000542,2026-08-06 08:59:00,43.0
RD-0013670,SH-00281,LG-000542,2026-08-06 09:29:00,40.1
RD-0013671,SH-00281,LG-000542,2026-08-06 09:59:00,41.1
RD-0013672,SH-00281,LG-000542,2026-08-06 10:29:00,42.2
RD-0013673,SH-00281,LG-000542,2026-08-06 10:59:00,40.1
RD-0013674,SH-00281,LG-000542,2026-08-06 11:29:00,38.5
RD-0013675,SH-00281,LG-000542,2026-08-06 11:59:00,41.0
RD-0013676,SH-00281,LG-000542,2026-08-06 12:29:00,40.7
RD-0013677,SH-00281,LG-000542,2026-08-06 12:59:00,38.5
RD-0013678,SH-00281,LG-000542,2026-08-06 13:29:00,40.9
RD-0013679,SH-00281,LG-000542,2026-08-06 13:59:00,41.3
RD-0013680,SH-00281,LG-000542,2026-08-06 14:29:00,41.5
RD-0013681,SH-00281,LG-000542,2026-08-06 14:59:00,42.4
RD-0013682,SH-00281,LG-000542,2026-08-06 15:29:00,38.4
RD-0013683,SH-00281,LG-000542,2026-08-06 15:59:00,39.3
RD-0013684,SH-00281,LG-000542,2026-08-06 16:29:00,38.7
RD-0013685,SH-00281,LG-000542,2026-08-06 16:59:00,41.0
RD-0013686,SH-00281,LG-000542,2026-08-06 17:29:00,40.0
RD-0013687,SH-00281,LG-000542,2026-08-06 17:59:00,43.0
RD-0013688,SH-00281,LG-000542,2026-08-06 18:29:00,37.9
RD-0013689,SH-00281,LG-000542,2026-08-06 18:59:00,42.0
RD-0013690,SH-00281,LG-000542,2026-08-06 19:29:00,37.9
RD-0013691,SH-00281,LG-000542,2026-08-06 19:59:00,39.5
RD-0013692,SH-00281,LG-000542,2026-08-06 20:29:00,42.1
RD-0013693,SH-00281,LG-000542,2026-08-06 20:59:00,40.6
RD-0013694,SH-00281,LG-000542,2026-08-06 21:29:00,39.9
RD-0013695,SH-00281,LG-000542,2026-08-06 21:59:00,41.2
RD-0013696,SH-00281,LG-000542,2026-08-06 22:29:00,39.2
RD-0013697,SH-00281,LG-000542,2026-08-06 22:59:00,41.9
RD-0013698,SH-00281,LG-000542,2026-08-06 23:29:00,39.5
RD-0013699,SH-00281,LG-000542,2026-08-06 23:59:00,40.0
RD-0013700,SH-00281,LG-000542,2026-08-07 00:29:00,39.9
RD-0013701,SH-00281,LG-000542,2026-08-07 00:59:00,39.5
RD-0013702,SH-00281,LG-000542,2026-08-07 01:29:00,40.6
RD-0013703,SH-00281,LG-000542,2026-08-07 01:59:00,41.1
RD-0013704,SH-00281,LG-000542,2026-08-07 02:29:00,40.5
RD-0013705,SH-00281,LG-000542,2026-08-07 02:59:00,41.8
RD-0013706,SH-00281,LG-000542,2026-08-07 03:29:00,38.4
RD-0013707,SH-00281,LG-000542,2026-08-07 03:59:00,42.7
RD-0013708,SH-00281,LG-000542,2026-08-07 04:29:00,43.1
RD-0013709,SH-00281,LG-000542,2026-08-07 04:59:00,39.5
RD-0013710,SH-00281,LG-000542,2026-08-07 05:29:00,41.1
RD-0013711,SH-00281,LG-000542,2026-08-07 05:59:00,39.9
RD-0013712,SH-00281,LG-000542,2026-08-07 06:29:00,39.5
RD-0013713,SH-00281,LG-000542,2026-08-07 06:59:00,41.4
RD-0013714,SH-00281,LG-000542,2026-08-07 07:29:00,41.6
RD-0013715,SH-00281,LG-000542,2026-08-07 07:59:00,41.6
RD-0013716,SH-00281,LG-000542,2026-08-07 08:29:00,41.5
RD-0013717,SH-00282,LG-000543,2026-06-30 09:13:00,5.1
RD-0013718,SH-00282,LG-000543,2026-06-30 09:43:00,4.7
RD-0013719,SH-00282,LG-000543,2026-06-30 10:13:00,5.4
RD-0013720,SH-00282,LG-000543,2026-06-30 10:43:00,6.4
RD-0013721,SH-00282,LG-000543,2026-06-30 11:13:00,5.2
RD-0013722,SH-00282,LG-000543,2026-06-30 11:43:00,5.8
RD-0013723,SH-00282,LG-000543,2026-06-30 12:13:00,5.5
RD-0013724,SH-00282,LG-000543,2026-06-30 12:43:00,5.7
RD-0013725,SH-00282,LG-000543,2026-06-30 13:13:00,4.6
RD-0013726,SH-00282,LG-000543,2026-06-30 13:43:00,5.3
RD-0013727,SH-00282,LG-000543,2026-06-30 14:13:00,4.4
RD-0013728,SH-00282,LG-000543,2026-06-30 14:43:00,4.7
RD-0013729,SH-00282,LG-000543,2026-06-30 15:13:00,4.7
RD-0013730,SH-00282,LG-000543,2026-06-30 15:43:00,5.9
RD-0013731,SH-00282,LG-000543,2026-06-30 16:13:00,4.6
RD-0013732,SH-00282,LG-000543,2026-06-30 16:43:00,4.9
RD-0013733,SH-00282,LG-000543,2026-06-30 17:13:00,5.5
RD-0013734,SH-00282,LG-000543,2026-06-30 17:43:00,6.1
RD-0013735,SH-00282,LG-000543,2026-06-30 18:13:00,4.0
RD-0013736,SH-00282,LG-000543,2026-06-30 18:43:00,5.2
RD-0013737,SH-00282,LG-000543,2026-06-30 19:13:00,5.2
RD-0013738,SH-00282,LG-000543,2026-06-30 19:43:00,5.5
RD-0013739,SH-00282,LG-000543,2026-06-30 20:13:00,4.1
RD-0013740,SH-00282,LG-000543,2026-06-30 20:43:00,3.8
RD-0013741,SH-00282,LG-000543,2026-06-30 21:13:00,5.8
RD-0013742,SH-00282,LG-000543,2026-06-30 21:43:00,5.5
RD-0013743,SH-00282,LG-000543,2026-06-30 22:13:00,3.5
RD-0013744,SH-00282,LG-000543,2026-06-30 22:43:00,5.2
RD-0013745,SH-00282,LG-000543,2026-06-30 23:13:00,4.4
RD-0013746,SH-00282,LG-000543,2026-06-30 23:43:00,4.0
RD-0013747,SH-00282,LG-000543,2026-07-01 00:13:00,5.6
RD-0013748,SH-00282,LG-000543,2026-07-01 00:43:00,4.7
RD-0013749,SH-00283,LG-000544,2026-07-11 09:00:00,5.2
RD-0013750,SH-00283,LG-000544,2026-07-11 09:30:00,4.6
RD-0013751,SH-00283,LG-000544,2026-07-11 10:00:00,6.2
RD-0013752,SH-00283,LG-000544,2026-07-11 10:30:00,5.5
RD-0013753,SH-00283,LG-000544,2026-07-11 11:00:00,5.1
RD-0013754,SH-00283,LG-000544,2026-07-11 11:30:00,3.9
RD-0013755,SH-00283,LG-000544,2026-07-11 12:00:00,6.0
RD-0013756,SH-00283,LG-000544,2026-07-11 12:30:00,5.9
RD-0013757,SH-00283,LG-000544,2026-07-11 13:00:00,5.2
RD-0013758,SH-00283,LG-000544,2026-07-11 13:30:00,4.6
RD-0013759,SH-00283,LG-000544,2026-07-11 14:00:00,-999
RD-0013760,SH-00283,LG-000544,2026-07-11 14:30:00,5.4
RD-0013761,SH-00283,LG-000545,2026-07-11 15:00:00,3.8
RD-0013762,SH-00283,LG-000545,2026-07-11 15:30:00,4.5
RD-0013763,SH-00283,LG-000545,2026-07-11 16:00:00,4.4
RD-0013764,SH-00283,LG-000545,2026-07-11 16:30:00,5.7
RD-0013765,SH-00283,LG-000545,2026-07-11 17:00:00,4.3
RD-0013766,SH-00283,LG-000545,2026-07-11 17:30:00,5.8
RD-0013767,SH-00283,LG-000545,2026-07-11 18:00:00,5.4
RD-0013768,SH-00283,LG-000545,2026-07-11 18:30:00,4.3
RD-0013769,SH-00283,LG-000545,2026-07-11 19:00:00,6.0
RD-0013770,SH-00283,LG-000545,2026-07-11 19:30:00,6.2
RD-0013771,SH-00283,LG-000545,2026-07-11 20:00:00,5.8
RD-0013772,SH-00283,LG-000545,2026-07-11 20:30:00,5.3
RD-0013773,SH-00283,LG-000546,2026-07-11 21:00:00,5.3
RD-0013774,SH-00283,LG-000546,2026-07-11 21:30:00,5.3
RD-0013775,SH-00283,LG-000546,2026-07-11 22:00:00,5.4
RD-0013776,SH-00283,LG-000546,2026-07-11 22:30:00,5.2
RD-0013777,SH-00283,LG-000546,2026-07-11 23:00:00,-999
RD-0013778,SH-00283,LG-000546,2026-07-11 23:30:00,5.6
RD-0013779,SH-00283,LG-000546,2026-07-12 00:00:00,5.4
RD-0013780,SH-00283,LG-000546,2026-07-12 00:30:00,5.0
RD-0013781,SH-00283,LG-000546,2026-07-12 01:00:00,3.7
RD-0013782,SH-00283,LG-000546,2026-07-12 01:30:00,5.3
RD-0013783,SH-00283,LG-000546,2026-07-12 02:00:00,4.5
RD-0013784,SH-00283,LG-000546,2026-07-12 02:30:00,6.6
RD-0013785,SH-00284,LG-000547,2026-08-16 20:04:00,-18.5
RD-0013786,SH-00284,LG-000547,2026-08-16 20:34:00,-18.2
RD-0013787,SH-00284,LG-000547,2026-08-16 21:04:00,-18.2
RD-0013788,SH-00284,LG-000547,2026-08-16 21:34:00,-16.9
RD-0013789,SH-00284,LG-000547,2026-08-16 22:04:00,-18.2
RD-0013790,SH-00284,LG-000547,2026-08-16 22:34:00,-18.3
RD-0013791,SH-00284,LG-000547,2026-08-16 23:04:00,-15.5
RD-0013792,SH-00284,LG-000547,2026-08-16 23:34:00,-18.4
RD-0013793,SH-00284,LG-000547,2026-08-17 00:04:00,-18.0
RD-0013794,SH-00284,LG-000547,2026-08-17 00:34:00,-18.1
RD-0013795,SH-00284,LG-000547,2026-08-17 01:04:00,-17.9
RD-0013796,SH-00284,LG-000547,2026-08-17 01:34:00,-17.4
RD-0013797,SH-00284,LG-000547,2026-08-17 02:04:00,-18.9
RD-0013798,SH-00284,LG-000547,2026-08-17 02:34:00,-18.0
RD-0013799,SH-00284,LG-000547,2026-08-17 03:04:00,-17.1
RD-0013800,SH-00284,LG-000547,2026-08-17 03:34:00,-17.5
RD-0013801,SH-00284,LG-000547,2026-08-17 04:04:00,-19.1
RD-0013802,SH-00284,LG-000547,2026-08-17 04:34:00,-16.8
RD-0013803,SH-00284,LG-000547,2026-08-17 05:04:00,-18.8
RD-0013804,SH-00284,LG-000547,2026-08-17 05:34:00,-18.0
RD-0013805,SH-00284,LG-000547,2026-08-17 06:04:00,-20.1
RD-0013806,SH-00284,LG-000547,2026-08-17 06:34:00,-18.4
RD-0013807,SH-00284,LG-000547,2026-08-17 07:04:00,-17.4
RD-0013808,SH-00284,LG-000547,2026-08-17 07:34:00,-16.1
RD-0013809,SH-00284,LG-000547,2026-08-17 08:04:00,-18.2
RD-0013810,SH-00284,LG-000547,2026-08-17 08:34:00,-17.9
RD-0013811,SH-00284,LG-000547,2026-08-17 09:04:00,-18.3
RD-0013812,SH-00284,LG-000547,2026-08-17 09:34:00,-18.6
RD-0013813,SH-00284,LG-000547,2026-08-17 10:04:00,-18.4
RD-0013814,SH-00284,LG-000547,2026-08-17 10:34:00,-17.6
RD-0013815,SH-00284,LG-000547,2026-08-17 11:04:00,-17.2
RD-0013816,SH-00284,LG-000547,2026-08-17 11:34:00,-17.4
RD-0013817,SH-00284,LG-000547,2026-08-17 12:04:00,-17.6
RD-0013818,SH-00284,LG-000547,2026-08-17 12:34:00,-17.4
RD-0013819,SH-00284,LG-000547,2026-08-17 13:04:00,-16.7
RD-0013820,SH-00284,LG-000547,2026-08-17 13:34:00,-17.0
RD-0013821,SH-00284,LG-000547,2026-08-17 14:04:00,-18.6
RD-0013822,SH-00284,LG-000547,2026-08-17 14:34:00,-16.7
RD-0013823,SH-00284,LG-000547,2026-08-17 15:04:00,-17.7
RD-0013824,SH-00284,LG-000547,2026-08-17 15:34:00,-17.7
RD-0013825,SH-00284,LG-000547,2026-08-17 16:04:00,-17.9
RD-0013826,SH-00284,LG-000547,2026-08-17 16:34:00,-17.7
RD-0013827,SH-00284,LG-000547,2026-08-17 17:04:00,-17.8
RD-0013828,SH-00284,LG-000547,2026-08-17 17:34:00,-18.4
RD-0013829,SH-00284,LG-000547,2026-08-17 18:04:00,-17.7
RD-0013830,SH-00284,LG-000547,2026-08-17 18:34:00,-18.0
RD-0013831,SH-00284,LG-000547,2026-08-17 19:04:00,-16.4
RD-0013832,SH-00284,LG-000547,2026-08-17 19:34:00,-18.6
RD-0013833,SH-00284,LG-000547,2026-08-17 20:04:00,-20.0
RD-0013834,SH-00284,LG-000547,2026-08-17 20:34:00,-16.5
RD-0013835,SH-00284,LG-000547,2026-08-17 21:04:00,-18.3
RD-0013836,SH-00284,LG-000547,2026-08-17 21:34:00,-18.4
RD-0013837,SH-00284,LG-000547,2026-08-17 22:04:00,-18.0
RD-0013838,SH-00284,LG-000547,2026-08-17 22:34:00,-19.6
RD-0013839,SH-00284,LG-000547,2026-08-17 23:04:00,-18.6
RD-0013840,SH-00284,LG-000547,2026-08-17 23:34:00,-19.3
RD-0013841,SH-00284,LG-000547,2026-08-18 00:04:00,-19.0
RD-0013842,SH-00284,LG-000547,2026-08-18 00:34:00,-17.8
RD-0013843,SH-00285,LG-000548,2026-06-29 03:05:00,-18.2
RD-0013844,SH-00285,LG-000548,2026-06-29 03:35:00,-17.6
RD-0013845,SH-00285,LG-000548,2026-06-29 04:05:00,-17.7
RD-0013846,SH-00285,LG-000548,2026-06-29 04:35:00,-17.7
RD-0013847,SH-00285,LG-000548,2026-06-29 05:05:00,-16.9
RD-0013848,SH-00285,LG-000548,2026-06-29 05:35:00,-19.5
RD-0013849,SH-00285,LG-000548,2026-06-29 06:05:00,-18.8
RD-0013850,SH-00285,LG-000548,2026-06-29 06:35:00,-16.8
RD-0013851,SH-00285,LG-000548,2026-06-29 07:05:00,-17.9
RD-0013852,SH-00285,LG-000548,2026-06-29 07:35:00,-18.7
RD-0013853,SH-00285,LG-000548,2026-06-29 08:05:00,-17.5
RD-0013854,SH-00285,LG-000548,2026-06-29 08:35:00,-17.5
RD-0013855,SH-00285,LG-000548,2026-06-29 09:05:00,-18.6
RD-0013856,SH-00285,LG-000548,2026-06-29 09:35:00,-18.1
RD-0013857,SH-00285,LG-000548,2026-06-29 10:05:00,-17.5
RD-0013858,SH-00285,LG-000548,2026-06-29 10:35:00,-17.6
RD-0013859,SH-00285,LG-000548,2026-06-29 11:05:00,-17.3
RD-0013860,SH-00285,LG-000548,2026-06-29 11:35:00,-18.4
RD-0013861,SH-00285,LG-000549,2026-06-29 12:05:00,-20.0
RD-0013862,SH-00285,LG-000549,2026-06-29 12:35:00,-18.5
RD-0013863,SH-00285,LG-000549,2026-06-29 13:05:00,-17.0
RD-0013864,SH-00285,LG-000549,2026-06-29 13:35:00,-17.2
RD-0013865,SH-00285,LG-000549,2026-06-29 14:05:00,-17.2
RD-0013866,SH-00285,LG-000549,2026-06-29 14:35:00,-17.9
RD-0013867,SH-00285,LG-000549,2026-06-29 15:05:00,-17.4
RD-0013868,SH-00285,LG-000549,2026-06-29 15:35:00,-19.6
RD-0013869,SH-00285,LG-000549,2026-06-29 16:05:00,-18.2
RD-0013870,SH-00285,LG-000549,2026-06-29 16:35:00,-17.3
RD-0013871,SH-00285,LG-000549,2026-06-29 17:05:00,-18.5
RD-0013872,SH-00285,LG-000549,2026-06-29 17:35:00,-18.2
RD-0013873,SH-00285,LG-000549,2026-06-29 18:05:00,-16.9
RD-0013874,SH-00285,LG-000549,2026-06-29 18:35:00,-18.3
RD-0013875,SH-00285,LG-000549,2026-06-29 19:05:00,-18.2
RD-0013876,SH-00285,LG-000549,2026-06-29 19:35:00,-17.6
RD-0013877,SH-00285,LG-000549,2026-06-29 20:05:00,-17.8
RD-0013878,SH-00285,LG-000549,2026-06-29 20:35:00,-17.5
RD-0013879,SH-00285,LG-000550,2026-06-29 21:05:00,-17.2
RD-0013880,SH-00285,LG-000550,2026-06-29 21:35:00,-17.7
RD-0013881,SH-00285,LG-000550,2026-06-29 22:05:00,-18.1
RD-0013882,SH-00285,LG-000550,2026-06-29 22:35:00,-19.2
RD-0013883,SH-00285,LG-000550,2026-06-29 23:05:00,-17.4
RD-0013884,SH-00285,LG-000550,2026-06-29 23:35:00,-17.1
RD-0013885,SH-00285,LG-000550,2026-06-30 00:05:00,-18.0
RD-0013886,SH-00285,LG-000550,2026-06-30 00:35:00,-17.7
RD-0013887,SH-00285,LG-000550,2026-06-30 01:05:00,-999
RD-0013888,SH-00285,LG-000550,2026-06-30 01:35:00,-16.9
RD-0013889,SH-00285,LG-000550,2026-06-30 02:05:00,-17.4
RD-0013890,SH-00285,LG-000550,2026-06-30 02:35:00,-17.9
RD-0013891,SH-00285,LG-000550,2026-06-30 03:05:00,-18.2
RD-0013892,SH-00285,LG-000550,2026-06-30 03:35:00,-17.4
RD-0013893,SH-00285,LG-000550,2026-06-30 04:05:00,-18.7
RD-0013894,SH-00285,LG-000550,2026-06-30 04:35:00,-18.2
RD-0013895,SH-00285,LG-000550,2026-06-30 05:05:00,-19.0
RD-0013896,SH-00285,LG-000550,2026-06-30 05:35:00,-999
RD-0013897,SH-00286,LG-000551,2026-07-08 02:11:00,-17.2
RD-0013898,SH-00286,LG-000551,2026-07-08 02:41:00,-17.9
RD-0013899,SH-00286,LG-000551,2026-07-08 03:11:00,-18.2
RD-0013900,SH-00286,LG-000551,2026-07-08 03:41:00,-18.0
RD-0013901,SH-00286,LG-000551,2026-07-08 04:11:00,-16.9
RD-0013902,SH-00286,LG-000551,2026-07-08 04:41:00,-18.1
RD-0013903,SH-00286,LG-000551,2026-07-08 05:11:00,-19.4
RD-0013904,SH-00286,LG-000551,2026-07-08 05:41:00,-19.4
RD-0013905,SH-00286,LG-000551,2026-07-08 06:11:00,-17.7
RD-0013906,SH-00286,LG-000551,2026-07-08 06:41:00,-17.3
RD-0013907,SH-00286,LG-000551,2026-07-08 07:11:00,-17.9
RD-0013908,SH-00286,LG-000551,2026-07-08 07:41:00,-18.4
RD-0013909,SH-00286,LG-000551,2026-07-08 08:11:00,-18.2
RD-0013910,SH-00286,LG-000551,2026-07-08 08:41:00,-18.2
RD-0013911,SH-00286,LG-000551,2026-07-08 09:11:00,-18.5
RD-0013912,SH-00286,LG-000551,2026-07-08 09:41:00,-17.0
RD-0013913,SH-00286,LG-000551,2026-07-08 10:11:00,-17.6
RD-0013914,SH-00286,LG-000551,2026-07-08 10:41:00,-17.0
RD-0013915,SH-00286,LG-000551,2026-07-08 11:11:00,-18.3
RD-0013916,SH-00286,LG-000551,2026-07-08 11:41:00,-17.1
RD-0013917,SH-00286,LG-000551,2026-07-08 12:11:00,-17.7
RD-0013918,SH-00286,LG-000551,2026-07-08 12:41:00,-17.3
RD-0013919,SH-00286,LG-000551,2026-07-08 13:11:00,-19.2
RD-0013920,SH-00286,LG-000551,2026-07-08 13:41:00,-18.4
RD-0013921,SH-00286,LG-000551,2026-07-08 14:11:00,-17.4
RD-0013922,SH-00286,LG-000551,2026-07-08 14:41:00,-17.8
RD-0013923,SH-00286,LG-000551,2026-07-08 15:11:00,-17.2
RD-0013924,SH-00286,LG-000551,2026-07-08 15:41:00,-18.4
RD-0013925,SH-00286,LG-000551,2026-07-08 16:11:00,-17.7
RD-0013926,SH-00286,LG-000551,2026-07-08 16:41:00,-17.8
RD-0013927,SH-00286,LG-000551,2026-07-08 17:11:00,-17.9
RD-0013928,SH-00286,LG-000551,2026-07-08 17:41:00,-16.4
RD-0013929,SH-00286,LG-000551,2026-07-08 18:11:00,-18.6
RD-0013930,SH-00286,LG-000551,2026-07-08 18:41:00,-16.7
RD-0013931,SH-00286,LG-000551,2026-07-08 19:11:00,-19.4
RD-0013932,SH-00286,LG-000551,2026-07-08 19:41:00,-17.9
RD-0013933,SH-00286,LG-000551,2026-07-08 20:11:00,-16.5
RD-0013934,SH-00286,LG-000551,2026-07-08 20:41:00,-16.2
RD-0013935,SH-00286,LG-000551,2026-07-08 21:11:00,-17.0
RD-0013936,SH-00286,LG-000551,2026-07-08 21:41:00,-18.6
RD-0013937,SH-00286,LG-000551,2026-07-08 22:11:00,-18.8
RD-0013938,SH-00286,LG-000551,2026-07-08 22:41:00,-17.6
RD-0013939,SH-00286,LG-000551,2026-07-08 23:11:00,-18.3
RD-0013940,SH-00286,LG-000551,2026-07-08 23:41:00,-17.9
RD-0013941,SH-00286,LG-000551,2026-07-09 00:11:00,-17.4
RD-0013942,SH-00286,LG-000551,2026-07-09 00:41:00,-18.2
RD-0013943,SH-00286,LG-000551,2026-07-09 01:11:00,-17.1
RD-0013944,SH-00286,LG-000551,2026-07-09 01:41:00,-17.4
RD-0013945,SH-00286,LG-000551,2026-07-09 02:11:00,-18.6
RD-0013946,SH-00286,LG-000551,2026-07-09 02:41:00,-17.8
RD-0013947,SH-00286,LG-000551,2026-07-09 03:11:00,-17.7
RD-0013948,SH-00286,LG-000551,2026-07-09 03:41:00,-17.9
RD-0013949,SH-00286,LG-000551,2026-07-09 04:11:00,-18.3
RD-0013950,SH-00286,LG-000551,2026-07-09 04:41:00,-18.2
RD-0013951,SH-00286,LG-000551,2026-07-09 05:11:00,-18.7
RD-0013952,SH-00286,LG-000551,2026-07-09 05:41:00,-999
RD-0013953,SH-00286,LG-000551,2026-07-09 06:11:00,-16.9
RD-0013954,SH-00286,LG-000551,2026-07-09 06:41:00,-18.9
RD-0013955,SH-00286,LG-000551,2026-07-09 07:11:00,-16.5
RD-0013956,SH-00286,LG-000551,2026-07-09 07:41:00,-18.1
RD-0013957,SH-00286,LG-000551,2026-07-09 08:11:00,-999
RD-0013958,SH-00286,LG-000551,2026-07-09 08:41:00,-18.5
RD-0013959,SH-00286,LG-000551,2026-07-09 09:11:00,-18.2
RD-0013960,SH-00286,LG-000551,2026-07-09 09:41:00,-18.4
RD-0013961,SH-00286,LG-000551,2026-07-09 10:11:00,-18.3
RD-0013962,SH-00286,LG-000551,2026-07-09 10:41:00,-16.6
RD-0013963,SH-00286,LG-000551,2026-07-09 11:11:00,-17.6
RD-0013964,SH-00286,LG-000551,2026-07-09 11:41:00,-17.1
RD-0013965,SH-00286,LG-000551,2026-07-09 12:11:00,-17.5
RD-0013966,SH-00286,LG-000551,2026-07-09 12:41:00,-999
RD-0013967,SH-00286,LG-000551,2026-07-09 13:11:00,-17.4
RD-0013968,SH-00286,LG-000551,2026-07-09 13:41:00,-999
RD-0013969,SH-00286,LG-000551,2026-07-09 14:11:00,-18.0
RD-0013970,SH-00286,LG-000551,2026-07-09 14:41:00,-16.6
RD-0013971,SH-00287,LG-000552,2026-08-14 10:30:00,-16.7
RD-0013972,SH-00287,LG-000552,2026-08-14 11:00:00,-17.3
RD-0013973,SH-00287,LG-000552,2026-08-14 11:30:00,-18.7
RD-0013974,SH-00287,LG-000552,2026-08-14 12:00:00,-17.3
RD-0013975,SH-00287,LG-000552,2026-08-14 12:30:00,-12.4
RD-0013976,SH-00287,LG-000552,2026-08-14 13:00:00,-17.8
RD-0013977,SH-00287,LG-000552,2026-08-14 13:30:00,-18.6
RD-0013978,SH-00287,LG-000552,2026-08-14 14:00:00,-14.2
RD-0013979,SH-00287,LG-000552,2026-08-14 14:30:00,-16.8
RD-0013980,SH-00287,LG-000552,2026-08-14 15:00:00,-19.1
RD-0013981,SH-00287,LG-000552,2026-08-14 15:30:00,-10.5
RD-0013982,SH-00287,LG-000552,2026-08-14 16:00:00,-999
RD-0013983,SH-00287,LG-000552,2026-08-14 16:30:00,-17.9
RD-0013984,SH-00287,LG-000552,2026-08-14 17:00:00,-12.7
RD-0013985,SH-00287,LG-000552,2026-08-14 17:30:00,-13.8
RD-0013986,SH-00287,LG-000552,2026-08-14 18:00:00,-18.3
RD-0013987,SH-00287,LG-000553,2026-08-14 18:30:00,-18.6
RD-0013988,SH-00287,LG-000553,2026-08-14 19:00:00,-19.7
RD-0013989,SH-00287,LG-000553,2026-08-14 19:30:00,-17.7
RD-0013990,SH-00287,LG-000553,2026-08-14 20:00:00,-9.7
RD-0013991,SH-00287,LG-000553,2026-08-14 20:30:00,-19.7
RD-0013992,SH-00287,LG-000553,2026-08-14 21:00:00,-18.3
RD-0013993,SH-00287,LG-000553,2026-08-14 21:30:00,-18.2
RD-0013994,SH-00287,LG-000553,2026-08-14 22:00:00,-18.7
RD-0013995,SH-00287,LG-000553,2026-08-14 22:30:00,-18.2
RD-0013996,SH-00287,LG-000553,2026-08-14 23:00:00,-17.9
RD-0013997,SH-00287,LG-000553,2026-08-14 23:30:00,-17.9
RD-0013998,SH-00287,LG-000553,2026-08-15 00:00:00,-17.9
RD-0013999,SH-00287,LG-000553,2026-08-15 00:30:00,-17.5
RD-0014000,SH-00287,LG-000553,2026-08-15 01:00:00,-17.8
RD-0014001,SH-00287,LG-000553,2026-08-15 01:30:00,-18.4
RD-0014002,SH-00287,LG-000553,2026-08-15 02:00:00,-18.1
RD-0014003,SH-00287,LG-000554,2026-08-15 02:30:00,-11.4
RD-0014004,SH-00287,LG-000554,2026-08-15 03:00:00,-19.0
RD-0014005,SH-00287,LG-000554,2026-08-15 03:30:00,-19.3
RD-0014006,SH-00287,LG-000554,2026-08-15 04:00:00,-16.8
RD-0014007,SH-00287,LG-000554,2026-08-15 04:30:00,-17.6
RD-0014008,SH-00287,LG-000554,2026-08-15 05:00:00,-18.9
RD-0014009,SH-00287,LG-000554,2026-08-15 05:30:00,-17.5
RD-0014010,SH-00287,LG-000554,2026-08-15 06:00:00,-18.4
RD-0014011,SH-00287,LG-000554,2026-08-15 06:30:00,-13.1
RD-0014012,SH-00287,LG-000554,2026-08-15 07:00:00,-17.9
RD-0014013,SH-00287,LG-000554,2026-08-15 07:30:00,-11.5
RD-0014014,SH-00287,LG-000554,2026-08-15 08:00:00,-18.8
RD-0014015,SH-00287,LG-000554,2026-08-15 08:30:00,-18.6
RD-0014016,SH-00287,LG-000554,2026-08-15 09:00:00,-17.4
RD-0014017,SH-00287,LG-000554,2026-08-15 09:30:00,-16.1
RD-0014018,SH-00287,LG-000554,2026-08-15 10:00:00,-17.7
RD-0014019,SH-00288,LG-000555,2026-08-14 01:28:00,5.3
RD-0014020,SH-00288,LG-000555,2026-08-14 01:58:00,9.0
RD-0014021,SH-00288,LG-000555,2026-08-14 02:28:00,4.5
RD-0014022,SH-00288,LG-000555,2026-08-14 02:58:00,4.7
RD-0014023,SH-00288,LG-000555,2026-08-14 03:28:00,4.0
RD-0014024,SH-00288,LG-000555,2026-08-14 03:58:00,4.7
RD-0014025,SH-00288,LG-000555,2026-08-14 04:28:00,3.8
RD-0014026,SH-00288,LG-000555,2026-08-14 04:58:00,3.2
RD-0014027,SH-00288,LG-000555,2026-08-14 05:28:00,4.8
RD-0014028,SH-00288,LG-000555,2026-08-14 05:58:00,5.1
RD-0014029,SH-00288,LG-000555,2026-08-14 06:28:00,5.5
RD-0014030,SH-00288,LG-000555,2026-08-14 06:58:00,5.4
RD-0014031,SH-00288,LG-000556,2026-08-14 07:28:00,6.2
RD-0014032,SH-00288,LG-000556,2026-08-14 07:58:00,4.6
RD-0014033,SH-00288,LG-000556,2026-08-14 08:28:00,11.8
RD-0014034,SH-00288,LG-000556,2026-08-14 08:58:00,12.0
RD-0014035,SH-00288,LG-000556,2026-08-14 09:28:00,4.8
RD-0014036,SH-00288,LG-000556,2026-08-14 09:58:00,5.9
RD-0014037,SH-00288,LG-000556,2026-08-14 10:28:00,13.0
RD-0014038,SH-00288,LG-000556,2026-08-14 10:58:00,9.5
RD-0014039,SH-00288,LG-000556,2026-08-14 11:28:00,10.4
RD-0014040,SH-00288,LG-000556,2026-08-14 11:58:00,9.5
RD-0014041,SH-00288,LG-000556,2026-08-14 12:28:00,5.4
RD-0014042,SH-00288,LG-000556,2026-08-14 12:58:00,11.3
RD-0014043,SH-00289,LG-000557,2026-07-02 18:42:00,-18.0
RD-0014044,SH-00289,LG-000557,2026-07-02 19:12:00,-18.5
RD-0014045,SH-00289,LG-000557,2026-07-02 19:42:00,-19.1
RD-0014046,SH-00289,LG-000557,2026-07-02 20:12:00,-18.7
RD-0014047,SH-00289,LG-000557,2026-07-02 20:42:00,-17.5
RD-0014048,SH-00289,LG-000557,2026-07-02 21:12:00,-19.0
RD-0014049,SH-00289,LG-000557,2026-07-02 21:42:00,-17.9
RD-0014050,SH-00289,LG-000557,2026-07-02 22:12:00,-17.8
RD-0014051,SH-00289,LG-000557,2026-07-02 22:42:00,-16.6
RD-0014052,SH-00289,LG-000557,2026-07-02 23:12:00,-17.3
RD-0014053,SH-00289,LG-000557,2026-07-02 23:42:00,-19.0
RD-0014054,SH-00289,LG-000557,2026-07-03 00:12:00,-18.6
RD-0014055,SH-00289,LG-000557,2026-07-03 00:42:00,-17.4
RD-0014056,SH-00289,LG-000557,2026-07-03 01:12:00,-17.3
RD-0014057,SH-00289,LG-000557,2026-07-03 01:42:00,-18.2
RD-0014058,SH-00289,LG-000557,2026-07-03 02:12:00,-17.9
RD-0014059,SH-00289,LG-000557,2026-07-03 02:42:00,-19.0
RD-0014060,SH-00289,LG-000557,2026-07-03 03:12:00,-18.7
RD-0014061,SH-00289,LG-000557,2026-07-03 03:42:00,-18.9
RD-0014062,SH-00289,LG-000557,2026-07-03 04:12:00,-16.6
RD-0014063,SH-00289,LG-000557,2026-07-03 04:42:00,-17.9
RD-0014064,SH-00289,LG-000557,2026-07-03 05:12:00,-18.6
RD-0014065,SH-00289,LG-000557,2026-07-03 05:42:00,-19.4
RD-0014066,SH-00289,LG-000557,2026-07-03 06:12:00,-18.2
RD-0014067,SH-00289,LG-000557,2026-07-03 06:42:00,-17.4
RD-0014068,SH-00289,LG-000557,2026-07-03 07:12:00,-18.3
RD-0014069,SH-00289,LG-000558,2026-07-03 07:42:00,-18.0
RD-0014070,SH-00289,LG-000558,2026-07-03 08:12:00,-16.9
RD-0014071,SH-00289,LG-000558,2026-07-03 08:42:00,-16.6
RD-0014072,SH-00289,LG-000558,2026-07-03 09:12:00,-18.7
RD-0014073,SH-00289,LG-000558,2026-07-03 09:42:00,-18.2
RD-0014074,SH-00289,LG-000558,2026-07-03 10:12:00,-17.1
RD-0014075,SH-00289,LG-000558,2026-07-03 10:42:00,-19.2
RD-0014076,SH-00289,LG-000558,2026-07-03 11:12:00,-17.7
RD-0014077,SH-00289,LG-000558,2026-07-03 11:42:00,-17.5
RD-0014078,SH-00289,LG-000558,2026-07-03 12:12:00,-18.8
RD-0014079,SH-00289,LG-000558,2026-07-03 12:42:00,-18.1
RD-0014080,SH-00289,LG-000558,2026-07-03 13:12:00,-19.0
RD-0014081,SH-00289,LG-000558,2026-07-03 13:42:00,-17.8
RD-0014082,SH-00289,LG-000558,2026-07-03 14:12:00,-18.1
RD-0014083,SH-00289,LG-000558,2026-07-03 14:42:00,-16.4
RD-0014084,SH-00289,LG-000558,2026-07-03 15:12:00,-999
RD-0014085,SH-00289,LG-000558,2026-07-03 15:42:00,-18.2
RD-0014086,SH-00289,LG-000558,2026-07-03 16:12:00,-19.1
RD-0014087,SH-00289,LG-000558,2026-07-03 16:42:00,-18.4
RD-0014088,SH-00289,LG-000558,2026-07-03 17:12:00,-17.3
RD-0014089,SH-00289,LG-000558,2026-07-03 17:42:00,-17.2
RD-0014090,SH-00289,LG-000558,2026-07-03 18:12:00,-18.3
RD-0014091,SH-00289,LG-000558,2026-07-03 18:42:00,-15.7
RD-0014092,SH-00289,LG-000558,2026-07-03 19:12:00,-18.7
RD-0014093,SH-00289,LG-000558,2026-07-03 19:42:00,-16.1
RD-0014094,SH-00289,LG-000558,2026-07-03 20:12:00,-17.2
RD-0014095,SH-00290,LG-000559,2026-07-16 10:15:00,2.3
RD-0014096,SH-00290,LG-000559,2026-07-16 10:45:00,3.9
RD-0014097,SH-00290,LG-000559,2026-07-16 11:15:00,3.0
RD-0014098,SH-00290,LG-000559,2026-07-16 11:45:00,3.7
RD-0014099,SH-00290,LG-000559,2026-07-16 12:15:00,3.1
RD-0014100,SH-00290,LG-000559,2026-07-16 12:45:00,5.7
RD-0014101,SH-00290,LG-000559,2026-07-16 13:15:00,3.4
RD-0014102,SH-00290,LG-000559,2026-07-16 13:45:00,3.6
RD-0014103,SH-00290,LG-000559,2026-07-16 14:15:00,3.3
RD-0014104,SH-00290,LG-000559,2026-07-16 14:45:00,4.7
RD-0014105,SH-00290,LG-000559,2026-07-16 15:15:00,3.9
RD-0014106,SH-00290,LG-000559,2026-07-16 15:45:00,3.9
RD-0014107,SH-00290,LG-000559,2026-07-16 16:15:00,3.3
RD-0014108,SH-00290,LG-000559,2026-07-16 16:45:00,3.0
RD-0014109,SH-00290,LG-000559,2026-07-16 17:15:00,4.2
RD-0014110,SH-00290,LG-000559,2026-07-16 17:45:00,3.6
RD-0014111,SH-00290,LG-000559,2026-07-16 18:15:00,2.7
RD-0014112,SH-00290,LG-000559,2026-07-16 18:45:00,5.0
RD-0014113,SH-00290,LG-000560,2026-07-16 19:15:00,3.9
RD-0014114,SH-00290,LG-000560,2026-07-16 19:45:00,5.1
RD-0014115,SH-00290,LG-000560,2026-07-16 20:15:00,3.1
RD-0014116,SH-00290,LG-000560,2026-07-16 20:45:00,4.0
RD-0014117,SH-00290,LG-000560,2026-07-16 21:15:00,4.0
RD-0014118,SH-00290,LG-000560,2026-07-16 21:45:00,4.2
RD-0014119,SH-00290,LG-000560,2026-07-16 22:15:00,3.7
RD-0014120,SH-00290,LG-000560,2026-07-16 22:45:00,3.9
RD-0014121,SH-00290,LG-000560,2026-07-16 23:15:00,3.9
RD-0014122,SH-00290,LG-000560,2026-07-16 23:45:00,4.1
RD-0014123,SH-00290,LG-000560,2026-07-17 00:15:00,4.7
RD-0014124,SH-00290,LG-000560,2026-07-17 00:45:00,4.3
RD-0014125,SH-00290,LG-000560,2026-07-17 01:15:00,-999
RD-0014126,SH-00290,LG-000560,2026-07-17 01:45:00,2.4
RD-0014127,SH-00290,LG-000560,2026-07-17 02:15:00,4.9
RD-0014128,SH-00290,LG-000560,2026-07-17 02:45:00,2.9
RD-0014129,SH-00290,LG-000560,2026-07-17 03:15:00,3.5
RD-0014130,SH-00290,LG-000560,2026-07-17 03:45:00,4.3
RD-0014131,SH-00290,LG-000561,2026-07-17 04:15:00,3.2
RD-0014132,SH-00290,LG-000561,2026-07-17 04:45:00,4.1
RD-0014133,SH-00290,LG-000561,2026-07-17 05:15:00,2.9
RD-0014134,SH-00290,LG-000561,2026-07-17 05:45:00,3.8
RD-0014135,SH-00290,LG-000561,2026-07-17 06:15:00,3.8
RD-0014136,SH-00290,LG-000561,2026-07-17 06:45:00,4.1
RD-0014137,SH-00290,LG-000561,2026-07-17 07:15:00,4.1
RD-0014138,SH-00290,LG-000561,2026-07-17 07:45:00,3.1
RD-0014139,SH-00290,LG-000561,2026-07-17 08:15:00,3.9
RD-0014140,SH-00290,LG-000561,2026-07-17 08:45:00,3.9
RD-0014141,SH-00290,LG-000561,2026-07-17 09:15:00,3.4
RD-0014142,SH-00290,LG-000561,2026-07-17 09:45:00,3.1
RD-0014143,SH-00290,LG-000561,2026-07-17 10:15:00,2.3
RD-0014144,SH-00290,LG-000561,2026-07-17 10:45:00,3.5
RD-0014145,SH-00290,LG-000561,2026-07-17 11:15:00,3.7
RD-0014146,SH-00290,LG-000561,2026-07-17 11:45:00,3.5
RD-0014147,SH-00290,LG-000561,2026-07-17 12:15:00,3.2
RD-0014148,SH-00290,LG-000561,2026-07-17 12:45:00,3.3
RD-0014149,SH-00291,LG-000562,2026-08-09 19:13:00,3.7
RD-0014150,SH-00291,LG-000562,2026-08-09 19:43:00,4.7
RD-0014151,SH-00291,LG-000562,2026-08-09 20:13:00,5.1
RD-0014152,SH-00291,LG-000562,2026-08-09 20:43:00,5.7
RD-0014153,SH-00291,LG-000562,2026-08-09 21:13:00,5.9
RD-0014154,SH-00291,LG-000562,2026-08-09 21:43:00,4.7
RD-0014155,SH-00291,LG-000562,2026-08-09 22:13:00,3.8
RD-0014156,SH-00291,LG-000562,2026-08-09 22:43:00,4.5
RD-0014157,SH-00291,LG-000562,2026-08-09 23:13:00,4.3
RD-0014158,SH-00291,LG-000562,2026-08-09 23:43:00,5.6
RD-0014159,SH-00291,LG-000563,2026-08-10 00:13:00,6.1
RD-0014160,SH-00291,LG-000563,2026-08-10 00:43:00,5.0
RD-0014161,SH-00291,LG-000563,2026-08-10 01:13:00,6.2
RD-0014162,SH-00291,LG-000563,2026-08-10 01:43:00,4.7
RD-0014163,SH-00291,LG-000563,2026-08-10 02:13:00,4.3
RD-0014164,SH-00291,LG-000563,2026-08-10 02:43:00,4.4
RD-0014165,SH-00291,LG-000563,2026-08-10 03:13:00,3.9
RD-0014166,SH-00291,LG-000563,2026-08-10 03:43:00,4.2
RD-0014167,SH-00291,LG-000563,2026-08-10 04:13:00,4.1
RD-0014168,SH-00291,LG-000563,2026-08-10 04:43:00,4.9
RD-0014169,SH-00291,LG-000564,2026-08-10 05:13:00,5.2
RD-0014170,SH-00291,LG-000564,2026-08-10 05:43:00,5.2
RD-0014171,SH-00291,LG-000564,2026-08-10 06:13:00,4.4
RD-0014172,SH-00291,LG-000564,2026-08-10 06:43:00,7.0
RD-0014173,SH-00291,LG-000564,2026-08-10 07:13:00,-999
RD-0014174,SH-00291,LG-000564,2026-08-10 07:43:00,6.4
RD-0014175,SH-00291,LG-000564,2026-08-10 08:13:00,4.7
RD-0014176,SH-00291,LG-000564,2026-08-10 08:43:00,5.1
RD-0014177,SH-00291,LG-000564,2026-08-10 09:13:00,3.9
RD-0014178,SH-00291,LG-000564,2026-08-10 09:43:00,4.6
RD-0014179,SH-00292,LG-000565,2026-08-16 14:31:00,-18.8
RD-0014180,SH-00292,LG-000565,2026-08-16 15:01:00,-17.9
RD-0014181,SH-00292,LG-000565,2026-08-16 15:31:00,-18.7
RD-0014182,SH-00292,LG-000565,2026-08-16 16:01:00,-18.0
RD-0014183,SH-00292,LG-000565,2026-08-16 16:31:00,-17.1
RD-0014184,SH-00292,LG-000565,2026-08-16 17:01:00,-16.9
RD-0014185,SH-00292,LG-000565,2026-08-16 17:31:00,-17.6
RD-0014186,SH-00292,LG-000565,2026-08-16 18:01:00,-18.8
RD-0014187,SH-00292,LG-000565,2026-08-16 18:31:00,-18.1
RD-0014188,SH-00292,LG-000565,2026-08-16 19:01:00,-19.1
RD-0014189,SH-00292,LG-000565,2026-08-16 19:31:00,-16.9
RD-0014190,SH-00292,LG-000565,2026-08-16 20:01:00,-16.9
RD-0014191,SH-00292,LG-000565,2026-08-16 20:31:00,-18.1
RD-0014192,SH-00292,LG-000565,2026-08-16 21:01:00,-17.1
RD-0014193,SH-00292,LG-000565,2026-08-16 21:31:00,-18.7
RD-0014194,SH-00292,LG-000565,2026-08-16 22:01:00,-18.1
RD-0014195,SH-00292,LG-000565,2026-08-16 22:31:00,-18.0
RD-0014196,SH-00292,LG-000565,2026-08-16 23:01:00,-18.6
RD-0014197,SH-00292,LG-000565,2026-08-16 23:31:00,-17.1
RD-0014198,SH-00292,LG-000565,2026-08-17 00:01:00,-17.0
RD-0014199,SH-00292,LG-000565,2026-08-17 00:31:00,-16.4
RD-0014200,SH-00292,LG-000565,2026-08-17 01:01:00,-17.7
RD-0014201,SH-00292,LG-000565,2026-08-17 01:31:00,-17.2
RD-0014202,SH-00292,LG-000565,2026-08-17 02:01:00,-19.4
RD-0014203,SH-00292,LG-000565,2026-08-17 02:31:00,-17.5
RD-0014204,SH-00292,LG-000565,2026-08-17 03:01:00,-18.3
RD-0014205,SH-00292,LG-000565,2026-08-17 03:31:00,-17.7
RD-0014206,SH-00292,LG-000565,2026-08-17 04:01:00,-17.1
RD-0014207,SH-00292,LG-000565,2026-08-17 04:31:00,-16.6
RD-0014208,SH-00292,LG-000565,2026-08-17 05:01:00,-17.9
RD-0014209,SH-00292,LG-000565,2026-08-17 05:31:00,-17.9
RD-0014210,SH-00292,LG-000565,2026-08-17 06:01:00,-16.8
RD-0014211,SH-00292,LG-000565,2026-08-17 06:31:00,-18.8
RD-0014212,SH-00292,LG-000565,2026-08-17 07:01:00,-17.6
RD-0014213,SH-00292,LG-000565,2026-08-17 07:31:00,-18.5
RD-0014214,SH-00292,LG-000565,2026-08-17 08:01:00,-17.6
RD-0014215,SH-00292,LG-000566,2026-08-17 08:31:00,-999
RD-0014216,SH-00292,LG-000566,2026-08-17 09:01:00,-17.5
RD-0014217,SH-00292,LG-000566,2026-08-17 09:31:00,-19.0
RD-0014218,SH-00292,LG-000566,2026-08-17 10:01:00,-18.2
RD-0014219,SH-00292,LG-000566,2026-08-17 10:31:00,-18.7
RD-0014220,SH-00292,LG-000566,2026-08-17 11:01:00,-18.5
RD-0014221,SH-00292,LG-000566,2026-08-17 11:31:00,-18.1
RD-0014222,SH-00292,LG-000566,2026-08-17 12:01:00,-18.2
RD-0014223,SH-00292,LG-000566,2026-08-17 12:31:00,-17.0
RD-0014224,SH-00292,LG-000566,2026-08-17 13:01:00,-18.4
RD-0014225,SH-00292,LG-000566,2026-08-17 13:31:00,-17.6
RD-0014226,SH-00292,LG-000566,2026-08-17 14:01:00,-18.6
RD-0014227,SH-00292,LG-000566,2026-08-17 14:31:00,-17.3
RD-0014228,SH-00292,LG-000566,2026-08-17 15:01:00,-16.5
RD-0014229,SH-00292,LG-000566,2026-08-17 15:31:00,-18.3
RD-0014230,SH-00292,LG-000566,2026-08-17 16:01:00,-19.1
RD-0014231,SH-00292,LG-000566,2026-08-17 16:31:00,-18.2
RD-0014232,SH-00292,LG-000566,2026-08-17 17:01:00,-17.6
RD-0014233,SH-00292,LG-000566,2026-08-17 17:31:00,-18.9
RD-0014234,SH-00292,LG-000566,2026-08-17 18:01:00,-17.5
RD-0014235,SH-00292,LG-000566,2026-08-17 18:31:00,-17.8
RD-0014236,SH-00292,LG-000566,2026-08-17 19:01:00,-17.7
RD-0014237,SH-00292,LG-000566,2026-08-17 19:31:00,-17.2
RD-0014238,SH-00292,LG-000566,2026-08-17 20:01:00,-17.7
RD-0014239,SH-00292,LG-000566,2026-08-17 20:31:00,-18.3
RD-0014240,SH-00292,LG-000566,2026-08-17 21:01:00,-17.6
RD-0014241,SH-00292,LG-000566,2026-08-17 21:31:00,-16.6
RD-0014242,SH-00292,LG-000566,2026-08-17 22:01:00,-17.6
RD-0014243,SH-00292,LG-000566,2026-08-17 22:31:00,-19.0
RD-0014244,SH-00292,LG-000566,2026-08-17 23:01:00,-17.7
RD-0014245,SH-00292,LG-000566,2026-08-17 23:31:00,-17.8
RD-0014246,SH-00292,LG-000566,2026-08-18 00:01:00,-18.6
RD-0014247,SH-00292,LG-000566,2026-08-18 00:31:00,-18.1
RD-0014248,SH-00292,LG-000566,2026-08-18 01:01:00,-18.7
RD-0014249,SH-00292,LG-000566,2026-08-18 01:31:00,-17.1
RD-0014250,SH-00292,LG-000566,2026-08-18 02:01:00,-17.1
RD-0014251,SH-00293,LG-000567,2026-06-02 07:36:00,40.1
RD-0014252,SH-00293,LG-000567,2026-06-02 08:06:00,39.7
RD-0014253,SH-00293,LG-000567,2026-06-02 08:36:00,42.0
RD-0014254,SH-00293,LG-000567,2026-06-02 09:06:00,38.9
RD-0014255,SH-00293,LG-000567,2026-06-02 09:36:00,37.9
RD-0014256,SH-00293,LG-000567,2026-06-02 10:06:00,40.7
RD-0014257,SH-00293,LG-000567,2026-06-02 10:36:00,41.3
RD-0014258,SH-00293,LG-000567,2026-06-02 11:06:00,36.3
RD-0014259,SH-00293,LG-000567,2026-06-02 11:36:00,39.9
RD-0014260,SH-00293,LG-000567,2026-06-02 12:06:00,38.2
RD-0014261,SH-00293,LG-000567,2026-06-02 12:36:00,39.1
RD-0014262,SH-00293,LG-000567,2026-06-02 13:06:00,38.6
RD-0014263,SH-00293,LG-000567,2026-06-02 13:36:00,38.1
RD-0014264,SH-00293,LG-000567,2026-06-02 14:06:00,40.7
RD-0014265,SH-00293,LG-000567,2026-06-02 14:36:00,37.4
RD-0014266,SH-00293,LG-000567,2026-06-02 15:06:00,42.8
RD-0014267,SH-00293,LG-000568,2026-06-02 15:36:00,2.8
RD-0014268,SH-00293,LG-000568,2026-06-02 16:06:00,3.3
RD-0014269,SH-00293,LG-000568,2026-06-02 16:36:00,4.0
RD-0014270,SH-00293,LG-000568,2026-06-02 17:06:00,3.5
RD-0014271,SH-00293,LG-000568,2026-06-02 17:36:00,3.1
RD-0014272,SH-00293,LG-000568,2026-06-02 18:06:00,5.8
RD-0014273,SH-00293,LG-000568,2026-06-02 18:36:00,4.9
RD-0014274,SH-00293,LG-000568,2026-06-02 19:06:00,5.4
RD-0014275,SH-00293,LG-000568,2026-06-02 19:36:00,4.2
RD-0014276,SH-00293,LG-000568,2026-06-02 20:06:00,3.6
RD-0014277,SH-00293,LG-000568,2026-06-02 20:36:00,3.2
RD-0014278,SH-00293,LG-000568,2026-06-02 21:06:00,3.7
RD-0014279,SH-00293,LG-000568,2026-06-02 21:36:00,2.1
RD-0014280,SH-00293,LG-000568,2026-06-02 22:06:00,3.5
RD-0014281,SH-00293,LG-000568,2026-06-02 22:36:00,3.8
RD-0014282,SH-00293,LG-000568,2026-06-02 23:06:00,3.0
RD-0014283,SH-00294,LG-000569,2026-08-23 09:20:00,-11.5
RD-0014284,SH-00294,LG-000569,2026-08-23 09:50:00,-17.8
RD-0014285,SH-00294,LG-000569,2026-08-23 10:20:00,-18.6
RD-0014286,SH-00294,LG-000569,2026-08-23 10:50:00,-12.9
RD-0014287,SH-00294,LG-000569,2026-08-23 11:20:00,-17.4
RD-0014288,SH-00294,LG-000569,2026-08-23 11:50:00,-10.7
RD-0014289,SH-00294,LG-000569,2026-08-23 12:20:00,-10.3
RD-0014290,SH-00294,LG-000569,2026-08-23 12:50:00,-11.7
RD-0014291,SH-00294,LG-000569,2026-08-23 13:20:00,-19.0
RD-0014292,SH-00294,LG-000569,2026-08-23 13:50:00,-18.4
RD-0014293,SH-00294,LG-000569,2026-08-23 14:20:00,-19.0
RD-0014294,SH-00294,LG-000569,2026-08-23 14:50:00,-19.2
RD-0014295,SH-00294,LG-000569,2026-08-23 15:20:00,-17.6
RD-0014296,SH-00294,LG-000569,2026-08-23 15:50:00,-18.6
RD-0014297,SH-00294,LG-000569,2026-08-23 16:20:00,-18.2
RD-0014298,SH-00294,LG-000569,2026-08-23 16:50:00,-17.6
RD-0014299,SH-00294,LG-000569,2026-08-23 17:20:00,-10.4
RD-0014300,SH-00294,LG-000569,2026-08-23 17:50:00,-17.9
RD-0014301,SH-00294,LG-000569,2026-08-23 18:20:00,-19.1
RD-0014302,SH-00294,LG-000569,2026-08-23 18:50:00,-18.9
RD-0014303,SH-00294,LG-000570,2026-08-23 19:20:00,-17.2
RD-0014304,SH-00294,LG-000570,2026-08-23 19:50:00,-9.5
RD-0014305,SH-00294,LG-000570,2026-08-23 20:20:00,-18.5
RD-0014306,SH-00294,LG-000570,2026-08-23 20:50:00,-9.6
RD-0014307,SH-00294,LG-000570,2026-08-23 21:20:00,-18.7
RD-0014308,SH-00294,LG-000570,2026-08-23 21:50:00,-17.4
RD-0014309,SH-00294,LG-000570,2026-08-23 22:20:00,-18.8
RD-0014310,SH-00294,LG-000570,2026-08-23 22:50:00,-10.7
RD-0014311,SH-00294,LG-000570,2026-08-23 23:20:00,-17.0
RD-0014312,SH-00294,LG-000570,2026-08-23 23:50:00,-16.3
RD-0014313,SH-00294,LG-000570,2026-08-24 00:20:00,-18.7
RD-0014314,SH-00294,LG-000570,2026-08-24 00:50:00,-17.8
RD-0014315,SH-00294,LG-000570,2026-08-24 01:20:00,-16.8
RD-0014316,SH-00294,LG-000570,2026-08-24 01:50:00,-9.2
RD-0014317,SH-00294,LG-000570,2026-08-24 02:20:00,-9.4
RD-0014318,SH-00294,LG-000570,2026-08-24 02:50:00,-18.4
RD-0014319,SH-00294,LG-000570,2026-08-24 03:20:00,-18.1
RD-0014320,SH-00294,LG-000570,2026-08-24 03:50:00,-999
RD-0014321,SH-00294,LG-000570,2026-08-24 04:20:00,-9.7
RD-0014322,SH-00294,LG-000570,2026-08-24 04:50:00,-11.1
RD-0014323,SH-00295,LG-000571,2026-06-15 23:47:00,3.7
RD-0014324,SH-00295,LG-000571,2026-06-16 00:17:00,3.6
RD-0014325,SH-00295,LG-000571,2026-06-16 00:47:00,4.0
RD-0014326,SH-00295,LG-000571,2026-06-16 01:17:00,3.8
RD-0014327,SH-00295,LG-000571,2026-06-16 01:47:00,2.4
RD-0014328,SH-00295,LG-000571,2026-06-16 02:17:00,4.1
RD-0014329,SH-00295,LG-000571,2026-06-16 02:47:00,3.9
RD-0014330,SH-00295,LG-000571,2026-06-16 03:17:00,4.7
RD-0014331,SH-00295,LG-000571,2026-06-16 03:47:00,4.5
RD-0014332,SH-00295,LG-000571,2026-06-16 04:17:00,3.1
RD-0014333,SH-00295,LG-000571,2026-06-16 04:47:00,4.4
RD-0014334,SH-00295,LG-000571,2026-06-16 05:17:00,3.0
RD-0014335,SH-00295,LG-000571,2026-06-16 05:47:00,4.8
RD-0014336,SH-00295,LG-000571,2026-06-16 06:17:00,2.4
RD-0014337,SH-00295,LG-000571,2026-06-16 06:47:00,4.9
RD-0014338,SH-00295,LG-000571,2026-06-16 07:17:00,5.2
RD-0014339,SH-00295,LG-000571,2026-06-16 07:47:00,3.8
RD-0014340,SH-00295,LG-000571,2026-06-16 08:17:00,4.3
RD-0014341,SH-00296,LG-000572,2026-08-27 11:46:00,6.1
RD-0014342,SH-00296,LG-000572,2026-08-27 12:16:00,11.5
RD-0014343,SH-00296,LG-000572,2026-08-27 12:46:00,5.0
RD-0014344,SH-00296,LG-000572,2026-08-27 13:16:00,3.9
RD-0014345,SH-00296,LG-000572,2026-08-27 13:46:00,4.5
RD-0014346,SH-00296,LG-000572,2026-08-27 14:16:00,4.3
RD-0014347,SH-00296,LG-000572,2026-08-27 14:46:00,4.9
RD-0014348,SH-00296,LG-000572,2026-08-27 15:16:00,5.1
RD-0014349,SH-00296,LG-000572,2026-08-27 15:46:00,3.7
RD-0014350,SH-00296,LG-000572,2026-08-27 16:16:00,5.6
RD-0014351,SH-00296,LG-000572,2026-08-27 16:46:00,12.1
RD-0014352,SH-00296,LG-000572,2026-08-27 17:16:00,11.6
RD-0014353,SH-00296,LG-000572,2026-08-27 17:46:00,11.2
RD-0014354,SH-00296,LG-000572,2026-08-27 18:16:00,5.3
RD-0014355,SH-00296,LG-000572,2026-08-27 18:46:00,5.9
RD-0014356,SH-00296,LG-000572,2026-08-27 19:16:00,5.8
RD-0014357,SH-00296,LG-000572,2026-08-27 19:46:00,5.5
RD-0014358,SH-00296,LG-000572,2026-08-27 20:16:00,3.9
RD-0014359,SH-00296,LG-000572,2026-08-27 20:46:00,10.0
RD-0014360,SH-00296,LG-000572,2026-08-27 21:16:00,4.7
RD-0014361,SH-00297,LG-000573,2026-07-21 04:00:00,-18.4
RD-0014362,SH-00297,LG-000573,2026-07-21 04:30:00,-18.6
RD-0014363,SH-00297,LG-000573,2026-07-21 05:00:00,-18.9
RD-0014364,SH-00297,LG-000573,2026-07-21 05:30:00,-18.1
RD-0014365,SH-00297,LG-000573,2026-07-21 06:00:00,-17.0
RD-0014366,SH-00297,LG-000573,2026-07-21 06:30:00,-16.0
RD-0014367,SH-00297,LG-000573,2026-07-21 07:00:00,-18.0
RD-0014368,SH-00297,LG-000573,2026-07-21 07:30:00,-17.5
RD-0014369,SH-00297,LG-000574,2026-07-21 08:00:00,-17.8
RD-0014370,SH-00297,LG-000574,2026-07-21 08:30:00,-999
RD-0014371,SH-00297,LG-000574,2026-07-21 09:00:00,-18.1
RD-0014372,SH-00297,LG-000574,2026-07-21 09:30:00,-18.0
RD-0014373,SH-00297,LG-000574,2026-07-21 10:00:00,-18.2
RD-0014374,SH-00297,LG-000574,2026-07-21 10:30:00,-15.7
RD-0014375,SH-00297,LG-000574,2026-07-21 11:00:00,-16.6
RD-0014376,SH-00297,LG-000574,2026-07-21 11:30:00,-17.3
RD-0014377,SH-00297,LG-000575,2026-07-21 12:00:00,-17.9
RD-0014378,SH-00297,LG-000575,2026-07-21 12:30:00,-18.2
RD-0014379,SH-00297,LG-000575,2026-07-21 13:00:00,-17.4
RD-0014380,SH-00297,LG-000575,2026-07-21 13:30:00,-999
RD-0014381,SH-00297,LG-000575,2026-07-21 14:00:00,-20.3
RD-0014382,SH-00297,LG-000575,2026-07-21 14:30:00,-18.6
RD-0014383,SH-00297,LG-000575,2026-07-21 15:00:00,-18.4
RD-0014384,SH-00297,LG-000575,2026-07-21 15:30:00,-999
RD-0014385,SH-00298,LG-000576,2026-07-20 21:13:00,-19.3
RD-0014386,SH-00298,LG-000576,2026-07-20 21:43:00,-17.0
RD-0014387,SH-00298,LG-000576,2026-07-20 22:13:00,-18.3
RD-0014388,SH-00298,LG-000576,2026-07-20 22:43:00,-17.7
RD-0014389,SH-00298,LG-000576,2026-07-20 23:13:00,-18.4
RD-0014390,SH-00298,LG-000576,2026-07-20 23:43:00,-18.3
RD-0014391,SH-00298,LG-000576,2026-07-21 00:13:00,-16.0
RD-0014392,SH-00298,LG-000576,2026-07-21 00:43:00,-18.4
RD-0014393,SH-00298,LG-000576,2026-07-21 01:13:00,-18.1
RD-0014394,SH-00298,LG-000576,2026-07-21 01:43:00,-18.0
RD-0014395,SH-00298,LG-000576,2026-07-21 02:13:00,-19.0
RD-0014396,SH-00298,LG-000576,2026-07-21 02:43:00,-17.5
RD-0014397,SH-00298,LG-000576,2026-07-21 03:13:00,-18.8
RD-0014398,SH-00298,LG-000576,2026-07-21 03:43:00,-17.7
RD-0014399,SH-00298,LG-000576,2026-07-21 04:13:00,-19.9
RD-0014400,SH-00298,LG-000576,2026-07-21 04:43:00,-18.7
RD-0014401,SH-00298,LG-000576,2026-07-21 05:13:00,-19.5
RD-0014402,SH-00298,LG-000576,2026-07-21 05:43:00,-17.9
RD-0014403,SH-00298,LG-000576,2026-07-21 06:13:00,-18.7
RD-0014404,SH-00298,LG-000576,2026-07-21 06:43:00,-19.1
RD-0014405,SH-00298,LG-000576,2026-07-21 07:13:00,-19.9
RD-0014406,SH-00298,LG-000576,2026-07-21 07:43:00,-18.1
RD-0014407,SH-00298,LG-000576,2026-07-21 08:13:00,-18.9
RD-0014408,SH-00298,LG-000576,2026-07-21 08:43:00,-18.6
RD-0014409,SH-00298,LG-000576,2026-07-21 09:13:00,-17.1
RD-0014410,SH-00298,LG-000576,2026-07-21 09:43:00,-17.8
RD-0014411,SH-00299,LG-000577,2026-08-02 21:25:00,-17.4
RD-0014412,SH-00299,LG-000577,2026-08-02 21:55:00,-18.1
RD-0014413,SH-00299,LG-000577,2026-08-02 22:25:00,-17.5
RD-0014414,SH-00299,LG-000577,2026-08-02 22:55:00,-17.3
RD-0014415,SH-00299,LG-000577,2026-08-02 23:25:00,-999
RD-0014416,SH-00299,LG-000577,2026-08-02 23:55:00,-17.9
RD-0014417,SH-00299,LG-000577,2026-08-03 00:25:00,-17.8
RD-0014418,SH-00299,LG-000577,2026-08-03 00:55:00,-16.9
RD-0014419,SH-00299,LG-000578,2026-08-03 01:25:00,-17.6
RD-0014420,SH-00299,LG-000578,2026-08-03 01:55:00,-18.1
RD-0014421,SH-00299,LG-000578,2026-08-03 02:25:00,-18.5
RD-0014422,SH-00299,LG-000578,2026-08-03 02:55:00,-17.3
RD-0014423,SH-00299,LG-000578,2026-08-03 03:25:00,-18.1
RD-0014424,SH-00299,LG-000578,2026-08-03 03:55:00,-17.7
RD-0014425,SH-00299,LG-000578,2026-08-03 04:25:00,-19.4
RD-0014426,SH-00299,LG-000578,2026-08-03 04:55:00,-17.5
RD-0014427,SH-00299,LG-000579,2026-08-03 05:25:00,-16.9
RD-0014428,SH-00299,LG-000579,2026-08-03 05:55:00,-17.7
RD-0014429,SH-00299,LG-000579,2026-08-03 06:25:00,-18.0
RD-0014430,SH-00299,LG-000579,2026-08-03 06:55:00,-17.3
RD-0014431,SH-00299,LG-000579,2026-08-03 07:25:00,-17.8
RD-0014432,SH-00299,LG-000579,2026-08-03 07:55:00,-17.5
RD-0014433,SH-00299,LG-000579,2026-08-03 08:25:00,-18.5
RD-0014434,SH-00299,LG-000579,2026-08-03 08:55:00,-17.5
RD-0014435,SH-00300,LG-000580,2026-08-08 19:00:00,56.5
RD-0014436,SH-00300,LG-000580,2026-08-08 19:30:00,36.5
RD-0014437,SH-00300,LG-000580,2026-08-08 20:00:00,38.3
RD-0014438,SH-00300,LG-000580,2026-08-08 20:30:00,39.5
RD-0014439,SH-00300,LG-000580,2026-08-08 21:00:00,38.0
RD-0014440,SH-00300,LG-000580,2026-08-08 21:30:00,38.5
RD-0014441,SH-00300,LG-000580,2026-08-08 22:00:00,38.7
RD-0014442,SH-00300,LG-000580,2026-08-08 22:30:00,38.8
RD-0014443,SH-00300,LG-000580,2026-08-08 23:00:00,41.5
RD-0014444,SH-00300,LG-000580,2026-08-08 23:30:00,-999
RD-0014445,SH-00300,LG-000580,2026-08-09 00:00:00,39.6
RD-0014446,SH-00300,LG-000580,2026-08-09 00:30:00,49.7
RD-0014447,SH-00300,LG-000580,2026-08-09 01:00:00,38.0
RD-0014448,SH-00300,LG-000580,2026-08-09 01:30:00,55.2
RD-0014449,SH-00300,LG-000580,2026-08-09 02:00:00,55.9
RD-0014450,SH-00300,LG-000580,2026-08-09 02:30:00,41.4
RD-0014451,SH-00300,LG-000580,2026-08-09 03:00:00,52.6
RD-0014452,SH-00300,LG-000580,2026-08-09 03:30:00,38.2
RD-0014453,SH-00300,LG-000581,2026-08-09 04:00:00,3.8
RD-0014454,SH-00300,LG-000581,2026-08-09 04:30:00,3.9
RD-0014455,SH-00300,LG-000581,2026-08-09 05:00:00,10.0
RD-0014456,SH-00300,LG-000581,2026-08-09 05:30:00,3.4
RD-0014457,SH-00300,LG-000581,2026-08-09 06:00:00,5.0
RD-0014458,SH-00300,LG-000581,2026-08-09 06:30:00,4.7
RD-0014459,SH-00300,LG-000581,2026-08-09 07:00:00,11.0
RD-0014460,SH-00300,LG-000581,2026-08-09 07:30:00,3.3
RD-0014461,SH-00300,LG-000581,2026-08-09 08:00:00,3.4
RD-0014462,SH-00300,LG-000581,2026-08-09 08:30:00,12.0
RD-0014463,SH-00300,LG-000581,2026-08-09 09:00:00,4.6
RD-0014464,SH-00300,LG-000581,2026-08-09 09:30:00,3.3
RD-0014465,SH-00300,LG-000581,2026-08-09 10:00:00,9.9
RD-0014466,SH-00300,LG-000581,2026-08-09 10:30:00,3.1
RD-0014467,SH-00300,LG-000581,2026-08-09 11:00:00,4.0
RD-0014468,SH-00300,LG-000581,2026-08-09 11:30:00,8.5
RD-0014469,SH-00300,LG-000581,2026-08-09 12:00:00,7.0
RD-0014470,SH-00300,LG-000581,2026-08-09 12:30:00,-999
RD-0014471,SH-00300,LG-000582,2026-08-09 13:00:00,2.7
RD-0014472,SH-00300,LG-000582,2026-08-09 13:30:00,4.0
RD-0014473,SH-00300,LG-000582,2026-08-09 14:00:00,11.2
RD-0014474,SH-00300,LG-000582,2026-08-09 14:30:00,4.3
RD-0014475,SH-00300,LG-000582,2026-08-09 15:00:00,4.0
RD-0014476,SH-00300,LG-000582,2026-08-09 15:30:00,5.3
RD-0014477,SH-00300,LG-000582,2026-08-09 16:00:00,2.5
RD-0014478,SH-00300,LG-000582,2026-08-09 16:30:00,4.4
RD-0014479,SH-00300,LG-000582,2026-08-09 17:00:00,4.6
RD-0014480,SH-00300,LG-000582,2026-08-09 17:30:00,4.7
RD-0014481,SH-00300,LG-000582,2026-08-09 18:00:00,4.2
RD-0014482,SH-00300,LG-000582,2026-08-09 18:30:00,3.8
RD-0014483,SH-00300,LG-000582,2026-08-09 19:00:00,5.2
RD-0014484,SH-00300,LG-000582,2026-08-09 19:30:00,4.1
RD-0014485,SH-00300,LG-000582,2026-08-09 20:00:00,3.4
RD-0014486,SH-00300,LG-000582,2026-08-09 20:30:00,4.1
RD-0014487,SH-00300,LG-000582,2026-08-09 21:00:00,4.6
RD-0014488,SH-00300,LG-000582,2026-08-09 21:30:00,11.8
RD-0014489,SH-00301,LG-000583,2026-08-15 06:48:00,-18.4
RD-0014490,SH-00301,LG-000583,2026-08-15 07:18:00,-18.0
RD-0014491,SH-00301,LG-000583,2026-08-15 07:48:00,-17.6
RD-0014492,SH-00301,LG-000583,2026-08-15 08:18:00,-18.6
RD-0014493,SH-00301,LG-000583,2026-08-15 08:48:00,-19.2
RD-0014494,SH-00301,LG-000583,2026-08-15 09:18:00,-17.3
RD-0014495,SH-00301,LG-000583,2026-08-15 09:48:00,-18.7
RD-0014496,SH-00301,LG-000583,2026-08-15 10:18:00,-19.0
RD-0014497,SH-00301,LG-000583,2026-08-15 10:48:00,-18.7
RD-0014498,SH-00301,LG-000583,2026-08-15 11:18:00,-18.7
RD-0014499,SH-00301,LG-000583,2026-08-15 11:48:00,-18.9
RD-0014500,SH-00301,LG-000583,2026-08-15 12:18:00,-17.3
RD-0014501,SH-00301,LG-000583,2026-08-15 12:48:00,-18.9
RD-0014502,SH-00301,LG-000583,2026-08-15 13:18:00,-17.2
RD-0014503,SH-00301,LG-000583,2026-08-15 13:48:00,-16.4
RD-0014504,SH-00301,LG-000583,2026-08-15 14:18:00,-18.3
RD-0014505,SH-00301,LG-000583,2026-08-15 14:48:00,-17.1
RD-0014506,SH-00301,LG-000583,2026-08-15 15:18:00,-17.6
RD-0014507,SH-00301,LG-000583,2026-08-15 15:48:00,-18.8
RD-0014508,SH-00301,LG-000583,2026-08-15 16:18:00,-18.1
RD-0014509,SH-00301,LG-000583,2026-08-15 16:48:00,-18.8
RD-0014510,SH-00301,LG-000583,2026-08-15 17:18:00,-18.4
RD-0014511,SH-00301,LG-000583,2026-08-15 17:48:00,-19.3
RD-0014512,SH-00301,LG-000583,2026-08-15 18:18:00,-18.7
RD-0014513,SH-00301,LG-000583,2026-08-15 18:48:00,-16.4
RD-0014514,SH-00301,LG-000583,2026-08-15 19:18:00,-17.7
RD-0014515,SH-00301,LG-000584,2026-08-15 19:48:00,-17.5
RD-0014516,SH-00301,LG-000584,2026-08-15 20:18:00,-19.1
RD-0014517,SH-00301,LG-000584,2026-08-15 20:48:00,-19.1
RD-0014518,SH-00301,LG-000584,2026-08-15 21:18:00,-18.3
RD-0014519,SH-00301,LG-000584,2026-08-15 21:48:00,-18.8
RD-0014520,SH-00301,LG-000584,2026-08-15 22:18:00,-18.1
RD-0014521,SH-00301,LG-000584,2026-08-15 22:48:00,-18.6
RD-0014522,SH-00301,LG-000584,2026-08-15 23:18:00,-17.4
RD-0014523,SH-00301,LG-000584,2026-08-15 23:48:00,-18.7
RD-0014524,SH-00301,LG-000584,2026-08-16 00:18:00,-18.5
RD-0014525,SH-00301,LG-000584,2026-08-16 00:48:00,-17.8
RD-0014526,SH-00301,LG-000584,2026-08-16 01:18:00,-16.8
RD-0014527,SH-00301,LG-000584,2026-08-16 01:48:00,-17.5
RD-0014528,SH-00301,LG-000584,2026-08-16 02:18:00,-18.1
RD-0014529,SH-00301,LG-000584,2026-08-16 02:48:00,-16.6
RD-0014530,SH-00301,LG-000584,2026-08-16 03:18:00,-18.1
RD-0014531,SH-00301,LG-000584,2026-08-16 03:48:00,-18.5
RD-0014532,SH-00301,LG-000584,2026-08-16 04:18:00,-17.9
RD-0014533,SH-00301,LG-000584,2026-08-16 04:48:00,-17.4
RD-0014534,SH-00301,LG-000584,2026-08-16 05:18:00,-17.0
RD-0014535,SH-00301,LG-000584,2026-08-16 05:48:00,-17.5
RD-0014536,SH-00301,LG-000584,2026-08-16 06:18:00,-18.6
RD-0014537,SH-00301,LG-000584,2026-08-16 06:48:00,-18.3
RD-0014538,SH-00301,LG-000584,2026-08-16 07:18:00,-17.4
RD-0014539,SH-00301,LG-000584,2026-08-16 07:48:00,-18.5
RD-0014540,SH-00301,LG-000584,2026-08-16 08:18:00,-16.7
RD-0014541,SH-00301,LG-000585,2026-08-16 08:48:00,-18.9
RD-0014542,SH-00301,LG-000585,2026-08-16 09:18:00,-17.5
RD-0014543,SH-00301,LG-000585,2026-08-16 09:48:00,-17.5
RD-0014544,SH-00301,LG-000585,2026-08-16 10:18:00,-999
RD-0014545,SH-00301,LG-000585,2026-08-16 10:48:00,-18.7
RD-0014546,SH-00301,LG-000585,2026-08-16 11:18:00,-16.9
RD-0014547,SH-00301,LG-000585,2026-08-16 11:48:00,-16.9
RD-0014548,SH-00301,LG-000585,2026-08-16 12:18:00,-18.0
RD-0014549,SH-00301,LG-000585,2026-08-16 12:48:00,-18.0
RD-0014550,SH-00301,LG-000585,2026-08-16 13:18:00,-17.6
RD-0014551,SH-00301,LG-000585,2026-08-16 13:48:00,-18.4
RD-0014552,SH-00301,LG-000585,2026-08-16 14:18:00,-17.7
RD-0014553,SH-00301,LG-000585,2026-08-16 14:48:00,-18.3
RD-0014554,SH-00301,LG-000585,2026-08-16 15:18:00,-17.4
RD-0014555,SH-00301,LG-000585,2026-08-16 15:48:00,-17.1
RD-0014556,SH-00301,LG-000585,2026-08-16 16:18:00,-18.5
RD-0014557,SH-00301,LG-000585,2026-08-16 16:48:00,-18.0
RD-0014558,SH-00301,LG-000585,2026-08-16 17:18:00,-16.4
RD-0014559,SH-00301,LG-000585,2026-08-16 17:48:00,-18.6
RD-0014560,SH-00301,LG-000585,2026-08-16 18:18:00,-18.7
RD-0014561,SH-00301,LG-000585,2026-08-16 18:48:00,-16.9
RD-0014562,SH-00301,LG-000585,2026-08-16 19:18:00,-18.7
RD-0014563,SH-00301,LG-000585,2026-08-16 19:48:00,-20.3
RD-0014564,SH-00301,LG-000585,2026-08-16 20:18:00,-18.4
RD-0014565,SH-00301,LG-000585,2026-08-16 20:48:00,-18.2
RD-0014566,SH-00301,LG-000585,2026-08-16 21:18:00,-16.7
RD-0014567,SH-00302,LG-000586,2026-07-29 15:53:00,-999
RD-0014568,SH-00302,LG-000586,2026-07-29 16:23:00,-18.0
RD-0014569,SH-00302,LG-000586,2026-07-29 16:53:00,-18.6
RD-0014570,SH-00302,LG-000586,2026-07-29 17:23:00,-18.2
RD-0014571,SH-00302,LG-000586,2026-07-29 17:53:00,-18.3
RD-0014572,SH-00302,LG-000586,2026-07-29 18:23:00,-18.1
RD-0014573,SH-00302,LG-000586,2026-07-29 18:53:00,-19.0
RD-0014574,SH-00302,LG-000586,2026-07-29 19:23:00,-19.1
RD-0014575,SH-00302,LG-000586,2026-07-29 19:53:00,-17.7
RD-0014576,SH-00302,LG-000586,2026-07-29 20:23:00,-17.3
RD-0014577,SH-00302,LG-000586,2026-07-29 20:53:00,-17.9
RD-0014578,SH-00302,LG-000586,2026-07-29 21:23:00,-18.8
RD-0014579,SH-00302,LG-000586,2026-07-29 21:53:00,-18.7
RD-0014580,SH-00302,LG-000586,2026-07-29 22:23:00,-17.1
RD-0014581,SH-00302,LG-000586,2026-07-29 22:53:00,-19.3
RD-0014582,SH-00302,LG-000586,2026-07-29 23:23:00,-17.9
RD-0014583,SH-00302,LG-000586,2026-07-29 23:53:00,-18.8
RD-0014584,SH-00302,LG-000586,2026-07-30 00:23:00,-18.8
RD-0014585,SH-00302,LG-000586,2026-07-30 00:53:00,-17.1
RD-0014586,SH-00302,LG-000586,2026-07-30 01:23:00,-16.8
RD-0014587,SH-00302,LG-000586,2026-07-30 01:53:00,-17.6
RD-0014588,SH-00302,LG-000586,2026-07-30 02:23:00,-17.2
RD-0014589,SH-00302,LG-000586,2026-07-30 02:53:00,-19.2
RD-0014590,SH-00302,LG-000586,2026-07-30 03:23:00,-18.9
RD-0014591,SH-00302,LG-000586,2026-07-30 03:53:00,-17.2
RD-0014592,SH-00302,LG-000586,2026-07-30 04:23:00,-17.8
RD-0014593,SH-00302,LG-000586,2026-07-30 04:53:00,-17.2
RD-0014594,SH-00302,LG-000586,2026-07-30 05:23:00,-17.9
RD-0014595,SH-00302,LG-000586,2026-07-30 05:53:00,-17.9
RD-0014596,SH-00302,LG-000586,2026-07-30 06:23:00,-17.0
RD-0014597,SH-00302,LG-000586,2026-07-30 06:53:00,-17.6
RD-0014598,SH-00302,LG-000586,2026-07-30 07:23:00,-17.8
RD-0014599,SH-00302,LG-000586,2026-07-30 07:53:00,-17.7
RD-0014600,SH-00302,LG-000586,2026-07-30 08:23:00,-18.4
RD-0014601,SH-00302,LG-000586,2026-07-30 08:53:00,-17.8
RD-0014602,SH-00302,LG-000586,2026-07-30 09:23:00,-17.8
RD-0014603,SH-00302,LG-000586,2026-07-30 09:53:00,-18.0
RD-0014604,SH-00302,LG-000586,2026-07-30 10:23:00,-17.6
RD-0014605,SH-00302,LG-000587,2026-07-30 10:53:00,-18.0
RD-0014606,SH-00302,LG-000587,2026-07-30 11:23:00,-17.9
RD-0014607,SH-00302,LG-000587,2026-07-30 11:53:00,-18.2
RD-0014608,SH-00302,LG-000587,2026-07-30 12:23:00,-18.0
RD-0014609,SH-00302,LG-000587,2026-07-30 12:53:00,-17.9
RD-0014610,SH-00302,LG-000587,2026-07-30 13:23:00,-16.8
RD-0014611,SH-00302,LG-000587,2026-07-30 13:53:00,-17.4
RD-0014612,SH-00302,LG-000587,2026-07-30 14:23:00,-18.5
RD-0014613,SH-00302,LG-000587,2026-07-30 14:53:00,-18.1
RD-0014614,SH-00302,LG-000587,2026-07-30 15:23:00,-17.5
RD-0014615,SH-00302,LG-000587,2026-07-30 15:53:00,-18.4
RD-0014616,SH-00302,LG-000587,2026-07-30 16:23:00,-18.0
RD-0014617,SH-00302,LG-000587,2026-07-30 16:53:00,-16.6
RD-0014618,SH-00302,LG-000587,2026-07-30 17:23:00,-18.4
RD-0014619,SH-00302,LG-000587,2026-07-30 17:53:00,-17.6
RD-0014620,SH-00302,LG-000587,2026-07-30 18:23:00,-17.5
RD-0014621,SH-00302,LG-000587,2026-07-30 18:53:00,-16.7
RD-0014622,SH-00302,LG-000587,2026-07-30 19:23:00,-16.9
RD-0014623,SH-00302,LG-000587,2026-07-30 19:53:00,-18.4
RD-0014624,SH-00302,LG-000587,2026-07-30 20:23:00,-18.4
RD-0014625,SH-00302,LG-000587,2026-07-30 20:53:00,-18.4
RD-0014626,SH-00302,LG-000587,2026-07-30 21:23:00,-18.9
RD-0014627,SH-00302,LG-000587,2026-07-30 21:53:00,-17.4
RD-0014628,SH-00302,LG-000587,2026-07-30 22:23:00,-18.4
RD-0014629,SH-00302,LG-000587,2026-07-30 22:53:00,-18.6
RD-0014630,SH-00302,LG-000587,2026-07-30 23:23:00,-17.8
RD-0014631,SH-00302,LG-000587,2026-07-30 23:53:00,-17.8
RD-0014632,SH-00302,LG-000587,2026-07-31 00:23:00,-18.2
RD-0014633,SH-00302,LG-000587,2026-07-31 00:53:00,-19.5
RD-0014634,SH-00302,LG-000587,2026-07-31 01:23:00,-17.8
RD-0014635,SH-00302,LG-000587,2026-07-31 01:53:00,-17.4
RD-0014636,SH-00302,LG-000587,2026-07-31 02:23:00,-17.3
RD-0014637,SH-00302,LG-000587,2026-07-31 02:53:00,-19.3
RD-0014638,SH-00302,LG-000587,2026-07-31 03:23:00,-18.4
RD-0014639,SH-00302,LG-000587,2026-07-31 03:53:00,-16.9
RD-0014640,SH-00302,LG-000587,2026-07-31 04:23:00,-19.1
RD-0014641,SH-00302,LG-000587,2026-07-31 04:53:00,-17.8
RD-0014642,SH-00302,LG-000587,2026-07-31 05:23:00,-17.2
RD-0014643,SH-00303,LG-000588,2026-08-23 17:45:00,-17.4
RD-0014644,SH-00303,LG-000588,2026-08-23 18:15:00,-17.3
RD-0014645,SH-00303,LG-000588,2026-08-23 18:45:00,-17.2
RD-0014646,SH-00303,LG-000588,2026-08-23 19:15:00,-18.1
RD-0014647,SH-00303,LG-000588,2026-08-23 19:45:00,-17.5
RD-0014648,SH-00303,LG-000588,2026-08-23 20:15:00,-18.1
RD-0014649,SH-00303,LG-000588,2026-08-23 20:45:00,-17.1
RD-0014650,SH-00303,LG-000588,2026-08-23 21:15:00,-999
RD-0014651,SH-00303,LG-000588,2026-08-23 21:45:00,-16.4
RD-0014652,SH-00303,LG-000588,2026-08-23 22:15:00,-16.6
RD-0014653,SH-00303,LG-000588,2026-08-23 22:45:00,-18.9
RD-0014654,SH-00303,LG-000588,2026-08-23 23:15:00,-18.0
RD-0014655,SH-00303,LG-000588,2026-08-23 23:45:00,-18.8
RD-0014656,SH-00303,LG-000588,2026-08-24 00:15:00,-18.4
RD-0014657,SH-00303,LG-000588,2026-08-24 00:45:00,-17.2
RD-0014658,SH-00303,LG-000588,2026-08-24 01:15:00,-17.0
RD-0014659,SH-00303,LG-000588,2026-08-24 01:45:00,-19.2
RD-0014660,SH-00303,LG-000588,2026-08-24 02:15:00,-17.7
RD-0014661,SH-00303,LG-000588,2026-08-24 02:45:00,-18.9
RD-0014662,SH-00303,LG-000588,2026-08-24 03:15:00,-17.5
RD-0014663,SH-00303,LG-000588,2026-08-24 03:45:00,-17.7
RD-0014664,SH-00303,LG-000588,2026-08-24 04:15:00,-18.0
RD-0014665,SH-00303,LG-000588,2026-08-24 04:45:00,-17.8
RD-0014666,SH-00303,LG-000588,2026-08-24 05:15:00,-17.3
RD-0014667,SH-00303,LG-000588,2026-08-24 05:45:00,-18.2
RD-0014668,SH-00303,LG-000588,2026-08-24 06:15:00,-18.3
RD-0014669,SH-00303,LG-000588,2026-08-24 06:45:00,-15.7
RD-0014670,SH-00303,LG-000588,2026-08-24 07:15:00,-18.3
RD-0014671,SH-00303,LG-000588,2026-08-24 07:45:00,-18.9
RD-0014672,SH-00303,LG-000588,2026-08-24 08:15:00,-17.3
RD-0014673,SH-00303,LG-000588,2026-08-24 08:45:00,-18.7
RD-0014674,SH-00303,LG-000588,2026-08-24 09:15:00,-18.3
RD-0014675,SH-00304,LG-000589,2026-06-22 07:18:00,-18.7
RD-0014676,SH-00304,LG-000589,2026-06-22 07:48:00,-18.2
RD-0014677,SH-00304,LG-000589,2026-06-22 08:18:00,-17.4
RD-0014678,SH-00304,LG-000589,2026-06-22 08:48:00,-18.2
RD-0014679,SH-00304,LG-000589,2026-06-22 09:18:00,-19.4
RD-0014680,SH-00304,LG-000589,2026-06-22 09:48:00,-18.5
RD-0014681,SH-00304,LG-000589,2026-06-22 10:18:00,-17.0
RD-0014682,SH-00304,LG-000589,2026-06-22 10:48:00,-9.9
RD-0014683,SH-00304,LG-000590,2026-06-22 11:18:00,-17.8
RD-0014684,SH-00304,LG-000590,2026-06-22 11:48:00,-16.5
RD-0014685,SH-00304,LG-000590,2026-06-22 12:18:00,-12.7
RD-0014686,SH-00304,LG-000590,2026-06-22 12:48:00,-18.8
RD-0014687,SH-00304,LG-000590,2026-06-22 13:18:00,-11.4
RD-0014688,SH-00304,LG-000590,2026-06-22 13:48:00,-18.5
RD-0014689,SH-00304,LG-000590,2026-06-22 14:18:00,-18.2
RD-0014690,SH-00304,LG-000590,2026-06-22 14:48:00,-17.9
RD-0014691,SH-00304,LG-000591,2026-06-22 15:18:00,-17.5
RD-0014692,SH-00304,LG-000591,2026-06-22 15:48:00,-17.0
RD-0014693,SH-00304,LG-000591,2026-06-22 16:18:00,-17.8
RD-0014694,SH-00304,LG-000591,2026-06-22 16:48:00,-16.9
RD-0014695,SH-00304,LG-000591,2026-06-22 17:18:00,-11.8
RD-0014696,SH-00304,LG-000591,2026-06-22 17:48:00,-12.5
RD-0014697,SH-00304,LG-000591,2026-06-22 18:18:00,-17.8
RD-0014698,SH-00304,LG-000591,2026-06-22 18:48:00,-17.8
RD-0014699,SH-00305,LG-000592,2026-06-12 09:14:00,3.0
RD-0014700,SH-00305,LG-000592,2026-06-12 09:44:00,3.8
RD-0014701,SH-00305,LG-000592,2026-06-12 10:14:00,4.6
RD-0014702,SH-00305,LG-000592,2026-06-12 10:44:00,3.6
RD-0014703,SH-00305,LG-000592,2026-06-12 11:14:00,3.4
RD-0014704,SH-00305,LG-000592,2026-06-12 11:44:00,4.1
RD-0014705,SH-00305,LG-000592,2026-06-12 12:14:00,5.4
RD-0014706,SH-00305,LG-000592,2026-06-12 12:44:00,3.7
RD-0014707,SH-00305,LG-000592,2026-06-12 13:14:00,3.7
RD-0014708,SH-00305,LG-000592,2026-06-12 13:44:00,2.9
RD-0014709,SH-00305,LG-000592,2026-06-12 14:14:00,3.0
RD-0014710,SH-00305,LG-000592,2026-06-12 14:44:00,4.3
RD-0014711,SH-00305,LG-000592,2026-06-12 15:14:00,5.9
RD-0014712,SH-00305,LG-000592,2026-06-12 15:44:00,4.0
RD-0014713,SH-00305,LG-000592,2026-06-12 16:14:00,3.4
RD-0014714,SH-00305,LG-000592,2026-06-12 16:44:00,4.6
RD-0014715,SH-00305,LG-000592,2026-06-12 17:14:00,3.8
RD-0014716,SH-00305,LG-000592,2026-06-12 17:44:00,4.2
RD-0014717,SH-00305,LG-000592,2026-06-12 18:14:00,2.5
RD-0014718,SH-00305,LG-000592,2026-06-12 18:44:00,4.1
RD-0014719,SH-00305,LG-000592,2026-06-12 19:14:00,3.7
RD-0014720,SH-00305,LG-000592,2026-06-12 19:44:00,3.9
RD-0014721,SH-00305,LG-000592,2026-06-12 20:14:00,2.5
RD-0014722,SH-00305,LG-000592,2026-06-12 20:44:00,2.9
RD-0014723,SH-00305,LG-000592,2026-06-12 21:14:00,5.0
RD-0014724,SH-00305,LG-000592,2026-06-12 21:44:00,5.9
RD-0014725,SH-00305,LG-000592,2026-06-12 22:14:00,5.2
RD-0014726,SH-00305,LG-000592,2026-06-12 22:44:00,3.4
RD-0014727,SH-00305,LG-000592,2026-06-12 23:14:00,2.4
RD-0014728,SH-00305,LG-000592,2026-06-12 23:44:00,4.2
RD-0014729,SH-00305,LG-000592,2026-06-13 00:14:00,5.9
RD-0014730,SH-00305,LG-000592,2026-06-13 00:44:00,4.0
RD-0014731,SH-00305,LG-000592,2026-06-13 01:14:00,3.6
RD-0014732,SH-00305,LG-000592,2026-06-13 01:44:00,3.5
RD-0014733,SH-00305,LG-000592,2026-06-13 02:14:00,3.2
RD-0014734,SH-00305,LG-000592,2026-06-13 02:44:00,4.3
RD-0014735,SH-00305,LG-000592,2026-06-13 03:14:00,3.8
RD-0014736,SH-00305,LG-000592,2026-06-13 03:44:00,3.2
RD-0014737,SH-00305,LG-000592,2026-06-13 04:14:00,1.9
RD-0014738,SH-00305,LG-000592,2026-06-13 04:44:00,3.5
RD-0014739,SH-00305,LG-000592,2026-06-13 05:14:00,4.4
RD-0014740,SH-00305,LG-000592,2026-06-13 05:44:00,5.3
RD-0014741,SH-00305,LG-000592,2026-06-13 06:14:00,4.2
RD-0014742,SH-00305,LG-000592,2026-06-13 06:44:00,3.7
RD-0014743,SH-00305,LG-000592,2026-06-13 07:14:00,4.0
RD-0014744,SH-00305,LG-000592,2026-06-13 07:44:00,-999
RD-0014745,SH-00305,LG-000592,2026-06-13 08:14:00,3.8
RD-0014746,SH-00305,LG-000592,2026-06-13 08:44:00,4.0
RD-0014747,SH-00305,LG-000592,2026-06-13 09:14:00,5.3
RD-0014748,SH-00305,LG-000592,2026-06-13 09:44:00,2.6
RD-0014749,SH-00305,LG-000592,2026-06-13 10:14:00,3.6
RD-0014750,SH-00305,LG-000592,2026-06-13 10:44:00,3.8
RD-0014751,SH-00305,LG-000592,2026-06-13 11:14:00,3.5
RD-0014752,SH-00305,LG-000592,2026-06-13 11:44:00,4.3
RD-0014753,SH-00305,LG-000592,2026-06-13 12:14:00,3.3
RD-0014754,SH-00305,LG-000592,2026-06-13 12:44:00,2.9
RD-0014755,SH-00305,LG-000592,2026-06-13 13:14:00,4.5
RD-0014756,SH-00305,LG-000592,2026-06-13 13:44:00,4.5
RD-0014757,SH-00305,LG-000592,2026-06-13 14:14:00,4.1
RD-0014758,SH-00305,LG-000592,2026-06-13 14:44:00,4.3
RD-0014759,SH-00305,LG-000592,2026-06-13 15:14:00,2.5
RD-0014760,SH-00305,LG-000592,2026-06-13 15:44:00,4.0
RD-0014761,SH-00305,LG-000592,2026-06-13 16:14:00,3.3
RD-0014762,SH-00305,LG-000592,2026-06-13 16:44:00,5.9
RD-0014763,SH-00306,LG-000593,2026-07-22 08:14:00,-18.6
RD-0014764,SH-00306,LG-000593,2026-07-22 08:44:00,-18.2
RD-0014765,SH-00306,LG-000593,2026-07-22 09:14:00,-17.7
RD-0014766,SH-00306,LG-000593,2026-07-22 09:44:00,-17.8
RD-0014767,SH-00306,LG-000593,2026-07-22 10:14:00,-18.4
RD-0014768,SH-00306,LG-000593,2026-07-22 10:44:00,-18.1
RD-0014769,SH-00306,LG-000593,2026-07-22 11:14:00,-17.4
RD-0014770,SH-00306,LG-000593,2026-07-22 11:44:00,-18.4
RD-0014771,SH-00306,LG-000593,2026-07-22 12:14:00,-19.0
RD-0014772,SH-00306,LG-000593,2026-07-22 12:44:00,-999
RD-0014773,SH-00306,LG-000593,2026-07-22 13:14:00,-19.1
RD-0014774,SH-00306,LG-000593,2026-07-22 13:44:00,-19.1
RD-0014775,SH-00306,LG-000593,2026-07-22 14:14:00,-18.2
RD-0014776,SH-00306,LG-000593,2026-07-22 14:44:00,-18.6
RD-0014777,SH-00306,LG-000593,2026-07-22 15:14:00,-17.7
RD-0014778,SH-00306,LG-000593,2026-07-22 15:44:00,-17.9
RD-0014779,SH-00306,LG-000593,2026-07-22 16:14:00,-19.2
RD-0014780,SH-00306,LG-000593,2026-07-22 16:44:00,-17.6
RD-0014781,SH-00306,LG-000593,2026-07-22 17:14:00,-18.9
RD-0014782,SH-00306,LG-000593,2026-07-22 17:44:00,-18.8
RD-0014783,SH-00306,LG-000593,2026-07-22 18:14:00,-17.8
RD-0014784,SH-00306,LG-000593,2026-07-22 18:44:00,-18.1
RD-0014785,SH-00306,LG-000593,2026-07-22 19:14:00,-17.3
RD-0014786,SH-00306,LG-000593,2026-07-22 19:44:00,-18.8
RD-0014787,SH-00306,LG-000593,2026-07-22 20:14:00,-17.2
RD-0014788,SH-00306,LG-000593,2026-07-22 20:44:00,-17.8
RD-0014789,SH-00306,LG-000593,2026-07-22 21:14:00,-17.6
RD-0014790,SH-00306,LG-000593,2026-07-22 21:44:00,-18.2
RD-0014791,SH-00306,LG-000593,2026-07-22 22:14:00,-17.4
RD-0014792,SH-00306,LG-000593,2026-07-22 22:44:00,-16.1
RD-0014793,SH-00306,LG-000593,2026-07-22 23:14:00,-18.8
RD-0014794,SH-00306,LG-000593,2026-07-22 23:44:00,-17.9
RD-0014795,SH-00306,LG-000593,2026-07-23 00:14:00,-18.1
RD-0014796,SH-00306,LG-000593,2026-07-23 00:44:00,-17.5
RD-0014797,SH-00306,LG-000593,2026-07-23 01:14:00,-18.3
RD-0014798,SH-00306,LG-000593,2026-07-23 01:44:00,-17.8
RD-0014799,SH-00307,LG-000594,2026-06-13 18:21:00,4.9
RD-0014800,SH-00307,LG-000594,2026-06-13 18:51:00,5.7
RD-0014801,SH-00307,LG-000594,2026-06-13 19:21:00,5.9
RD-0014802,SH-00307,LG-000594,2026-06-13 19:51:00,5.9
RD-0014803,SH-00307,LG-000594,2026-06-13 20:21:00,4.3
RD-0014804,SH-00307,LG-000594,2026-06-13 20:51:00,6.7
RD-0014805,SH-00307,LG-000594,2026-06-13 21:21:00,4.7
RD-0014806,SH-00307,LG-000594,2026-06-13 21:51:00,4.6
RD-0014807,SH-00307,LG-000594,2026-06-13 22:21:00,5.8
RD-0014808,SH-00307,LG-000594,2026-06-13 22:51:00,5.7
RD-0014809,SH-00307,LG-000594,2026-06-13 23:21:00,4.5
RD-0014810,SH-00307,LG-000594,2026-06-13 23:51:00,6.3
RD-0014811,SH-00307,LG-000594,2026-06-14 00:21:00,5.7
RD-0014812,SH-00307,LG-000594,2026-06-14 00:51:00,4.4
RD-0014813,SH-00307,LG-000594,2026-06-14 01:21:00,4.7
RD-0014814,SH-00307,LG-000594,2026-06-14 01:51:00,5.0
RD-0014815,SH-00307,LG-000594,2026-06-14 02:21:00,7.1
RD-0014816,SH-00307,LG-000594,2026-06-14 02:51:00,6.3
RD-0014817,SH-00307,LG-000594,2026-06-14 03:21:00,5.1
RD-0014818,SH-00307,LG-000594,2026-06-14 03:51:00,5.1
RD-0014819,SH-00307,LG-000594,2026-06-14 04:21:00,4.0
RD-0014820,SH-00307,LG-000594,2026-06-14 04:51:00,5.0
RD-0014821,SH-00307,LG-000595,2026-06-14 05:21:00,5.0
RD-0014822,SH-00307,LG-000595,2026-06-14 05:51:00,4.1
RD-0014823,SH-00307,LG-000595,2026-06-14 06:21:00,4.3
RD-0014824,SH-00307,LG-000595,2026-06-14 06:51:00,5.0
RD-0014825,SH-00307,LG-000595,2026-06-14 07:21:00,4.9
RD-0014826,SH-00307,LG-000595,2026-06-14 07:51:00,5.9
RD-0014827,SH-00307,LG-000595,2026-06-14 08:21:00,4.9
RD-0014828,SH-00307,LG-000595,2026-06-14 08:51:00,4.8
RD-0014829,SH-00307,LG-000595,2026-06-14 09:21:00,4.2
RD-0014830,SH-00307,LG-000595,2026-06-14 09:51:00,5.6
RD-0014831,SH-00307,LG-000595,2026-06-14 10:21:00,4.2
RD-0014832,SH-00307,LG-000595,2026-06-14 10:51:00,4.7
RD-0014833,SH-00307,LG-000595,2026-06-14 11:21:00,4.4
RD-0014834,SH-00307,LG-000595,2026-06-14 11:51:00,5.7
RD-0014835,SH-00307,LG-000595,2026-06-14 12:21:00,4.7
RD-0014836,SH-00307,LG-000595,2026-06-14 12:51:00,6.2
RD-0014837,SH-00307,LG-000595,2026-06-14 13:21:00,4.0
RD-0014838,SH-00307,LG-000595,2026-06-14 13:51:00,6.8
RD-0014839,SH-00307,LG-000595,2026-06-14 14:21:00,5.2
RD-0014840,SH-00307,LG-000595,2026-06-14 14:51:00,4.5
RD-0014841,SH-00307,LG-000595,2026-06-14 15:21:00,5.3
RD-0014842,SH-00307,LG-000595,2026-06-14 15:51:00,3.8
RD-0014843,SH-00308,LG-000596,2026-07-18 05:46:00,-17.6
RD-0014844,SH-00308,LG-000596,2026-07-18 06:16:00,-19.6
RD-0014845,SH-00308,LG-000596,2026-07-18 06:46:00,-18.2
RD-0014846,SH-00308,LG-000596,2026-07-18 07:16:00,-18.2
RD-0014847,SH-00308,LG-000596,2026-07-18 07:46:00,-17.7
RD-0014848,SH-00308,LG-000596,2026-07-18 08:16:00,-18.4
RD-0014849,SH-00308,LG-000596,2026-07-18 08:46:00,-19.0
RD-0014850,SH-00308,LG-000596,2026-07-18 09:16:00,-17.6
RD-0014851,SH-00308,LG-000596,2026-07-18 09:46:00,-16.5
RD-0014852,SH-00308,LG-000596,2026-07-18 10:16:00,-19.3
RD-0014853,SH-00308,LG-000596,2026-07-18 10:46:00,-16.9
RD-0014854,SH-00308,LG-000596,2026-07-18 11:16:00,-17.3
RD-0014855,SH-00308,LG-000596,2026-07-18 11:46:00,-18.3
RD-0014856,SH-00308,LG-000596,2026-07-18 12:16:00,-18.7
RD-0014857,SH-00308,LG-000596,2026-07-18 12:46:00,-18.6
RD-0014858,SH-00308,LG-000596,2026-07-18 13:16:00,-18.3
RD-0014859,SH-00308,LG-000596,2026-07-18 13:46:00,-18.1
RD-0014860,SH-00308,LG-000596,2026-07-18 14:16:00,-16.0
RD-0014861,SH-00308,LG-000596,2026-07-18 14:46:00,-17.0
RD-0014862,SH-00308,LG-000596,2026-07-18 15:16:00,-17.5
RD-0014863,SH-00308,LG-000597,2026-07-18 15:46:00,-17.7
RD-0014864,SH-00308,LG-000597,2026-07-18 16:16:00,-17.9
RD-0014865,SH-00308,LG-000597,2026-07-18 16:46:00,-20.0
RD-0014866,SH-00308,LG-000597,2026-07-18 17:16:00,-16.6
RD-0014867,SH-00308,LG-000597,2026-07-18 17:46:00,-18.2
RD-0014868,SH-00308,LG-000597,2026-07-18 18:16:00,-19.6
RD-0014869,SH-00308,LG-000597,2026-07-18 18:46:00,-18.0
RD-0014870,SH-00308,LG-000597,2026-07-18 19:16:00,-18.2
RD-0014871,SH-00308,LG-000597,2026-07-18 19:46:00,-999
RD-0014872,SH-00308,LG-000597,2026-07-18 20:16:00,-17.1
RD-0014873,SH-00308,LG-000597,2026-07-18 20:46:00,-18.6
RD-0014874,SH-00308,LG-000597,2026-07-18 21:16:00,-17.8
RD-0014875,SH-00308,LG-000597,2026-07-18 21:46:00,-18.6
RD-0014876,SH-00308,LG-000597,2026-07-18 22:16:00,-17.8
RD-0014877,SH-00308,LG-000597,2026-07-18 22:46:00,-18.7
RD-0014878,SH-00308,LG-000597,2026-07-18 23:16:00,-18.5
RD-0014879,SH-00308,LG-000597,2026-07-18 23:46:00,-18.1
RD-0014880,SH-00308,LG-000597,2026-07-19 00:16:00,-17.2
RD-0014881,SH-00308,LG-000597,2026-07-19 00:46:00,-18.0
RD-0014882,SH-00308,LG-000597,2026-07-19 01:16:00,-18.1
RD-0014883,SH-00309,LG-000598,2026-07-21 18:26:00,4.3
RD-0014884,SH-00309,LG-000598,2026-07-21 18:56:00,5.0
RD-0014885,SH-00309,LG-000598,2026-07-21 19:26:00,4.9
RD-0014886,SH-00309,LG-000598,2026-07-21 19:56:00,4.5
RD-0014887,SH-00309,LG-000598,2026-07-21 20:26:00,5.8
RD-0014888,SH-00309,LG-000598,2026-07-21 20:56:00,5.3
RD-0014889,SH-00309,LG-000598,2026-07-21 21:26:00,6.4
RD-0014890,SH-00309,LG-000598,2026-07-21 21:56:00,5.5
RD-0014891,SH-00309,LG-000598,2026-07-21 22:26:00,3.8
RD-0014892,SH-00309,LG-000598,2026-07-21 22:56:00,6.1
RD-0014893,SH-00309,LG-000598,2026-07-21 23:26:00,4.8
RD-0014894,SH-00309,LG-000598,2026-07-21 23:56:00,5.1
RD-0014895,SH-00309,LG-000598,2026-07-22 00:26:00,3.1
RD-0014896,SH-00309,LG-000598,2026-07-22 00:56:00,6.0
RD-0014897,SH-00309,LG-000598,2026-07-22 01:26:00,4.5
RD-0014898,SH-00309,LG-000598,2026-07-22 01:56:00,5.5
RD-0014899,SH-00309,LG-000598,2026-07-22 02:26:00,4.5
RD-0014900,SH-00309,LG-000598,2026-07-22 02:56:00,4.0
RD-0014901,SH-00309,LG-000598,2026-07-22 03:26:00,4.8
RD-0014902,SH-00309,LG-000598,2026-07-22 03:56:00,4.9
RD-0014903,SH-00309,LG-000598,2026-07-22 04:26:00,4.5
RD-0014904,SH-00309,LG-000598,2026-07-22 04:56:00,4.6
RD-0014905,SH-00309,LG-000598,2026-07-22 05:26:00,5.8
RD-0014906,SH-00309,LG-000598,2026-07-22 05:56:00,5.0
RD-0014907,SH-00309,LG-000598,2026-07-22 06:26:00,5.8
RD-0014908,SH-00309,LG-000598,2026-07-22 06:56:00,5.1
RD-0014909,SH-00309,LG-000598,2026-07-22 07:26:00,4.6
RD-0014910,SH-00309,LG-000598,2026-07-22 07:56:00,4.7
RD-0014911,SH-00309,LG-000598,2026-07-22 08:26:00,4.8
RD-0014912,SH-00309,LG-000598,2026-07-22 08:56:00,6.0
RD-0014913,SH-00309,LG-000598,2026-07-22 09:26:00,4.3
RD-0014914,SH-00309,LG-000598,2026-07-22 09:56:00,4.9
RD-0014915,SH-00309,LG-000598,2026-07-22 10:26:00,4.5
RD-0014916,SH-00309,LG-000598,2026-07-22 10:56:00,5.1
RD-0014917,SH-00309,LG-000598,2026-07-22 11:26:00,5.0
RD-0014918,SH-00309,LG-000598,2026-07-22 11:56:00,5.5
RD-0014919,SH-00309,LG-000598,2026-07-22 12:26:00,3.9
RD-0014920,SH-00309,LG-000598,2026-07-22 12:56:00,4.5
RD-0014921,SH-00309,LG-000598,2026-07-22 13:26:00,5.0
RD-0014922,SH-00309,LG-000598,2026-07-22 13:56:00,4.7
RD-0014923,SH-00309,LG-000598,2026-07-22 14:26:00,5.2
RD-0014924,SH-00309,LG-000598,2026-07-22 14:56:00,4.0
RD-0014925,SH-00310,LG-000599,2026-07-27 21:03:00,2.8
RD-0014926,SH-00310,LG-000599,2026-07-27 21:33:00,-999
RD-0014927,SH-00310,LG-000599,2026-07-27 22:03:00,5.6
RD-0014928,SH-00310,LG-000599,2026-07-27 22:33:00,5.0
RD-0014929,SH-00310,LG-000599,2026-07-27 23:03:00,3.4
RD-0014930,SH-00310,LG-000599,2026-07-27 23:33:00,3.6
RD-0014931,SH-00310,LG-000599,2026-07-28 00:03:00,3.0
RD-0014932,SH-00310,LG-000599,2026-07-28 00:33:00,5.2
RD-0014933,SH-00310,LG-000599,2026-07-28 01:03:00,3.6
RD-0014934,SH-00310,LG-000599,2026-07-28 01:33:00,2.9
RD-0014935,SH-00310,LG-000599,2026-07-28 02:03:00,3.3
RD-0014936,SH-00310,LG-000599,2026-07-28 02:33:00,2.8
RD-0014937,SH-00310,LG-000599,2026-07-28 03:03:00,5.4
RD-0014938,SH-00310,LG-000599,2026-07-28 03:33:00,4.8
RD-0014939,SH-00310,LG-000599,2026-07-28 04:03:00,3.8
RD-0014940,SH-00310,LG-000599,2026-07-28 04:33:00,2.8
RD-0014941,SH-00310,LG-000600,2026-07-28 05:03:00,4.1
RD-0014942,SH-00310,LG-000600,2026-07-28 05:33:00,3.9
RD-0014943,SH-00310,LG-000600,2026-07-28 06:03:00,6.0
RD-0014944,SH-00310,LG-000600,2026-07-28 06:33:00,4.8
RD-0014945,SH-00310,LG-000600,2026-07-28 07:03:00,2.6
RD-0014946,SH-00310,LG-000600,2026-07-28 07:33:00,2.8
RD-0014947,SH-00310,LG-000600,2026-07-28 08:03:00,3.4
RD-0014948,SH-00310,LG-000600,2026-07-28 08:33:00,4.6
RD-0014949,SH-00310,LG-000600,2026-07-28 09:03:00,4.1
RD-0014950,SH-00310,LG-000600,2026-07-28 09:33:00,3.8
RD-0014951,SH-00310,LG-000600,2026-07-28 10:03:00,2.9
RD-0014952,SH-00310,LG-000600,2026-07-28 10:33:00,3.2
RD-0014953,SH-00310,LG-000600,2026-07-28 11:03:00,4.0
RD-0014954,SH-00310,LG-000600,2026-07-28 11:33:00,3.3
RD-0014955,SH-00310,LG-000600,2026-07-28 12:03:00,4.3
RD-0014956,SH-00310,LG-000600,2026-07-28 12:33:00,2.4
RD-0014957,SH-00310,LG-000601,2026-07-28 13:03:00,4.4
RD-0014958,SH-00310,LG-000601,2026-07-28 13:33:00,3.7
RD-0014959,SH-00310,LG-000601,2026-07-28 14:03:00,3.4
RD-0014960,SH-00310,LG-000601,2026-07-28 14:33:00,3.0
RD-0014961,SH-00310,LG-000601,2026-07-28 15:03:00,3.6
RD-0014962,SH-00310,LG-000601,2026-07-28 15:33:00,-999
RD-0014963,SH-00310,LG-000601,2026-07-28 16:03:00,4.1
RD-0014964,SH-00310,LG-000601,2026-07-28 16:33:00,2.6
RD-0014965,SH-00310,LG-000601,2026-07-28 17:03:00,3.8
RD-0014966,SH-00310,LG-000601,2026-07-28 17:33:00,3.8
RD-0014967,SH-00310,LG-000601,2026-07-28 18:03:00,2.2
RD-0014968,SH-00310,LG-000601,2026-07-28 18:33:00,3.2
RD-0014969,SH-00310,LG-000601,2026-07-28 19:03:00,3.1
RD-0014970,SH-00310,LG-000601,2026-07-28 19:33:00,5.9
RD-0014971,SH-00310,LG-000601,2026-07-28 20:03:00,4.0
RD-0014972,SH-00310,LG-000601,2026-07-28 20:33:00,-999
RD-0014973,SH-00311,LG-000602,2026-08-14 02:22:00,3.4
RD-0014974,SH-00311,LG-000602,2026-08-14 02:52:00,4.5
RD-0014975,SH-00311,LG-000602,2026-08-14 03:22:00,3.0
RD-0014976,SH-00311,LG-000602,2026-08-14 03:52:00,4.8
RD-0014977,SH-00311,LG-000602,2026-08-14 04:22:00,3.2
RD-0014978,SH-00311,LG-000602,2026-08-14 04:52:00,4.4
RD-0014979,SH-00311,LG-000602,2026-08-14 05:22:00,3.9
RD-0014980,SH-00311,LG-000602,2026-08-14 05:52:00,3.0
RD-0014981,SH-00311,LG-000602,2026-08-14 06:22:00,3.9
RD-0014982,SH-00311,LG-000602,2026-08-14 06:52:00,5.3
RD-0014983,SH-00311,LG-000602,2026-08-14 07:22:00,4.2
RD-0014984,SH-00311,LG-000602,2026-08-14 07:52:00,3.6
RD-0014985,SH-00311,LG-000602,2026-08-14 08:22:00,4.1
RD-0014986,SH-00311,LG-000602,2026-08-14 08:52:00,4.6
RD-0014987,SH-00311,LG-000602,2026-08-14 09:22:00,2.8
RD-0014988,SH-00311,LG-000602,2026-08-14 09:52:00,3.7
RD-0014989,SH-00311,LG-000602,2026-08-14 10:22:00,2.8
RD-0014990,SH-00311,LG-000602,2026-08-14 10:52:00,3.4
RD-0014991,SH-00311,LG-000602,2026-08-14 11:22:00,4.5
RD-0014992,SH-00311,LG-000602,2026-08-14 11:52:00,4.5
RD-0014993,SH-00311,LG-000602,2026-08-14 12:22:00,5.0
RD-0014994,SH-00311,LG-000602,2026-08-14 12:52:00,3.3
RD-0014995,SH-00311,LG-000602,2026-08-14 13:22:00,4.9
RD-0014996,SH-00311,LG-000602,2026-08-14 13:52:00,3.5
RD-0014997,SH-00311,LG-000602,2026-08-14 14:22:00,3.9
RD-0014998,SH-00311,LG-000602,2026-08-14 14:52:00,4.2
RD-0014999,SH-00311,LG-000602,2026-08-14 15:22:00,4.4
RD-0015000,SH-00311,LG-000602,2026-08-14 15:52:00,4.5
RD-0015001,SH-00311,LG-000602,2026-08-14 16:22:00,3.4
RD-0015002,SH-00311,LG-000602,2026-08-14 16:52:00,3.9
RD-0015003,SH-00311,LG-000602,2026-08-14 17:22:00,4.3
RD-0015004,SH-00311,LG-000602,2026-08-14 17:52:00,2.9
RD-0015005,SH-00311,LG-000602,2026-08-14 18:22:00,3.9
RD-0015006,SH-00311,LG-000602,2026-08-14 18:52:00,3.6
RD-0015007,SH-00311,LG-000602,2026-08-14 19:22:00,3.2
RD-0015008,SH-00311,LG-000602,2026-08-14 19:52:00,3.7
RD-0015009,SH-00311,LG-000602,2026-08-14 20:22:00,2.9
RD-0015010,SH-00311,LG-000602,2026-08-14 20:52:00,3.8
RD-0015011,SH-00311,LG-000602,2026-08-14 21:22:00,3.5
RD-0015012,SH-00311,LG-000602,2026-08-14 21:52:00,2.7
RD-0015013,SH-00311,LG-000602,2026-08-14 22:22:00,4.5
RD-0015014,SH-00311,LG-000602,2026-08-14 22:52:00,3.9
RD-0015015,SH-00311,LG-000602,2026-08-14 23:22:00,4.2
RD-0015016,SH-00311,LG-000602,2026-08-14 23:52:00,4.1
RD-0015017,SH-00311,LG-000602,2026-08-15 00:22:00,5.2
RD-0015018,SH-00311,LG-000602,2026-08-15 00:52:00,4.4
RD-0015019,SH-00311,LG-000602,2026-08-15 01:22:00,5.5
RD-0015020,SH-00311,LG-000602,2026-08-15 01:52:00,3.3
RD-0015021,SH-00311,LG-000602,2026-08-15 02:22:00,4.9
RD-0015022,SH-00311,LG-000602,2026-08-15 02:52:00,2.9
RD-0015023,SH-00312,LG-000603,2026-08-26 02:41:00,2.8
RD-0015024,SH-00312,LG-000603,2026-08-26 03:11:00,3.3
RD-0015025,SH-00312,LG-000603,2026-08-26 03:41:00,9.8
RD-0015026,SH-00312,LG-000603,2026-08-26 04:11:00,3.6
RD-0015027,SH-00312,LG-000603,2026-08-26 04:41:00,4.5
RD-0015028,SH-00312,LG-000603,2026-08-26 05:11:00,4.1
RD-0015029,SH-00312,LG-000604,2026-08-26 05:41:00,3.3
RD-0015030,SH-00312,LG-000604,2026-08-26 06:11:00,11.1
RD-0015031,SH-00312,LG-000604,2026-08-26 06:41:00,3.3
RD-0015032,SH-00312,LG-000604,2026-08-26 07:11:00,4.4
RD-0015033,SH-00312,LG-000604,2026-08-26 07:41:00,6.1
RD-0015034,SH-00312,LG-000604,2026-08-26 08:11:00,-999
RD-0015035,SH-00312,LG-000605,2026-08-26 08:41:00,2.7
RD-0015036,SH-00312,LG-000605,2026-08-26 09:11:00,4.4
RD-0015037,SH-00312,LG-000605,2026-08-26 09:41:00,3.7
RD-0015038,SH-00312,LG-000605,2026-08-26 10:11:00,4.3
RD-0015039,SH-00312,LG-000605,2026-08-26 10:41:00,4.4
RD-0015040,SH-00312,LG-000605,2026-08-26 11:11:00,7.5
RD-0015041,SH-00313,LG-000606,2026-08-27 08:16:00,-16.5
RD-0015042,SH-00313,LG-000606,2026-08-27 08:46:00,-18.2
RD-0015043,SH-00313,LG-000606,2026-08-27 09:16:00,-999
RD-0015044,SH-00313,LG-000606,2026-08-27 09:46:00,-17.6
RD-0015045,SH-00313,LG-000606,2026-08-27 10:16:00,-16.6
RD-0015046,SH-00313,LG-000606,2026-08-27 10:46:00,-18.0
RD-0015047,SH-00313,LG-000606,2026-08-27 11:16:00,-17.7
RD-0015048,SH-00313,LG-000606,2026-08-27 11:46:00,-17.2
RD-0015049,SH-00313,LG-000606,2026-08-27 12:16:00,-17.6
RD-0015050,SH-00313,LG-000606,2026-08-27 12:46:00,-17.9
RD-0015051,SH-00313,LG-000606,2026-08-27 13:16:00,-19.1
RD-0015052,SH-00313,LG-000606,2026-08-27 13:46:00,-18.5
RD-0015053,SH-00313,LG-000606,2026-08-27 14:16:00,-16.9
RD-0015054,SH-00313,LG-000606,2026-08-27 14:46:00,-17.7
RD-0015055,SH-00313,LG-000606,2026-08-27 15:16:00,-18.8
RD-0015056,SH-00313,LG-000606,2026-08-27 15:46:00,-18.7
RD-0015057,SH-00313,LG-000606,2026-08-27 16:16:00,-18.2
RD-0015058,SH-00313,LG-000606,2026-08-27 16:46:00,-18.0
RD-0015059,SH-00313,LG-000606,2026-08-27 17:16:00,-17.3
RD-0015060,SH-00313,LG-000606,2026-08-27 17:46:00,-17.9
RD-0015061,SH-00313,LG-000606,2026-08-27 18:16:00,-18.4
RD-0015062,SH-00313,LG-000606,2026-08-27 18:46:00,-18.6
RD-0015063,SH-00313,LG-000606,2026-08-27 19:16:00,-18.8
RD-0015064,SH-00313,LG-000606,2026-08-27 19:46:00,-17.9
RD-0015065,SH-00313,LG-000606,2026-08-27 20:16:00,-17.5
RD-0015066,SH-00313,LG-000606,2026-08-27 20:46:00,-17.7
RD-0015067,SH-00313,LG-000606,2026-08-27 21:16:00,-18.2
RD-0015068,SH-00313,LG-000606,2026-08-27 21:46:00,-16.5
RD-0015069,SH-00313,LG-000606,2026-08-27 22:16:00,-19.2
RD-0015070,SH-00313,LG-000606,2026-08-27 22:46:00,-19.3
RD-0015071,SH-00313,LG-000606,2026-08-27 23:16:00,-18.3
RD-0015072,SH-00313,LG-000606,2026-08-27 23:46:00,-17.7
RD-0015073,SH-00313,LG-000606,2026-08-28 00:16:00,-999
RD-0015074,SH-00313,LG-000606,2026-08-28 00:46:00,-17.9
RD-0015075,SH-00313,LG-000606,2026-08-28 01:16:00,-17.4
RD-0015076,SH-00313,LG-000606,2026-08-28 01:46:00,-16.5
RD-0015077,SH-00313,LG-000606,2026-08-28 02:16:00,-18.8
RD-0015078,SH-00313,LG-000606,2026-08-28 02:46:00,-16.3
RD-0015079,SH-00313,LG-000606,2026-08-28 03:16:00,-17.4
RD-0015080,SH-00313,LG-000606,2026-08-28 03:46:00,-18.0
RD-0015081,SH-00313,LG-000606,2026-08-28 04:16:00,-18.6
RD-0015082,SH-00313,LG-000606,2026-08-28 04:46:00,-18.2
RD-0015083,SH-00313,LG-000606,2026-08-28 05:16:00,-18.3
RD-0015084,SH-00313,LG-000606,2026-08-28 05:46:00,-17.8
RD-0015085,SH-00313,LG-000606,2026-08-28 06:16:00,-18.8
RD-0015086,SH-00313,LG-000606,2026-08-28 06:46:00,-18.1
RD-0015087,SH-00313,LG-000606,2026-08-28 07:16:00,-19.0
RD-0015088,SH-00313,LG-000606,2026-08-28 07:46:00,-19.1
RD-0015089,SH-00313,LG-000606,2026-08-28 08:16:00,-19.0
RD-0015090,SH-00313,LG-000606,2026-08-28 08:46:00,-19.3
RD-0015091,SH-00313,LG-000606,2026-08-28 09:16:00,-17.7
RD-0015092,SH-00313,LG-000606,2026-08-28 09:46:00,-18.7
RD-0015093,SH-00313,LG-000606,2026-08-28 10:16:00,-18.4
RD-0015094,SH-00313,LG-000606,2026-08-28 10:46:00,-999
RD-0015095,SH-00313,LG-000606,2026-08-28 11:16:00,-15.8
RD-0015096,SH-00313,LG-000606,2026-08-28 11:46:00,-19.1
RD-0015097,SH-00313,LG-000606,2026-08-28 12:16:00,-16.5
RD-0015098,SH-00313,LG-000606,2026-08-28 12:46:00,-18.9
RD-0015099,SH-00313,LG-000606,2026-08-28 13:16:00,-17.5
RD-0015100,SH-00313,LG-000606,2026-08-28 13:46:00,-17.6
RD-0015101,SH-00313,LG-000606,2026-08-28 14:16:00,-17.1
RD-0015102,SH-00313,LG-000606,2026-08-28 14:46:00,-18.9
RD-0015103,SH-00313,LG-000606,2026-08-28 15:16:00,-18.5
RD-0015104,SH-00313,LG-000606,2026-08-28 15:46:00,-18.3
RD-0015105,SH-00313,LG-000606,2026-08-28 16:16:00,-19.1
RD-0015106,SH-00313,LG-000606,2026-08-28 16:46:00,-19.0
RD-0015107,SH-00313,LG-000606,2026-08-28 17:16:00,-18.0
RD-0015108,SH-00313,LG-000606,2026-08-28 17:46:00,-19.2
RD-0015109,SH-00313,LG-000606,2026-08-28 18:16:00,-18.3
RD-0015110,SH-00313,LG-000606,2026-08-28 18:46:00,-17.4
RD-0015111,SH-00313,LG-000606,2026-08-28 19:16:00,-18.6
RD-0015112,SH-00313,LG-000606,2026-08-28 19:46:00,-15.7
RD-0015113,SH-00313,LG-000606,2026-08-28 20:16:00,-19.1
RD-0015114,SH-00313,LG-000606,2026-08-28 20:46:00,-18.2
RD-0015115,SH-00313,LG-000606,2026-08-28 21:16:00,-18.3
RD-0015116,SH-00313,LG-000606,2026-08-28 21:46:00,-18.7
RD-0015117,SH-00313,LG-000606,2026-08-28 22:16:00,-18.8
RD-0015118,SH-00313,LG-000606,2026-08-28 22:46:00,-16.9
RD-0015119,SH-00313,LG-000606,2026-08-28 23:16:00,-16.9
RD-0015120,SH-00313,LG-000606,2026-08-28 23:46:00,-17.1
RD-0015121,SH-00314,LG-000607,2026-07-31 04:00:00,39.8
RD-0015122,SH-00314,LG-000607,2026-07-31 04:30:00,39.0
RD-0015123,SH-00314,LG-000607,2026-07-31 05:00:00,39.0
RD-0015124,SH-00314,LG-000607,2026-07-31 05:30:00,39.2
RD-0015125,SH-00314,LG-000607,2026-07-31 06:00:00,38.2
RD-0015126,SH-00314,LG-000607,2026-07-31 06:30:00,39.4
RD-0015127,SH-00314,LG-000607,2026-07-31 07:00:00,40.9
RD-0015128,SH-00314,LG-000607,2026-07-31 07:30:00,38.3
RD-0015129,SH-00314,LG-000607,2026-07-31 08:00:00,39.8
RD-0015130,SH-00314,LG-000607,2026-07-31 08:30:00,40.3
RD-0015131,SH-00314,LG-000607,2026-07-31 09:00:00,40.6
RD-0015132,SH-00314,LG-000607,2026-07-31 09:30:00,40.6
RD-0015133,SH-00314,LG-000607,2026-07-31 10:00:00,40.5
RD-0015134,SH-00314,LG-000607,2026-07-31 10:30:00,37.9
RD-0015135,SH-00314,LG-000607,2026-07-31 11:00:00,42.0
RD-0015136,SH-00314,LG-000607,2026-07-31 11:30:00,40.6
RD-0015137,SH-00314,LG-000607,2026-07-31 12:00:00,42.3
RD-0015138,SH-00314,LG-000607,2026-07-31 12:30:00,38.3
RD-0015139,SH-00314,LG-000607,2026-07-31 13:00:00,39.0
RD-0015140,SH-00314,LG-000607,2026-07-31 13:30:00,39.9
RD-0015141,SH-00314,LG-000607,2026-07-31 14:00:00,38.5
RD-0015142,SH-00314,LG-000607,2026-07-31 14:30:00,37.1
RD-0015143,SH-00314,LG-000607,2026-07-31 15:00:00,-999
RD-0015144,SH-00314,LG-000607,2026-07-31 15:30:00,38.2
RD-0015145,SH-00314,LG-000607,2026-07-31 16:00:00,38.6
RD-0015146,SH-00314,LG-000607,2026-07-31 16:30:00,39.8
RD-0015147,SH-00314,LG-000607,2026-07-31 17:00:00,37.4
RD-0015148,SH-00314,LG-000607,2026-07-31 17:30:00,39.8
RD-0015149,SH-00314,LG-000607,2026-07-31 18:00:00,39.8
RD-0015150,SH-00314,LG-000607,2026-07-31 18:30:00,36.4
RD-0015151,SH-00314,LG-000607,2026-07-31 19:00:00,38.8
RD-0015152,SH-00314,LG-000607,2026-07-31 19:30:00,37.5
RD-0015153,SH-00314,LG-000607,2026-07-31 20:00:00,38.7
RD-0015154,SH-00314,LG-000607,2026-07-31 20:30:00,40.3
RD-0015155,SH-00314,LG-000607,2026-07-31 21:00:00,40.5
RD-0015156,SH-00314,LG-000607,2026-07-31 21:30:00,41.2
RD-0015157,SH-00314,LG-000607,2026-07-31 22:00:00,39.4
RD-0015158,SH-00314,LG-000607,2026-07-31 22:30:00,37.3
RD-0015159,SH-00314,LG-000608,2026-07-31 23:00:00,4.2
RD-0015160,SH-00314,LG-000608,2026-07-31 23:30:00,3.8
RD-0015161,SH-00314,LG-000608,2026-08-01 00:00:00,4.8
RD-0015162,SH-00314,LG-000608,2026-08-01 00:30:00,2.6
RD-0015163,SH-00314,LG-000608,2026-08-01 01:00:00,3.8
RD-0015164,SH-00314,LG-000608,2026-08-01 01:30:00,4.3
RD-0015165,SH-00314,LG-000608,2026-08-01 02:00:00,4.2
RD-0015166,SH-00314,LG-000608,2026-08-01 02:30:00,4.0
RD-0015167,SH-00314,LG-000608,2026-08-01 03:00:00,4.0
RD-0015168,SH-00314,LG-000608,2026-08-01 03:30:00,4.7
RD-0015169,SH-00314,LG-000608,2026-08-01 04:00:00,4.0
RD-0015170,SH-00314,LG-000608,2026-08-01 04:30:00,2.6
RD-0015171,SH-00314,LG-000608,2026-08-01 05:00:00,3.5
RD-0015172,SH-00314,LG-000608,2026-08-01 05:30:00,3.6
RD-0015173,SH-00314,LG-000608,2026-08-01 06:00:00,3.6
RD-0015174,SH-00314,LG-000608,2026-08-01 06:30:00,3.8
RD-0015175,SH-00314,LG-000608,2026-08-01 07:00:00,3.9
RD-0015176,SH-00314,LG-000608,2026-08-01 07:30:00,4.9
RD-0015177,SH-00314,LG-000608,2026-08-01 08:00:00,5.0
RD-0015178,SH-00314,LG-000608,2026-08-01 08:30:00,2.7
RD-0015179,SH-00314,LG-000608,2026-08-01 09:00:00,3.4
RD-0015180,SH-00314,LG-000608,2026-08-01 09:30:00,3.9
RD-0015181,SH-00314,LG-000608,2026-08-01 10:00:00,4.1
RD-0015182,SH-00314,LG-000608,2026-08-01 10:30:00,3.6
RD-0015183,SH-00314,LG-000608,2026-08-01 11:00:00,4.4
RD-0015184,SH-00314,LG-000608,2026-08-01 11:30:00,4.2
RD-0015185,SH-00314,LG-000608,2026-08-01 12:00:00,3.5
RD-0015186,SH-00314,LG-000608,2026-08-01 12:30:00,3.7
RD-0015187,SH-00314,LG-000608,2026-08-01 13:00:00,3.9
RD-0015188,SH-00314,LG-000608,2026-08-01 13:30:00,3.9
RD-0015189,SH-00314,LG-000608,2026-08-01 14:00:00,3.6
RD-0015190,SH-00314,LG-000608,2026-08-01 14:30:00,5.7
RD-0015191,SH-00314,LG-000608,2026-08-01 15:00:00,4.2
RD-0015192,SH-00314,LG-000608,2026-08-01 15:30:00,-999
RD-0015193,SH-00314,LG-000608,2026-08-01 16:00:00,4.0
RD-0015194,SH-00314,LG-000608,2026-08-01 16:30:00,3.9
RD-0015195,SH-00314,LG-000608,2026-08-01 17:00:00,3.2
RD-0015196,SH-00314,LG-000608,2026-08-01 17:30:00,5.2
RD-0015197,SH-00315,LG-000609,2026-06-11 14:46:00,10.8
RD-0015198,SH-00315,LG-000609,2026-06-11 15:16:00,3.6
RD-0015199,SH-00315,LG-000609,2026-06-11 15:46:00,5.2
RD-0015200,SH-00315,LG-000609,2026-06-11 16:16:00,2.4
RD-0015201,SH-00315,LG-000609,2026-06-11 16:46:00,3.5
RD-0015202,SH-00315,LG-000609,2026-06-11 17:16:00,11.1
RD-0015203,SH-00315,LG-000609,2026-06-11 17:46:00,4.1
RD-0015204,SH-00315,LG-000609,2026-06-11 18:16:00,3.7
RD-0015205,SH-00315,LG-000609,2026-06-11 18:46:00,4.4
RD-0015206,SH-00315,LG-000609,2026-06-11 19:16:00,2.3
RD-0015207,SH-00315,LG-000609,2026-06-11 19:46:00,3.5
RD-0015208,SH-00315,LG-000609,2026-06-11 20:16:00,3.5
RD-0015209,SH-00315,LG-000609,2026-06-11 20:46:00,4.2
RD-0015210,SH-00315,LG-000609,2026-06-11 21:16:00,4.3
RD-0015211,SH-00315,LG-000609,2026-06-11 21:46:00,3.1
RD-0015212,SH-00315,LG-000609,2026-06-11 22:16:00,3.3
RD-0015213,SH-00315,LG-000609,2026-06-11 22:46:00,5.5
RD-0015214,SH-00315,LG-000609,2026-06-11 23:16:00,3.3
RD-0015215,SH-00315,LG-000609,2026-06-11 23:46:00,4.4
RD-0015216,SH-00315,LG-000609,2026-06-12 00:16:00,4.2
RD-0015217,SH-00315,LG-000609,2026-06-12 00:46:00,3.2
RD-0015218,SH-00315,LG-000609,2026-06-12 01:16:00,10.5
RD-0015219,SH-00315,LG-000609,2026-06-12 01:46:00,4.1
RD-0015220,SH-00315,LG-000609,2026-06-12 02:16:00,5.0
RD-0015221,SH-00315,LG-000609,2026-06-12 02:46:00,3.4
RD-0015222,SH-00315,LG-000609,2026-06-12 03:16:00,11.0
RD-0015223,SH-00315,LG-000610,2026-06-12 03:46:00,3.2
RD-0015224,SH-00315,LG-000610,2026-06-12 04:16:00,5.2
RD-0015225,SH-00315,LG-000610,2026-06-12 04:46:00,5.3
RD-0015226,SH-00315,LG-000610,2026-06-12 05:16:00,4.5
RD-0015227,SH-00315,LG-000610,2026-06-12 05:46:00,12.8
RD-0015228,SH-00315,LG-000610,2026-06-12 06:16:00,5.2
RD-0015229,SH-00315,LG-000610,2026-06-12 06:46:00,4.4
RD-0015230,SH-00315,LG-000610,2026-06-12 07:16:00,4.1
RD-0015231,SH-00315,LG-000610,2026-06-12 07:46:00,4.7
RD-0015232,SH-00315,LG-000610,2026-06-12 08:16:00,4.8
RD-0015233,SH-00315,LG-000610,2026-06-12 08:46:00,12.7
RD-0015234,SH-00315,LG-000610,2026-06-12 09:16:00,4.3
RD-0015235,SH-00315,LG-000610,2026-06-12 09:46:00,2.8
RD-0015236,SH-00315,LG-000610,2026-06-12 10:16:00,2.6
RD-0015237,SH-00315,LG-000610,2026-06-12 10:46:00,5.2
RD-0015238,SH-00315,LG-000610,2026-06-12 11:16:00,10.0
RD-0015239,SH-00315,LG-000610,2026-06-12 11:46:00,9.1
RD-0015240,SH-00315,LG-000610,2026-06-12 12:16:00,3.1
RD-0015241,SH-00315,LG-000610,2026-06-12 12:46:00,3.4
RD-0015242,SH-00315,LG-000610,2026-06-12 13:16:00,3.7
RD-0015243,SH-00315,LG-000610,2026-06-12 13:46:00,4.3
RD-0015244,SH-00315,LG-000610,2026-06-12 14:16:00,12.1
RD-0015245,SH-00315,LG-000610,2026-06-12 14:46:00,4.9
RD-0015246,SH-00315,LG-000610,2026-06-12 15:16:00,4.3
RD-0015247,SH-00315,LG-000610,2026-06-12 15:46:00,3.3
RD-0015248,SH-00315,LG-000610,2026-06-12 16:16:00,5.5
RD-0015249,SH-00316,LG-000611,2026-07-18 02:41:00,4.7
RD-0015250,SH-00316,LG-000611,2026-07-18 03:11:00,3.8
RD-0015251,SH-00316,LG-000611,2026-07-18 03:41:00,3.6
RD-0015252,SH-00316,LG-000611,2026-07-18 04:11:00,3.7
RD-0015253,SH-00316,LG-000611,2026-07-18 04:41:00,3.6
RD-0015254,SH-00316,LG-000611,2026-07-18 05:11:00,-999
RD-0015255,SH-00316,LG-000611,2026-07-18 05:41:00,4.5
RD-0015256,SH-00316,LG-000611,2026-07-18 06:11:00,3.3
RD-0015257,SH-00316,LG-000612,2026-07-18 06:41:00,4.4
RD-0015258,SH-00316,LG-000612,2026-07-18 07:11:00,4.2
RD-0015259,SH-00316,LG-000612,2026-07-18 07:41:00,5.0
RD-0015260,SH-00316,LG-000612,2026-07-18 08:11:00,2.3
RD-0015261,SH-00316,LG-000612,2026-07-18 08:41:00,4.7
RD-0015262,SH-00316,LG-000612,2026-07-18 09:11:00,3.8
RD-0015263,SH-00316,LG-000612,2026-07-18 09:41:00,5.2
RD-0015264,SH-00316,LG-000612,2026-07-18 10:11:00,4.6
RD-0015265,SH-00316,LG-000613,2026-07-18 10:41:00,3.9
RD-0015266,SH-00316,LG-000613,2026-07-18 11:11:00,4.7
RD-0015267,SH-00316,LG-000613,2026-07-18 11:41:00,2.8
RD-0015268,SH-00316,LG-000613,2026-07-18 12:11:00,4.7
RD-0015269,SH-00316,LG-000613,2026-07-18 12:41:00,3.3
RD-0015270,SH-00316,LG-000613,2026-07-18 13:11:00,3.0
RD-0015271,SH-00316,LG-000613,2026-07-18 13:41:00,4.1
RD-0015272,SH-00316,LG-000613,2026-07-18 14:11:00,4.6
RD-0015273,SH-00317,LG-000614,2026-08-01 23:59:00,37.2
RD-0015274,SH-00317,LG-000614,2026-08-02 00:29:00,39.9
RD-0015275,SH-00317,LG-000614,2026-08-02 00:59:00,40.2
RD-0015276,SH-00317,LG-000614,2026-08-02 01:29:00,37.7
RD-0015277,SH-00317,LG-000614,2026-08-02 01:59:00,37.7
RD-0015278,SH-00317,LG-000614,2026-08-02 02:29:00,39.8
RD-0015279,SH-00317,LG-000614,2026-08-02 02:59:00,39.6
RD-0015280,SH-00317,LG-000614,2026-08-02 03:29:00,40.9
RD-0015281,SH-00317,LG-000615,2026-08-02 03:59:00,4.0
RD-0015282,SH-00317,LG-000615,2026-08-02 04:29:00,4.3
RD-0015283,SH-00317,LG-000615,2026-08-02 04:59:00,3.9
RD-0015284,SH-00317,LG-000615,2026-08-02 05:29:00,4.6
RD-0015285,SH-00317,LG-000615,2026-08-02 05:59:00,3.3
RD-0015286,SH-00317,LG-000615,2026-08-02 06:29:00,2.4
RD-0015287,SH-00317,LG-000615,2026-08-02 06:59:00,3.4
RD-0015288,SH-00317,LG-000615,2026-08-02 07:29:00,3.3
RD-0015289,SH-00318,LG-000616,2026-07-17 22:48:00,3.4
RD-0015290,SH-00318,LG-000616,2026-07-17 23:18:00,3.6
RD-0015291,SH-00318,LG-000616,2026-07-17 23:48:00,3.8
RD-0015292,SH-00318,LG-000616,2026-07-18 00:18:00,10.3
RD-0015293,SH-00318,LG-000616,2026-07-18 00:48:00,11.0
RD-0015294,SH-00318,LG-000616,2026-07-18 01:18:00,11.7
RD-0015295,SH-00318,LG-000616,2026-07-18 01:48:00,3.0
RD-0015296,SH-00318,LG-000616,2026-07-18 02:18:00,4.2
RD-0015297,SH-00318,LG-000616,2026-07-18 02:48:00,3.6
RD-0015298,SH-00318,LG-000616,2026-07-18 03:18:00,3.9
RD-0015299,SH-00318,LG-000616,2026-07-18 03:48:00,3.8
RD-0015300,SH-00318,LG-000616,2026-07-18 04:18:00,4.1
RD-0015301,SH-00318,LG-000616,2026-07-18 04:48:00,5.6
RD-0015302,SH-00318,LG-000616,2026-07-18 05:18:00,3.9
RD-0015303,SH-00318,LG-000616,2026-07-18 05:48:00,4.6
RD-0015304,SH-00318,LG-000616,2026-07-18 06:18:00,4.5
RD-0015305,SH-00318,LG-000616,2026-07-18 06:48:00,3.6
RD-0015306,SH-00318,LG-000616,2026-07-18 07:18:00,5.5
RD-0015307,SH-00318,LG-000616,2026-07-18 07:48:00,3.6
RD-0015308,SH-00318,LG-000616,2026-07-18 08:18:00,11.1
RD-0015309,SH-00318,LG-000616,2026-07-18 08:48:00,4.1
RD-0015310,SH-00318,LG-000616,2026-07-18 09:18:00,4.0
RD-0015311,SH-00318,LG-000617,2026-07-18 09:48:00,3.5
RD-0015312,SH-00318,LG-000617,2026-07-18 10:18:00,3.6
RD-0015313,SH-00318,LG-000617,2026-07-18 10:48:00,11.3
RD-0015314,SH-00318,LG-000617,2026-07-18 11:18:00,7.8
RD-0015315,SH-00318,LG-000617,2026-07-18 11:48:00,3.3
RD-0015316,SH-00318,LG-000617,2026-07-18 12:18:00,12.0
RD-0015317,SH-00318,LG-000617,2026-07-18 12:48:00,4.0
RD-0015318,SH-00318,LG-000617,2026-07-18 13:18:00,3.2
RD-0015319,SH-00318,LG-000617,2026-07-18 13:48:00,4.8
RD-0015320,SH-00318,LG-000617,2026-07-18 14:18:00,4.6
RD-0015321,SH-00318,LG-000617,2026-07-18 14:48:00,3.9
RD-0015322,SH-00318,LG-000617,2026-07-18 15:18:00,4.2
RD-0015323,SH-00318,LG-000617,2026-07-18 15:48:00,3.6
RD-0015324,SH-00318,LG-000617,2026-07-18 16:18:00,5.4
RD-0015325,SH-00318,LG-000617,2026-07-18 16:48:00,3.1
RD-0015326,SH-00318,LG-000617,2026-07-18 17:18:00,11.7
RD-0015327,SH-00318,LG-000617,2026-07-18 17:48:00,3.7
RD-0015328,SH-00318,LG-000617,2026-07-18 18:18:00,5.2
RD-0015329,SH-00318,LG-000617,2026-07-18 18:48:00,2.7
RD-0015330,SH-00318,LG-000617,2026-07-18 19:18:00,5.0
RD-0015331,SH-00318,LG-000617,2026-07-18 19:48:00,2.9
RD-0015332,SH-00318,LG-000617,2026-07-18 20:18:00,10.2
RD-0015333,SH-00318,LG-000618,2026-07-18 20:48:00,4.0
RD-0015334,SH-00318,LG-000618,2026-07-18 21:18:00,4.3
RD-0015335,SH-00318,LG-000618,2026-07-18 21:48:00,4.5
RD-0015336,SH-00318,LG-000618,2026-07-18 22:18:00,3.4
RD-0015337,SH-00318,LG-000618,2026-07-18 22:48:00,3.6
RD-0015338,SH-00318,LG-000618,2026-07-18 23:18:00,8.9
RD-0015339,SH-00318,LG-000618,2026-07-18 23:48:00,3.5
RD-0015340,SH-00318,LG-000618,2026-07-19 00:18:00,4.6
RD-0015341,SH-00318,LG-000618,2026-07-19 00:48:00,3.3
RD-0015342,SH-00318,LG-000618,2026-07-19 01:18:00,5.1
RD-0015343,SH-00318,LG-000618,2026-07-19 01:48:00,5.4
RD-0015344,SH-00318,LG-000618,2026-07-19 02:18:00,4.9
RD-0015345,SH-00318,LG-000618,2026-07-19 02:48:00,4.8
RD-0015346,SH-00318,LG-000618,2026-07-19 03:18:00,5.1
RD-0015347,SH-00318,LG-000618,2026-07-19 03:48:00,3.9
RD-0015348,SH-00318,LG-000618,2026-07-19 04:18:00,4.8
RD-0015349,SH-00318,LG-000618,2026-07-19 04:48:00,4.3
RD-0015350,SH-00318,LG-000618,2026-07-19 05:18:00,7.6
RD-0015351,SH-00318,LG-000618,2026-07-19 05:48:00,9.3
RD-0015352,SH-00318,LG-000618,2026-07-19 06:18:00,4.2
RD-0015353,SH-00318,LG-000618,2026-07-19 06:48:00,5.5
RD-0015354,SH-00318,LG-000618,2026-07-19 07:18:00,2.2
RD-0015355,SH-00319,LG-000619,2026-06-12 11:03:00,5.3
RD-0015356,SH-00319,LG-000619,2026-06-12 11:33:00,4.7
RD-0015357,SH-00319,LG-000619,2026-06-12 12:03:00,3.9
RD-0015358,SH-00319,LG-000619,2026-06-12 12:33:00,5.5
RD-0015359,SH-00319,LG-000619,2026-06-12 13:03:00,5.4
RD-0015360,SH-00319,LG-000619,2026-06-12 13:33:00,6.7
RD-0015361,SH-00319,LG-000619,2026-06-12 14:03:00,4.6
RD-0015362,SH-00319,LG-000619,2026-06-12 14:33:00,4.9
RD-0015363,SH-00319,LG-000619,2026-06-12 15:03:00,5.6
RD-0015364,SH-00319,LG-000619,2026-06-12 15:33:00,5.4
RD-0015365,SH-00319,LG-000619,2026-06-12 16:03:00,3.9
RD-0015366,SH-00319,LG-000619,2026-06-12 16:33:00,7.0
RD-0015367,SH-00319,LG-000619,2026-06-12 17:03:00,4.9
RD-0015368,SH-00319,LG-000619,2026-06-12 17:33:00,4.7
RD-0015369,SH-00319,LG-000619,2026-06-12 18:03:00,4.9
RD-0015370,SH-00319,LG-000619,2026-06-12 18:33:00,3.7
RD-0015371,SH-00319,LG-000619,2026-06-12 19:03:00,4.2
RD-0015372,SH-00319,LG-000619,2026-06-12 19:33:00,5.2
RD-0015373,SH-00319,LG-000619,2026-06-12 20:03:00,4.9
RD-0015374,SH-00319,LG-000619,2026-06-12 20:33:00,5.7
RD-0015375,SH-00319,LG-000619,2026-06-12 21:03:00,5.0
RD-0015376,SH-00319,LG-000619,2026-06-12 21:33:00,3.5
RD-0015377,SH-00319,LG-000619,2026-06-12 22:03:00,5.9
RD-0015378,SH-00319,LG-000619,2026-06-12 22:33:00,4.7
RD-0015379,SH-00319,LG-000619,2026-06-12 23:03:00,5.0
RD-0015380,SH-00319,LG-000619,2026-06-12 23:33:00,4.1
RD-0015381,SH-00319,LG-000620,2026-06-13 00:03:00,4.9
RD-0015382,SH-00319,LG-000620,2026-06-13 00:33:00,4.9
RD-0015383,SH-00319,LG-000620,2026-06-13 01:03:00,4.8
RD-0015384,SH-00319,LG-000620,2026-06-13 01:33:00,4.8
RD-0015385,SH-00319,LG-000620,2026-06-13 02:03:00,4.9
RD-0015386,SH-00319,LG-000620,2026-06-13 02:33:00,5.0
RD-0015387,SH-00319,LG-000620,2026-06-13 03:03:00,5.2
RD-0015388,SH-00319,LG-000620,2026-06-13 03:33:00,5.8
RD-0015389,SH-00319,LG-000620,2026-06-13 04:03:00,5.1
RD-0015390,SH-00319,LG-000620,2026-06-13 04:33:00,5.1
RD-0015391,SH-00319,LG-000620,2026-06-13 05:03:00,5.9
RD-0015392,SH-00319,LG-000620,2026-06-13 05:33:00,5.5
RD-0015393,SH-00319,LG-000620,2026-06-13 06:03:00,4.7
RD-0015394,SH-00319,LG-000620,2026-06-13 06:33:00,4.7
RD-0015395,SH-00319,LG-000620,2026-06-13 07:03:00,3.5
RD-0015396,SH-00319,LG-000620,2026-06-13 07:33:00,5.9
RD-0015397,SH-00319,LG-000620,2026-06-13 08:03:00,5.0
RD-0015398,SH-00319,LG-000620,2026-06-13 08:33:00,6.0
RD-0015399,SH-00319,LG-000620,2026-06-13 09:03:00,4.6
RD-0015400,SH-00319,LG-000620,2026-06-13 09:33:00,4.3
RD-0015401,SH-00319,LG-000620,2026-06-13 10:03:00,6.7
RD-0015402,SH-00319,LG-000620,2026-06-13 10:33:00,5.2
RD-0015403,SH-00319,LG-000620,2026-06-13 11:03:00,5.5
RD-0015404,SH-00319,LG-000620,2026-06-13 11:33:00,5.8
RD-0015405,SH-00319,LG-000620,2026-06-13 12:03:00,4.7
RD-0015406,SH-00319,LG-000620,2026-06-13 12:33:00,4.2
RD-0015407,SH-00320,LG-000621,2026-06-07 10:50:00,-999
RD-0015408,SH-00320,LG-000621,2026-06-07 11:20:00,5.1
RD-0015409,SH-00320,LG-000621,2026-06-07 11:50:00,3.0
RD-0015410,SH-00320,LG-000621,2026-06-07 12:20:00,4.5
RD-0015411,SH-00320,LG-000621,2026-06-07 12:50:00,4.6
RD-0015412,SH-00320,LG-000621,2026-06-07 13:20:00,4.2
RD-0015413,SH-00320,LG-000621,2026-06-07 13:50:00,4.6
RD-0015414,SH-00320,LG-000621,2026-06-07 14:20:00,4.4
RD-0015415,SH-00320,LG-000621,2026-06-07 14:50:00,3.5
RD-0015416,SH-00320,LG-000621,2026-06-07 15:20:00,3.8
RD-0015417,SH-00320,LG-000621,2026-06-07 15:50:00,4.5
RD-0015418,SH-00320,LG-000621,2026-06-07 16:20:00,4.0
RD-0015419,SH-00320,LG-000621,2026-06-07 16:50:00,4.0
RD-0015420,SH-00320,LG-000621,2026-06-07 17:20:00,3.9
RD-0015421,SH-00320,LG-000621,2026-06-07 17:50:00,1.8
RD-0015422,SH-00320,LG-000621,2026-06-07 18:20:00,2.0
RD-0015423,SH-00320,LG-000621,2026-06-07 18:50:00,4.3
RD-0015424,SH-00320,LG-000621,2026-06-07 19:20:00,2.8
RD-0015425,SH-00320,LG-000621,2026-06-07 19:50:00,3.1
RD-0015426,SH-00320,LG-000621,2026-06-07 20:20:00,4.9
RD-0015427,SH-00320,LG-000622,2026-06-07 20:50:00,2.4
RD-0015428,SH-00320,LG-000622,2026-06-07 21:20:00,3.2
RD-0015429,SH-00320,LG-000622,2026-06-07 21:50:00,3.1
RD-0015430,SH-00320,LG-000622,2026-06-07 22:20:00,3.2
RD-0015431,SH-00320,LG-000622,2026-06-07 22:50:00,4.0
RD-0015432,SH-00320,LG-000622,2026-06-07 23:20:00,4.0
RD-0015433,SH-00320,LG-000622,2026-06-07 23:50:00,5.6
RD-0015434,SH-00320,LG-000622,2026-06-08 00:20:00,4.9
RD-0015435,SH-00320,LG-000622,2026-06-08 00:50:00,3.2
RD-0015436,SH-00320,LG-000622,2026-06-08 01:20:00,4.8
RD-0015437,SH-00320,LG-000622,2026-06-08 01:50:00,4.3
RD-0015438,SH-00320,LG-000622,2026-06-08 02:20:00,4.1
RD-0015439,SH-00320,LG-000622,2026-06-08 02:50:00,3.9
RD-0015440,SH-00320,LG-000622,2026-06-08 03:20:00,1.9
RD-0015441,SH-00320,LG-000622,2026-06-08 03:50:00,5.4
RD-0015442,SH-00320,LG-000622,2026-06-08 04:20:00,4.4
RD-0015443,SH-00320,LG-000622,2026-06-08 04:50:00,5.2
RD-0015444,SH-00320,LG-000622,2026-06-08 05:20:00,-999
RD-0015445,SH-00320,LG-000622,2026-06-08 05:50:00,5.1
RD-0015446,SH-00320,LG-000622,2026-06-08 06:20:00,2.8
